lemma_bw,lemma_bw_arabic,word_occurrences,ayah_count,surah_count
min,مِن,3226,2230,95
{ll~ah,ٱللَّه,2699,1821,85
maA,مَا,2565,1841,102
laA,لَا,1738,1284,94
fiY,فِى,1701,1364,97
<in~,إِنّ,1682,1503,97
qaAla,قَالَ,1618,1321,82
{l~a*iY,ٱلَّذِى,1464,1243,88
EalaY`,عَلَىٰ,1445,1177,93
kaAna,كَانَ,1358,1149,86
rab~,رَبّ,975,866,94
man,مَن,871,692,85
<ilaY`,إِلَىٰ,742,653,82
<in,إِن,697,588,74
<il~aA,إِلَّا,663,605,79
>an,أَن,625,541,78
'aAmana,ءَامَنَ,537,478,73
*a`lik,ذَٰلِك,520,494,78
Ean,عَن,465,422,78
>aroD,أَرْض,461,440,80
<i*aA,إِذَا,409,373,79
qad,قَد,406,388,65
yawom,يَوْم,405,377,75
qawom,قَوْم,383,347,55
'aAyap,ءَايَة,382,353,59
Ealima,عَلِمَ,382,340,73
>an~,أَنّ,362,319,67
kul~,كُلّ,359,341,73
lam,لَم,353,330,79
jaEala,جَعَلَ,340,306,66
vum~,ثُمّ,338,298,70
rasuwl,رَسُول,332,292,61
Ea*aAb,عَذَاب,322,306,68
ha`*aA,هَٰذَا,318,296,66
samaA^',سَمَا^ء,310,297,76
nafos,نَفْس,295,268,62
kafara,كَفَرَ,289,269,62
$aYo',شَىْء,283,266,65
>aw,أَو,280,213,57
jaA^'a,جَا^ءَ,278,262,62
Eamila,عَمِلَ,276,255,66
A^taY,ا^تَى,271,240,58
ra'aA,رَءَا,271,253,70
bayon,بَيْن,266,217,58
>ataY,أَتَى,264,240,64
kita`b,كِتَٰب,260,236,58
Haq~,حَقّ,247,231,57
qabol,قَبْل,242,235,61
n~aAs,نَّاس,241,225,53
<i*,إِذ,239,220,50
$aA^'a,شَا^ءَ,236,205,53
>uwla`^}ik,أُولَٰ^ئِك,204,187,53
mu&omin,مُؤْمِن,202,193,47
law,لَو,201,191,55
baEod,بَعْد,199,188,54
Eind,عِند,197,185,61
xalaqa,خَلَقَ,184,168,71
>anzala,أَنزَلَ,183,162,50
xayor,خَيْر,178,162,52
ka*~aba,كَذَّبَ,176,163,52
sabiyl,سَبِيل,176,164,47
daEaA,دَعَا,170,155,52
>amor,أَمْر,166,153,53
{t~aqaY`,ٱتَّقَىٰ,166,158,42
Ealiym,عَلِيم,163,163,43
maE,مَع,159,152,48
baEoD,بَعْض,157,86,38
lam~aA,لَمَّا,156,144,43
A^xir,ا^خِر,155,153,49
>ay~uhaA,أَيُّهَا,153,153,42
<ila`h,إِلَٰه,147,124,45
gayor,غَيْر,147,142,45
jan~ap,جَنَّة,147,143,65
naAr,نَار,145,138,57
duwn,دُون,144,142,46
hadaY,هَدَى,144,132,52
Hat~aY`,حَتَّىٰ,142,138,48
>araAda,أَرَادَ,139,112,45
>am,أَم,137,123,47
muwsaY`,مُوسَىٰ,136,131,34
{t~abaEa,ٱتَّبَعَ,136,123,46
qalob,قَلْب,132,124,43
Eabod,عَبْد,131,126,48
>arosala,أَرْسَلَ,130,127,47
ZaAlim,ظَالِم,129,129,44
ka`firuwn,كَٰفِرُون,129,126,52
>ahol,أَهْل,127,120,40
>axa*a,أَخَذَ,127,114,41
bal,بَل,127,121,51
{t~axa*a,ٱتَّخَذَ,124,118,37
laEal~,لَعَلّ,123,122,41
Eabada,عَبَدَ,122,111,43
EaZiym,عَظِيم,120,119,48
yad,يَد,120,110,47
m~ubiyn,مُّبِين,119,119,43
r~aHiym,رَّحِيم,116,116,42
d~unoyaA,دُّنْيَا,115,111,40
raHomap,رَحْمَة,114,112,37
Zalama,ظَلَمَ,110,94,35
lan,لَن,106,100,35
sa>ala,سَأَلَ,106,96,42
wajada,وَجَدَ,106,98,31
>ajor,أَجْر,105,97,39
Eilom,عِلْم,105,102,43
Eaziyz,عَزِيز,101,101,42
>axoraja,أَخْرَجَ,99,90,43
Hakiym,حَكِيم,97,97,42
*uw,ذُو,93,88,44
>akala,أَكَلَ,93,87,35
hal,هَل,93,89,45
diyn,دِين,92,82,40
qawol,قَوْل,92,90,43
gafuwr,غَفُور,91,91,38
l~ayosa,لَّيْسَ,89,85,33
$ayoTa`n,شَيْطَٰن,88,78,36
faEala,فَعَلَ,88,83,40
malak,مَلَك,88,86,37
maval,مَثَل,88,70,28
n~aZara,نَّظَرَ,87,83,41
maAl,مَال,86,80,38
waliY~,وَلِىّ,86,80,30
hudFY,هُدًى,85,77,31
*akara,ذَكَرَ,84,79,32
faDol,فَضْل,84,77,29
layol,لَيْل,84,75,48
Salaw`p,صَلَوٰة,83,78,31
kayof,كَيْف,83,83,37
qatala,قَتَلَ,83,67,26
xaAfa,خَافَ,83,76,38
>aw~al,أَوَّل,82,82,39
>akovar,أَكْثَر,80,79,36
bunaY~,بُنَىّ,80,77,33
rajaEa,رَجَعَ,79,78,36
>aSoHa`b,أَصْحَٰب,78,70,37
samiEa,سَمِعَ,78,70,40
tawal~aY`,تَوَلَّىٰ,78,76,34
>amara,أَمَرَ,77,71,33
jahan~am,جَهَنَّم,77,77,39
*ikor,ذِكْر,76,71,36
Hayaw`p,حَيَوٰة,76,73,37
daxala,دَخَلَ,76,67,31
zawoj,زَوْج,76,68,40
>ax,أَخ,75,69,30
lawolaA^,لَوْلَا^,75,74,33
mivol,مِثْل,75,74,35
n~abiY~,نَّبِىّ,75,72,20
>aHad,أَحَد,74,72,30
firoEawon,فِرْعَوْن,74,67,27
xa`lid,خَٰلِد,74,74,33
Ea`lamiyn,عَٰلَمِين,73,73,30
jazaY`,جَزَىٰ,73,71,37
la`kin,لَٰكِن,73,72,34
>aTaAEa,أَطَاعَ,72,64,27
>aliym,أَلِيم,72,72,42
>awoHaY`^,أَوْحَىٰ^,72,67,33
wajoh,وَجْه,72,66,38
<insa`n,إِنسَٰن,71,69,46
>a$oraka,أَشْرَكَ,71,67,29
>aloqaY`^,أَلْقَىٰ^,71,67,30
Eamal,عَمَل,71,67,32
bay~inap,بَيِّنَة,71,69,32
A^xar,ا^خَر,70,68,31
qaliyl,قَلِيل,70,70,32
qiya`map,قِيَٰمَة,70,70,30
quro'aAn,قُرْءَان,70,69,38
waEada,وَعَدَ,70,65,39
yawoma}i*,يَوْمَئِذ,70,69,38
<iboraAhiym,إِبْرَاهِيم,69,63,25
>anfaqa,أَنفَقَ,68,55,24
Sa`liH,صَٰلِح,65,64,38
bayot,بَيْت,65,47,28
gafara,غَفَرَ,65,62,33
yamiyn,يَمِين,65,58,31
>aDal~a,أَضَلَّ,64,60,31
>aHobabo,أَحْبَبْ,64,59,24
>aSaAba,أَصَابَ,64,54,26
>um~ap,أُمَّة,64,57,25
A^baA',ا^بَاء,64,60,32
kaviyr,كَثِير,63,60,27
maA^',مَا^ء,63,60,41
taAba,تَابَ,63,56,22
{bon,ٱبْن,63,57,27
S~a`liHa`t,صَّٰلِحَٰت,62,61,36
kasaba,كَسَبَ,62,57,25
naz~ala,نَزَّلَ,62,61,28
razaqa,رَزَقَ,61,60,31
talaY`,تَلَىٰ,61,60,32
>aY~,أَىّ,60,60,24
SaAdiq,صَادِق,59,59,34
naSara,نَصَرَ,59,53,28
nisaA^',نِسَا^ء,59,53,16
qaDaY`^,قَضَىٰ^,59,56,28
Sabara,صَبَرَ,58,56,34
na*iyr,نَذِير,58,54,27
Eayon,عَيْن,57,55,34
jarayo,جَرَيْ,57,57,38
la`kin~,لَٰكِنّ,57,56,29
nahaAr,نَهَار,57,50,34
qaroyap,قَرْيَة,57,54,26
r~aHoma`n,رَّحْمَٰن,57,56,18
$adiyd,شَدِيد,56,56,35
$ahiyd,شَهِيد,56,47,24
mas~a,مَسَّ,56,52,26
walad,وَلَد,56,47,26
>am~aA,أَمَّا,55,51,23
Daraba,ضَرَبَ,55,51,27
rizoq,رِزْق,55,53,32
>aqaAma,أَقَامَ,54,53,28
nahar,نَهَر,54,51,32
qa`tala,قَٰتَلَ,54,41,16
Dal~a,ضَلَّ,53,48,27
jamiyE,جَمِيع,53,50,25
xaraja,خَرَجَ,53,51,33
>ajal,أَجَل,52,45,26
baEava,بَعَثَ,52,50,26
mujorim,مُجْرِم,52,52,32
xaloq,خَلْق,52,46,30
>aHoyaA,أَحْيَا,51,47,28
>aholaka,أَهْلَكَ,51,49,34
baSiyr,بَصِير,51,51,29
ta*ak~ara,تَذَكَّرَ,51,50,33
taHot,تَحْت,51,50,30
Eaduw~,عَدُوّ,50,43,23
mawot,مَوْت,50,47,28
niEomap,نِعْمَة,50,49,24
suw^',سُو^ء,50,50,21
{fotaraY`,ٱفْتَرَىٰ,50,46,22
>aEolam,أَعْلَم,49,44,25
Eaqalu,عَقَلُ,49,49,30
gayob,غَيْب,49,48,34
kataba,كَتَبَ,49,39,18
mut~aqiyn,مُتَّقِين,49,49,30
waEod,وَعْد,49,46,28
zaAda,زَادَ,49,47,27
baSar,بَصَر,48,44,29
daAr,دَار,48,47,23
mulok,مُلْك,48,43,26
saAEap,سَاعَة,48,43,26
Zan~a,ظَنَّ,47,44,26
samiyE,سَمِيع,47,47,27
$akara,شَكَرَ,46,42,28
>abN,أَبٌ,46,40,15
nab~a>a,نَبَّأَ,46,43,25
<iyma`n,إِيمَٰن,45,41,21
>uwliY,أُولِى,45,43,25
Hakama,حَكَمَ,45,40,21
Sira`T,صِرَٰط,45,45,25
qadiyr,قَدِير,45,45,27
xabiyr,خَبِير,45,45,27
ya*ara,يَذَرَ,45,43,29
$ahida,شَهِدَ,44,38,21
>an*ara,أَنذَرَ,44,40,25
Hasiba,حَسِبَ,44,43,24
Sador,صَدْر,44,41,30
malakato,مَلَكَتْ,44,42,27
mu$orik,مُشْرِك,44,43,19
naAdaY`,نَادَىٰ,44,44,23
<isoraA}iyl,إِسْرَائِيل,43,41,17
Hamod,حَمْد,43,41,31
nuwH,نُوح,43,43,28
nuwr,نُور,43,33,20
>udoxila,أُدْخِلَ,42,41,24
jazaA^',جَزَا^ء,42,39,25
sab~aHa,سَبَّحَ,42,40,32
sala`m,سَلَٰم,42,39,26
sawof,سَوْف,42,42,24
{sotaTaAEa,ٱسْتَطَاعَ,42,41,22
Ea*~aba,عَذَّبَ,41,38,18
Eal~ama,عَلَّمَ,41,35,18
Hamala,حَمَلَ,41,37,23
baHor,بَحْر,41,39,25
fawoq,فَوْق,41,39,26
suboHa`n,سُبْحَٰن,41,41,27
$ariyk,شَرِيك,40,34,17
>arayo,أَرَيْ,40,40,24
balaga,بَلَغَ,40,38,21
bi}osa,بِئْسَ,40,39,24
kabiyr,كَبِير,40,40,24
taraka,تَرَكَ,40,34,20
tawak~alo,تَوَكَّلْ,40,38,24
wayol,وَيْل,40,38,25
xa$iYa,خَشِىَ,40,34,21
{hotadaY`,ٱهْتَدَىٰ,40,36,24
{sotagofara,ٱسْتَغْفَرَ,40,36,24
{sotakobara,ٱسْتَكْبَرَ,40,40,24
<i*on,إِذْن,39,35,20
>alaA^,أَلَا^,39,34,14
Har~ama,حَرَّمَ,39,34,14
HisaAb,حِسَاب,39,37,20
jabal,جَبَل,39,37,32
musolim,مُسْلِم,39,39,24
m~aAta,مَّاتَ,39,38,21
{som,ٱسْم,39,36,25
Dala`l,ضَلَٰل,38,38,27
bu$~ira,بُشِّرَ,38,37,23
muHosin,مُحْسِن,38,38,19
m~aEoruwf,مَّعْرُوف,38,35,11
m~ay~it,مَّيِّت,38,32,22
r~aDiYa,رَّضِىَ,38,31,18
*anb,ذَنب,37,36,25
Ha$ara,حَشَرَ,37,37,23
Sad~a,صَدَّ,37,37,21
ba$ar,بَشَر,37,37,23
faAsiq,فَاسِق,37,37,18
kufor,كُفْر,37,34,13
m~usotaqiym,مُّسْتَقِيم,37,37,24
naj~aY`,نَجَّىٰ,37,35,21
suloTa`n,سُلْطَٰن,37,37,26
yaHozun,يَحْزُن,37,37,24
*aAqu,ذَاقُ,36,35,24
>aHosan,أَحْسَن,36,36,22
rad~a,رَدَّ,36,35,20
say~i_#aAt,سَيِّـ#َات,36,34,23
*ahaba,ذَهَبَ,35,35,22
<ivom,إِثْم,35,29,12
>um~,أُمّ,35,31,22
Hiyn,حِين,35,33,23
bay~anu,بَيَّنُ,35,35,12
mata`E,مَتَٰع,35,35,23
m~urosal,مُّرْسَل,35,35,13
naSiyr,نَصِير,35,32,16
nasiYa,نَسِىَ,35,30,17
sajada,سَجَدَ,35,27,20
{sotawaY`^,ٱسْتَوَىٰ^,35,33,24
{xotalafa,ٱخْتَلَفَ,35,29,18
'aAlaA^',ءَالَا^ء,34,34,3
fitonap,فِتْنَة,34,34,23
maroyam,مَرْيَم,34,31,12
{botagaY`,ٱبْتَغَىٰ,34,33,22
$amos,شَمْس,33,32,28
HaraAm,حَرَام,33,28,12
fariyq,فَرِيق,33,28,18
ka*ib,كَذِب,33,31,19
kal~aA,كَلَّا,33,33,15
n~aEam,نَّعَم,33,31,22
qaAma,قَامَ,33,30,19
>aEoraDa,أَعْرَضَ,32,30,20
Ea`qibap,عَٰقِبَة,32,32,20
ka`*ib,كَٰذِب,32,32,21
kafaY`,كَفَىٰ,32,31,14
nahaY`,نَهَىٰ,32,31,18
xa`siriyn,خَٰسِرِين,32,32,18
zakaw`p,زَكَوٰة,32,32,19
<i*FA,إِذًا,31,31,19
>a$ad~,أَشَدّ,31,29,18
nafaEa,نَفَعَ,31,31,24
wa`Hidap,وَٰحِدَة,31,31,23
$ar~,شَرّ,30,29,21
EasaY,عَسَى,30,28,16
Hukom,حُكْم,30,29,18
kariym,كَرِيم,30,30,21
labiva,لَبِثَ,30,26,16
mala>,مَلَأ,30,30,12
quw~ap,قُوَّة,30,27,19
saA^'a,سَا^ءَ,30,30,21
wa`Hid,وَٰحِد,30,30,21
wal~aY`,وَلَّىٰ,30,27,19
>aboSara,أَبْصَرَ,29,26,19
Eahod,عَهْد,29,26,14
Earo$,عَرْش,29,29,23
Hayov,حَيْث,29,28,14
jund,جُند,29,27,18
ka>an~,كَأَنّ,29,28,24
naba>,نَبَأ,29,29,20
rajul,رَجُل,29,25,19
riyH,رِيح,29,28,26
*ur~iy~ap,ذُرِّيَّة,28,26,17
>aSobaHa,أَصْبَحَ,28,28,17
>aSolaHa,أَصْلَحَ,28,27,18
>abadFA,أَبَدًا,28,28,15
>agonato,أَغْنَتْ,28,28,21
>an~aY`,أَنَّىٰ,28,28,19
Hadiyv,حَدِيث,28,28,22
Hasanap,حَسَنَة,28,27,15
kalimap,كَلِمَة,28,27,18
maSiyr,مَصِير,28,28,22
masojid,مَسْجِد,28,27,10
m~agofirap,مَّغْفِرَة,28,28,21
rijaAl,رِجَال,28,27,15
r~aHima,رَّحِمَ,28,28,17
siHor,سِحْر,28,28,19
{sotajaAba,ٱسْتَجَابَ,28,27,17
>afolaHa,أَفْلَحَ,27,27,18
EaSaA,عَصَا,27,27,20
EafaA,عَفَا,27,25,9
baAb,بَاب,27,24,17
ga`fil,غَٰفِل,27,27,14
ja`hada,جَٰهَدَ,27,26,13
kaAfir,كَافِر,27,26,17
luwT,لُوط,27,27,14
muna`fiquwn,مُنَٰفِقُون,27,25,9
m~akaAn,مَّكَان,27,27,15
qad~ama,قَدَّمَ,27,27,23
qamar,قَمَر,27,26,23
sawaA^',سَوَا^ء,27,27,23
yuwsuf,يُوسُف,27,26,3
'aAl,ءَال,26,23,14
>ajomaEiyn,أَجْمَعِين,26,26,16
ba`Til,بَٰطِل,26,25,21
jaHiym,جَحِيم,26,26,18
kayod,كَيْد,26,25,15
maA*aA,مَاذَا,26,26,17
qariyb,قَرِيب,26,26,20
vamuwd,ثَمُود,26,25,21
xawof,خَوْف,26,25,16
zay~ana,زَيَّنَ,26,26,20
{mora>at,ٱمْرَأَت,26,25,15
A^dam,ا^دَم,25,25,9
EiysaY,عِيسَى,25,25,11
ba>os,بَأْس,25,24,15
baEiyd,بَعِيد,25,25,14
bagaY`,بَغَىٰ,25,24,17
ja`dalu,جَٰدَلُ,25,24,14
junaAH,جُنَاح,25,24,6
lisaAn,لِسَان,25,24,18
m~iyva`q,مِّيثَٰق,25,23,9
qadara,قَدَرَ,25,25,22
xalaA,خَلَا,25,25,15
ya$oEuru,يَشْعُرُ,25,25,14
<iy~aA,إِيَّا,24,23,15
>akobar,أَكْبَر,24,22,17
>unvaY`,أُنثَىٰ,24,22,16
EaAd2,عَاد2,24,23,18
Hay~,حَيّ,24,20,14
TaA^}ifap,طَا^ئِفَة,24,19,12
TaEaAm,طَعَام,24,23,16
ganiY~,غَنِىّ,24,24,18
kaAda,كَادَ,24,24,19
liqaA^',لِقَا^ء,24,24,13
tawaf~aY`,تَوَفَّىٰ,24,24,16
wakiyl,وَكِيل,24,24,13
waraA^',وَرَا^ء,24,24,19
$aha`dap,شَهَٰدَة,23,21,14
*aA,ذَا,23,22,16
*ikoraY`,ذِكْرَىٰ,23,23,18
<im~aA,إِمَّا,23,16,14
>a*ina,أَذِنَ,23,23,17
>anjaY`,أَنجَىٰ,23,23,13
Zuluma`t,ظُلُمَٰت,23,21,13
bad~ala,بَدَّلَ,23,21,17
fatanu,فَتَنُ,23,23,17
fulok,فُلْك,23,23,19
laEana,لَعَنَ,23,20,10
misokiyn,مِسْكِين,23,23,18
qaron,قَرْن,23,22,15
saAjid,سَاجِد,23,23,16
saboE,سَبْع,23,19,13
yatiym,يَتِيم,23,22,12
>a*aAqa,أَذَاقَ,22,21,13
>asolama,أَسْلَمَ,22,19,15
balaY`,بَلَىٰ,22,22,16
bar~,بَرّ,22,22,15
duEaA^',دُعَا^ء,22,21,17
jamaEa,جَمَعَ,22,22,17
jin~,جِنّ,22,22,11
ma>owaY`,مَأْوَىٰ,22,22,16
makara,مَكَرَ,22,17,13
m~u&omina`t,مُّؤْمِنَٰت,22,20,12
naSor,نَصْر,22,21,15
rafaEa,رَفَعَ,22,22,16
sa`Hir,سَٰحِر,22,21,8
samoE,سَمْع,22,21,17
sax~ara,سَخَّرَ,22,20,13
say~i}ap,سَيِّئَة,22,21,14
wahaba,وَهَبَ,22,21,12
xalof,خَلْف,22,22,16
yarojuwA@,يَرْجُوا@,22,21,16
$aAhid,شَاهِد,21,21,16
$ahor,شَهْر,21,17,9
>aEomaY`,أَعْمَىٰ,21,20,16
>aHosana,أَحْسَنَ,21,19,17
>amaAta,أَمَاتَ,21,20,17
Hasan,حَسَن,21,20,16
Tay~iba`t,طَيِّبَٰت,21,20,14
Zan~,ظَنّ,21,18,13
kam,كَم,21,21,18
katama,كَتَمَ,21,20,7
mufosid,مُفْسِد,21,21,12
m~a$a,مَّشَ,21,18,13
m~uka*~ibiyn,مُّكَذِّبِين,21,21,11
m~usam~FY,مُّسَمًّى,21,21,17
naSiyb,نَصِيب,21,18,10
ruwH,رُوح,21,20,18
waDaEa,وَضَعَ,21,19,15
{$otaraY`,ٱشْتَرَىٰ,21,20,8
{sotuhozi}a,ٱسْتُهْزِئَ,21,19,17
>aEad~a,أَعَدَّ,20,20,11
>aHal~a,أَحَلَّ,20,18,11
>amina,أَمِنَ,20,16,8
>an$a>a,أَنشَأَ,20,20,11
>aqosamu,أَقْسَمُ,20,19,16
Earafa,عَرَفَ,20,17,13
EiqaAb,عِقَاب,20,20,11
Hamiym,حَمِيم,20,19,15
Haq~a,حَقَّ,20,20,16
Hikomap,حِكْمَة,20,19,12
Hizob,حِزْب,20,17,13
SaAbir,صَابِر,20,20,13
Zulom,ظُلْم,20,20,14
balawo,بَلَوْ,20,18,15
ha`ruwn,هَٰرُون,20,20,13
kal~ama,كَلَّمَ,20,20,13
laday,لَدَي,20,19,11
qaS~a,قَصَّ,20,18,11
saEaY`,سَعَىٰ,20,20,14
sabaqa,سَبَقَ,20,20,14
taEa`laY`,تَعَٰلَىٰ,20,20,13
$ajarap,شَجَرَة,19,18,13
>aqorab,أَقْرَب,19,18,11
>ayon,أَيْن,19,19,16
Dur~,ضُرّ,19,16,10
Tayor,طَيْر,19,17,14
fawoz,فَوْز,19,19,15
makor,مَكْر,19,13,9
mar~ap,مَرَّة,19,18,11
muSad~iq,مُصَدِّق,19,18,9
m~uEoriDuwn,مُّعْرِضُون,19,19,15
nafaxa,نَفَخَ,19,18,17
yaDur~a,يَضُرَّ,19,19,13
yafoqahu,يَفْقَهُ,19,19,12
ziynap,زِينَة,19,17,11
{sotaEojala,ٱسْتَعْجَلَ,19,19,13
*akar,ذَكَر,18,18,11
*uk~ira,ذُكِّرَ,18,18,15
<ins,إِنس,18,17,9
>amosaka,أَمْسَكَ,18,16,13
>asar~a,أَسَرَّ,18,18,16
>awofaY`,أَوْفَىٰ,18,16,14
>u*unN,أُذُنٌ,18,16,13
>uEiydu,أُعِيدُ,18,17,13
>uxofiYa,أُخْفِىَ,18,18,13
EaAda,عَادَ,18,15,11
Ea`lim,عَٰلِم,18,18,16
daA^b~ap,دَا^بَّة,18,18,14
darajap,دَرَجَة,18,18,14
dubur,دُبُر,18,18,13
l~adun,لَّدُن,18,17,10
mawolaY`,مَوْلَىٰ,18,14,12
munkar,مُنكَر,18,18,12
m~at~aEo,مَّتَّعْ,18,18,13
niEoma,نِعْمَ,18,16,14
ra>os,رَأْس,18,17,15
rayob,رَيْب,18,18,14
tabay~ana,تَبَيَّنَ,18,17,10
t~aworaY`p,تَّوْرَىٰة,18,16,7
waf~aY`^,وَفَّىٰ^,18,18,11
<isoHaAq,إِسْحَاق,17,16,12
>aHaATa,أَحَاطَ,17,16,10
>adoraY`,أَدْرَىٰ,17,17,14
>ahowaA^',أَهْوَا^ء,17,17,11
>anoEama,أَنْعَمَ,17,16,13
>ugoriqu,أُغْرِقُ,17,17,14
Hamiyd,حَمِيد,17,17,14
Hawol,حَوْل,17,17,13
HusonaY`,حُسْنَىٰ,17,17,15
baTon,بَطْن,17,17,14
banaAt,بَنَات,17,12,9
faD~ala,فَضَّلَ,17,15,9
faS~ala,فَصَّلَ,17,17,9
fa`Hi$ap,فَٰحِشَة,17,17,12
kariha,كَرِهَ,17,16,10
m~uhotaduwn,مُّهْتَدُون,17,17,10
naEiym,نَعِيم,17,17,15
qaA^}im,قَا^ئِم,17,17,12
sulayoma`n,سُلَيْمَٰن,17,16,7
ta>owiyl,تَأْوِيل,17,15,7
taqowaY,تَقْوَى,17,17,13
turaAb,تُرَاب,17,17,15
wad~a,وَدَّ,17,17,10
yatafak~aru,يَتَفَكَّرُ,17,17,12
{nqalaba,ٱنقَلَبَ,17,15,12
>aZolam,أَظْلَم,16,16,11
>aloba`b,أَلْبَٰب,16,16,10
>an[bata,أَن[بَتَ,16,15,13
>atam~a,أَتَمَّ,16,15,9
>ufika,أُفِكَ,16,15,14
Tay~ib,طَيِّب,16,15,10
basaTa,بَسَطَ,16,16,11
daAwud,دَاوُد,16,16,9
fariHa,فَرِحَ,16,16,11
fataHa,فَتَحَ,16,16,14
fu&aAd,فُؤَاد,16,15,13
haAjara,هَاجَرَ,16,14,9
man~a,مَنَّ,16,14,13
marojiE,مَرْجِع,16,16,9
miyzaAn,مِيزَان,16,16,9
qad~ara,قَدَّرَ,16,16,13
qara>a,قَرَأَ,16,15,10
qurobaY`,قُرْبَىٰ,16,15,13
saAra,سَارَ,16,16,14
saEiyr,سَعِير,16,16,13
sun~ap,سُنَّة,16,11,10
vamara`t,ثَمَرَٰت,16,16,9
waqaY`,وَقَىٰ,16,14,10
xasira,خَسِرَ,16,16,11
yaEoquwb,يَعْقُوب,16,16,10
{ntahaY`,ٱنتَهَىٰ,16,16,11
{sotamaEa,ٱسْتَمَعَ,16,15,14
$ak~,شَكّ,15,15,11
$ariba,شَرِبَ,15,13,10
>afosadu,أَفْسَدُ,15,15,9
>agonaY`,أَغْنَىٰ,15,15,13
>atobaEa,أَتْبَعَ,15,15,12
>ax~ara,أَخَّرَ,15,14,10
>uw*iYa,أُوذِىَ,15,13,9
Haliym,حَلِيم,15,15,12
Haraj,حَرَج,15,11,9
Sabor,صَبْر,15,15,8
Sadaqa,صَدَقَ,15,15,13
SanaEu,صَنَعُ,15,14,10
Zahor,ظَهْر,15,15,11
bala`g,بَلَٰغ,15,15,13
bu$oraY`,بُشْرَىٰ,15,15,13
galabu,غَلَبُ,15,13,10
gar~a,غَرَّ,15,12,10
kul~amaA,كُلَّمَا,15,15,11
malik,مَلِك,15,15,10
mil~ap,مِلَّة,15,15,11
mun*ir,مُنذِر,15,15,13
musorif,مُسْرِف,15,15,11
naSoraAniy~,نَصْرَانِيّ,15,14,5
qisoT,قِسْط,15,15,10
rijol,رِجْل,15,15,10
sakana,سَكَنَ,15,15,11
tanziyl,تَنزِيل,15,15,14
waEaZo,وَعَظْ,15,15,11
yasiyr,يَسِير,15,15,12
yubodiYa,يُبْدِىَ,15,14,10
{EotadaY`,ٱعْتَدَىٰ,15,13,3
$aAkir,شَاكِر,14,14,10
<i*aA2,إِذَا2,14,14,9
>aEotadato,أَعْتَدَتْ,14,14,9
>alof,أَلْف,14,13,9
>amiyn,أَمِين,14,14,8
>avar,أَثَر,14,14,10
>axolafu,أَخْلَفُ,14,14,10
>uxot,أُخْت,14,11,8
DaA^l~,ضَا^لّ,14,14,12
Eadala,عَدَلَ,14,13,7
Eadol,عَدْل,14,12,7
Halalo,حَلَلْ,14,13,9
Huduwd,حُدُود,14,9,5
Sarafa,صَرَفَ,14,14,11
Sidoq,صِدْق,14,13,10
Zil~,ظِلّ,14,14,10
balad,بَلَد,14,14,11
gaDab,غَضَب,14,12,8
ka$afa,كَشَفَ,14,14,11
kaf~ara,كَفَّرَ,14,14,12
kalima`t,كَلِمَٰت,14,13,9
laEonap,لَعْنَة,14,14,10
laqu,لَقُ,14,14,10
layot,لَيْت,14,14,12
madiynap,مَدِينَة,14,14,10
maqaAm,مَقَام,14,14,13
m~uhiyn,مُّهِين,14,14,10
nakaHa,نَكَحَ,14,11,5
qaAdir,قَادِر,14,14,11
waAlid,وَالِد,14,12,7
xaA$iE,خَاشِع,14,13,13
{botigaA^',ٱبْتِغَا^ء,14,13,9
$afa`Eap,شَفَٰعَة,13,12,10
>aToEama,أَطْعَمَ,13,11,9
>abaY,أَبَى,13,12,8
>asomaEa,أَسْمَعَ,13,10,8
Ha`fiZ,حَٰفِظ,13,13,10
Harov,حَرْث,13,10,6
Huson,حُسْن,13,13,9
SayoHap,صَيْحَة,13,13,9
bagotap,بَغْتَة,13,13,10
ga$iya,غَشِيَ,13,11,11
gaAlib,غَالِب,13,13,9
gula`m,غُلَٰم,13,13,8
jamoE,جَمْع,13,13,11
mad~a,مَدَّ,13,13,11
mak~a,مَكَّ,13,11,8
mavowFY,مَثْوًى,13,13,9
mufoliHuwn,مُفْلِحُون,13,13,12
m~araD,مَّرَض,13,12,9
n~ajom,نَّجْم,13,13,12
qitaAl,قِتَال,13,10,6
riDowa`n,رِضْوَٰن,13,13,7
saw~aY`,سَوَّىٰ,13,13,11
tarab~aSo,تَرَبَّصْ,13,11,7
vala`vap,ثَلَٰثَة,13,13,10
vawaAb,ثَوَاب,13,9,5
wariva,وَرِثَ,13,12,6
yaSifu,يَصِفُ,13,13,7
yaSolaY,يَصْلَى,13,13,13
zaEama,زَعَمَ,13,12,8
{vonayon,ٱثْنَيْن,13,11,8
<iHosa`n,إِحْسَٰن,12,11,8
<imaAm,إِمَام,12,12,11
<injiyl,إِنجِيل,12,12,6
<isomaAEiyl,إِسْمَاعِيل,12,12,8
>aEolan,أَعْلَن,12,12,10
>aSam~,أَصَمّ,12,12,11
>adonaY`,أَدْنَىٰ,12,12,10
>afowa`h,أَفْوَٰه,12,12,9
>aroHaAm,أَرْحَام,12,12,11
>aworava,أَوْرَثَ,12,12,10
>axozayo,أَخْزَيْ,12,12,9
Ea`mil,عَٰمِل,12,12,9
HaA^j~a,حَا^جَّ,12,10,4
HabiTa,حَبِطَ,12,12,10
HafiyZ,حَفِيظ,12,12,7
Halafo,حَلَفْ,12,11,4
Haniyf,حَنِيف,12,12,9
Sal~aY`,صَلَّىٰ,12,10,8
TagaY`,طَغَىٰ,12,12,8
Tiyn,طِين,12,12,11
bada>a,بَدَأَ,12,11,9
bariY^',بَرِى^ء,12,11,9
faqiyr,فَقِير,12,12,10
fatoH,فَتْح,12,12,9
jaHadu,جَحَدُ,12,12,10
kafuwr,كَفُور,12,12,9
laHom,لَحْم,12,12,10
masokan,مَسْكَن,12,12,11
muEojiz,مُعْجِز,12,12,10
m~anaEa,مَّنَعَ,12,12,11
m~awoEid,مَّوْعِد,12,12,5
n~uTofap,نُّطْفَة,12,12,11
qaEada,قَعَدَ,12,12,7
qaT~aEa,قَطَّعَ,12,12,8
quTiEa,قُطِعَ,12,12,12
salaka,سَلَكَ,12,12,11
saqaY`,سَقَىٰ,12,11,9
siniyn,سِنِين,12,12,9
tadoriY,تَدْرِى,12,11,9
taw~aAb,تَوَّاب,12,12,6
waqaEa,وَقَعَ,12,12,9
wizor,وِزْر,12,11,9
xa`liq,خَٰلِق,12,12,12
xar~a,خَرَّ,12,12,10
yaHo*aru,يَحْذَرُ,12,11,8
yunZaru,يُنظَرُ,12,12,11
yuwqinu,يُوقِنُ,12,12,9
zak~aY`,زَكَّىٰ,12,11,8
{SoTafaY`,ٱصْطَفَىٰ,12,11,8
{sota_#o*ana,ٱسْتَـ#ْذَنَ,12,9,3
$araAb,شَرَاب,11,11,9
$iyEap,شِيعَة,11,10,8
$uEayob,شُعَيْب,11,10,4
<iHodaY,إِحْدَى,11,10,8
<iboliys,إِبْلِيس,11,11,9
>a*ohaba,أَذْهَبَ,11,11,10
>aEojaba,أَعْجَبَ,11,10,7
>anaAba,أَنَابَ,11,11,8
>awolaY`,أَوْلَىٰ,11,8,7
DiEof,ضِعْف,11,9,7
EaAbid,عَابِد,11,11,6
Ea`hada,عَٰهَدَ,11,11,6
Eadon,عَدْن,11,11,11
Ealiy~,عَلِيّ,11,11,9
EaraDa,عَرَضَ,11,11,9
Earabiy~,عَرَبِيّ,11,11,10
Eid~ap,عِدَّة,11,9,6
Einab,عِنَب,11,11,10
Eiz~ap,عِزَّة,11,9,8
Hasob,حَسْب,11,11,8
TabaEa,طَبَعَ,11,11,9
badaA,بَدَا,11,10,9
bagoy,بَغْي,11,11,8
banaY`,بَنَىٰ,11,11,11
fa`kihap,فَٰكِهَة,11,11,8
fasaAd,فَسَاد,11,11,8
haAdu,هَادُ,11,11,8
hawaA^',هَوَا^ء,11,11,11
huzuw,هُزُو,11,11,7
ka*aba,كَذَبَ,11,11,8
kaviyrap,كَثِيرَة,11,11,8
labaso,لَبَسْ,11,10,7
ma$oriq,مَشْرِق,11,11,8
majonuwn,مَجْنُون,11,11,9
masiyH,مَسِيح,11,9,4
muxoliS,مُخْلِص,11,11,8
m~aEoluwm,مَّعْلُوم,11,11,7
naASir,نَاصِر,11,11,8
nafoE,نَفْع,11,11,11
najowaY`^,نَجْوَىٰ^,11,11,7
naxol,نَخْل,11,11,9
qadar,قَدَر,11,10,10
qawiY~,قَوِىّ,11,11,10
ra'uwf,رَءُوف,11,11,8
saxira,سَخِرَ,11,7,7
sir~,سِرّ,11,11,10
tamat~aEa,تَمَتَّعَ,11,11,11
vaman,ثَمَن,11,11,6
waS~aY`,وَصَّىٰ,11,10,7
xizoY,خِزْى,11,11,9
yanaAlu,يَنَالُ,11,10,7
yaqorabu,يَقْرَبُ,11,11,7
yas~ara,يَسَّرَ,11,11,7
$afiyE,شَفِيع,10,10,7
$akuwr,شَكُور,10,10,7
'aAminiyn,ءَامِنِين,10,10,8
>aDaAEu,أَضَاعُ,10,10,8
>aEoraAb,أَعْرَاب,10,10,4
>aHaq~,أَحَقّ,10,10,7
>aHoSaY`,أَحْصَىٰ,10,10,10
>amad~a,أَمَدَّ,10,10,7
Dar~,ضَرّ,10,10,10
Ea$iY~,عَشِىّ,10,10,7
EaSaA2,عَصَا2,10,10,6
Eijol,عِجْل,10,10,6
Eu*o,عُذْ,10,10,9
HaAqa,حَاقَ,10,10,9
HijaArap,حِجَارَة,10,9,8
SaAHib,صَاحِب,10,10,9
Sad~aqa,صَدَّقَ,10,10,9
Sar~afo,صَرَّفْ,10,10,7
S~uwr,صُّور,10,10,10
Tal~aqa,طَلَّقَ,10,8,4
Tuwr,طُور,10,10,8
Zahara,ظَهَرَ,10,9,7
baxila,بَخِلَ,10,7,6
dam,دَم,10,10,7
faTara,فَطَرَ,10,10,10
fasaqa,فَسَقَ,10,10,9
fi}ap,فِئَة,10,8,6
jaAhil,جَاهِل,10,10,8
jab~aAr,جَبَّار,10,10,9
jin~ap,جِنَّة,10,9,7
kaY,كَى,10,10,8
kayol,كَيْل,10,9,5
lahow,لَهْو,10,9,8
libaAs,لِبَاس,10,8,7
madoyan,مَدْيَن,10,10,7
magorib,مَغْرِب,10,10,7
mar~a,مَرَّ,10,9,9
miA}ap,مِائَة,10,7,5
musotaqar~,مُسْتَقَرّ,10,10,7
m~ariyD,مَّرِيض,10,10,7
m~uHoDar,مُّحْضَر,10,10,6
m~uSiybap,مُّصِيبَة,10,10,9
m~uqiym,مُّقِيم,10,10,9
m~uxotalif,مُّخْتَلِف,10,9,7
naba*a,نَبَذَ,10,10,9
nazaEa,نَزَعَ,10,10,8
qatol,قَتْل,10,10,7
rawa`siY,رَوَٰسِى,10,10,10
rijos,رِجْس,10,9,7
saEoy,سَعْي,10,9,9
sariyE,سَرِيع,10,10,9
suwrap,سُورَة,10,9,6
taqab~ala,تَقَبَّلَ,10,8,6
vab~ato,ثَبَّتْ,10,10,9
wa`liday,وَٰلِدَي,10,8,7
xayora`t,خَيْرَٰت,10,10,8
yaSilu,يَصِلُ,10,8,6
yuwliju,يُولِجُ,10,5,5
zaroE,زَرْع,10,10,10
{jotabaY`,ٱجْتَبَىٰ,10,10,10
{sotaqa`mu,ٱسْتَقَٰمُ,10,9,8
'aAwaY`^,ءَاوَىٰ^,9,9,6
<ifok,إِفْك,9,9,6
>a*FY,أَذًى,9,9,4
>aDal~,أَضَلّ,9,9,7
>aEolaY`,أَعْلَىٰ,9,9,9
>amolaY`,أَمْلَىٰ,9,8,7
>aqobala,أَقْبَلَ,9,9,6
>arobaEap,أَرْبَعَة,9,9,5
>asa`Tiyr,أَسَٰطِير,9,9,9
>ay~ada,أَيَّدَ,9,9,7
A^tiy,ا^تِي,9,9,8
Dala`lap,ضَلَٰلَة,9,9,7
Dar~aA^',ضَرَّا^ء,9,9,7
EaAm,عَام,9,7,5
EibaAdat,عِبَادَت,9,9,8
Eiwaj,عِوَج,9,9,7
Eunuq,عُنُق,9,9,8
Haj~,حَجّ,9,5,3
Hub~,حُبّ,9,8,7
Sa`liH2,صَٰلِح2,9,9,4
SiyaAm,صِيَام,9,7,4
Tah~ara,طَهَّرَ,9,9,8
Tay~ibap,طَيِّبَة,9,8,8
Tugoya`n,طُغْيَٰن,9,9,8
Zal~a,ظَلَّ,9,9,8
ba$iyr,بَشِير,9,8,8
faAEil,فَاعِل,9,9,5
faSol,فَصْل,9,9,7
faraDa,فَرَضَ,9,8,5
far~aqu,فَرَّقُ,9,9,6
galiyZ,غَلِيظ,9,9,8
gil~,غِلّ,9,9,8
guruwr,غُرُور,9,9,9
hunaAlik,هُنَالِك,9,9,8
jaAnib,جَانِب,9,9,6
juluwd,جُلُود,9,7,5
lagow,لَغْو,9,9,9
lawon,لَوْن,9,7,5
ma_#aAb,مَـ#َاب,9,9,4
mataY`,مَتَىٰ,9,9,9
muHiyT,مُحِيط,9,9,7
muba$~ir,مُبَشِّر,9,9,9
muxolaS,مُخْلَص,9,9,5
m~aboEuwvuwn,مَّبْعُوثُون,9,9,7
m~awoEiZap,مَّوْعِظَة,9,9,8
nabaAt,نَبَات,9,9,9
qa*afa,قَذَفَ,9,8,6
qaraAr,قَرَار,9,9,6
rakiba,رَكِبَ,9,9,8
ramaY`,رَمَىٰ,9,7,5
raqabap,رَقَبَة,9,7,7
rijoz,رِجْز,9,8,6
saHaAb,سَحَاب,9,9,8
sabab,سَبَب,9,9,5
sawo',سَوْء,9,8,6
ta*okirap,تَذْكِرَة,9,9,7
tabaAraka,تَبَارَكَ,9,9,7
tabiEa,تَبِعَ,9,9,7
tija`rap,تِجَٰرَة,9,8,7
wa`siE,وَٰسِع,9,9,6
walada,وَلَدَ,9,8,7
xaADu,خَاضُ,9,7,6
xabiyv,خَبِيث,9,6,6
xaliyfap,خَلِيفَة,9,9,7
yahuwdiy~,يَهُودِيّ,9,8,4
yaloEabo,يَلْعَبْ,9,9,9
yanTiqu,يَنطِقُ,9,9,8
yaqobalu,يَقْبَلُ,9,9,5
yasotaHoYi.^,يَسْتَحْىِ.^,9,8,6
yatasaA^'alu,يَتَسَا^ءَلُ,9,9,8
yu&aAxi*u,يُؤَاخِذُ,9,7,5
yuDa`Eifu,يُضَٰعِفُ,9,9,7
yusa`riEu,يُسَٰرِعُ,9,9,4
{Toma>an~a,ٱطْمَأَنَّ,9,8,8
{jotanabu,ٱجْتَنَبُ,9,8,8
{nTalaqa,ٱنطَلَقَ,9,9,6
{rotaAba,ٱرْتَابَ,9,9,9
$~imaAl,شِّمَال,8,7,6
*ahab,ذَهَب,8,8,6
<isola`m,إِسْلَٰم,8,8,7
>a$ud~,أَشُدّ,8,8,8
>aEoTaY`,أَعْطَىٰ,8,7,6
>aZohara,أَظْهَرَ,8,8,8
>aboyaD,أَبْيَض,8,8,8
>agowayo,أَغْوَيْ,8,6,6
>asoqayo,أَسْقَيْ,8,8,8
>ujiybat,أُجِيبَت,8,8,7
DaEiyf,ضَعِيف,8,8,6
Eajibu,عَجِبُ,8,8,7
Eaqib,عَقِب,8,7,6
Eudowa`n,عُدْوَٰن,8,8,5
SaAEiqap,صَاعِقَة,8,7,5
Sadaqa`t,صَدَقَٰت,8,8,3
Sawot,صَوْت,8,5,4
SuHuf,صُحُف,8,8,7
TaAfa,طَافَ,8,8,7
T~a`guwt,طَّٰغُوت,8,8,5
Za`hir,ظَٰهِر,8,8,7
_#a`n,ـ#َٰن,8,8,6
ba`raka,بَٰرَكَ,8,8,7
bir~,بِرّ,8,6,4
buroha`n,بُرْهَٰن,8,8,7
dam~ara,دَمَّرَ,8,8,8
faroj,فَرْج,8,8,7
ham~a,هَمَّ,8,7,6
hawaY`,هَوَىٰ,8,8,6
jadiyd,جَدِيد,8,8,7
janb,جَنب,8,8,7
kabura,كَبُرَ,8,8,8
kaf~a,كَفَّ,8,8,4
kiydu,كِيدُ,8,8,6
laEib,لَعِب,8,8,6
layolap,لَيْلَة,8,7,4
mana`fiE,مَنَٰفِع,8,8,7
mivoqaAl,مِثْقَال,8,8,6
miyqa`t,مِيقَٰت,8,8,6
mu$ofiquwn,مُشْفِقُون,8,8,6
muHoSana`t,مُحْصَنَٰت,8,5,3
mubaArak,مُبَارَك,8,8,7
mudobir,مُدْبِر,8,8,7
muqar~abuwn,مُقَرَّبُون,8,8,6
mut~aki_#iyn,مُتَّكِـ#ِين,8,8,7
m~awad~ap,مَّوَدَّة,8,7,6
nafara,نَفَرَ,8,6,2
nuzul,نُزُل,8,8,6
qaAnit,قَانِت,8,8,7
qadam,قَدَم,8,8,8
qariyn,قَرِين,8,7,5
raAkiE,رَاكِع,8,8,7
ra`wadu,رَٰوَدُ,8,7,2
sam~aY`,سَمَّىٰ,8,8,7
taEaAla,تَعَالَ,8,8,6
tafar~aqa,تَفَرَّقَ,8,8,6
tazak~aY`,تَزَكَّىٰ,8,7,6
vala`v,ثَلَٰث,8,7,7
viyaAb,ثِيَاب,8,8,7
waSiy~ap,وَصِيَّة,8,5,3
xa$oyap,خَشْيَة,8,7,6
xaTiy^_#ap,خَطِي^ـ#َة,8,7,5
xaf~afa,خَفَّفَ,8,8,7
xasafa,خَسَفَ,8,8,7
xazaA^}in,خَزَا^ئِن,8,8,8
xila`l,خِلَٰل,8,8,7
yaTomaEu,يَطْمَعُ,8,8,7
yahobiTu,يَهْبِطُ,8,8,4
yam~,يَمّ,8,7,4
yantaZiru,يَنتَظِرُ,8,7,6
yaqiyn,يَقِين,8,8,7
ya}isa,يَئِسَ,8,6,6
zaAlat,زَالَت,8,8,8
{$otahato,ٱشْتَهَتْ,8,8,8
{botalaY`^,ٱبْتَلَىٰ^,8,8,6
{rotad~a,ٱرْتَدَّ,8,8,7
{sotaDoEafu,ٱسْتَضْعَفُ,8,8,3
{xotaSamu,ٱخْتَصَمُ,8,8,8
{zodaAdu,ٱزْدَادُ,8,8,7
$aA^q~u,شَا^قُّ,7,5,5
$ajar,شَجَر,7,7,6
$iqaAq,شِقَاق,7,7,6
*il~ap,ذِلَّة,7,7,6
<iSola`H,إِصْلَٰح,7,7,4
<ixowapN,إِخْوَةٌ,7,7,3
>a$ohada,أَشْهَدَ,7,7,6
>aSiyl,أَصِيل,7,7,7
>abawaAn,أَبَوَان,7,6,4
>aboqaY`^,أَبْقَىٰ^,7,7,4
>afaADa,أَفَاضَ,7,6,5
>ahodaY`,أَهْدَىٰ,7,7,7
>ansaY`,أَنسَىٰ,7,7,7
>arobaE,أَرْبَع,7,7,5
>aviym,أَثِيم,7,7,7
>ukul,أُكُل,7,7,6
>umoTirato,أُمْطِرَتْ,7,7,7
DaAqa,ضَاقَ,7,6,5
DaHikato,ضَحِكَتْ,7,7,6
Ea$or,عَشْر,7,7,7
EaAkif,عَاكِف,7,7,5
Ead~a,عَدَّ,7,7,6
EamiYa,عَمِىَ,7,5,5
Eumur,عُمُر,7,7,7
HaDara,حَضَرَ,7,7,5
HaY~a,حَىَّ,7,6,6
HaZ~,حَظّ,7,7,5
Habol,حَبْل,7,6,5
Hab~,حَبّ,7,7,6
HafiZa,حَفِظَ,7,7,6
Hamol,حَمْل,7,5,4
Hasorap,حَسْرَة,7,7,7
HijaAb,حِجَاب,7,7,7
Huj~ap,حُجَّة,7,7,5
Saf~,صَفّ,7,6,6
T~alaEa,طَّلَعَ,7,7,7
baSiyrap,بَصِيرَة,7,7,7
bayoE,بَيْع,7,6,5
buEod,بُعْد,7,7,3
bukorap,بُكْرَة,7,7,6
bunoya`n,بُنْيَٰن,7,6,5
daAmu,دَامُ,7,7,4
dal~a,دَلَّ,7,7,5
faHo$aA^',فَحْشَا^ء,7,7,6
furoqaAn,فُرْقَان,7,7,5
ga`biriyn,غَٰبِرِين,7,7,6
haAd,هَاد,7,7,5
hadoy,هَدْي,7,5,3
huwd,هُود,7,7,3
jaA^n~,جَا^نّ,7,7,4
jahor,جَهْر,7,7,7
jamiyl,جَمِيل,7,7,5
janaAH,جَنَاح,7,7,7
ka>ay~in,كَأَيِّن,7,7,6
ka`rihuwn,كَٰرِهُون,7,7,6
kabiyrap,كَبِيرَة,7,7,6
kuboraY`,كُبْرَىٰ,7,7,6
laTiyf,لَطِيف,7,7,7
mafoEuwl,مَفْعُول,7,7,5
miha`d,مِهَٰد,7,7,6
muhaAjir,مُهَاجِر,7,7,6
muriyb,مُرِيب,7,7,6
mutakab~ir,مُتَكَبِّر,7,7,4
m~aTar,مَّطَر,7,5,5
m~uniyb,مُّنِيب,7,7,5
naAqap,نَاقَة,7,7,6
niSof,نِصْف,7,7,3
n~axiyl,نَّخِيل,7,7,6
qaAEid,قَاعِد,7,5,4
qador,قَدْر,7,7,5
qibolap,قِبْلَة,7,5,2
r~ibaw`A,رِّبَوٰا,7,5,3
r~u'oyaA,رُّءْيَا,7,6,4
saA^}il,سَا^ئِل,7,7,6
saAbiq,سَابِق,7,6,6
safar,سَفَر,7,7,5
safiyh,سَفِيه,7,6,4
sanap,سَنَة,7,7,7
sit~ap,سِتَّة,7,7,7
siyqa,سِيقَ,7,7,6
tabodiyl,تَبْدِيل,7,7,6
tana`zaEu,تَنَٰزَعُ,7,7,6
tanaz~alato,تَنَزَّلَتْ,7,7,5
tawobap,تَوْبَة,7,7,5
waAd,وَاد,7,7,7
waAriv,وَارِث,7,7,6
waliyd,وَلِيد,7,7,5
yaEomahu,يَعْمَهُ,7,7,7
yasotabo$iru,يَسْتَبْشِرُ,7,7,5
yaziru,يَزِرُ,7,7,6
yukal~ifu,يُكَلِّفُ,7,7,6
yunqaSu,يُنقَصُ,7,7,7
yusor,يُسْر,7,7,5
zakariy~aA,زَكَرِيَّا,7,6,4
zubur,زُبُر,7,7,6
{DoTur~a,ٱضْطُرَّ,7,7,5
{Eotazala,ٱعْتَزَلَ,7,7,5
{fotadaY`,ٱفْتَدَىٰ,7,7,7
{lotaqaY,ٱلْتَقَى,7,7,4
{ntaSara,ٱنتَصَرَ,7,7,5
{vonatayon,ٱثْنَتَيْن,7,5,4
{xotila`f,ٱخْتِلَٰف,7,7,7
$adado,شَدَدْ,6,6,6
'aAmin,ءَامِن,6,6,6
*ara>a,ذَرَأَ,6,6,6
*ar~ap,ذَرَّة,6,6,4
<ixoraAj,إِخْرَاج,6,6,4
>abokam,أَبْكَم,6,6,5
>adoraka,أَدْرَكَ,6,5,4
>andaAd,أَندَاد,6,6,5
>aqoraDu,أَقْرَضُ,6,6,5
>asofal,أَسْفَل,6,6,6
>asoraY`,أَسْرَىٰ,6,6,6
>asorafa,أَسْرَفَ,6,6,6
>aw~aAb,أَوَّاب,6,6,3
>axo*,أَخْذ,6,5,5
>ay~aAn,أَيَّان,6,6,6
>umoniy~at,أُمْنِيَّت,6,5,4
>um~iY~,أُمِّىّ,6,6,4
>unvayayon,أُنثَيَيْن,6,4,2
DuHFY,ضُحًى,6,6,5
EaAd,عَاد,6,6,6
EaAqaba,عَاقَبَ,6,3,3
Eada`wap,عَدَٰوَة,6,6,3
Eadad,عَدَد,6,6,5
Eahida,عَهِدَ,6,6,6
EaraD,عَرَض,6,5,5
Eiborap,عِبْرَة,6,6,6
EuqobaY,عُقْبَى,6,5,2
Hadiyd,حَدِيد,6,6,6
Hala`l,حَلَٰل,6,6,5
Hulum,حُلُم,6,5,4
Ta`giyn,طَٰغِين,6,6,6
Tarof,طَرْف,6,6,6
Za`haru,ظَٰهَرُ,6,6,4
Zahiyr,ظَهِير,6,6,5
Zul~ap,ظُلَّة,6,5,5
baA^'a,بَا^ءَ,6,6,4
baAyaEo,بَايَعْ,6,4,3
baEol,بَعْل,6,4,4
ba`lig,بَٰلِغ,6,6,6
balaA^',بَلَا^ء,6,6,6
bal~ago,بَلَّغْ,6,5,4
baw~a>a,بَوَّأَ,6,6,6
buhota`n,بُهْتَٰن,6,6,4
daEowap,دَعْوَة,6,6,6
faATir,فَاطِر,6,6,6
fajor,فَجْر,6,5,5
fariH,فَرِح,6,6,6
fariyDap,فَرِيضَة,6,5,3
far~ato,فَرَّتْ,6,6,6
fiD~ap,فِضَّة,6,6,4
fuj~irato,فُجِّرَتْ,6,6,6
gaDiba,غَضِبَ,6,6,6
ga`wiyn,غَٰوِين,6,6,4
gam~,غَمّ,6,5,4
gayoZ,غَيْظ,6,5,4
ha`ma`n,هَٰمَٰن,6,6,3
jaAEil,جَاعِل,6,6,5
ka>os,كَأْس,6,6,5
kaAtib,كَاتِب,6,4,3
kahof,كَهْف,6,6,1
kanz,كَنز,6,5,5
kar~ap,كَرَّة,6,6,6
kibar,كِبَر,6,6,6
laq~aY`,لَقَّىٰ,6,5,5
lu&olu&,لُؤْلُؤ,6,6,6
l~aEal~,لَّعَلّ,6,6,5
man~,مَنّ,6,6,4
maqot,مَقْت,6,5,4
marad~,مَرَدّ,6,6,5
mawoj,مَوْج,6,5,4
mayotap,مَيْتَة,6,6,5
muEotadiyn,مُعْتَدِين,6,6,6
muli}ato,مُلِئَتْ,6,6,6
munZaruwn,مُنظَرُون,6,6,5
muntaZiruwn,مُنتَظِرُون,6,6,5
musotakobir,مُسْتَكْبِر,6,6,5
muta$a`bih,مُتَشَٰبِه,6,5,4
m~aEoduwdap,مَّعْدُودَة,6,6,4
m~iyEaAd,مِّيعَاد,6,6,5
m~u&ominap,مُّؤْمِنَة,6,4,3
m~ud~akir,مُّدَّكِر,6,6,1
m~uniyr,مُّنِير,6,6,6
naASiH,نَاصِح,6,6,3
naqaDato,نَقَضَتْ,6,6,4
nazala,نَزَلَ,6,6,5
n~akava,نَّكَثَ,6,5,4
qaSaS,قَصَص,6,6,5
qabor,قَبْر,6,6,6
qah~aAr,قَهَّار,6,6,6
qal~abu,قَلَّبُ,6,6,5
qamiyS,قَمِيص,6,6,1
qaroD,قَرْض,6,6,5
rajiym,رَجِيم,6,6,5
risa`la`t,رِسَٰلَٰت,6,6,3
ru$od,رُشْد,6,6,6
r~a`Himiyn,رَّٰحِمِين,6,6,4
r~a`ziqiyn,رَّٰزِقِين,6,6,6
saEap,سَعَة,6,5,4
sakiynap,سَكِينَة,6,6,3
sal~ama,سَلَّمَ,6,6,5
siyma`,سِيمَٰ,6,6,5
surur,سُرُر,6,6,6
s~abot,سَّبْت,6,5,4
s~ijon,سِّجْن,6,6,1
s~ujuwd,سُّجُود,6,6,5
taHiy~ap,تَحِيَّة,6,6,6
taSad~aqa,تَصَدَّقَ,6,6,6
vuqifu,ثُقِفُ,6,6,6
v~aqalaAn,ثَّقَلَان,6,4,4
v~uluv,ثُّلُث,6,4,2
waAqiE,وَاقِع,6,6,6
waEiyd,وَعِيد,6,6,3
waHoY,وَحْى,6,6,6
waHod,وَحْد,6,6,5
waqor,وَقْر,6,6,5
wasiEa,وَسِعَ,6,6,5
xala`q,خَلَٰق,6,4,3
xamor,خَمْر,6,6,4
xila`f,خِلَٰف,6,6,6
xiyfap,خِيفَة,6,6,6
xulod,خُلْد,6,6,6
yaSofaHu,يَصْفَحُ,6,6,6
yan[bagiY,يَن[بَغِى,6,6,5
yasota>oxiru,يَسْتَأْخِرُ,6,6,6
yasotafotu,يَسْتَفْتُ,6,6,4
yataman~a,يَتَمَنَّ,6,6,4
yaxofaY`,يَخْفَىٰ,6,6,6
yujiyru,يُجِيرُ,6,5,5
zaAga,زَاغَ,6,6,6
{ntaqamo,ٱنتَقَمْ,6,6,5
{sotamotaEa,ٱسْتَمْتَعَ,6,4,4
$aAEir,شَاعِر,5,5,5
$aTor,شَطْر,5,3,1
$araHa,شَرَحَ,5,5,5
$irok,شِرْك,5,5,4
$uH~,شُحّ,5,4,4
$~a`ribiyn,شَّٰرِبِين,5,5,4
'aAnasa,ءَانَسَ,5,4,4
*ubiHa,ذُبِحَ,5,5,4
>aHoSanato,أَحْصَنَتْ,5,5,4
>aSonaAm,أَصْنَام,5,5,5
>abolagu,أَبْلَغُ,5,5,4
>ajoramu,أَجْرَمُ,5,5,5
>al~afa,أَلَّفَ,5,3,3
>amon,أَمْن,5,5,4
>araA^}ik,أَرَا^ئِك,5,5,4
>aroDaEato,أَرْضَعَتْ,5,4,4
>asaA^'a,أَسَا^ءَ,5,5,5
>asaAwir,أَسَاوِر,5,5,5
>asobaAT,أَسْبَاط,5,5,4
>asokan,أَسْكَن,5,5,4
>avaAru,أَثَارُ,5,5,4
>awaY,أَوَى,5,5,2
>awoSa`,أَوْصَٰ,5,3,2
>awoqadu,أَوْقَدُ,5,5,5
>ukoriha,أُكْرِهَ,5,4,4
A^vara,ا^ثَرَ,5,5,5
Dayof,ضَيْف,5,5,4
EaTaA^',عَطَا^ء,5,4,4
Eafuw~,عَفُوّ,5,5,3
Eajab,عَجَب,5,5,4
Eajila,عَجِلَ,5,5,4
Eaj~ala,عَجَّلَ,5,5,5
Ealaqap,عَلَقَة,5,4,4
Eaqara,عَقَرَ,5,5,5
Eata,عَتَ,5,5,4
Eazom,عَزْم,5,5,5
Eusor,عُسْر,5,5,4
Ha`kimiyn,حَٰكِمِين,5,5,5
Hab~ap,حَبَّة,5,4,4
Hariyq,حَرِيق,5,5,4
HawaAriy~uwn,حَوَارِيُّون,5,4,3
Hijor,حِجْر,5,5,4
Hil~,حِلّ,5,4,4
HimaAr,حِمَار,5,5,5
Hum~ila,حُمِّلَ,5,4,4
Huwt,حُوت,5,5,4
Sa`giruwn,صَٰغِرُون,5,5,4
Sadaqap,صَدَقَة,5,5,4
Sayod,صَيْد,5,4,1
Sid~iyq,صِدِّيق,5,5,4
SuboH,صُبْح,5,4,4
TaEimu,طَعِمُ,5,5,4
Ta`^}ir,طَٰ^ئِر,5,5,5
Taraf,طَرَف,5,5,5
Tariyqap,طَرِيقَة,5,5,3
Tumisato,طُمِسَتْ,5,5,5
Zal~a`m,ظَلَّٰم,5,5,5
baTa$o,بَطَشْ,5,4,4
bagoDaA^',بَغْضَا^ء,5,5,3
bakato,بَكَتْ,5,5,5
balodap,بَلْدَة,5,5,5
baraza,بَرَزَ,5,5,4
baroq,بَرْق,5,5,4
bav~a,بَثَّ,5,5,5
biDa`Eap,بِضَٰعَة,5,4,1
dafaEo,دَفَعْ,5,4,4
darasu,دَرَسُ,5,5,5
dayon,دَيْن,5,3,2
faSala,فَصَلَ,5,5,5
faraqo,فَرَقْ,5,5,5
far~aT,فَرَّط,5,5,3
fawoj,فَوْج,5,5,5
gad,غَد,5,5,5
gafolap,غَفْلَة,5,5,4
gaf~aAr,غَفَّار,5,5,5
gal~a,غَلَّ,5,3,3
guduw~,غُدُوّ,5,5,5
gurofap,غُرْفَة,5,4,4
halaka,هَلَكَ,5,4,4
ja`vimiyn,جَٰثِمِين,5,5,3
jahara,جَهَرَ,5,5,5
jahod,جَهْد,5,5,5
jaram,جَرَم,5,5,3
ka*~aAb,كَذَّاب,5,5,3
kaA^f~ap,كَا^فَّة,5,4,3
kaf~aAr,كَفَّار,5,5,5
kalob,كَلْب,5,3,2
karoh,كَرْه,5,5,5
kawokab,كَوْكَب,5,5,5
lawoH,لَوْح,5,5,3
maE2,مَع2,5,5,2
mahod,مَهْد,5,5,5
makaAnat,مَكَانَت,5,5,4
maluwm,مَلُوم,5,5,4
maroDaAt,مَرْضَات,5,5,4
maso_#uwl,مَسْـ#ُول,5,5,4
miSor,مِصْر,5,5,4
miroyap,مِرْيَة,5,5,4
muSobiHiyn,مُصْبِحِين,5,5,3
muSoliH,مُصْلِح,5,5,4
muboTiluwn,مُبْطِلُون,5,5,5
muholik,مُهْلِك,5,5,5
mun*ariyn,مُنذَرِين,5,5,4
muna`fiqa`t,مُنَٰفِقَٰت,5,5,4
munziliyn,مُنزِلِين,5,5,5
mutorafiyn,مُتْرَفِين,5,5,5
muxoraj,مُخْرَج,5,5,5
m~aHiyS,مَّحِيص,5,5,5
m~ayot,مَّيْت,5,5,5
m~uTah~arap,مُّطَهَّرَة,5,5,5
m~ukoramuwn,مُّكْرَمُون,5,5,5
m~usotaDoEafuwn,مُّسْتَضْعَفُون,5,5,2
m~uwqiniyn,مُّوقِنِين,5,5,5
naSaHu,نَصَحُ,5,5,3
na`Ziriyn,نَٰظِرِين,5,5,5
na`dimiyn,نَٰدِمِين,5,5,4
nikaAH,نِكَاح,5,5,3
nu$uwr,نُشُور,5,5,3
nufuwr,نُفُور,5,5,4
n~ubuw~ap,نُّبُوَّة,5,5,5
qaA^}il,قَا^ئِل,5,5,5
qaA^}imap,قَا^ئِمَة,5,5,5
qaAriEap,قَارِعَة,5,5,3
qabaDo,قَبَضْ,5,5,5
qar~aba,قَرَّبَ,5,5,5
qay~im,قَيِّم,5,5,4
ra$ad,رَشَد,5,5,2
rajamo,رَجَمْ,5,5,5
raqiyb,رَقِيب,5,5,5
ruEob,رُعْب,5,5,5
salafa,سَلَفَ,5,5,4
salam,سَلَم,5,5,3
sawiy~,سَوِيّ,5,5,3
sawo'a`t,سَوْءَٰت,5,5,2
suy~irato,سُيِّرَتْ,5,5,5
taEova,تَعْثَ,5,5,5
taHoriyr,تَحْرِير,5,3,3
taTah~aro,تَطَهَّرْ,5,5,5
tabar~a>a,تَبَرَّأَ,5,4,3
tafoSiyl,تَفْصِيل,5,5,5
taqal~ub,تَقَلُّب,5,5,5
taqar~a,تَقَرَّ,5,5,4
taqodiyr,تَقْدِير,5,5,5
tawaASa,تَوَاصَ,5,3,3
tisoE,تِسْع,5,4,4
t~aqaT~aEa,تَّقَطَّعَ,5,5,5
vamar,ثَمَر,5,5,3
vaqiyl,ثَقِيل,5,5,5
waAzirap,وَازِرَة,5,5,5
wahana,وَهَنَ,5,5,4
wusoE,وُسْع,5,5,4
xaAliSap,خَالِصَة,5,5,5
xaAnu,خَانُ,5,4,3
xaAwiyap,خَاوِيَة,5,5,5
xaSiym,خَصِيم,5,5,5
xaTob,خَطْب,5,5,5
xa`Ti_#iyn,خَٰطِـ#ِين,5,5,3
xalafa,خَلَفَ,5,5,3
xatama,خَتَمَ,5,5,5
xayol,خَيْل,5,5,5
xinziyr,خِنزِير,5,5,4
xuDor,خُضْر,5,5,4
xuTuwa`t,خُطُوَٰت,5,4,3
xuruwj,خُرُوج,5,5,3
ya$ofaEu,يَشْفَعُ,5,4,4
yaEoruju,يَعْرُجُ,5,5,5
yaEota*iru,يَعْتَذِرُ,5,4,3
yaHoyaY`,يَحْيَىٰ,5,5,4
yaboxaso,يَبْخَسْ,5,5,4
yajohalu,يَجْهَلُ,5,5,5
yamotaru,يَمْتَرُ,5,5,5
yarohaqu,يَرْهَقُ,5,5,4
yarokaEu,يَرْكَعُ,5,4,4
yu&ad~i,يُؤَدِّ,5,4,4
yuEam~aru,يُعَمَّرُ,5,4,3
yufotiy,يُفْتِي,5,5,3
zuw~ijato,زُوِّجَتْ,5,5,5
z~ayotuwn,زَّيْتُون,5,5,4
{EotaSamu,ٱعْتَصَمُ,5,5,3
{hojuro,ٱهْجُرْ,5,5,5
{kotasaba,ٱكْتَسَبَ,5,4,4
{ll~ahum~a,ٱللَّهُمَّ,5,5,5
{mori},ٱمْرِئ,5,5,5
{n$aq~a,ٱنشَقَّ,5,5,5
{qotaraba,ٱقْتَرَبَ,5,5,4
{sotabaqa,ٱسْتَبَقَ,5,5,4
{sotaxolafa,ٱسْتَخْلَفَ,5,4,4
$a>on,شَأْن,4,4,4
$aEa`^}ir,شَعَٰ^ئِر,4,4,3
$aqiy~,شَقِيّ,4,4,2
$aqu,شَقُ,4,4,2
$ara,شَرَ,4,4,3
$ayox,شَيْخ,4,4,4
$ifaA^',شِفَا^ء,4,4,4
$ihaAb,شِهَاب,4,4,4
*ur~iy~a`t,ذُرِّيَّٰت,4,4,4
<isotaboraq,إِسْتَبْرَق,4,4,4
>a*il~ap,أَذِلَّة,4,4,3
>aHobaAr,أَحْبَار,4,4,2
>aHobaTa,أَحْبَطَ,4,4,2
>aSar~u,أَصَرُّ,4,4,4
>aTohar,أَطْهَر,4,4,4
>adobara,أَدْبَرَ,4,4,3
>ajomaEu,أَجْمَعُ,4,4,3
>akin~ap,أَكِنَّة,4,4,4
>akol,أَكْل,4,4,3
>akorama,أَكْرَمَ,4,3,2
>akowaAb,أَكْوَاب,4,4,4
>aloHaqo,أَلْحَقْ,4,4,4
>alohaY`,أَلْهَىٰ,4,4,4
>ama`na`t,أَمَٰنَٰت,4,4,4
>amad,أَمَد,4,4,4
>amos,أَمْس,4,4,2
>an[ba>a,أَن[بَأَ,4,3,2
>anqa*a,أَنقَذَ,4,4,3
>aqoraro,أَقْرَرْ,4,3,3
>aqowam,أَقْوَم,4,4,4
>aro*al,أَرْذَل,4,4,4
>aroHam,أَرْحَم,4,4,3
>asiyr,أَسِير,4,4,3
>asoliHat,أَسْلِحَت,4,1,1
>axosariyn,أَخْسَرِين,4,4,4
>ayokap,أَيْكَة,4,4,4
>ay~uwb,أَيُّوب,4,4,4
>azokaY`,أَزْكَىٰ,4,4,3
>uSoliy,أُصْلِي,4,4,2
>ugo$iyato,أُغْشِيَتْ,4,4,4
>uhil~a,أُهِلَّ,4,4,4
>uwlaA^',أُولَا^ء,4,4,4
>uzolifato,أُزْلِفَتْ,4,4,3
DaEof,ضَعْف,4,2,2
Ea$ar,عَشَر,4,4,4
EaAliy,عَالِي,4,4,4
Eajuwz,عَجُوز,4,4,4
EalaAniyap,عَلَانِيَة,4,4,4
Eal~a`m,عَلَّٰم,4,4,3
Eamaru,عَمَرُ,4,3,2
Eaniyd,عَنِيد,4,4,4
Eaqiym,عَقِيم,4,4,3
EaroD,عَرْض,4,3,3
Eaworap,عَوْرَة,4,3,2
Eazama,عَزَمَ,4,4,3
Eiyn,عِين,4,4,4
EuSobap,عُصْبَة,4,4,3
Euluw~,عُلُوّ,4,4,3
Euqodap,عُقْدَة,4,4,3
HaASib,حَاصِب,4,4,4
HaSiyd,حَصِيد,4,4,4
Harob,حَرْب,4,4,4
Hasiyb,حَسِيب,4,4,3
Hay~a,حَيَّ,4,2,2
Hiloyap,حِلْيَة,4,4,4
Hul~u,حُلُّ,4,4,4
Huwr,حُور,4,4,4
SaEiyd,صَعِيد,4,4,3
Sa`Hibap,صَٰحِبَة,4,4,4
Sab~a,صَبَّ,4,4,4
Sab~aAr,صَبَّار,4,4,4
Sadafa,صَدَفَ,4,2,1
SaloSa`l,صَلْصَٰل,4,4,2
SaroH,صَرْح,4,3,3
Saw~ara,صَوَّرَ,4,4,4
TaA^}if,طَا^ئِف,4,4,4
Tabaq,طَبَق,4,3,3
TaloE,طَلْع,4,4,4
TamaE,طَمَع,4,4,4
Tariyq,طَرِيق,4,4,3
TawoE,طَوْع,4,4,4
Tifol,طِفْل,4,4,3
ZaAlimap,ظَالِمَة,4,4,3
ba>osaA^',بَأْسَا^ء,4,4,3
baAl,بَال,4,4,3
baEov,بَعْث,4,3,3
ba`siT,بَٰسِط,4,4,4
baqarap,بَقَرَة,4,4,1
bay~ata,بَيَّتَ,4,3,2
buruwj,بُرُوج,4,4,4
da>ob,دَأْب,4,4,3
daAEiY,دَاعِى,4,4,3
daAbir,دَابِر,4,4,4
daEowaY`,دَعْوَىٰ,4,3,3
da`xiruwn,دَٰخِرُون,4,4,4
fa$ilo,فَشِلْ,4,4,2
faA^}izuwn,فَا^ئِزُون,4,4,4
faxuwr,فَخُور,4,4,4
firaAr,فِرَار,4,4,3
fuj~aAr,فُجَّار,4,4,4
fusuwq,فُسُوق,4,4,2
gama`m,غَمَٰم,4,4,3
gay~,غَيّ,4,4,3
guyuwb,غُيُوب,4,4,3
haAtu,هَاتُ,4,4,4
haniy^_#,هَنِي^ـ#,4,4,4
hunaA,هُنَا,4,4,4
huwn,هُون,4,4,4
jaAwaza,جَاوَزَ,4,4,4
jaha`lap,جَهَٰلَة,4,4,4
jasad,جَسَد,4,4,4
jawaAb,جَوَاب,4,4,3
jihaAd,جِهَاد,4,4,4
junub,جُنُب,4,4,3
juwE,جُوع,4,4,4
kab~iro,كَبِّرْ,4,4,4
kaf~a`rap,كَفَّٰرَة,4,3,1
kala`m,كَلَٰم,4,4,4
kalim,كَلِم,4,4,3
karob,كَرْب,4,4,3
kifol,كِفْل,4,4,4
kisaf,كِسَف,4,4,4
lamasu,لَمَسُ,4,4,4
maDaY`,مَضَىٰ,4,4,4
maHoruwm,مَحْرُوم,4,4,4
magaAnim,مَغَانِم,4,4,2
makava,مَكَثَ,4,4,4
malakuwt,مَلَكُوت,4,4,4
mamonuwn,مَمْنُون,4,4,4
manaAm,مَنَام,4,4,4
mansak,مَنسَك,4,4,2
maqoEad,مَقْعَد,4,4,4
maro',مَرْء,4,4,4
miHoraAb,مِحْرَاب,4,4,3
miSobaAH,مِصْبَاح,4,3,3
muEa*~abiyn,مُعَذَّبِين,4,4,3
muEa*~ib,مُعَذِّب,4,4,3
muHam~ad,مُحَمَّد,4,4,4
muHar~am,مُحَرَّم,4,4,3
muboSir,مُبْصِر,4,4,4
mubolisuwn,مُبْلِسُون,4,4,4
muja`hidiyn,مُجَٰهِدِين,4,2,2
mumotariyn,مُمْتَرِين,4,4,4
murosil,مُرْسِل,4,4,4
mutawak~iluwn,مُتَوَكِّلُون,4,4,4
muxal~afuwn,مُخَلَّفُون,4,4,2
m~aEiyn,مَّعِين,4,4,4
m~ahiyn,مَّهِين,4,4,4
m~ajiyd,مَّجِيد,4,4,3
m~akiyn,مَّكِين,4,4,4
m~akonuwn,مَّكْنُون,4,4,3
m~asoHuwr,مَّسْحُور,4,4,3
m~uba`rakap,مُّبَٰرَكَة,4,4,3
m~ugoraquwn,مُّغْرَقُون,4,4,3
m~ula`quwA,مُّلَٰقُوا,4,4,2
m~untaSir,مُّنتَصِر,4,4,4
m~uqotadir,مُّقْتَدِر,4,4,3
m~utaqa`biliyn,مُّتَقَٰبِلِين,4,4,4
na*aro,نَذَرْ,4,4,4
naEam,نَعَم,4,4,3
naEojap,نَعْجَة,4,2,1
naSab,نَصَب,4,4,4
nafida,نَفِدَ,4,3,3
nakiyr,نَكِير,4,4,4
naqamu,نَقَمُ,4,4,4
n~azaga,نَّزَغَ,4,4,4
qaSor,قَصْر,4,4,4
qa`ruwn,قَٰرُون,4,4,3
qaf~ayo,قَفَّيْ,4,3,3
qalam,قَلَم,4,4,4
qanaTu,قَنَطُ,4,4,4
qiSaAS,قِصَاص,4,4,2
qibal,قِبَل,4,4,4
qiyl,قِيل,4,4,4
quEuwd,قُعُود,4,4,4
qudus,قُدُس,4,4,3
qud~a,قُدَّ,4,4,1
qut~ilu,قُتِّلُ,4,4,3
raADiyap,رَاضِيَة,4,4,4
ra`jiEuwn,رَٰجِعُون,4,4,3
rabato,رَبَتْ,4,3,3
risaAlap,رِسَالَة,4,4,3
r~ajofap,رَّجْفَة,4,4,2
saAq,سَاق,4,3,3
saboEap,سَبْعَة,4,4,4
sad~,سَدّ,4,3,2
safiynap,سَفِينَة,4,3,2
sam~a`Euwn,سَمَّٰعُون,4,3,2
saqar,سَقَر,4,4,2
saqof,سَقْف,4,4,4
saraqa,سَرَقَ,4,3,2
saw~ala,سَوَّلَ,4,4,3
say~i},سَيِّئ,4,3,3
siraAj,سِرَاج,4,4,4
s~uwq,سُّوق,4,4,3
ta$a`baha,تَشَٰبَهَ,4,4,3
ta>osa,تَأْسَ,4,4,3
talaq~aY`^,تَلَقَّىٰ^,4,4,4
tamaAra,تَمَارَ,4,4,3
tam~a,تَمَّ,4,4,3
tana`jayo,تَنَٰجَيْ,4,2,1
taqiy~,تَقِيّ,4,4,2
vama`niyap,ثَمَٰنِيَة,4,4,3
vam~,ثَمّ,4,4,4
vaqulato,ثَقُلَتْ,4,4,3
vubuwr,ثُبُور,4,3,2
wa`Eado,وَٰعَدْ,4,4,3
wa`siEap,وَٰسِعَة,4,4,4
wabaAl,وَبَال,4,4,4
waquwd,وَقُود,4,4,4
wasowasa,وَسْوَسَ,4,4,4
"wu,riYa","وُ,رِىَ",4,3,2
xaAba,خَابَ,4,4,3
xabiyvap,خَبِيثَة,4,3,3
xaliyl,خَلِيل,4,4,4
xaraqa,خَرَقَ,4,3,3
xazanat,خَزَنَت,4,4,3
yadora&uA@,يَدْرَؤُا@,4,4,4
yaguD~u,يَغُضُّ,4,4,3
yanoHitu,يَنْحِتُ,4,4,4
yarogabu,يَرْغَبُ,4,4,4
yasotaEotibu,يَسْتَعْتِبُ,4,4,4
yasotaqodimu,يَسْتَقْدِمُ,4,4,4
yasuwmu,يَسُومُ,4,4,3
yatabaw~a>u,يَتَبَوَّأُ,4,4,4
yatadab~aru,يَتَدَبَّرُ,4,4,4
yatakal~amu,يَتَكَلَّمُ,4,4,4
yaxoruSu,يَخْرُصُ,4,4,3
yuEojiza,يُعْجِزَ,4,3,3
yuHaAfiZu,يُحَافِظُ,4,4,4
yuHar~ifu,يُحَرِّفُ,4,4,3
yuHiq~a,يُحِقَّ,4,4,3
yuSal~abu,يُصَلَّبُ,4,4,4
yuboTila,يُبْطِلَ,4,4,4
yudab~iru,يُدَبِّرُ,4,4,3
yugay~iru,يُغَيِّرُ,4,3,3
yuwnus,يُونُس,4,4,4
yuxaw~ifu,يُخَوِّفُ,4,4,3
zulofaY`^,زُلْفَىٰ^,4,4,3
zuxoruf,زُخْرُف,4,4,4
z~uwr,زُّور,4,4,3
{hotaz~ato,ٱهْتَزَّتْ,4,4,4
{l~a`^_#iY,ٱلَّٰ^ـ#ِى,4,3,3
{ntiqaAm,ٱنتِقَام,4,4,4
{qotarafo,ٱقْتَرَفْ,4,4,3
{qotatala,ٱقْتَتَلَ,4,3,3
{rotaqibo,ٱرْتَقِبْ,4,4,3
{sotaEi*o,ٱسْتَعِذْ,4,4,4
{sotaEiynu,ٱسْتَعِينُ,4,4,3
{sotaHab~u,ٱسْتَحَبُّ,4,4,4
{sotaga`va,ٱسْتَغَٰثَ,4,4,4
{sotagonaY`,ٱسْتَغْنَىٰ,4,4,4
{sotaxoraja,ٱسْتَخْرَجَ,4,4,4
{xotaAra,ٱخْتَارَ,4,4,4
$aha`da`t,شَهَٰدَٰت,3,3,2
$at~aY`,شَتَّىٰ,3,3,3
$irob,شِرْب,3,2,2
$~ahawa`t,شَّهَوَٰت,3,3,3
'aAkiluwn,ءَاكِلُون,3,3,3
'aAnaA^',ءَانَا^ء,3,3,3
*aA^}iqap,ذَا^ئِقَة,3,3,3
*aroE,ذَرْع,3,3,3
*~i}ob,ذِّئْب,3,3,1
*~ul~,ذُّلّ,3,3,2
<iSor,إِصْر,3,3,3
<iToEa`m,إِطْعَٰم,3,3,3
<iloyaAs,إِلْيَاس,3,3,2
<iytaA'N,إِيتَاءٌ,3,3,3
>a$oqaY,أَشْقَى,3,3,3
>a*oqaAn,أَذْقَان,3,3,2
>a*~ana,أَذَّنَ,3,3,3
>aDaA^'a,أَضَا^ءَ,3,3,2
>aEaz~,أَعَزّ,3,3,3
>aEoZam,أَعْظَم,3,3,3
>aEojamiY~,أَعْجَمِىّ,3,2,2
>aHab~,أَحَبّ,3,3,2
>aHas~a,أَحَسَّ,3,3,3
>aHoDarato,أَحْضَرَتْ,3,3,3
>aSol,أَصْل,3,3,3
>aTofa>a,أَطْفَأَ,3,3,3
>aboraHa,أَبْرَحَ,3,3,3
>afaA^'a,أَفَا^ءَ,3,3,2
>afala,أَفَلَ,3,3,1
>aforigo,أَفْرِغْ,3,3,3
>ajodaAv,أَجْدَاث,3,3,3
>akonan,أَكْنَن,3,3,3
>alofa,أَلْفَ,3,3,3
>alozama,أَلْزَمَ,3,3,3
>an$ara,أَنشَرَ,3,3,3
>aqoSaA,أَقْصَا,3,3,3
>arodaY`,أَرْدَىٰ,3,3,3
>as~asa,أَسَّسَ,3,2,1
>atoraAb,أَتْرَاب,3,3,3
>ava`ba,أَثَٰبَ,3,3,3
>awojasa,أَوْجَسَ,3,3,3
>awotaAd,أَوْتَاد,3,3,3
>awova`n,أَوْثَٰن,3,3,2
>axobaAr,أَخْبَار,3,3,3
>ayoman,أَيْمَن,3,3,3
>ufuq,أُفُق,3,3,3
>uf~,أُفّ,3,3,3
>ujaAj,أُجَاج,3,3,3
>usowap,أُسْوَة,3,3,2
>utorifu,أُتْرِفُ,3,3,3
A^vim,ا^ثِم,3,3,3
A^xi*,ا^خِذ,3,3,3
Darob,ضَرْب,3,3,3
Digov,ضِغْث,3,3,3
DiyaA^',ضِيَا^ء,3,3,3
Ea$iyrat,عَشِيرَت,3,3,3
Ea$orap,عَشْرَة,3,2,2
EaASim,عَاصِم,3,3,3
EaAjilapN,عَاجِلَةٌ,3,3,3
EaAqir,عَاقِر,3,3,2
Eamad,عَمَد,3,3,3
Eam~a`t,عَمَّٰت,3,3,3
Eani,عَنِ,3,3,3
Eaz~aru,عَزَّرُ,3,3,3
Eimora`n,عِمْرَٰن,3,3,2
Eiyr,عِير,3,3,1
EuloyaA,عُلْيَا,3,3,2
HaA^q~ap,حَا^قَّة,3,3,1
HaAjap,حَاجَة,3,3,3
HaAla,حَالَ,3,3,3
HaAsabo,حَاسَبْ,3,3,3
Ha`$iriyn,حَٰشِرِين,3,3,2
HadaA^}iq,حَدَا^ئِق,3,3,3
Hakam,حَكَم,3,2,2
Hama<,حَمَإ,3,3,1
HaraSo,حَرَصْ,3,3,3
Hariyr,حَرِير,3,3,3
Har~,حَرّ,3,2,2
Har~iqu,حَرِّقُ,3,3,3
Hasada,حَسَدَ,3,3,3
Hasana`t,حَسَنَٰت,3,3,3
Hasuna,حَسُنَ,3,3,3
Hazan,حَزَن,3,3,3
Hi*or,حِذْر,3,2,1
HifoZ,حِفْظ,3,3,3
Himol,حِمْل,3,3,3
HuTa`m,حُطَٰم,3,3,3
HusobaAn,حُسْبَان,3,3,3
Sa`^f~a`t,صَٰ^فَّٰت,3,3,3
Sagiyr,صَغِير,3,3,3
SaroSar,صَرْصَر,3,3,3
Suwrap,صُورَة,3,3,3
S~a`bi_#iyn,صَّٰبِـ#ِين,3,3,3
TaAEap,طَاعَة,3,3,3
TaAba,طَابَ,3,3,2
TaAla,طَالَ,3,3,3
Tafiqa,طَفِقَ,3,3,3
Tarad,طَرَد,3,2,2
Tawol,طَوْل,3,3,3
baATin,بَاطِن,3,3,2
baAg,بَاغ,3,3,3
baAri},بَارِئ,3,2,2
baSurato,بَصُرَتْ,3,2,2
baTo$,بَطْش,3,3,3
ba`ligap,بَٰلِغَة,3,3,3
bahiymap,بَهِيمَة,3,3,2
baqar,بَقَر,3,3,2
baqiYa,بَقِىَ,3,3,3
baqiy~at,بَقِيَّت,3,3,2
baraka`t,بَرَكَٰت,3,3,2
barozax,بَرْزَخ,3,3,3
bayaAn,بَيَان,3,3,3
baya`t,بَيَٰت,3,3,2
bikor,بِكْر,3,3,3
bu$or,بُشْر,3,3,3
daA^}irap,دَا^ئِرَة,3,3,3
daAniyap,دَانِيَة,3,3,3
dak~,دَكّ,3,2,2
d~aAE,دَّاع,3,3,2
faA^'u,فَا^ءُ,3,2,2
faAra,فَارَ,3,3,3
faAta,فَاتَ,3,3,3
faAza,فَازَ,3,3,3
fa`kihiyn,فَٰكِهِين,3,3,3
faj~,فَجّ,3,3,3
farod,فَرْد,3,3,2
fasadati,فَسَدَتِ,3,3,3
fataY`,فَتَىٰ,3,3,2
fatiyl,فَتِيل,3,3,2
fawa`kih,فَوَٰكِه,3,3,3
faziEa,فَزِعَ,3,3,3
fiSaAl,فِصَال,3,3,3
fidoyap,فِدْيَة,3,3,2
fira`$,فِرَٰش,3,3,3
fisoq,فِسْق,3,3,2
fitoyap,فِتْيَة,3,3,2
furaAt,فُرَات,3,3,3
ga$~aY`,غَشَّىٰ,3,2,2
gaA^}ibiyn,غَا^ئِبِين,3,3,3
ga`$iyap,غَٰشِيَة,3,3,3
gada,غَدَ,3,3,2
gamorap,غَمْرَة,3,3,2
ganam,غَنَم,3,3,3
garuwr,غَرُور,3,3,3
gawaY`,غَوَىٰ,3,3,3
gayov,غَيْث,3,3,3
hay~in,هَيِّن,3,3,2
huwd2,هُود2,3,3,1
jaAluwt,جَالُوت,3,3,1
jaAmiE,جَامِع,3,3,3
jaAr,جَار,3,2,2
ja`hiliy~ap2,جَٰهِلِيَّة2,3,3,3
jahorap,جَهْرَة,3,3,3
jawaAr,جَوَار,3,3,3
jayob,جَيْب,3,3,3
ji*oE,جِذْع,3,3,2
jiboriyl,جِبْرِيل,3,3,2
juzo',جُزْء,3,3,3
kaA$if,كَاشِف,3,3,3
kaZiym,كَظِيم,3,3,3
kanazo,كَنَزْ,3,2,1
kasawo,كَسَوْ,3,3,3
kubita,كُبِتَ,3,2,2
kufuwr,كُفُور,3,3,2
kuroh,كُرْه,3,2,2
kuw~irato,كُوِّرَتْ,3,2,2
la`Eibiyn,لَٰعِبِين,3,3,2
lahab,لَهَب,3,3,2
lumo,لُمْ,3,2,2
l~am~aA,لَّمَّا,3,3,3
ma$oHuwn,مَشْحُون,3,3,3
ma$o_#amap,مَشْـ#َمَة,3,2,2
ma$ohuwd,مَشْهُود,3,3,3
ma*omuwm,مَذْمُوم,3,3,2
maDaAjiE,مَضَاجِع,3,3,3
maEiy$ap,مَعِيشَة,3,3,3
maEo$ar,مَعْشَر,3,3,2
maEo*irap,مَعْذِرَة,3,3,3
maHawo,مَحَوْ,3,3,3
maHil~,مَحِلّ,3,3,3
maHiyD,مَحِيض,3,2,2
ma`lik,مَٰلِك,3,3,3
madaA^}in,مَدَا^ئِن,3,3,2
mafaAtiH,مَفَاتِح,3,3,3
mamaAt,مَمَات,3,3,3
masoTuwr,مَسْطُور,3,3,3
matiyn,مَتِين,3,3,3
mavonaY`,مَثْنَىٰ,3,3,3
mawoluwd,مَوْلُود,3,2,2
mawotat,مَوْتَت,3,3,2
mayomanap,مَيْمَنَة,3,2,2
mayosir,مَيْسِر,3,3,2
miqodaAr,مِقْدَار,3,3,3
mizaAj,مِزَاج,3,3,2
mu$orika`t,مُشْرِكَٰت,3,3,3
mu&otafikap,مُؤْتَفِكَة,3,3,3
muDogap,مُضْغَة,3,2,2
muEa`jiziyn,مُعَٰجِزِين,3,3,2
muEotad,مُعْتَد,3,3,3
muSal~iyn,مُصَلِّين,3,3,3
muSofar~,مُصْفَرّ,3,3,3
mubad~il,مُبَدِّل,3,3,2
muboSirap,مُبْصِرَة,3,3,2
muhoTiEiyn,مُهْطِعِين,3,3,3
muhol,مُهْل,3,3,3
munkiruwn,مُنكِرُون,3,3,3
munqalibuwn,مُنقَلِبُون,3,3,3
muntahaY`,مُنتَهَىٰ,3,3,2
muntaqimuwn,مُنتَقِمُون,3,3,3
muqaAm,مُقَام,3,3,2
muqosiTiyn,مُقْسِطِين,3,3,3
murosaY`,مُرْسَىٰ,3,3,3
musax~ara`t,مُسَخَّرَٰت,3,3,2
mut~axi*,مُتَّخِذ,3,3,3
muxorij,مُخْرِج,3,3,3
muxotaAl,مُخْتَال,3,3,3
m~a$orab,مَّشْرَب,3,3,3
m~adoHuwr,مَّدْحُور,3,3,2
m~agoram,مَّغْرَم,3,3,3
m~aloja<,مَّلْجَإ,3,3,2
m~arofuwEap,مَّرْفُوعَة,3,3,3
m~asonuwn,مَّسْنُون,3,3,1
m~awaADiE,مَّوَاضِع,3,3,2
m~awoviq,مَّوْثِق,3,2,1
m~idoraAr,مِّدْرَار,3,3,3
m~uDil~,مُّضِلّ,3,3,3
m~ubay~ina`t,مُّبَيِّنَٰت,3,3,2
m~ubay~inap,مُّبَيِّنَة,3,3,3
m~udoxal,مُّدْخَل,3,3,3
m~uhotad,مُّهْتَد,3,3,3
m~uloquwn,مُّلْقُون,3,3,3
m~uqar~aniyn,مُّقَرَّنِين,3,3,3
m~usal~amap,مُّسَلَّمَة,3,2,2
m~usaw~amap,مُّسَوَّمَة,3,3,3
m~usotaqir~,مُّسْتَقِرّ,3,3,2
m~utarab~iS,مُّتَرَبِّص,3,3,3
naASiyap,نَاصِيَة,3,3,2
na_#aA,نَـ#َا,3,3,3
nafar,نَفَر,3,3,3
naka`l,نَكَٰل,3,3,3
nasab,نَسَب,3,3,3
nawom,نَوْم,3,3,3
nifaAq,نِفَاق,3,3,1
nu$irato,نُشِرَتْ,3,3,3
nuSub,نُصُب,3,3,2
nusifato,نُسِفَتْ,3,3,2
n~a$o>ap,نَّشْأَة,3,3,3
n~ukor,نُّكْر,3,3,2
qaAhir,قَاهِر,3,3,2
qa`Sira`t,قَٰصِرَٰت,3,3,3
qa`nita`t,قَٰنِتَٰت,3,3,3
qa`siyap,قَٰسِيَة,3,3,3
qadiym,قَدِيم,3,3,3
qaroH,قَرْح,3,2,1
qasato,قَسَتْ,3,3,3
qawaAEid,قَوَاعِد,3,3,3
qawaAriyraA,قَوَارِيرَا,3,3,2
qaw~a`miyn,قَوَّٰمِين,3,3,2
qay~uwm,قَيُّوم,3,3,3
qinTaAr,قِنطَار,3,3,2
qiradap,قِرَدَة,3,3,3
qisomap,قِسْمَة,3,3,3
qubul,قُبُل,3,3,3
qurobaAn,قُرْبَان,3,3,3
qur~ap,قُرَّة,3,3,3
raA^d~,رَا^دّ,3,3,2
raAga,رَاغَ,3,3,2
raAgib,رَاغِب,3,3,3
raHol,رَحْل,3,3,1
rab~a`niy~in,رَبَّٰنِيِّن,3,3,2
ragad,رَغَد,3,3,2
rahoT,رَهْط,3,3,2
rajoE,رَجْع,3,3,2
ri}aA^',رِئَا^ء,3,3,3
ruhoba`n,رُهْبَٰن,3,3,2
r~a$iyd,رَّشِيد,3,3,1
r~abaTo,رَّبَطْ,3,3,3
r~awoH,رَّوْح,3,2,2
r~um~aAn,رُّمَّان,3,3,2
saAfil,سَافِل,3,3,3
saHar,سَحَر,3,3,3
saHaru,سَحَرُ,3,3,2
sakan,سَكَن,3,3,3
samiyn,سَمِين,3,3,2
samuwm,سَمُوم,3,3,3
sara`biyl,سَرَٰبِيل,3,2,2
sar~iHu,سَرِّحُ,3,3,2
say~aArap,سَيَّارَة,3,3,2
say~id,سَيِّد,3,3,3
sij~iyl,سِجِّيل,3,3,3
silosilap,سِلْسِلَة,3,3,3
suka`raY`,سُكَٰرَىٰ,3,2,2
sundus,سُندُس,3,3,3
suqiTa,سُقِطَ,3,3,3
s~aAmiriY~,سَّامِرِىّ,3,3,1
s~aAriq,سَّارِق,3,3,2
s~alowaY`,سَّلْوَىٰ,3,3,3
s~uHot,سُّحْت,3,3,1
s~udus,سُّدُس,3,2,1
ta>ax~ara,تَأَخَّرَ,3,3,3
taAbiE,تَابِع,3,2,2
taArik,تَارِك,3,3,2
taDar~uE,تَضَرُّع,3,3,2
taHowiyl,تَحْوِيل,3,3,2
taloqafu,تَلْقَفُ,3,3,3
taman~aY`^,تَمَنَّىٰ^,3,3,3
tamiyda,تَمِيدَ,3,3,3
tanfu*u,تَنفُذُ,3,1,1
tanta$iru,تَنتَشِرُ,3,3,3
tasoliym,تَسْلِيم,3,3,2
tayam~amu,تَيَمَّمُ,3,3,3
tiloqaA^',تِلْقَا^ء,3,3,3
tuHad~ivu,تُحَدِّثُ,3,3,3
tunkiHu,تُنكِحُ,3,3,3
tuqosiTu,تُقْسِطُ,3,3,3
turojiY,تُرْجِى,3,3,3
tusoqiTa,تُسْقِطَ,3,3,3
vul~ap,ثُلَّة,3,3,1
waAbil,وَابِل,3,2,1
waAq,وَاق,3,3,2
waArid,وَارِد,3,3,3
wah~aAb,وَهَّاب,3,3,2
wajilato,وَجِلَتْ,3,3,3
waqot,وَقْت,3,3,3
wazon,وَزْن,3,3,3
wiEaA^',وِعَا^ء,3,1,1
wuqifu,وُقِفُ,3,3,2
w~azanu,وَّزَنُ,3,3,3
xaATaba,خَاطَبَ,3,3,3
xaA^}if,خَا^ئِف,3,3,2
xaA^}iniyn,خَا^ئِنِين,3,3,3
xaArij,خَارِج,3,3,3
xaAsi},خَاسِئ,3,3,3
xaSom,خَصْم,3,3,2
xaTifa,خَطِفَ,3,3,3
xa`la`t,خَٰلَٰت,3,3,3
xaf~ato,خَفَّتْ,3,3,3
xamosap,خَمْسَة,3,3,3
xasaAr,خَسَار,3,3,3
xaw~ala,خَوَّلَ,3,3,2
xiTaAb,خِطَاب,3,3,2
xusoraAn,خُسْرَان,3,3,3
ya$~aq~aqu,يَشَّقَّقُ,3,3,3
ya>olamu,يَأْلَمُ,3,1,1
yaEoSimu,يَعْصِمُ,3,3,3
yaEodu,يَعْدُ,3,3,3
yaHotasibu,يَحْتَسِبُ,3,3,3
yaTa_#u,يَطَـ#ُ,3,3,3
ya_#uws,يَـ#ُوس,3,3,3
yad~aEu,يَدَّعُ,3,3,3
yagiyZu,يَغِيظُ,3,3,3
yajo_#aru,يَجْـ#َرُ,3,3,2
yajorima,يَجْرِمَ,3,3,2
yakofulu,يَكْفُلُ,3,3,3
yalija,يَلِجَ,3,3,3
yalo,يَلْ,3,3,2
yalomizu,يَلْمِزُ,3,3,2
yamiylu,يَمِيلُ,3,3,1
yarohabu,يَرْهَبُ,3,3,3
yarokuDu,يَرْكُضُ,3,3,2
yaroqubu,يَرْقُبُ,3,3,2
yaso_#amu,يَسْـ#َمُ,3,3,2
yasotaEofifo,يَسْتَعْفِفْ,3,3,2
yasotabodilo,يَسْتَبْدِلْ,3,3,3
yasotafiz~a,يَسْتَفِزَّ,3,3,1
yasotaxofu,يَسْتَخْفُ,3,2,2
yataDar~aEu,يَتَضَرَّعُ,3,3,3
yataEad~a,يَتَعَدَّ,3,3,3
yatabad~ali,يَتَبَدَّلِ,3,3,3
yataxaT~afa,يَتَخَطَّفَ,3,3,3
yu*ab~iHu,يُذَبِّحُ,3,3,3
yuDaA^r~a,يُضَا^رَّ,3,3,2
yuHodivu,يُحْدِثُ,3,3,3
yubodila,يُبْدِلَ,3,3,3
yubodi}u,يُبْدِئُ,3,3,3
yula`qu,يُلَٰقُ,3,3,3
yuloHidu,يُلْحِدُ,3,3,3
yumil~a,يُمِلَّ,3,1,1
yumonaY`,يُمْنَىٰ,3,3,3
yunkiru,يُنكِرُ,3,3,3
yuroDu,يُرْضُ,3,2,1
yurohiqa,يُرْهِقَ,3,3,2
yusojana,يُسْجَنَ,3,3,1
yuwzaEu,يُوزَعُ,3,3,2
zaAla,زَالَ,3,2,2
zaAn,زَان,3,2,1
zaAniyap,زَانِيَة,3,2,1
zabad,زَبَد,3,1,1
zabuwr,زَبُور,3,3,3
zafiyr,زَفِير,3,3,3
zahaqa,زَهَقَ,3,3,2
zaq~uwm,زَقُّوم,3,3,3
zulozilu,زُلْزِلُ,3,3,3
{Eotarafu,ٱعْتَرَفُ,3,3,3
{Hotamala,ٱحْتَمَلَ,3,3,3
{SoTabiro,ٱصْطَبِرْ,3,3,3
{T~ay~aro,ٱطَّيَّرْ,3,3,3
{boyaD~ato,ٱبْيَضَّتْ,3,3,2
{d~a`raka,ٱدَّٰرَكَ,3,3,3
{mosaHu,ٱمْسَحُ,3,2,2
{nfaD~u,ٱنفَضُّ,3,3,3
{rotaDaY`,ٱرْتَضَىٰ,3,3,3
{sotafotaHu,ٱسْتَفْتَحُ,3,3,3
{sotakovaro,ٱسْتَكْثَرْ,3,3,3
{sotamosaka,ٱسْتَمْسَكَ,3,3,3
{sotankafu,ٱسْتَنكَفُ,3,2,1
{sotaxaf~a,ٱسْتَخَفَّ,3,3,3
{xofiDo,ٱخْفِضْ,3,3,3
{xotalaTa,ٱخْتَلَطَ,3,3,3
$aTaT,شَطَط,2,2,2
$a`fiEiyn,شَٰفِعِين,2,2,2
$afaA,شَفَا,2,2,2
$ahiyq,شَهِيق,2,2,2
$ahowap,شَهْوَة,2,2,2
$amaA^}il,شَمَا^ئِل,2,2,2
$ana_#aAn,شَنَـ#َان,2,2,1
$aqaqo,شَقَقْ,2,2,2
$araEa,شَرَعَ,2,2,1
$ukuwr,شُكُور,2,2,2
$~iEor,شِّعْر,2,2,2
'aA*an,ءَاذَن,2,2,2
'aAniyap,ءَانِيَة,2,2,2
'aAzifap,ءَازِفَة,2,2,2
*aA^}iquwA,ذَا^ئِقُوا,2,2,1
*aluwl,ذَلُول,2,2,2
*anuwb,ذَنُوب,2,1,1
*im~ap,ذِمَّة,2,2,1
*iraAE,ذِرَاع,2,2,2
*ubaAb,ذُبَاب,2,1,1
*ul~ilato,ذُلِّلَتْ,2,2,2
*~a`kiriyn,ذَّٰكِرِين,2,2,2
<iEoraAD,إِعْرَاض,2,2,2
<ibil,إِبِل,2,2,2
<iboka`r,إِبْكَٰر,2,2,2
<idoriys,إِدْرِيس,2,2,2
<ikoraAh,إِكْرَاه,2,2,2
<ikoraAm,إِكْرَام,2,2,1
<ila`f,إِلَٰف,2,2,1
<il~,إِلّ,2,2,1
<imola`q,إِمْلَٰق,2,2,2
<iqaAm,إِقَام,2,2,2
<isoraAf,إِسْرَاف,2,2,2
<isoraAr,إِسْرَار,2,2,2
>a$ir,أَشِر,2,2,1
>a$ofaqo,أَشْفَقْ,2,2,2
>a$otaAt,أَشْتَات,2,2,2
>a*al~,أَذَلّ,2,2,2
>aDoEaf,أَضْعَف,2,2,2
>aDoga`n,أَضْغَٰن,2,2,1
>aEaAna,أَعَانَ,2,2,2
>aEojaAz,أَعْجَاز,2,2,2
>aEola`m,أَعْلَٰم,2,2,2
>aEolawon,أَعْلَوْن,2,2,2
>aEoraAf,أَعْرَاف,2,2,1
>aEoraj,أَعْرَج,2,2,2
>aHokam,أَحْكَم,2,2,2
>aSa`biE,أَصَٰبِع,2,2,2
>aSodaq,أَصْدَق,2,2,1
>aSofaAd,أَصْفَاد,2,2,2
>aSofaY`,أَصْفَىٰ,2,2,2
>aSogar,أَصْغَر,2,2,2
>aboraS,أَبْرَص,2,2,2
>adolaY`,أَدْلَىٰ,2,2,2
>af~aAk,أَفَّاك,2,2,2
>agorayo,أَغْرَيْ,2,2,2
>aha`na,أَهَٰنَ,2,2,2
>aj~ala,أَجَّلَ,2,2,2
>akomaAm,أَكْمَام,2,2,2
>akomah,أَكْمَه,2,2,2
>akomalo,أَكْمَلْ,2,2,2
>akoram,أَكْرَم,2,2,2
>akovaru,أَكْثَرُ,2,2,2
>ama`nat,أَمَٰنَت,2,2,2
>amal,أَمَل,2,2,2
>amanap,أَمَنَة,2,2,2
>amap,أَمَة,2,2,2
>anSitu,أَنصِتُ,2,2,2
>anTaqa,أَنطَقَ,2,1,1
>anf,أَنف,2,1,1
>anfaAl,أَنفَال,2,1,1
>aqal~,أَقَلّ,2,2,2
>aqoTaAr,أَقْطَار,2,2,2
>aqosaT,أَقْسَط,2,2,2
>arobaY`,أَرْبَىٰ,2,2,2
>arokasa,أَرْكَسَ,2,2,1
>asaf,أَسَف,2,2,2
>asif,أَسِف,2,2,2
>asofaAr,أَسْفَار,2,2,2
>asolafato,أَسْلَفَتْ,2,2,2
>asoraE,أَسْرَع,2,2,2
>asowa>,أَسْوَأ,2,2,2
>atoqaY,أَتْقَى,2,2,2
>ava`v,أَثَٰث,2,2,2
>avomara,أَثْمَرَ,2,2,1
>avoxan,أَثْخَن,2,2,2
>awoEaY`^,أَوْعَىٰ^,2,2,2
>awodiyap,أَوْدِيَة,2,2,2
>awofaY`2,أَوْفَىٰ2,2,2,2
>awosaT,أَوْسَط,2,2,2
>awoziEo,أَوْزِعْ,2,2,2
>aw~a`h,أَوَّٰه,2,2,2
>axoTa>o,أَخْطَأْ,2,2,2
>axobatu,أَخْبَتُ,2,2,2
>axodaAn,أَخْدَان,2,2,2
>axolaSu,أَخْلَصُ,2,2,2
>axolada,أَخْلَدَ,2,2,2
>ayoyd,أَيْيد,2,2,2
>ay~atuhaA,أَيَّتُهَا,2,2,2
>azaAga,أَزَاغَ,2,2,2
>azola`m,أَزْلَٰم,2,2,1
>uHoSiru,أُحْصِرُ,2,2,1
>uHokimato,أُحْكِمَتْ,2,2,2
>ubosilu,أُبْسِلُ,2,1,1
DaA^r~,ضَا^رّ,2,2,2
DaEufa,ضَعُفَ,2,2,2
Dayoq,ضَيْق,2,2,2
Day~iq,ضَيِّق,2,2,2
DiraAr,ضِرَار,2,2,2
Ea$arap,عَشَرَة,2,2,2
Ea*ob,عَذْب,2,2,2
EaASif,عَاصِف,2,2,2
EaAliyap,عَالِيَة,2,2,2
EaAliyn,عَالِين,2,2,2
EaAriD,عَارِض,2,1,1
EaDud,عَضُد,2,2,2
EaD~u,عَضُّ,2,2,2
EaSiy~,عَصِيّ,2,2,1
EaSof,عَصْف,2,2,2
EaZom,عَظْم,2,2,2
Eabasa,عَبَسَ,2,2,2
Eadow,عَدْو,2,2,2
Ead~,عَدّ,2,2,1
Eafow,عَفْو,2,2,2
Eajiyb,عَجِيب,2,2,2
EamFY,عَمًى,2,2,1
Eamuwn,عَمُون,2,2,2
Eam~,عَمّ,2,2,2
Eankabuwt,عَنكَبُوت,2,1,1
Eaqabap,عَقَبَة,2,2,1
EaraA^',عَرَا^ء,2,2,2
Ear~afa,عَرَّفَ,2,2,2
Easiyr,عَسِير,2,2,2
Eatiyd,عَتِيد,2,2,1
Eatiyq,عَتِيق,2,2,1
Eayiy,عَيِي,2,2,2
Ei$aA^',عِشَا^ء,2,2,2
EiSiy~,عِصِيّ,2,2,2
Eihon,عِهْن,2,2,2
EijaAf,عِجَاف,2,2,1
Eil~iy~iyn,عِلِّيِّين,2,2,1
Eitiy~,عِتِيّ,2,2,1
Eiy$ap,عِيشَة,2,2,2
Eu*or,عُذْر,2,2,2
Eudowap,عُدْوَة,2,1,1
Eumorap,عُمْرَة,2,1,1
Eurof,عُرْف,2,2,2
Eurowap,عُرْوَة,2,2,2
Eusorap,عُسْرَة,2,2,2
Eutuw~,عُتُوّ,2,2,2
Ha$or,حَشْر,2,2,2
Ha*ar,حَذَر,2,2,1
HaADirap,حَاضِرَة,2,2,2
HaA^d~a,حَا^دَّ,2,2,2
HaAmiyap,حَامِيَة,2,2,2
HaAraba,حَارَبَ,2,2,2
HaSirato,حَصِرَتْ,2,2,2
HaTab,حَطَب,2,2,2
Ha`$,حَٰش,2,2,1
Ha`fiZa`t,حَٰفِظَٰت,2,2,2
Ha`sibiyn,حَٰسِبِين,2,2,2
Hafiy~,حَفِيّ,2,2,2
Hajar,حَجَر,2,2,2
Hamiy~ap,حَمِيَّة,2,1,1
HanaAjir,حَنَاجِر,2,2,2
Har~iDi,حَرِّضِ,2,2,2
Hayov2,حَيْث2,2,2,1
HiT~ap,حِطَّة,2,2,2
HuTamap,حُطَمَة,2,2,1
Huruma`t,حُرُمَٰت,2,2,2
Hur~,حُرّ,2,1,1
Huzon,حُزْن,2,2,1
SaAluwA,صَالُوا,2,2,2
SaEiqa,صَعِقَ,2,2,2
SaY`Hib,صَىٰحِب,2,2,1
Sabiy~,صَبِيّ,2,2,1
Sadiyq,صَدِيق,2,2,2
Sad~,صَدّ,2,2,2
SafoH,صَفْح,2,2,2
Sagato,صَغَتْ,2,2,2
Sagiyrap,صَغِيرَة,2,2,2
SalaHa,صَلَحَ,2,2,2
Salabu,صَلَبُ,2,2,2
Sam~u,صَمُّ,2,1,1
Saxorap,صَخْرَة,2,2,2
Sibogap,صِبْغَة,2,1,1
SinowaAn,صِنْوَان,2,1,1
SuloH,صُلْح,2,1,1
SunoE,صُنْع,2,2,2
S~ulob,صُّلْب,2,2,2
TaAluwt,طَالُوت,2,2,1
TaAqap,طَاقَة,2,2,1
TaArid,طَارِد,2,2,2
Tahuwr,طَهُور,2,2,2
TalaEat,طَلَعَت,2,2,1
Tariy~,طَرِيّ,2,2,2
Tawiyl,طَوِيل,2,2,2
TuluwE,طُلُوع,2,2,2
TuwFY,طُوًى,2,2,2
T~aAriq,طَّارِق,2,2,1
T~ala`q,طَّلَٰق,2,2,1
T~uwfaAn,طُّوفَان,2,2,2
ZaAlimiY^,ظَالِمِى^,2,2,2
Za`hirap,ظَٰهِرَة,2,2,2
Zaliyl,ظَلِيل,2,2,2
Zaluwm,ظَلُوم,2,2,2
Zal~alo,ظَلَّلْ,2,2,2
baAqiyap,بَاقِيَة,2,2,2
baAqiyn,بَاقِين,2,2,2
baArid,بَارِد,2,2,2
baEiyr,بَعِير,2,2,1
baEudato,بَعُدَتْ,2,2,2
baSTap,بَصطَة,2,2,2
baTana,بَطَنَ,2,2,2
baTo$ap,بَطْشَة,2,2,2
ba`$iru,بَٰشِرُ,2,1,1
ba`qiya`t,بَٰقِيَٰت,2,2,2
ba`xiE,بَٰخِع,2,2,2
badiyE,بَدِيع,2,2,2
bagiy~,بَغِيّ,2,2,1
bahiyj,بَهِيج,2,2,2
banaAn,بَنَان,2,2,2
baqara`t,بَقَرَٰت,2,2,1
baraA^'ap,بَرَا^ءَة,2,2,2
bariy~ap,بَرِيَّة,2,2,1
barod,بَرْد,2,2,2
bar~a>a,بَرَّأَ,2,2,2
baxos,بَخْس,2,2,2
biDoE,بِضْع,2,2,2
biTaAnap,بِطَانَة,2,2,2
binaA^',بِنَا^ء,2,2,2
buEovira,بُعْثِرَ,2,2,2
buhita,بُهِتَ,2,2,2
bur~izati,بُرِّزَتِ,2,2,2
buwr,بُور,2,2,2
buxol,بُخْل,2,2,2
daA^}im,دَا^ئِم,2,2,2
daAfiE,دَافِع,2,2,2
da`xiluwn,دَٰخِلُون,2,2,2
dafoE,دَفْع,2,2,2
danaA,دَنَا,2,2,2
daxal,دَخَل,2,2,1
diyap,دِيَة,2,1,1
duk~ati,دُكَّتِ,2,2,2
duxaAn,دُخَان,2,2,2
d~ahor,دَّهْر,2,2,2
d~amoE,دَّمْع,2,2,2
faAliq,فَالِق,2,2,1
faE~aAl,فَعَّال,2,2,2
falak,فَلَك,2,2,2
farago,فَرَغْ,2,2,2
fataya`t,فَتَيَٰت,2,2,2
fazaE,فَزَع,2,2,2
firaAq,فِرَاق,2,2,2
firodawos,فِرْدَوْس,2,2,2
fura`daY`,فُرَٰدَىٰ,2,2,2
gaA^}iT,غَا^ئِط,2,2,2
gaAfir,غَافِر,2,2,2
gaDoba`n,غَضْبَٰن,2,2,2
gadaw`p,غَدَوٰة,2,2,2
ganimo,غَنِمْ,2,2,1
garabat,غَرَبَت,2,2,1
gas~aAq,غَسَّاق,2,2,2
gawor,غَوْر,2,2,2
gaya`bat,غَيَٰبَت,2,2,1
gi$a`wap,غِشَٰوَة,2,2,2
giTaA^',غِطَا^ء,2,2,2
giyDa,غِيضَ,2,2,2
gulof,غُلْف,2,2,2
guraAb,غُرَاب,2,1,1
guruwb,غُرُوب,2,2,2
guvaA^',غُثَا^ء,2,2,2
ha$iym,هَشِيم,2,2,2
haAdiy,هَادِي,2,2,2
haAlik,هَالِك,2,2,2
ha`*a`n,هَٰذَٰن,2,2,2
habaA^',هَبَا^ء,2,2,2
hadiy~ap,هَدِيَّة,2,2,1
hayo_#ap,هَيْـ#َة,2,2,2
hayohaAt,هَيْهَات,2,1,1
hazamu,هَزَمُ,2,2,2
jaAriyap,جَارِيَة,2,2,2
jadal,جَدَل,2,2,2
jahaAz,جَهَاز,2,2,1
jah~aza,جَهَّزَ,2,2,1
jala`l,جَلَٰل,2,2,1
jalodap,جَلْدَة,2,2,1
jal~aY`,جَلَّىٰ,2,2,2
janaHu,جَنَحُ,2,1,1
jaraAd,جَرَاد,2,2,2
jibil~ap,جِبِلَّة,2,2,2
jidaAl,جِدَال,2,2,2
jidaAr,جِدَار,2,2,1
jisom,جِسْم,2,2,2
jiviy~,جِثِيّ,2,2,1
jub~,جُبّ,2,2,1
jun~ap,جُنَّة,2,2,2
juruz,جُرُز,2,2,2
kaAhin,كَاهِن,2,2,2
kaAlu,كَالُ,2,2,2
kaAmilap,كَامِلَة,2,2,2
kaEobap,كَعْبَة,2,2,1
ka`Zimiyn,كَٰظِمِين,2,2,2
kaf~ay,كَفَّي,2,2,2
kahol,كَهْل,2,2,2
kala`lap,كَلَٰلَة,2,2,1
kar~amo,كَرَّمْ,2,2,1
kavorap,كَثْرَة,2,2,2
kavura,كَثُرَ,2,2,2
ki*~aAb,كِذَّاب,2,2,1
kibor,كِبْر,2,2,2
kiboriyaA^',كِبْرِيَا^ء,2,2,2
kisowat,كِسْوَت,2,2,2
kurosiy~,كُرْسِيّ,2,2,2
kusaAlaY`,كُسَالَىٰ,2,2,2
la*~ap,لَذَّة,2,2,2
ladaY,لَدَى,2,2,2
lamoH,لَمْح,2,2,2
lin,لِن,2,2,2
lizaAm,لِزَام,2,2,2
lum~a,لُمَّ,2,2,2
luqoma`n,لُقْمَٰن,2,2,1
l~aban,لَّبَن,2,2,2
l~aj~u,لَّجُّ,2,2,2
l~uguwb,لُّغُوب,2,2,2
ma>ojuwj,مَأْجُوج,2,2,2
maA^}idap,مَا^ئِدَة,2,2,1
maAli_#uwn,مَالِـ#ُون,2,2,2
maEaA*,مَعَاذ,2,2,1
maEaArij,مَعَارِج,2,2,2
maEa`yi$,مَعَٰيِش,2,2,2
maEoSiyat,مَعْصِيَت,2,2,1
maSofuwfap,مَصْفُوفَة,2,2,2
ma`kiriyn,مَٰكِرِين,2,2,2
madiyniyn,مَدِينِين,2,2,2
mad~,مَدّ,2,2,1
mafaAzap,مَفَازَة,2,2,2
magoluwlap,مَغْلُولَة,2,2,2
maholik,مَهْلِك,2,2,2
mah~ili,مَهِّلِ,2,2,2
majomaE,مَجْمَع,2,2,1
man$uwr,مَنشُور,2,2,2
manSuwr,مَنصُور,2,2,2
manaAzil,مَنَازِل,2,2,2
maqaAliyd,مَقَالِيد,2,2,2
maraH,مَرَح,2,2,2
maraja,مَرَجَ,2,2,2
maroEaY`,مَرْعَىٰ,2,2,2
maroHab,مَرْحَب,2,2,1
maroduwd,مَرْدُود,2,2,2
marojaAn,مَرْجَان,2,2,1
masobuwqiyn,مَسْبُوقِين,2,2,2
masokanap,مَسْكَنَة,2,2,2
masoruwr,مَسْرُور,2,2,1
mas~,مَسّ,2,2,2
mataAb,مَتَاب,2,2,2
mavuwbap,مَثُوبَة,2,2,2
mawaAxir,مَوَاخِر,2,2,2
mawa`liY,مَوَٰلِى,2,2,2
maxomaSap,مَخْمَصَة,2,2,2
mayol,مَيْل,2,2,1
mikoyaAl,مِكْيَال,2,2,1
miloH,مِلْح,2,2,2
miroSaAd,مِرْصَاد,2,2,2
miyra`v,مِيرَٰث,2,2,2
mu$orikap,مُشْرِكَة,2,2,2
mu$otarikuwn,مُشْتَرِكُون,2,2,2
mu&a*~in,مُؤَذِّن,2,2,2
muHiyTap,مُحِيطَة,2,2,2
muHoY,مُحْى,2,2,2
muHodav,مُحْدَث,2,2,2
muSayoTir,مُصَيْطِر,2,2,2
muSorix,مُصْرِخ,2,1,1
muTal~aqa`t,مُطَلَّقَٰت,2,2,1
muToma}in~,مُطْمَئِنّ,2,2,2
muZolim,مُظْلِم,2,2,2
mubotaliy,مُبْتَلِي,2,2,2
mufotaruwn,مُفْتَرُون,2,2,2
muhayomin,مُهَيْمِن,2,2,2
mula`qiy,مُلَٰقِي,2,2,2
muliym,مُلِيم,2,2,2
mulotaHad,مُلْتَحَد,2,2,2
mumaz~aq,مُمَزَّق,2,2,1
munaj~uw,مُنَجُّو,2,2,2
munqalab,مُنقَلَب,2,2,2
munzal,مُنزَل,2,2,2
muqad~as,مُقَدَّس,2,2,2
murotafaq,مُرْتَفَق,2,2,1
musaH~ariyn,مُسَحَّرِين,2,2,1
musa`fiHiyn,مُسَٰفِحِين,2,2,2
musab~iHuwn,مُسَبِّحُون,2,2,1
musolima`t,مُسْلِمَٰت,2,2,2
musotaEaAn,مُسْتَعَان,2,2,2
musotahozi'uwn,مُسْتَهْزِءُون,2,2,2
musotamiE,مُسْتَمِع,2,2,2
musotawodaE,مُسْتَوْدَع,2,2,2
musowad~,مُسْوَدّ,2,2,2
mutaSad~iqiyn,مُتَصَدِّقِين,2,2,2
mutataAbiEayon,مُتَتَابِعَيْن,2,2,2
muwsiE,مُوسِع,2,2,2
muxal~aqap,مُخَلَّقَة,2,1,1
muz~iqo,مُزِّقْ,2,2,1
m~a$okuwr,مَّشْكُور,2,2,2
m~aEoluwma`t,مَّعْلُومَٰت,2,2,2
m~aEoruw$a`t,مَّعْرُوشَٰت,2,1,1
m~aHofuwZ,مَّحْفُوظ,2,2,2
m~aHojuwr,مَّحْجُور,2,2,1
m~aHoyaA,مَّحْيَا,2,2,2
m~a`kiviyn,مَّٰكِثِين,2,2,2
m~aforuwD,مَّفْرُوض,2,2,1
m~ajomuwE,مَّجْمُوع,2,2,2
m~amoduwd,مَّمْدُود,2,2,2
m~anDuwd,مَّنضُود,2,2,2
m~anvuwr,مَّنثُور,2,2,2
m~an~aAE,مَّنَّاع,2,2,2
m~aqoDiy~,مَّقْضِيّ,2,2,1
m~ariyd,مَّرِيد,2,2,2
m~aroquwm,مَّرْقُوم,2,2,1
m~avaAniY,مَّثَانِى,2,2,2
m~aziyd,مَّزِيد,2,2,1
m~u$oriqiyn,مُّشْرِقِين,2,2,2
m~u&oSadap,مُّؤْصَدَة,2,2,2
m~uHoSiniyn,مُّحْصِنِين,2,2,2
m~uToma}in~ap,مُّطْمَئِنَّة,2,2,2
m~ufotarFY,مُّفْتَرًى,2,2,2
m~ugonuwn,مُّغْنُون,2,2,2
m~ujiyb,مُّجِيب,2,2,2
m~uqotaSid,مُّقْتَصِد,2,2,2
m~usotamir~,مُّسْتَمِرّ,2,2,1
m~utaEam~id,مُّتَعَمِّد,2,2,2
m~ut~abaEuwn,مُّتَّبَعُون,2,2,2
m~uvoqaluwn,مُّثْقَلُون,2,2,2
m~uxal~aduwn,مُّخَلَّدُون,2,2,2
naAZirap,نَاظِرَة,2,2,2
naA^}imuwn,نَا^ئِمُون,2,2,2
naAdiy,نَادِي,2,2,2
naAfaqu,نَافَقُ,2,2,2
naAfilap,نَافِلَة,2,2,2
naDorap,نَضْرَة,2,2,2
nafaqap,نَفَقَة,2,2,2
najaA,نَجَا,2,2,2
najiy~,نَجِيّ,2,2,2
nakaSa,نَكَصَ,2,2,2
naqiyr,نَقِير,2,2,1
naqoD,نَقْض,2,2,2
naqoS,نَقْص,2,2,2
nasof,نَسْف,2,2,1
nasol,نَسْل,2,2,2
nasotadoriju,نَسْتَدْرِجُ,2,2,2
nazog,نَزْغ,2,2,2
nidaA^',نِدَا^ء,2,2,2
nu$uwz,نُشُوز,2,2,1
nuSibato,نُصِبَتْ,2,2,2
nusuk,نُسُك,2,2,2
n~a*or,نَّذْر,2,2,2
n~aEomap,نَّعْمَة,2,2,2
n~adaAmap,نَّدَامَة,2,2,2
n~amol,نَّمْل,2,1,1
n~axolap,نَّخْلَة,2,2,1
n~uEaAs,نُّعَاس,2,2,2
n~uhaY`,نُّهَىٰ,2,2,1
qa`siTuwn,قَٰسِطُون,2,2,1
qabas,قَبَس,2,2,2
qabiyl,قَبِيل,2,2,2
qaboDap,قَبْضَة,2,2,2
qadimo,قَدِمْ,2,2,2
qala`^}id,قَلَٰ^ئِد,2,2,1
qasam,قَسَم,2,2,2
qasamo,قَسَمْ,2,1,1
qay~aDo,قَيَّضْ,2,2,2
qay~imap,قَيِّمَة,2,2,1
qiTaE,قِطَع,2,2,2
qiToE,قِطْع,2,2,2
qiTor,قِطْر,2,2,2
qiroTaAs,قِرْطَاس,2,2,1
qisoTaAs,قِسْطَاس,2,2,2
quTuwf,قُطُوف,2,2,2
qud~uws,قُدُّوس,2,2,2
ra>oY,رَأْى,2,2,2
ra>ofap,رَأْفَة,2,2,2
raAbiE,رَابِع,2,2,2
raEa,رَعَ,2,2,2
raEod,رَعْد,2,2,2
raHubato,رَحُبَتْ,2,2,1
raSad,رَصَد,2,2,1
ra`Ei,رَٰعِ,2,2,2
ra`Euwn,رَٰعُون,2,2,2
rabowap,رَبْوَة,2,2,2
rab~aya,رَبَّيَ,2,2,2
rad~,رَدّ,2,2,2
rafav,رَفَث,2,2,1
rahaq,رَهَق,2,2,1
ramiym,رَمِيم,2,2,2
rat~alo,رَتَّلْ,2,2,2
ruba`E,رُبَٰع,2,2,2
rufa`t,رُفَٰت,2,2,1
rukon,رُكْن,2,2,2
r~a$aAd,رَّشَاد,2,2,1
r~aDaAEap,رَّضَاعَة,2,2,2
r~a`sixuwn,رَّٰسِخُون,2,2,2
r~as~,رَّسّ,2,2,2
r~ayoHaAn,رَّيْحَان,2,2,2
r~ubuE,رُّبُع,2,1,1
saA^}ig,سَا^ئِغ,2,2,2
saAdis,سَادِس,2,2,2
saAhuwn,سَاهُون,2,2,2
saba<,سَبَإ,2,2,2
saboH,سَبْح,2,2,2
sadiyd,سَدِيد,2,2,2
safaAhap,سَفَاهَة,2,2,1
sakorap,سَكْرَة,2,2,2
saliym,سَلِيم,2,2,2
sal~aTa,سَلَّطَ,2,2,2
samiy~,سَمِيّ,2,2,1
saqiym,سَقِيم,2,2,1
saraAH,سَرَاح,2,2,1
saraAb,سَرَاب,2,2,2
saromad,سَرْمَد,2,2,1
sawo'ap,سَوْءَة,2,1,1
saxiTa,سَخِطَ,2,2,2
sayol,سَيْل,2,2,2
sayor,سَيْر,2,2,2
sidor,سِدْر,2,2,2
sidorap,سِدْرَة,2,2,1
sij~iyn,سِجِّين,2,2,1
siqaAyap,سِقَايَة,2,2,2
siraAE,سِرَاع,2,2,2
sixoriy~,سِخْرِيّ,2,2,2
suEur,سُعُر,2,2,1
subaAt,سُبَات,2,2,2
sula`lap,سُلَٰلَة,2,2,2
sul~am,سُلَّم,2,2,2
sunbula`t,سُنبُلَٰت,2,2,1
sunbulap,سُنبُلَة,2,1,1
s~alom,سَّلْم,2,2,2
s~ar~aA^',سَّرَّا^ء,2,2,2
s~in~,سِّنّ,2,1,1
ta>a*~ana,تَأَذَّنَ,2,2,2
ta>oviym,تَأْثِيم,2,2,2
taArap,تَارَة,2,2,2
taEaAwanu,تَعَاوَنُ,2,1,1
taEoDulu,تَعْضُلُ,2,2,2
taSoTalu,تَصْطَلُ,2,2,2
taSodiyq,تَصْدِيق,2,2,2
taSoriyf,تَصْرِيف,2,2,2
taTaw~aEa,تَطَوَّعَ,2,2,1
taZa`haru,تَظَٰهَرُ,2,2,2
tabaE,تَبَع,2,2,2
tabar~u,تَبَرُّ,2,2,2
tabota}iso,تَبْتَئِسْ,2,2,2
tab~a,تَبَّ,2,1,1
tab~aro,تَبَّرْ,2,2,2
tadomiyr,تَدْمِير,2,2,2
tafiyDu,تَفِيضُ,2,2,2
tafoDiyl,تَفْضِيل,2,2,1
tafojiyr,تَفْجِير,2,2,2
tafoqidu,تَفْقِدُ,2,2,1
tagoluw,تَغْلُو,2,2,2
tajal~aY`,تَجَلَّىٰ,2,2,2
tamuwru,تَمُورُ,2,2,2
tanoharo,تَنْهَرْ,2,2,2
taqad~ama,تَقَدَّمَ,2,2,2
taqaw~ala,تَقَوَّلَ,2,2,2
taraAD,تَرَاض,2,2,2
taraA^'ati,تَرَا^ءَتِ,2,2,2
tara`Da,تَرَٰضَ,2,2,2
tarojufu,تَرْجُفُ,2,2,2
tarokanu,تَرْكَنُ,2,2,2
tarotiyl,تَرْتِيل,2,2,2
tasobiyH,تَسْبِيح,2,2,2
tatobiyr,تَتْبِير,2,2,2
tavobiyt,تَثْبِيت,2,2,2
tawaArato,تَوَارَتْ,2,2,2
tawofiyq,تَوْفِيق,2,2,2
tayas~ara,تَيَسَّرَ,2,1,1
tazoraEu,تَزْرَعُ,2,2,2
tilokum,تِلْكُم,2,2,1
tisoEap,تِسْعَة,2,2,2
tuSa`Hibo,تُصَٰحِبْ,2,2,2
tubori}u,تُبْرِئُ,2,2,2
tub~aE,تُبَّع,2,2,2
t~aAbuwt,تَّابُوت,2,2,2
t~akaAvur,تَّكَاثُر,2,2,2
t~amaAviyl,تَّمَاثِيل,2,2,2
t~an~uwr,تَّنُّور,2,2,2
vaAbit,ثَابِت,2,2,1
vaAliv,ثَالِث,2,2,2
vaAniY,ثَانِى,2,2,2
vaAqib,ثَاقِب,2,2,2
vuEobaAn,ثُعْبَان,2,2,2
vula`v,ثُلَٰث,2,2,2
waASib,وَاصِب,2,2,2
waAqiEap,وَاقِعَة,2,2,2
waTar,وَطَر,2,1,1
wa`lidap,وَٰلِدَة,2,2,2
wadoq,وَدْق,2,2,2
waduwd,وَدُود,2,2,2
wahon,وَهْن,2,1,1
wajiyh,وَجِيه,2,2,2
waj~aho,وَجَّهْ,2,2,2
wala`yat,وَلَٰيَت,2,2,2
warada,وَرَدَ,2,2,2
waraq,وَرَق,2,2,2
wasiylap,وَسِيلَة,2,2,2
wavaAq,وَثَاق,2,2,2
wayoka>an~,وَيْكَأَنّ,2,1,1
waziyr,وَزِير,2,2,2
wirod,وِرْد,2,2,2
wuk~ila,وُكِّلَ,2,2,2
wuvoqaY`,وُثْقَىٰ,2,2,2
xa$aEati,خَشَعَتِ,2,2,2
xaATi}ap,خَاطِئَة,2,2,2
xaA^}inap,خَا^ئِنَة,2,2,2
xaAl,خَال,2,2,2
xaAliS,خَالِص,2,2,2
xaTa_#,خَطَـ#,2,1,1
xaTiy^_#a`t,خَطِي^ـ#َٰت,2,2,2
xa`midiyn,خَٰمِدِين,2,2,2
xa`misap,خَٰمِسَة,2,2,1
xabaAl,خَبَال,2,2,2
xabar,خَبَر,2,2,2
xabiyva`t,خَبِيثَٰت,2,1,1
xafiY~,خَفِىّ,2,2,2
xafiyf,خَفِيف,2,2,2
xal~a`q,خَلَّٰق,2,2,2
xamosiyn,خَمْسِين,2,2,2
xarodal,خَرْدَل,2,2,2
xaroj,خَرْج,2,2,2
xawaAlif,خَوَالِف,2,2,1
xawoD,خَوْض,2,2,2
xaw~aAn,خَوَّان,2,2,2
xayoT,خَيْط,2,1,1
xiyaAnap,خِيَانَة,2,2,1
xiyarap,خِيَرَة,2,2,2
xubor,خُبْر,2,2,1
xufoyap,خُفْيَة,2,2,2
xuluq,خُلُق,2,2,2
xusor,خُسْر,2,2,2
xuwaAr,خُوَار,2,2,2
ya$ofi,يَشْفِ,2,2,2
ya>ojuwj,يَأْجُوج,2,2,2
ya>otamiru,يَأْتَمِرُ,2,2,2
yaAbisa`t,يَابِسَٰت,2,2,1
yaEoSiru,يَعْصِرُ,2,2,1
yaEori$u,يَعْرِشُ,2,2,2
yaEozubu,يَعْزُبُ,2,2,2
yaHobisu,يَحْبِسُ,2,2,2
yaHuD~u,يَحُضُّ,2,2,2
yaSumo,يَصُمْ,2,2,1
yaTomivo,يَطْمِثْ,2,2,1
yaT~aw~afa,يَطَّوَّفَ,2,2,2
yabuwru,يَبُورُ,2,2,1
yaduE~u,يَدُعُّ,2,2,2
yafojura,يَفْجُرَ,2,2,2
yafosaHi,يَفْسَحِ,2,1,1
yahiyju,يَهِيجُ,2,2,2
yaloHaqu,يَلْحَقُ,2,2,2
yalohavo,يَلْهَثْ,2,1,1
yalotafito,يَلْتَفِتْ,2,2,2
yamiyza,يَمِيزَ,2,2,2
yamoHaqu,يَمْحَقُ,2,2,2
yanbuwE,يَنبُوع,2,2,2
yansaxu,يَنسَخُ,2,2,2
yansilu,يَنسِلُ,2,2,2
yaqonuto,يَقْنُتْ,2,2,2
yasobaHu,يَسْبَحُ,2,2,2
yasofiku,يَسْفِكُ,2,2,1
yasub~u,يَسُبُّ,2,1,1
yataEaArafu,يَتَعَارَفُ,2,2,2
yataEal~amu,يَتَعَلَّمُ,2,1,1
yatakab~aru,يَتَكَبَّرُ,2,2,1
yatamaA^s~a,يَتَمَا^سَّ,2,2,1
yataraq~abu,يَتَرَقَّبُ,2,2,1
yataxa`fatu,يَتَخَٰفَتُ,2,2,2
yataxay~aru,يَتَخَيَّرُ,2,2,2
yaxoSifa,يَخْصِفَ,2,2,2
yaxodaEu,يَخْدَعُ,2,2,2
yaxoludo,يَخْلُدْ,2,2,2
yaxotaAnu,يَخْتَانُ,2,2,2
yaxotaS~u,يَخْتَصُّ,2,2,2
yazonu,يَزْنُ,2,2,2
yu$oEiru,يُشْعِرُ,2,2,2
yuEaZ~imo,يُعَظِّمْ,2,2,1
yuEaq~ibo,يُعَقِّبْ,2,2,2
yuHa*~iru,يُحَذِّرُ,2,2,1
yuHaA^d~u,يُحَا^دُّ,2,2,1
yuHaAwiru,يُحَاوِرُ,2,2,1
yuHak~imu,يُحَكِّمُ,2,2,2
yuHobaru,يُحْبَرُ,2,2,2
yuTaAEu,يُطَاعُ,2,2,2
yuboliYa,يُبْلِىَ,2,2,2
yudoHiDu,يُدْحِضُ,2,2,2
yudohinu,يُدْهِنُ,2,1,1
yugaAdiru,يُغَادِرُ,2,2,1
yuhay~i}o,يُهَيِّئْ,2,2,1
yuhoraEu,يُهْرَعُ,2,2,2
yumaH~iSa,يُمَحِّصَ,2,2,1
yuman~iy,يُمَنِّي,2,2,1
yunzafu,يُنزَفُ,2,2,2
yuraA^'u,يُرَا^ءُ,2,2,2
yusoHabu,يُسْحَبُ,2,2,2
yusoraY`,يُسْرَىٰ,2,2,2
yuvobitu,يُثْبِتُ,2,2,2
yuxaAlifu,يُخَالِفُ,2,2,2
yuxa`diEu,يُخَٰدِعُ,2,2,2
yuxosiru,يُخْسِرُ,2,2,2
yuzojiY,يُزْجِى,2,2,2
zaEiym,زَعِيم,2,2,2
zaEom,زَعْم,2,2,1
zajorap,زَجْرَة,2,2,2
zalalo,زَلَلْ,2,2,2
zilozaAl,زِلْزَال,2,2,2
ziyaAdap,زِيَادَة,2,2,2
zujaAjap,زُجَاجَة,2,1,1
zulofap,زُلْفَة,2,2,2
zumar,زُمَر,2,2,1
{$otamalato,ٱشْتَمَلَتْ,2,2,1
{Domumo,ٱضْمُمْ,2,2,2
{bonat,ٱبْنَت,2,2,2
{fotiraA^',ٱفْتِرَا^ء,2,2,1
{goluZo,ٱغْلُظْ,2,2,2
{jolidu,ٱجْلِدُ,2,2,1
{jotamaEu,ٱجْتَمَعُ,2,2,2
{kotaAlu,ٱكْتَالُ,2,2,2
{lotaqaTa,ٱلْتَقَطَ,2,2,2
{loyasaEa,ٱلْيَسَعَ,2,2,2
{motaHana,ٱمْتَحَنَ,2,2,2
{n$uzu,ٱنشُزُ,2,1,1
{nsalaxa,ٱنسَلَخَ,2,2,2
{ntaba*ato,ٱنتَبَذَتْ,2,2,1
{sota$ohidu,ٱسْتَشْهِدُ,2,2,2
{sotaHaq~a,ٱسْتَحَقَّ,2,1,1
{sotaHowa*a,ٱسْتَحْوَذَ,2,2,2
{sota_#ojaro,ٱسْتَـ#ْجَرْ,2,1,1
{sotago$a,ٱسْتَغْشَ,2,2,2
{sotakaAnu,ٱسْتَكَانُ,2,2,2
{sotanSara,ٱسْتَنصَرَ,2,2,2
{sotasoqaY`,ٱسْتَسْقَىٰ,2,2,2
{sotayo_#asa,ٱسْتَيْـ#َسَ,2,2,1
{sotayoqanato,ٱسْتَيْقَنَتْ,2,2,2
{sotayosara,ٱسْتَيْسَرَ,2,1,1
{sotikobaAr,ٱسْتِكْبَار,2,2,2
{sowad~ato,ٱسْوَدَّتْ,2,1,1
{t~ibaAE,ٱتِّبَاع,2,2,2
$aAkilat,شَاكِلَت,1,1,1
$aAni},شَانِئ,1,1,1
$aAriko,شَارِكْ,1,1,1
$aAwiro,شَاوِرْ,1,1,1
$aTo_#,شَطْـ#,1,1,1
$a`Ti},شَٰطِئ,1,1,1
$a`mixa`t,شَٰمِخَٰت,1,1,1
$a`xiSap,شَٰخِصَة,1,1,1
$afatayon,شَفَتَيْن,1,1,1
$agafa,شَغَفَ,1,1,1
$agalato,شَغَلَتْ,1,1,1
$ajara,شَجَرَ,1,1,1
$akol,شَكْل,1,1,1
$aq~,شَقّ,1,1,1
$arar,شَرَر,1,1,1
$ariyEap,شَرِيعَة,1,1,1
$aroqiy~,شَرْقِيّ,1,1,1
$aroqiy~ap,شَرْقِيَّة,1,1,1
$ar~ido,شَرِّدْ,1,1,1
$awob,شَوْب,1,1,1
$ayob,شَيْب,1,1,1
$ayobap,شَيْبَة,1,1,1
$iqowat,شِقْوَت,1,1,1
$iq~,شِقّ,1,1,1
$iro*imap,شِرْذِمَة,1,1,1
$iroEap,شِرْعَة,1,1,1
$iyap,شِيَة,1,1,1
$iyb,شِيب,1,1,1
$uEab,شُعَب,1,1,1
$uEuwb,شُعُوب,1,1,1
$uHuwm,شُحُوم,1,1,1
$ub~iha,شُبِّهَ,1,1,1
$ugul,شُغُل,1,1,1
$uhub,شُهُب,1,1,1
$ukor,شُكْر,1,1,1
$urob,شُرْب,1,1,1
$ur~aE,شُرَّع,1,1,1
$uwaAZ,شُوَاظ,1,1,1
$uwraY`,شُورَىٰ,1,1,1
$~afaq,شَّفَق,1,1,1
$~afoE,شَّفْع,1,1,1
$~awaY`,شَّوَىٰ,1,1,1
$~awokap,شَّوْكَة,1,1,1
$~iEoraY`,شِّعْرَىٰ,1,1,1
$~itaA^',شِّتَا^ء,1,1,1
$~uq~ap,شُّقَّة,1,1,1
'aAfiliyn,ءَافِلِين,1,1,1
'aAminap,ءَامِنَة,1,1,1
'aAmiruwn,ءَامِرُون,1,1,1
'aAn,ءَان,1,1,1
'aAnif,ءَانِف,1,1,1
'aAsafu,ءَاسَفُ,1,1,1
'aAsin,ءَاسِن,1,1,1
*aAhib,ذَاهِب,1,1,1
*a`nik,ذَٰنِك,1,1,1
*ahaAb,ذَهَاب,1,1,1
*ak~ayo,ذَكَّيْ,1,1,1
*arow,ذَرْو,1,1,1
*iboH,ذِبْح,1,1,1
*ulul,ذُلُل,1,1,1
*~a`kira`t,ذَّٰكِرَٰت,1,1,1
*~a`riya`t,ذَّٰرِيَٰت,1,1,1
<i$oraAq,إِشْرَاق,1,1,1
<iEoSaAr,إِعْصَار,1,1,1
<iSobaAH,إِصْبَاح,1,1,1
<iY,إِى,1,1,1
<idoba`r,إِدْبَٰر,1,1,1
<id~,إِدّ,1,1,1
<ijoraAm,إِجْرَام,1,1,1
<iloHaAd,إِلْحَاد,1,1,1
<iloHaAf,إِلْحَاف,1,1,1
<il~am,إِلَّم,1,1,1
<imor,إِمْر,1,1,1
<imosaAk,إِمْسَاك,1,1,1
<in$aA^',إِنشَا^ء,1,1,1
<inaY`,إِنَىٰ,1,1,1
<infaAq,إِنفَاق,1,1,1
<insiy~,إِنسِيّ,1,1,1
<iqaAmat,إِقَامَت,1,1,1
<iram,إِرَم,1,1,1
<iroSaAd,إِرْصَاد,1,1,1
<irobap,إِرْبَة,1,1,1
<iyaAb,إِيَاب,1,1,1
<iyn,إِين,1,1,1
>a$aArato,أَشَارَتْ,1,1,1
>a$aq~,أَشَقّ,1,1,1
>a$okuwA@,أَشْكُوا@,1,1,1
>a$oraAT,أَشْرَاط,1,1,1
>a$oraqati,أَشْرَقَتِ,1,1,1
>a*aAEu,أَذَاعُ,1,1,1
>a*a`n,أَذَٰن,1,1,1
>aDoHaka,أَضْحَكَ,1,1,1
>aEiyba,أَعِيبَ,1,1,1
>aEojala,أَعْجَلَ,1,1,1
>aEojamiyn,أَعْجَمِين,1,1,1
>aEonata,أَعْنَتَ,1,1,1
>aEoqaba,أَعْقَبَ,1,1,1
>aEovaro,أَعْثَرْ,1,1,1
>aHib~a`^&,أَحِبَّٰ^ؤ,1,1,1
>aHoSaY`2,أَحْصَىٰ2,1,1,1
>aHomaAl,أَحْمَال,1,1,1
>aHomad,أَحْمَد,1,1,1
>aHoqaAb,أَحْقَاب,1,1,1
>aHoqaAf,أَحْقَاف,1,1,1
>aHoraS,أَحْرَص,1,1,1
>aHotanika,أَحْتَنِكَ,1,1,1
>aHowaY`,أَحْوَىٰ,1,1,1
>aSam~a,أَصَمَّ,1,1,1
>aSobu,أَصْبُ,1,1,1
>aSowaAf,أَصْوَاف,1,1,1
>aTogaY`,أَطْغَىٰ,1,1,1
>aTogayo,أَطْغَيْ,1,1,1
>aTowaAr,أَطْوَار,1,1,1
>aZofara,أَظْفَرَ,1,1,1
>aZolama,أَظْلَمَ,1,1,1
>abaAbiyl,أَبَابِيل,1,1,1
>abaAriyq,أَبَارِيق,1,1,1
>abaqa,أَبَقَ,1,1,1
>abo$iru,أَبْشِرُ,1,1,1
>abokaY`,أَبْكَىٰ,1,1,1
>aboramu,أَبْرَمُ,1,1,1
>abotar,أَبْتَر,1,1,1
>ab~,أَبّ,1,1,1
>adaA^',أَدَا^ء,1,1,1
>adohaY`,أَدْهَىٰ,1,1,1
>afaAqa,أَفَاقَ,1,1,1
>afoDaY`,أَفْضَىٰ,1,1,1
>afoSaH,أَفْصَح,1,1,1
>afonaAn,أَفْنَان,1,1,1
>agoTa$a,أَغْطَشَ,1,1,1
>agofalo,أَغْفَلْ,1,1,1
>aham~ato,أَهَمَّتْ,1,1,1
>ahil~ap,أَهِلَّة,1,1,1
>ahowan,أَهْوَن,1,1,1
>ahu$~u,أَهُشُّ,1,1,1
>ajin~ap,أَجِنَّة,1,1,1
>ajodar,أَجْدَر,1,1,1
>ajol,أَجْل,1,1,1
>ajolibo,أَجْلِبْ,1,1,1
>akobaro,أَكْبَرْ,1,1,1
>akodaY`^,أَكْدَىٰ^,1,1,1
>akofara,أَكْفَرَ,1,1,1
>akofilo,أَكْفِلْ,1,1,1
>akona`n,أَكْنَٰن,1,1,1
>ak~a`luwn,أَكَّٰلُون,1,1,1
>ala,أَلَ,1,1,1
>alad~,أَلَدّ,1,1,1
>alato,أَلَتْ,1,1,1
>alofaAf,أَلْفَاف,1,1,1
>alohama,أَلْهَمَ,1,1,1
>aloqa`b,أَلْقَٰب,1,1,1
>amaAm,أَمَام,1,1,1
>amar~,أَمَرّ,1,1,1
>amo$aAj,أَمْشَاج,1,1,1
>amoEaA^',أَمْعَا^ء,1,1,1
>amohilo,أَمْهِلْ,1,1,1
>amokana,أَمْكَنَ,1,1,1
>amot,أَمْت,1,1,1
>amoval,أَمْثَل,1,1,1
>am~aArap,أَمَّارَة,1,1,1
>anaAm,أَنَام,1,1,1
>anaAmil,أَنَامِل,1,1,1
>ankaAl,أَنكَال,1,1,1
>anka`v,أَنكَٰث,1,1,1
>ankar,أَنكَر,1,1,1
>anqaDa,أَنقَضَ,1,1,1
>aqaAwiyl,أَقَاوِيل,1,1,1
>aqal~ato,أَقَلَّتْ,1,1,1
>aqobara,أَقْبَرَ,1,1,1
>aqodamuwn,أَقْدَمُون,1,1,1
>aqofaAl,أَقْفَال,1,1,1
>aqoliEi,أَقْلِعِ,1,1,1
>aqonaY`,أَقْنَىٰ,1,1,1
>aqowa`t,أَقْوَٰت,1,1,1
>arojaA^},أَرْجَا^ئ,1,1,1
>arosaY`,أَرْسَىٰ,1,1,1
>asalo,أَسَلْ,1,1,1
>asobaga,أَسْبَغَ,1,1,1
>asofara,أَسْفَرَ,1,1,1
>asor,أَسْر,1,1,1
>asotaxoliSo,أَسْتَخْلِصْ,1,1,1
>asowad,أَسْوَد,1,1,1
>asoxaTa,أَسْخَطَ,1,1,1
>atawak~a&uA@,أَتَوَكَّؤُا@,1,1,1
>atoqana,أَتْقَنَ,1,1,1
>avaAm,أَثَام,1,1,1
>ava`rap,أَثَٰرَة,1,1,1
>avol,أَثْل,1,1,1
>avoqalat,أَثْقَلَت,1,1,1
>awoDaEu,أَوْضَعُ,1,1,1
>awobaAr,أَوْبَار,1,1,1
>awohan,أَوْهَن,1,1,1
>awojafo,أَوْجَفْ,1,1,1
>awolaya`n,أَوْلَيَٰن,1,1,1
>aworada,أَوْرَدَ,1,1,1
>aw~ibi,أَوِّبِ,1,1,1
>axoDar,أَخْضَر,1,1,1
>axofaY,أَخْفَى,1,1,1
>axozaY`,أَخْزَىٰ,1,1,1
>aya`maY`,أَيَٰمَىٰ,1,1,1
>ayoqaAZ,أَيْقَاظ,1,1,1
>azal~a,أَزَلَّ,1,1,1
>azifati,أَزِفَتِ,1,1,1
>azor,أَزْر,1,1,1
>az~,أَزّ,1,1,1
>u$oribu,أُشْرِبُ,1,1,1
>uEiy*u,أُعِيذُ,1,1,1
>ufaw~iDu,أُفَوِّضُ,1,1,1
>uq~itato,أُقِّتَتْ,1,1,1
>uxoduwd,أُخْدُود,1,1,1
A^m~iyn,ا^مِّين,1,1,1
A^zar,ا^زَر,1,1,1
A^zara,ا^زَرَ,1,1,1
DaAHik,ضَاحِك,1,1,1
DaAHikap,ضَاحِكَة,1,1,1
DaA^}iq,ضَا^ئِق,1,1,1
DaAmir,ضَامِر,1,1,1
DaboH,ضَبْح,1,1,1
Daniyn,ضَنِين,1,1,1
Dank,ضَنك,1,1,1
DariyE,ضَرِيع,1,1,1
Dayor,ضَيْر,1,1,1
DiEa`f,ضِعَٰف,1,1,1
Did~,ضِدّ,1,1,1
DiyzaY`^,ضِيزَىٰ^,1,1,1
D~a>on,ضَّأْن,1,1,1
D~afaAdiE,ضَّفَادِع,1,1,1
D~arar,ضَّرَر,1,1,1
Ea$iyr,عَشِير,1,1,1
Ea$iy~ap,عَشِيَّة,1,1,1
EaA$iru,عَاشِرُ,1,1,1
EaASifap,عَاصِفَة,1,1,1
EaA^d~iyn,عَا^دِّين,1,1,1
EaA^}iduwn,عَا^ئِدُون,1,1,1
EaA^}il,عَا^ئِل,1,1,1
EaAbiriY,عَابِرِى,1,1,1
EaAdayo,عَادَيْ,1,1,1
EaAfiyn,عَافِين,1,1,1
EaAl,عَال,1,1,1
EaAmilap,عَامِلَة,1,1,1
EaAtiyap,عَاتِيَة,1,1,1
EaSiyb,عَصِيب,1,1,1
EaSof2,عَصْف2,1,1,1
EaSor,عَصْر,1,1,1
Ea`Sifa`t,عَٰصِفَٰت,1,1,1
Ea`bida`t,عَٰبِدَٰت,1,1,1
Ea`diya`t,عَٰدِيَٰت,1,1,1
Eabav,عَبَث,1,1,1
EaboqariY~,عَبْقَرِىّ,1,1,1
Eabuws,عَبُوس,1,1,1
Eab~ad,عَبَّد,1,1,1
Eadas,عَدَس,1,1,1
Ead~ada,عَدَّدَ,1,1,1
Eajal,عَجَل,1,1,1
Eajazo,عَجَزْ,1,1,1
Eajuwl,عَجُول,1,1,1
Eala`ma`t,عَلَٰمَٰت,1,1,1
Ealaq,عَلَق,1,1,1
Eamiyq,عَمِيق,1,1,1
Eamor,عَمْر,1,1,1
Eanat,عَنَت,1,1,1
Eanati,عَنَتِ,1,1,1
Eaqadato,عَقَدَتْ,1,1,1
Eaq~ad,عَقَّد,1,1,1
Earafa`t,عَرَفَٰت,1,1,1
Earim,عَرِم,1,1,1
EariyD,عَرِيض,1,1,1
Ear~aDo,عَرَّضْ,1,1,1
Easal,عَسَل,1,1,1
Easir,عَسِر,1,1,1
EasoEasa,عَسْعَسَ,1,1,1
EawaAn,عَوَان,1,1,1
Eayolap,عَيْلَة,1,1,1
Eazalo,عَزَلْ,1,1,1
Eaz~a,عَزَّ,1,1,1
Eaz~azo,عَزَّزْ,1,1,1
Ei$aAr,عِشَار,1,1,1
Ei$oruwn,عِشْرُون,1,1,1
EiDiyn,عِضِين,1,1,1
EiSam,عِصَم,1,1,1
EiSoyaAn,عِصْيَان,1,1,1
EiTof,عِطْف,1,1,1
Eiforiyt,عِفْرِيت,1,1,1
EimaAd,عِمَاد,1,1,1
EimaArap,عِمَارَة,1,1,1
Eiyd,عِيد,1,1,1
Eiziyn,عِزِين,1,1,1
Eiz~,عِزّ,1,1,1
EuT~ilato,عُطِّلَتْ,1,1,1
Eud~ap,عُدَّة,1,1,1
EujaAb,عُجَاب,1,1,1
Eum~iyato,عُمِّيَتْ,1,1,1
Euqob,عُقْب,1,1,1
Euquwd,عُقُود,1,1,1
EuroDap,عُرْضَة,1,1,1
Eurojuwn,عُرْجُون,1,1,1
Eurub,عُرُب,1,1,1
EusoraY`,عُسْرَىٰ,1,1,1
Eutul~,عُتُلّ,1,1,1
Euvira,عُثِرَ,1,1,1
Euzayor,عُزَيْر,1,1,1
HaADir,حَاضِر,1,1,1
HaADiriY,حَاضِرِى,1,1,1
HaA^f~iyn,حَا^فِّين,1,1,1
HaA^j~,حَا^جّ,1,1,1
HaAfirap,حَافِرَة,1,1,1
HaAjiz,حَاجِز,1,1,1
HaAm,حَام,1,1,1
HaAsid,حَاسِد,1,1,1
HaSaAd,حَصَاد,1,1,1
HaSab,حَصَب,1,1,1
HaSad,حَصَد,1,1,1
HaSiyr,حَصِير,1,1,1
HaSoHaSa,حَصْحَصَ,1,1,1
HaSuwr,حَصُور,1,1,1
Ha`*iruwn,حَٰذِرُون,1,1,1
Ha`jiziyn,حَٰجِزِين,1,1,1
Ha`miduwn,حَٰمِدُون,1,1,1
Ha`mila`t,حَٰمِلَٰت,1,1,1
Ha`miliyn,حَٰمِلِين,1,1,1
Hab~aba,حَبَّبَ,1,1,1
Hadab,حَدَب,1,1,1
Hafadap,حَفَدَة,1,1,1
Hafafo,حَفَفْ,1,1,1
Haj~a,حَجَّ,1,1,1
Hala`^}il,حَلَٰ^ئِل,1,1,1
Hal~aAf,حَلَّاف,1,1,1
Hami}ap,حَمِئَة,1,1,1
Hamuwlap,حَمُولَة,1,1,1
Ham~aAlap,حَمَّالَة,1,1,1
HanaAn,حَنَان,1,1,1
Haniy*,حَنِيذ,1,1,1
Haqiyq,حَقِيق,1,1,1
HaraD,حَرَض,1,1,1
Haras,حَرَس,1,1,1
HariyS,حَرِيص,1,1,1
Harod,حَرْد,1,1,1
Harof,حَرْف,1,1,1
Haruwr,حَرُور,1,1,1
Hasad,حَسَد,1,1,1
Hasiyr,حَسِير,1,1,1
Hasiys,حَسِيس,1,1,1
Hasorat,حَسْرَت,1,1,1
HasorataY`,حَسْرَتَىٰ,1,1,1
Hatom,حَتْم,1,1,1
Haviyv,حَثِيث,1,1,1
HawaAyaA^,حَوَايَا^,1,1,1
HayawaAn,حَيَوَان,1,1,1
HayoraAn,حَيْرَان,1,1,1
Hay~ap,حَيَّة,1,1,1
HidaAd,حِدَاد,1,1,1
Hijaj,حِجَج,1,1,1
Hij~,حِجّ,1,1,1
Hinv,حِنث,1,1,1
Hiwal,حِوَل,1,1,1
Hiylap,حِيلَة,1,1,1
HuSuwn,حُصُون,1,1,1
HuS~ila,حُصِّلَ,1,1,1
Hubuk,حُبُك,1,1,1
Huforap,حُفْرَة,1,1,1
Hujura`t,حُجُرَٰت,1,1,1
Hujuwr,حُجُور,1,1,1
Huk~aAm,حُكَّام,1,1,1
Huliy~,حُلِيّ,1,1,1
Huloquwm,حُلْقُوم,1,1,1
Humor,حُمْر,1,1,1
Hunayon,حُنَيْن,1,1,1
Huqub,حُقُب,1,1,1
Husonayayon,حُسْنَيَيْن,1,1,1
Husuwm,حُسُوم,1,1,1
Huwb,حُوب,1,1,1
SaAbirap,صَابِرَة,1,1,1
SaAbiru,صَابِرُ,1,1,1
SaAl,صَال,1,1,1
SaEad,صَعَد,1,1,1
SaEiq,صَعِق,1,1,1
SaEuwd,صَعُود,1,1,1
Sa`mituwn,صَٰمِتُون,1,1,1
Sa`rimiyn,صَٰرِمِين,1,1,1
SabaAH,صَبَاح,1,1,1
Sab~,صَبّ,1,1,1
Sab~aHa,صَبَّحَ,1,1,1
Sadiyd,صَدِيد,1,1,1
Saduqa`t,صَدُقَٰت,1,1,1
SafoSaf,صَفْصَف,1,1,1
SaforaA^',صَفْرَا^ء,1,1,1
SafowaAn,صَفْوَان,1,1,1
SagaAr,صَغَار,1,1,1
Sak~ato,صَكَّتْ,1,1,1
Salod,صَلْد,1,1,1
Sal~u,صَلُّ,1,1,1
SanoEap,صَنْعَة,1,1,1
Sariyx,صَرِيخ,1,1,1
SaroEaY`,صَرْعَىٰ,1,1,1
Sarof,صَرْف,1,1,1
Sar~ap,صَرَّة,1,1,1
SawaA^f~,صَوَا^فّ,1,1,1
SawaAb,صَوَاب,1,1,1
Sawa`miE,صَوَٰمِع,1,1,1
Sawom,صَوْم,1,1,1
SayaASiy,صَيَاصِي,1,1,1
Say~ib,صَيِّب,1,1,1
SiHaAf,صِحَاف,1,1,1
Sibog,صِبْغ,1,1,1
Sid~iyqap,صِدِّيقَة,1,1,1
Sihor,صِهْر,1,1,1
Siliy~,صِلِيّ,1,1,1
Sir~,صِرّ,1,1,1
Suduwd,صُدُود,1,1,1
Sud~u,صُدُّ,1,1,1
Sufor,صُفْر,1,1,1
Suro,صُرْ,1,1,1
SuwaAE,صُوَاع,1,1,1
S~aA^f~uwn,صَّا^فُّون,1,1,1
S~aA^x~ap,صَّا^خَّة,1,1,1
S~a`^}ima`t,صَّٰ^ئِمَٰت,1,1,1
S~a`^}imiyn,صَّٰ^ئِمِين,1,1,1
S~a`bira`t,صَّٰبِرَٰت,1,1,1
S~a`diqa`t,صَّٰدِقَٰت,1,1,1
S~a`fina`t,صَّٰفِنَٰت,1,1,1
S~adafayon,صَّدَفَيْن,1,1,1
S~adoE,صَّدْع,1,1,1
S~afaA,صَّفَا,1,1,1
S~amad,صَّمَد,1,1,1
S~ariym,صَّرِيم,1,1,1
S~axor,صَّخْر,1,1,1
S~ayof,صَّيْف,1,1,1
TaAEim,طَاعِم,1,1,1
TaA^}iEiyn,طَا^ئِعِين,1,1,1
TaEanu,طَعَنُ,1,1,1
TaEom,طَعْم,1,1,1
TaEon,طَعْن,1,1,1
TaHaY`,طَحَىٰ,1,1,1
TaY~,طَىّ,1,1,1
TagowaY`,طَغْوَىٰ,1,1,1
Talab,طَلَب,1,1,1
TaloH,طَلْح,1,1,1
Tal~,طَلّ,1,1,1
Taw~aEato,طَوَّعَتْ,1,1,1
Taw~a`fuwn,طَوَّٰفُون,1,1,1
TuwbaY`,طُوبَىٰ,1,1,1
Tuwl,طُول,1,1,1
T~aA^m~ap,طَّا^مَّة,1,1,1
T~aAgiyap,طَّاغِيَة,1,1,1
T~aAlib,طَّالِب,1,1,1
T~awod,طَّوْد,1,1,1
ZaEon,ظَعْن,1,1,1
Zama>,ظَمَأ,1,1,1
Zihoriy~,ظِهْرِيّ,1,1,1
Zufur,ظُفُر,1,1,1
Z~aA^n~iyn,ظَّا^نِّين,1,1,1
Z~ahiyrap,ظَّهِيرَة,1,1,1
Z~amo_#aAn,ظَّمْـ#َان,1,1,1
baATinap,بَاطِنَة,1,1,1
baA^}is,بَا^ئِس,1,1,1
baAbil,بَابِل,1,1,1
baAd,بَاد,1,1,1
baAdiY,بَادِى,1,1,1
baAduwn,بَادُون,1,1,1
baAq,بَاق,1,1,1
baArizap,بَارِزَة,1,1,1
baAsiqa`t,بَاسِقَٰت,1,1,1
baAsirap,بَاسِرَة,1,1,1
baAzig,بَازِغ,1,1,1
baAzigap,بَازِغَة,1,1,1
baEol2,بَعْل2,1,1,1
baEuwDap,بَعُوضَة,1,1,1
baHiyrap,بَحِيرَة,1,1,1
baSal,بَصَل,1,1,1
baTala,بَطَلَ,1,1,1
baTar,بَطَر,1,1,1
baTirato,بَطِرَتْ,1,1,1
ba_#iys,بَـ#ِيس,1,1,1
ba`Eido,بَٰعِدْ,1,1,1
ba`rizuwn,بَٰرِزُون,1,1,1
badal,بَدَل,1,1,1
badan,بَدَن,1,1,1
bador,بَدْر,1,1,1
badow,بَدْو,1,1,1
bahojap,بَهْجَة,1,1,1
bak~ap,بَكَّة,1,1,1
baliyg,بَلِيغ,1,1,1
ban~aA^',بَنَّا^ء,1,1,1
baqol,بَقْل,1,1,1
baraA^',بَرَا^ء,1,1,1
barad,بَرَد,1,1,1
bariqa,بَرِقَ,1,1,1
basara,بَسَرَ,1,1,1
basoT,بَسْط,1,1,1
bas~,بَسّ,1,1,1
bav~,بَثّ,1,1,1
bawaAr,بَوَار,1,1,1
bayoD,بَيْض,1,1,1
bay~in,بَيِّن,1,1,1
bidaAr,بِدَار,1,1,1
bidoE,بِدْع,1,1,1
bigaA^',بِغَا^ء,1,1,1
bigaAl,بِغَال,1,1,1
bisaAT,بِسَاط,1,1,1
biyaE,بِيَع,1,1,1
bi}or,بِئْر,1,1,1
budon,بُدْن,1,1,1
bukiy~,بُكِيّ,1,1,1
buqoEap,بُقْعَة,1,1,1
bus~ati,بُسَّتِ,1,1,1
da>ab,دَأَب,1,1,1
daAHiDap,دَاحِضَة,1,1,1
daA^}ibayon,دَا^ئِبَيْن,1,1,1
daAfiq,دَافِق,1,1,1
daAn,دَان,1,1,1
daEo,دَعْ,1,1,1
daE~,دَعّ,1,1,1
daHaY`,دَحَىٰ,1,1,1
dak~aA^',دَكَّا^ء,1,1,1
dak~ap,دَكَّة,1,1,1
daliyl,دَلِيل,1,1,1
dalow,دَلْو,1,1,1
damodama,دَمْدَمَ,1,1,1
dara`him,دَرَٰهِم,1,1,1
darak,دَرَك,1,1,1
das~aY`,دَسَّىٰ,1,1,1
day~aAr,دَيَّار,1,1,1
difo',دِفْء,1,1,1
dihaAq,دِهَاق,1,1,1
diraAsat,دِرَاسَت,1,1,1
diynaAr,دِينَار,1,1,1
duHuwr,دُحُور,1,1,1
duluwk,دُلُوك,1,1,1
dur~iY~,دُرِّىّ,1,1,1
dusur,دُسُر,1,1,1
duwlap,دُولَة,1,1,1
d~arok,دَّرْك,1,1,1
d~awaA^}ir,دَّوَا^ئِر,1,1,1
d~ihaAn,دِّهَان,1,1,1
d~uhon,دُّهْن,1,1,1
faA,فَا,1,1,1
faAjir,فَاجِر,1,1,1
faAn,فَان,1,1,1
faAqiE,فَاقِع,1,1,1
faAqirap,فَاقِرَة,1,1,1
faAriD,فَارِض,1,1,1
faAriqu,فَارِقُ,1,1,1
faEolat,فَعْلَت,1,1,1
faSiylat,فَصِيلَت,1,1,1
faZ~,فَظّ,1,1,1
fa`Siliyn,فَٰصِلِين,1,1,1
fa`rig,فَٰرِغ,1,1,1
fa`rihiyn,فَٰرِهِين,1,1,1
fa`riqa`t,فَٰرِقَٰت,1,1,1
fa`tiHiyn,فَٰتِحِين,1,1,1
fa`tiniyn,فَٰتِنِين,1,1,1
fadayo,فَدَيْ,1,1,1
fah~amo,فَهَّمْ,1,1,1
fajowap,فَجْوَة,1,1,1
fakihiyn,فَكِهِين,1,1,1
fak~,فَكّ,1,1,1
fak~ara,فَكَّرَ,1,1,1
falaq,فَلَق,1,1,1
faqor,فَقْر,1,1,1
fara$o,فَرَشْ,1,1,1
faraA$,فَرَاش,1,1,1
fariy~,فَرِيّ,1,1,1
faro$,فَرْش,1,1,1
faroE,فَرْع,1,1,1
faroq,فَرْق,1,1,1
farov,فَرْث,1,1,1
fatFY,فَتًى,1,1,1
fataqo,فَتَقْ,1,1,1
fatayaAn,فَتَيَان,1,1,1
fatorap,فَتْرَة,1,1,1
fat~aAH,فَتَّاح,1,1,1
fawaAq,فَوَاق,1,1,1
fawor,فَوْر,1,1,1
fawot,فَوْت,1,1,1
fax~aAr,فَخَّار,1,1,1
fiEol,فِعْل,1,1,1
fiTorat,فِطْرَت,1,1,1
fidaA^',فِدَا^ء,1,1,1
firoq,فِرْق,1,1,1
firoqap,فِرْقَة,1,1,1
fiyl,فِيل,1,1,1
fi}at,فِئَت,1,1,1
fuTuwr,فُطُور,1,1,1
fujuwr,فُجُور,1,1,1
fulaAn,فُلَان,1,1,1
furijato,فُرِجَتْ,1,1,1
furuT,فُرُط,1,1,1
futuwn,فُتُون,1,1,1
fuwm,فُوم,1,1,1
fuz~iEa,فُزِّعَ,1,1,1
gaA^}iZuwn,غَا^ئِظُون,1,1,1
gaA^}ibap,غَا^ئِبَة,1,1,1
gaAr,غَار,1,1,1
gaAsiq,غَاسِق,1,1,1
gaSob,غَصْب,1,1,1
ga`fila`t,غَٰفِلَٰت,1,1,1
ga`rimiyn,غَٰرِمِين,1,1,1
gabarap,غَبَرَة,1,1,1
gadaA^',غَدَا^ء,1,1,1
gadaq,غَدَق,1,1,1
galab,غَلَب,1,1,1
galoY,غَلْى,1,1,1
gal~aqati,غَلَّقَتِ,1,1,1
gamara`t,غَمَرَٰت,1,1,1
garaAbiyb,غَرَابِيب,1,1,1
garaAm,غَرَام,1,1,1
garaq,غَرَق,1,1,1
garobiY~,غَرْبِىّ,1,1,1
garobiy~ap,غَرْبِيَّة,1,1,1
garoq,غَرْق,1,1,1
gasaq,غَسَق,1,1,1
gawiY~,غَوِىّ,1,1,1
gawol,غَوْل,1,1,1
gaw~aAS,غَوَّاص,1,1,1
gazol,غَزْل,1,1,1
giloZap,غِلْظَة,1,1,1
gisoliyn,غِسْلِين,1,1,1
guS~ap,غُصَّة,1,1,1
guforaAn,غُفْرَان,1,1,1
gulob,غُلْب,1,1,1
gum~ap,غُمَّة,1,1,1
gurufa`t,غُرُفَٰت,1,1,1
guz~FY,غُزًّى,1,1,1
haA^&um,هَا^ؤُم,1,1,1
haAmidap,هَامِدَة,1,1,1
haAr,هَار,1,1,1
haAwiyap,هَاوِيَة,1,1,1
haDiym,هَضِيم,1,1,1
haDom,هَضْم,1,1,1
ha`diY,هَٰدِى,1,1,1
ha`ka*aA,هَٰكَذَا,1,1,1
ha`ruwt,هَٰرُوت,1,1,1
ha`tayon,هَٰتَيْن,1,1,1
had~,هَدّ,1,1,1
hajor,هَجْر,1,1,1
haluwE,هَلُوع,1,1,1
hamaza`t,هَمَزَٰت,1,1,1
hamos,هَمْس,1,1,1
ham~aAz,هَمَّاز,1,1,1
harab,هَرَب,1,1,1
hawon,هَوْن,1,1,1
hayota,هَيْتَ,1,1,1
hazol,هَزْل,1,1,1
hiym,هِيم,1,1,1
hudohud,هُدْهُد,1,1,1
hud~imato,هُدِّمَتْ,1,1,1
humazap,هُمَزَة,1,1,1
huz~i,هُزِّ,1,1,1
ja*owap,جَذْوَة,1,1,1
jaA^}ir,جَا^ئِر,1,1,1
jaAbu,جَابُ,1,1,1
jaAmidap,جَامِدَة,1,1,1
jaAsu,جَاسُ,1,1,1
jaAviyap,جَاثِيَة,1,1,1
jaAz,جَاز,1,1,1
ja`hiliy~ap,جَٰهِلِيَّة,1,1,1
ja`riya`t,جَٰرِيَٰت,1,1,1
jabiyn,جَبِين,1,1,1
jad~,جَدّ,1,1,1
jahuwl,جَهُول,1,1,1
jalaA^',جَلَا^ء,1,1,1
jala`biyb,جَلَٰبِيب,1,1,1
jamaAl,جَمَال,1,1,1
jamal,جَمَل,1,1,1
jam~,جَمّ,1,1,1
janaY,جَنَى,1,1,1
janaf,جَنَف,1,1,1
janiy~,جَنِيّ,1,1,1
jan~a,جَنَّ,1,1,1
jaraHo,جَرَحْ,1,1,1
jawaAb2,جَوَاب2,1,1,1
jawaAriH,جَوَارِح,1,1,1
jawof,جَوْف,1,1,1
jaw~,جَوّ,1,1,1
jaziEo,جَزِعْ,1,1,1
jazuwE,جَزُوع,1,1,1
jibaAh,جِبَاه,1,1,1
jibot,جِبْت,1,1,1
jifaAn,جِفَان,1,1,1
jihaAr,جِهَار,1,1,1
jima`lat,جِمَٰلَت,1,1,1
jiyaAd,جِيَاد,1,1,1
jiyd,جِيد,1,1,1
jizoyap,جِزْيَة,1,1,1
ju*a`*,جُذَٰذ,1,1,1
judad,جُدَد,1,1,1
judur,جُدُر,1,1,1
jufaA^',جُفَا^ء,1,1,1
juhod,جُهْد,1,1,1
jumolap,جُمْلَة,1,1,1
jumuEap,جُمُعَة,1,1,1
juruf,جُرُف,1,1,1
juruwH,جُرُوح,1,1,1
juwdiY~,جُودِىّ,1,1,1
ka$of,كَشْف,1,1,1
kaA$ifap,كَاشِفَة,1,1,1
kaAdiH,كَادِح,1,1,1
kaAf,كَاف,1,1,1
kaAfirap,كَافِرَة,1,1,1
kaAfuwr,كَافُور,1,1,1
kaAmilayon,كَامِلَيْن,1,1,1
kaAtibu,كَاتِبُ,1,1,1
kaEobayon,كَعْبَيْن,1,1,1
ka`$ifa`t,كَٰشِفَٰت,1,1,1
ka`liHuwn,كَٰلِحُون,1,1,1
kabad,كَبَد,1,1,1
kadoH,كَدْح,1,1,1
kafiyl,كَفِيل,1,1,1
kaf~ala,كَفَّلَ,1,1,1
kal~,كَلّ,1,1,1
kanuwd,كَنُود,1,1,1
kar~aha,كَرَّهَ,1,1,1
kasaAd,كَسَاد,1,1,1
kaviyb,كَثِيب,1,1,1
kav~ara,كَثَّرَ,1,1,1
kawaAEib,كَوَاعِب,1,1,1
kawaAfir,كَوَافِر,1,1,1
kawovar,كَوْثَر,1,1,1
kifaAt,كِفَات,1,1,1
kilaA,كِلَا,1,1,1
kilotaA,كِلْتَا,1,1,1
kisof,كِسْف,1,1,1
kita`biY,كِتَٰبِى,1,1,1
ku$iTato,كُشِطَتْ,1,1,1
kubaraA^',كُبَرَا^ء,1,1,1
kubokibu,كُبْكِبُ,1,1,1
kub~aAr,كُبَّار,1,1,1
kub~ato,كُبَّتْ,1,1,1
kuforaAn,كُفْرَان,1,1,1
kufuw,كُفُو,1,1,1
kun~as,كُنَّس,1,1,1
laA^}im,لَا^ئِم,1,1,1
laAhiyap,لَاهِيَة,1,1,1
laAta,لَاتَ,1,1,1
laEon,لَعْن,1,1,1
laHon,لَحْن,1,1,1
laZaY`,لَظَىٰ,1,1,1
la`giyap,لَٰغِيَة,1,1,1
la`qiy,لَٰقِي,1,1,1
labos,لَبْس,1,1,1
labuws,لَبُوس,1,1,1
lafiyf,لَفِيف,1,1,1
lawa`qiH,لَوَٰقِح,1,1,1
lawomap,لَوْمَة,1,1,1
law~a,لَوَّ,1,1,1
law~aAHap,لَوَّاحَة,1,1,1
lay~,لَيّ,1,1,1
liHoyat,لِحْيَت,1,1,1
libad,لِبَد,1,1,1
liwaA*,لِوَاذ,1,1,1
luj~ap,لُجَّة,1,1,1
l~aAzib,لَّازِب,1,1,1
l~a`Einuwn,لَّٰعِنُون,1,1,1
l~a`biviyn,لَّٰبِثِين,1,1,1
l~amam,لَّمَم,1,1,1
l~am~,لَّمّ,1,1,1
l~aw~aAmap,لَّوَّامَة,1,1,1
l~ay~in,لَّيِّن,1,1,1
l~iynap,لِّينَة,1,1,1
l~ubad,لُّبَد,1,1,1
l~ud~,لُّدّ,1,1,1
l~uj~iY~,لُّجِّىّ,1,1,1
l~umazap,لُّمَزَة,1,1,1
ma$oEar,مَشْعَر,1,1,1
ma$oy,مَشْي,1,1,1
ma*o'uwm,مَذْءُوم,1,1,1
ma>oman,مَأْمَن,1,1,1
ma>omuwn,مَأْمُون,1,1,1
ma>otiy~N,مَأْتِيٌّ,1,1,1
maAEuwn,مَاعُون,1,1,1
maEaA$,مَعَاش,1,1,1
maEaA*iyr,مَعَاذِير,1,1,1
maEaAd,مَعَاد,1,1,1
maEokuwf,مَعْكُوف,1,1,1
maEomuwr,مَعْمُور,1,1,1
maEoz,مَعْز,1,1,1
maEozil,مَعْزِل,1,1,1
maEozuwluwn,مَعْزُولُون,1,1,1
maHab~ap,مَحَبَّة,1,1,1
maHo$uwrap,مَحْشُورَة,1,1,1
maHo*uwr,مَحْذُور,1,1,1
maHoZuwr,مَحْظُور,1,1,1
maHojuwbuwn,مَحْجُوبُون,1,1,1
maSaAniE,مَصَانِع,1,1,1
maSorif,مَصْرِف,1,1,1
maSoruwf,مَصْرُوف,1,1,1
maTolaE,مَطْلَع,1,1,1
maToliE,مَطْلِع,1,1,1
maToluwb,مَطْلُوب,1,1,1
maTowiy~a`t,مَطْوِيَّٰت,1,1,1
maZoluwm,مَظْلُوم,1,1,1
ma_#aArib,مَـ#َارِب,1,1,1
ma`hiduwn,مَٰهِدُون,1,1,1
ma`lik2,مَٰلِك2,1,1,1
ma`ruwt,مَٰرُوت,1,1,1
mabolag,مَبْلَغ,1,1,1
mabosuwTataAn,مَبْسُوطَتَان,1,1,1
mabovuwv,مَبْثُوث,1,1,1
mabovuwvap,مَبْثُوثَة,1,1,1
madad,مَدَد,1,1,1
mafaAz,مَفَاز,1,1,1
mafar~,مَفَرّ,1,1,1
mafotuwn,مَفْتُون,1,1,1
maga`ra`t,مَغَٰرَٰت,1,1,1
mago$iY~,مَغْشِىّ,1,1,1
magoDuwb,مَغْضُوب,1,1,1
magoluwb,مَغْلُوب,1,1,1
mahojuwr,مَهْجُور,1,1,1
mahomaA,مَهْمَا,1,1,1
mahozuwm,مَهْزُوم,1,1,1
mah~ad,مَهَّد,1,1,1
maja`lis,مَجَٰلِس,1,1,1
majo*uw*,مَجْذُوذ,1,1,1
majorY`,مَجْرىٰ,1,1,1
majuws,مَجُوس,1,1,1
makiyduwn,مَكِيدُون,1,1,1
mako*uwb,مَكْذُوب,1,1,1
makoZuwm,مَكْظُوم,1,1,1
makoruwh,مَكْرُوه,1,1,1
makotuwb,مَكْتُوب,1,1,1
mak~ap,مَكَّة,1,1,1
maliyk,مَلِيك,1,1,1
maliy~,مَلِيّ,1,1,1
maloEuwnap,مَلْعُونَة,1,1,1
malok,مَلْك,1,1,1
mamonuwEap,مَمْنُوعَة,1,1,1
manTiq,مَنطِق,1,1,1
manaAS,مَنَاص,1,1,1
manaAkib,مَنَاكِب,1,1,1
manaw`p,مَنَوٰة,1,1,1
manfuw$,مَنفُوش,1,1,1
manquwS,مَنقُوص,1,1,1
manuwE,مَنُوع,1,1,1
manuwn,مَنُون,1,1,1
maqaAbir,مَقَابِر,1,1,1
maqiyl,مَقِيل,1,1,1
maqoTuwE,مَقْطُوع,1,1,1
maqoTuwEap,مَقْطُوعَة,1,1,1
maqobuwHiyn,مَقْبُوحِين,1,1,1
maqorabap,مَقْرَبَة,1,1,1
maraADiE,مَرَاضِع,1,1,1
maraAfiq,مَرَافِق,1,1,1
maradu,مَرَدُ,1,1,1
mariDo,مَرِضْ,1,1,1
maroDiy~,مَرْضِيّ,1,1,1
maroHamap,مَرْحَمَة,1,1,1
maroSad,مَرْصَد,1,1,1
marofuwE,مَرْفُوع,1,1,1
marofuwd,مَرْفُود,1,1,1
marojuwmiyn,مَرْجُومِين,1,1,1
marojuw~,مَرْجُوّ,1,1,1
marowap,مَرْوَة,1,1,1
mar~,مَرّ,1,1,1
mar~a`t,مَرَّٰت,1,1,1
masaAq,مَسَاق,1,1,1
masaxo,مَسَخْ,1,1,1
masoH,مَسْح,1,1,1
masogabap,مَسْغَبَة,1,1,1
masojuwniyn,مَسْجُونِين,1,1,1
masojuwr,مَسْجُور,1,1,1
masokuwnap,مَسْكُونَة,1,1,1
matorabap,مَتْرَبَة,1,1,1
mavaAbap,مَثَابَة,1,1,1
mavobuwr,مَثْبُور,1,1,1
mavula`t,مَثُلَٰت,1,1,1
mawaATin,مَوَاطِن,1,1,1
mawa`liy,مَوَٰلِي,1,1,1
mawa`qiE,مَوَٰقِع,1,1,1
mawo'udap,مَوْءُدَة,1,1,1
mawoEuwd,مَوْعُود,1,1,1
mawoTi},مَوْطِئ,1,1,1
mawoquw*ap,مَوْقُوذَة,1,1,1
mawoquwfuwn,مَوْقُوفُون,1,1,1
mawor,مَوْر,1,1,1
maworuwd,مَوْرُود,1,1,1
mawo}il,مَوْئِل,1,1,1
maxaAD,مَخَاض,1,1,1
maxoraj,مَخْرَج,1,1,1
mayosarap,مَيْسَرَة,1,1,1
mi$okaw`p,مِشْكَوٰة,1,1,1
miEo$aAr,مِعْشَار,1,1,1
miHaAl,مِحَال,1,1,1
midaAd,مِدَاد,1,1,1
minohaAj,مِنْهَاج,1,1,1
minsa>at,مِنسَأَت,1,1,1
miraA^',مِرَا^ء,1,1,1
mir~ap,مِرَّة,1,1,1
misaAs,مِسَاس,1,1,1
misok,مِسْك,1,1,1
miykaY`l,مِيكَىٰل,1,1,1
mu$otabih,مُشْتَبِه,1,1,1
mu&al~afap,مُؤَلَّفَة,1,1,1
mu&otuwn,مُؤْتُون,1,1,1
mu*ak~ir,مُذَكِّر,1,1,1
mu*oEiniyn,مُذْعِنِين,1,1,1
muDaA^r~,مُضَا^رّ,1,1,1
muDiy~,مُضِيّ,1,1,1
muDoEifuwn,مُضْعِفُون,1,1,1
muDoTar~,مُضْطَرّ,1,1,1
muEa*~iruwn,مُعَذِّرُون,1,1,1
muEal~am,مُعَلَّم,1,1,1
muEal~aqap,مُعَلَّقَة,1,1,1
muEaq~ib,مُعَقِّب,1,1,1
muEaq~iba`t,مُعَقِّبَٰت,1,1,1
muEaw~iqiyn,مُعَوِّقِين,1,1,1
muEoSira`t,مُعْصِرَٰت,1,1,1
muEotabiyn,مُعْتَبِين,1,1,1
muEotar~,مُعْتَرّ,1,1,1
muHal~iqiyn,مُحَلِّقِين,1,1,1
muHar~amap,مُحَرَّمَة,1,1,1
muHar~ar,مُحَرَّر,1,1,1
muHil~iY,مُحِلِّى,1,1,1
muHosina`t,مُحْسِنَٰت,1,1,1
muHotaZir,مُحْتَظِر,1,1,1
muSal~FY,مُصَلًّى,1,1,1
muSaw~ir,مُصَوِّر,1,1,1
muSiyb,مُصِيب,1,1,1
muSoTafayon,مُصْطَفَيْن,1,1,1
muS~ad~iqa`t,مُصَّدِّقَٰت,1,1,1
muS~ad~iqiyn,مُصَّدِّقِين,1,1,1
muTaf~ifiyn,مُطَفِّفِين,1,1,1
muTah~aruwn,مُطَهَّرُون,1,1,1
muTah~ir,مُطَهِّر,1,1,1
muT~ah~iriyn,مُطَّهِّرِين,1,1,1
muT~aw~iEiyn,مُطَّوِّعِين,1,1,1
muba$~ira`t,مُبَشِّرَٰت,1,1,1
muba*~iriyn,مُبَذِّرِين,1,1,1
mubar~a'uwn,مُبَرَّءُون,1,1,1
mubaw~a>,مُبَوَّأ,1,1,1
muboEaduwn,مُبْعَدُون,1,1,1
mubodiy,مُبْدِي,1,1,1
muborimuwn,مُبْرِمُون,1,1,1
mudab~ira`t,مُدَبِّرَٰت,1,1,1
mudoHaDiyn,مُدْحَضِين,1,1,1
mudohaA^m~ataAn,مُدْهَا^مَّتَان,1,1,1
mudorakuwn,مُدْرَكُون,1,1,1
mud~at,مُدَّت,1,1,1
mud~av~ir,مُدَّثِّر,1,1,1
mud~axal,مُدَّخَل,1,1,1
mufaS~al,مُفَصَّل,1,1,1
mufotar,مُفْتَر,1,1,1
mufotaraya`t,مُفْتَرَيَٰت,1,1,1
muga`Dib,مُغَٰضِب,1,1,1
mugay~ir,مُغَيِّر,1,1,1
mugiyra`t,مُغِيرَٰت,1,1,1
mugoramuwn,مُغْرَمُون,1,1,1
mugotasal,مُغْتَسَل,1,1,1
muhaAn,مُهَان,1,1,1
muha`jira`t,مُهَٰجِرَٰت,1,1,1
muholakiyn,مُهْلَكِين,1,1,1
muholikiY,مُهْلِكِى,1,1,1
muhotadiY,مُهْتَدِى,1,1,1
mukaA^',مُكَا^ء,1,1,1
mukal~ibiyn,مُكَلِّبِين,1,1,1
mukib~,مُكِبّ,1,1,1
mukov,مُكْث,1,1,1
mula`q,مُلَٰق,1,1,1
muloqiya`t,مُلْقِيَٰت,1,1,1
mumid~,مُمِدّ,1,1,1
mumosik,مُمْسِك,1,1,1
mumosika`t,مُمْسِكَٰت,1,1,1
mun$a_#aAt,مُنشَـ#َات,1,1,1
mun$ariyn,مُنشَرِين,1,1,1
mun$i_#uwn,مُنشِـ#ُون,1,1,1
munaAd,مُنَاد,1,1,1
munaAdiy,مُنَادِي,1,1,1
munaz~al,مُنَزَّل,1,1,1
munaz~il,مُنَزِّل,1,1,1
munfaTir,مُنفَطِر,1,1,1
munfak~iyn,مُنفَكِّين,1,1,1
munfiqiyn,مُنفِقِين,1,1,1
munoxaniqap,مُنْخَنِقَة,1,1,1
muqaAmap,مُقَامَة,1,1,1
muqaS~iriyn,مُقَصِّرِين,1,1,1
muqad~asap,مُقَدَّسَة,1,1,1
muqanTarap,مُقَنطَرَة,1,1,1
muqas~ima`t,مُقَسِّمَٰت,1,1,1
muqoniEiY,مُقْنِعِى,1,1,1
muqoriniyn,مُقْرِنِين,1,1,1
muqotariniyn,مُقْتَرِنِين,1,1,1
muqotasimiyn,مُقْتَسِمِين,1,1,1
muqotir,مُقْتِر,1,1,1
muqowiyn,مُقْوِين,1,1,1
mura`gam,مُرَٰغَم,1,1,1
muroDiEap,مُرْضِعَة,1,1,1
murodifiyn,مُرْدِفِين,1,1,1
murojawon,مُرْجَوْن,1,1,1
murojifuwn,مُرْجِفُون,1,1,1
murosala`t,مُرْسَلَٰت,1,1,1
murosilap,مُرْسِلَة,1,1,1
musa`fiHa`t,مُسَٰفِحَٰت,1,1,1
musaw~imiyn,مُسَوِّمِين,1,1,1
musax~ar,مُسَخَّر,1,1,1
musiY^',مُسِى^ء,1,1,1
musomaE,مُسْمَع,1,1,1
musomiE,مُسْمِع,1,1,1
musotaTiyr,مُسْتَطِير,1,1,1
musota_#onisiyn,مُسْتَـ#ْنِسِين,1,1,1
musota_#oxiriyn,مُسْتَـ#ْخِرِين,1,1,1
musotabiyn,مُسْتَبِين,1,1,1
musotaboSiriyn,مُسْتَبْصِرِين,1,1,1
musotagofiriyn,مُسْتَغْفِرِين,1,1,1
musotamosikuwn,مُسْتَمْسِكُون,1,1,1
musotaqodimiyn,مُسْتَقْدِمِين,1,1,1
musotasolimuwn,مُسْتَسْلِمُون,1,1,1
musotaxof,مُسْتَخْف,1,1,1
musotayoqiniyn,مُسْتَيْقِنِين,1,1,1
muta$a`kisuwn,مُتَشَٰكِسُون,1,1,1
mutaEaAl,مُتَعَال,1,1,1
mutaHar~if,مُتَحَرِّف,1,1,1
mutaHay~iz,مُتَحَيِّز,1,1,1
mutaSad~iqa`t,مُتَصَدِّقَٰت,1,1,1
mutaTah~iriyn,مُتَطَهِّرِين,1,1,1
mutabar~ija`t,مُتَبَرِّجَٰت,1,1,1
mutab~ar,مُتَبَّر,1,1,1
mutajaAnif,مُتَجَانِف,1,1,1
mutakal~ifiyn,مُتَكَلِّفِين,1,1,1
mutalaq~iyaAn,مُتَلَقِّيَان,1,1,1
mutana`fisuwn,مُتَنَٰفِسُون,1,1,1
mutaqal~ab,مُتَقَلَّب,1,1,1
mutarad~iyap,مُتَرَدِّيَة,1,1,1
mutawaf~iy,مُتَوَفِّي,1,1,1
mutawas~imiyn,مُتَوَسِّمِين,1,1,1
mutim~,مُتِمّ,1,1,1
mut~aka_#,مُتَّكَـ#,1,1,1
muvolaY`,مُثْلَىٰ,1,1,1
muvoqalap,مُثْقَلَة,1,1,1
muwaf~uw,مُوَفُّو,1,1,1
muwal~iy,مُوَلِّي,1,1,1
muwfuwn,مُوفُون,1,1,1
muwhin,مُوهِن,1,1,1
muwqadap,مُوقَدَة,1,1,1
muwriya`t,مُورِيَٰت,1,1,1
muxoDar~ap,مُخْضَرَّة,1,1,1
muxobitiyn,مُخْبِتِين,1,1,1
muxolif,مُخْلِف,1,1,1
muxosiriyn,مُخْسِرِين,1,1,1
muxoziY,مُخْزِى,1,1,1
muzaHoziH,مُزَحْزِح,1,1,1
muzodajar,مُزْدَجَر,1,1,1
muzon,مُزْن,1,1,1
muz~am~il,مُزَّمِّل,1,1,1
m~a$iyd,مَّشِيد,1,1,1
m~a$ohad,مَّشْهَد,1,1,1
m~a$~aA^',مَّشَّا^ء,1,1,1
m~a*okuwr,مَّذْكُور,1,1,1
m~a>okuwl,مَّأْكُول,1,1,1
m~aAniEat,مَّانِعَت,1,1,1
m~aArid,مَّارِد,1,1,1
m~aArij,مَّارِج,1,1,1
m~aEar~ap,مَّعَرَّة,1,1,1
m~aEoduwd,مَّعْدُود,1,1,1
m~aEoruwfap,مَّعْرُوفَة,1,1,1
m~aHa`riyb,مَّحَٰرِيب,1,1,1
m~aHomuwd,مَّحْمُود,1,1,1
m~aHosuwr,مَّحْسُور,1,1,1
m~aboniy~ap,مَّبْنِيَّة,1,1,1
m~ahiyl,مَّهِيل,1,1,1
m~aloEuwniyn,مَّلْعُونِين,1,1,1
m~amoluwk,مَّمْلُوك,1,1,1
m~aniY~,مَّنِىّ,1,1,1
m~ansiy~,مَّنسِيّ,1,1,1
m~aqa`miE,مَّقَٰمِع,1,1,1
m~aqoSuwra`t,مَّقْصُورَٰت,1,1,1
m~aqobuwDap,مَّقْبُوضَة,1,1,1
m~aqoduwr,مَّقْدُور,1,1,1
m~aqosuwm,مَّقْسُوم,1,1,1
m~ariy^_#,مَّرِي^ـ#,1,1,1
m~ariyj,مَّرِيج,1,1,1
m~aroDiy~ap,مَّرْضِيَّة,1,1,1
m~aroSuwS,مَّرْصُوص,1,1,1
m~arokuwm,مَّرْكُوم,1,1,1
m~aroqad,مَّرْقَد,1,1,1
m~asad,مَّسَد,1,1,1
m~asofuwH,مَّسْفُوح,1,1,1
m~asokuwb,مَّسْكُوب,1,1,1
m~asotuwr,مَّسْتُور,1,1,1
m~awoDuwEap,مَّوْضُوعَة,1,1,1
m~awoDuwnap,مَّوْضُونَة,1,1,1
m~awoEidap,مَّوْعِدَة,1,1,1
m~awobiq,مَّوْبِق,1,1,1
m~awofuwr,مَّوْفُور,1,1,1
m~awoquwt,مَّوْقُوت,1,1,1
m~awozuwn,مَّوْزُون,1,1,1
m~axo*uwl,مَّخْذُول,1,1,1
m~axoDuwd,مَّخْضُود,1,1,1
m~axotuwm,مَّخْتُوم,1,1,1
m~ayolap,مَّيْلَة,1,1,1
m~ayosuwr,مَّيْسُور,1,1,1
m~ilo',مِّلْء,1,1,1
m~irofaq,مِّرْفَق,1,1,1
m~u$ay~adap,مُّشَيَّدَة,1,1,1
m~u&aj~al,مُّؤَجَّل,1,1,1
m~u*abo*abiyn,مُّذَبْذَبِين,1,1,1
m~uDa`Eafap,مُّضَٰعَفَة,1,1,1
m~uEaT~alap,مُّعَطَّلَة,1,1,1
m~uEam~ar,مُّعَمَّر,1,1,1
m~uHaS~anap,مُّحَصَّنَة,1,1,1
m~uHokama`t,مُّحْكَمَٰت,1,1,1
m~uHokamap,مُّحْكَمَة,1,1,1
m~uHotaDar,مُّحْتَضَر,1,1,1
m~uSaf~FY,مُّصَفًّى,1,1,1
m~uTaAE,مُّطَاع,1,1,1
m~uT~aliEuwn,مُّطَّلِعُون,1,1,1
m~udohinuwn,مُّدْهِنُون,1,1,1
m~ufaS~ala`t,مُّفَصَّلَٰت,1,1,1
m~ufat~aHap,مُّفَتَّحَة,1,1,1
m~uforaTuwn,مُّفْرَطُون,1,1,1
m~ujotamiEuwn,مُّجْتَمِعُون,1,1,1
m~ukar~amap,مُّكَرَّمَة,1,1,1
m~ukorim,مُّكْرِم,1,1,1
m~umad~adap,مُّمَدَّدَة,1,1,1
m~umar~ad,مُّمَرَّد,1,1,1
m~umoTir,مُّمْطِر,1,1,1
m~una$~arap,مُّنَشَّرَة,1,1,1
m~unbav~,مُّنبَثّ,1,1,1
m~unkirap,مُّنكِرَة,1,1,1
m~unohamir,مُّنْهَمِر,1,1,1
m~unqaEir,مُّنقَعِر,1,1,1
m~unta$ir,مُّنتَشِر,1,1,1
m~untahuwn,مُّنتَهُون,1,1,1
m~uqiyt,مُّقِيت,1,1,1
m~uqomaHuwn,مُّقْمَحُون,1,1,1
m~uqotaHim,مُّقْتَحِم,1,1,1
m~uqotaSidap,مُّقْتَصِدَة,1,1,1
m~uqotaduwn,مُّقْتَدُون,1,1,1
m~uqotarifuwn,مُّقْتَرِفُون,1,1,1
m~uro$id,مُّرْشِد,1,1,1
m~urotaAb,مُّرْتَاب,1,1,1
m~urotaqibuwn,مُّرْتَقِبُون,1,1,1
m~usan~adap,مُّسَنَّدَة,1,1,1
m~usofirap,مُّسْفِرَة,1,1,1
m~usolimap,مُّسْلِمَة,1,1,1
m~usotaTar,مُّسْتَطَر,1,1,1
m~usotabo$irap,مُّسْتَبْشِرَة,1,1,1
m~usotanfirap,مُّسْتَنفِرَة,1,1,1
m~usotaqobil,مُّسْتَقْبِل,1,1,1
m~usotaxolafiyn,مُّسْتَخْلَفِين,1,1,1
m~usowad~ap,مُّسْوَدَّة,1,1,1
m~utaSad~iE,مُّتَصَدِّع,1,1,1
m~utafar~iqap,مُّتَفَرِّقَة,1,1,1
m~utafar~iquwn,مُّتَفَرِّقُون,1,1,1
m~utaja`wira`t,مُّتَجَٰوِرَٰت,1,1,1
m~utaraAkib,مُّتَرَاكِب,1,1,1
m~uwS,مُّوص,1,1,1
m~uwaAqiEuw,مُّوَاقِعُو,1,1,1
m~uzojaY`p,مُّزْجَىٰة,1,1,1
na$oT,نَشْط,1,1,1
na$or,نَشْر,1,1,1
naA$i}ap,نَاشِئَة,1,1,1
naAj,نَاج,1,1,1
naAkisuwA,نَاكِسُوا,1,1,1
naAsikuw,نَاسِكُو,1,1,1
naDijato,نَضِجَتْ,1,1,1
naD~aAxataAn,نَضَّاخَتَان,1,1,1
naEolay,نَعْلَي,1,1,1
naEomaA^',نَعْمَا^ء,1,1,1
naE~ama,نَعَّمَ,1,1,1
naHob,نَحْب,1,1,1
naHos,نَحْس,1,1,1
naTowiY,نَطْوِى,1,1,1
naZar,نَظَر,1,1,1
naZirap,نَظِرَة,1,1,1
naZorap,نَظْرَة,1,1,1
na`jayo,نَٰجَيْ,1,1,1
na`kibuwn,نَٰكِبُون,1,1,1
nabotahilo,نَبْتَهِلْ,1,1,1
nadiy~,نَدِيّ,1,1,1
nafa$ato,نَفَشَتْ,1,1,1
nafaq,نَفَق,1,1,1
nafaqa`t,نَفَقَٰت,1,1,1
nafiyr,نَفِير,1,1,1
nafoHap,نَفْحَة,1,1,1
nafoxap,نَفْخَة,1,1,1
najas,نَجَس,1,1,1
nakid,نَكِد,1,1,1
nakira,نَكِرَ,1,1,1
nak~iru,نَكِّرُ,1,1,1
namaAriq,نَمَارِق,1,1,1
namiym,نَمِيم,1,1,1
namiyru,نَمِيرُ,1,1,1
namolap,نَمْلَة,1,1,1
naqiyb,نَقِيب,1,1,1
naqoE,نَقْع,1,1,1
naqob,نَقْب,1,1,1
naqotabiso,نَقْتَبِسْ,1,1,1
naq~abu,نَقَّبُ,1,1,1
nasimu,نَسِمُ,1,1,1
nasiy~,نَسِيّ,1,1,1
nasofaEF[,نَسْفَعً[,1,1,1
nasolaxu,نَسْلَخُ,1,1,1
nasor,نَسْر,1,1,1
nasotansixu,نَسْتَنسِخُ,1,1,1
nasoy,نَسْي,1,1,1
natajaAwazu,نَتَجَاوَزُ,1,1,1
nataqo,نَتَقْ,1,1,1
naxozaY`,نَخْزَىٰ,1,1,1
nazolap,نَزْلَة,1,1,1
naz~aAEap,نَزَّاعَة,1,1,1
niHolap,نِحْلَة,1,1,1
nu*or,نُذْر,1,1,1
nu*uwr,نُذُور,1,1,1
nuHaAs,نُحَاس,1,1,1
nuSoH,نُصْح,1,1,1
nuSob,نُصْب,1,1,1
nudaAwilu,نُدَاوِلُ,1,1,1
nuja`ziY^,نُجَٰزِى^,1,1,1
nukisu,نُكِسُ,1,1,1
nun$izu,نُنشِزُ,1,1,1
nunak~iso,نُنَكِّسْ,1,1,1
nuqad~isu,نُقَدِّسُ,1,1,1
nuqira,نُقِرَ,1,1,1
nuqori}u,نُقْرِئُ,1,1,1
nusoxat,نُسْخَت,1,1,1
n~a*il~a,نَّذِلَّ,1,1,1
n~aADirap,نَّاضِرَة,1,1,1
n~aAEimap,نَّاعِمَة,1,1,1
n~aASibap,نَّاصِبَة,1,1,1
n~aAhuwn,نَّاهُون,1,1,1
n~aAquwr,نَّاقُور,1,1,1
n~aDiyd,نَّضِيد,1,1,1
n~aHisaAt,نَّحِسَات,1,1,1
n~aHol,نَّحْل,1,1,1
n~aSuwH,نَّصُوح,1,1,1
n~aTiyHap,نَّطِيحَة,1,1,1
n~a`$iTa`t,نَّٰشِطَٰت,1,1,1
n~a`$ira`t,نَّٰشِرَٰت,1,1,1
n~a`ziEa`t,نَّٰزِعَٰت,1,1,1
n~abora>a,نَّبْرَأَ,1,1,1
n~afaAd,نَّفَاد,1,1,1
n~af~a`va`t,نَّفَّٰثَٰت,1,1,1
n~ajaw`p,نَّجَوٰة,1,1,1
n~ajodayon,نَّجْدَيْن,1,1,1
n~akiyr,نَّكِير,1,1,1
n~asiY^',نَّسِى^ء,1,1,1
n~awaY`,نَّوَىٰ,1,1,1
n~awa`SiY,نَّوَٰصِى,1,1,1
n~axirap,نَّخِرَة,1,1,1
n~ayol,نَّيْل,1,1,1
n~ukur,نُّكُر,1,1,1
n~uwn,نُّون,1,1,1
qaAD,قَاض,1,1,1
qaADiyap,قَاضِيَة,1,1,1
qaAE,قَاع,1,1,1
qaASid,قَاصِد,1,1,1
qaASif,قَاصِف,1,1,1
qaATiEap,قَاطِعَة,1,1,1
qaA^}iluwn,قَا^ئِلُون,1,1,1
qaAb,قَاب,1,1,1
qaAbil,قَابِل,1,1,1
qaAliyn,قَالِين,1,1,1
qaAniE,قَانِع,1,1,1
qaAsama,قَاسَمَ,1,1,1
qaDob,قَضْب,1,1,1
qaEiyd,قَعِيد,1,1,1
qaSamo,قَصَمْ,1,1,1
qaSiy~,قَصِيّ,1,1,1
qaSod,قَصْد,1,1,1
qaTiraAn,قَطِرَان,1,1,1
qa`niTiyn,قَٰنِطِين,1,1,1
qabaA^}il,قَبَا^ئِل,1,1,1
qaboD,قَبْض,1,1,1
qabuwl,قَبُول,1,1,1
qadoH,قَدْح,1,1,1
qalaY`,قَلَىٰ,1,1,1
qaliylap,قَلِيلَة,1,1,1
qal~a,قَلَّ,1,1,1
qamoTariyr,قَمْطَرِير,1,1,1
qanuwT,قَنُوط,1,1,1
qasowap,قَسْوَة,1,1,1
qasowarap,قَسْوَرَة,1,1,1
qatar,قَتَر,1,1,1
qatarap,قَتَرَة,1,1,1
qatolaY,قَتْلَى,1,1,1
qatuwr,قَتُور,1,1,1
qawaAm,قَوَام,1,1,1
qawosayon,قَوْسَيْن,1,1,1
qiTomiyr,قِطْمِير,1,1,1
qiT~,قِطّ,1,1,1
qidad,قِدَد,1,1,1
qinowaAn,قِنْوَان,1,1,1
qis~iysiyn,قِسِّيسِين,1,1,1
qiv~aA^},قِثَّا^ئ,1,1,1
qiyEap,قِيعَة,1,1,1
qiyam,قِيَم,1,1,1
quSowaY`,قُصْوَىٰ,1,1,1
quduwr,قُدُور,1,1,1
qum~al,قُمَّل,1,1,1
qurayo$,قُرَيْش,1,1,1
qurobap,قُرْبَة,1,1,1
quruba`t,قُرُبَٰت,1,1,1
quruw^',قُرُو^ء,1,1,1
raA^d~iY,رَا^دِّى,1,1,1
raAbiTu,رَابِطُ,1,1,1
raAfiE,رَافِع,1,1,1
raAna,رَانَ,1,1,1
raAq,رَاق,1,1,1
raDiy~,رَضِيّ,1,1,1
raTob,رَطْب,1,1,1
raba`^}ib,رَبَٰ^ئِب,1,1,1
rabiHat,رَبِحَت,1,1,1
radifa,رَدِفَ,1,1,1
radom,رَدْم,1,1,1
rafiyE,رَفِيع,1,1,1
rafiyq,رَفِيق,1,1,1
raforaf,رَفْرَف,1,1,1
ragab,رَغَب,1,1,1
rahab,رَهَب,1,1,1
rahiyn,رَهِين,1,1,1
rahiynap,رَهِينَة,1,1,1
rahobaAniy~ap,رَهْبَانِيَّة,1,1,1
rahobap,رَهْبَة,1,1,1
rahow,رَهْو,1,1,1
rajil,رَجِل,1,1,1
rajom,رَجْم,1,1,1
raj~,رَجّ,1,1,1
rakuwb,رَكُوب,1,1,1
rak~aba,رَكَّبَ,1,1,1
ramaAd,رَمَاد,1,1,1
ramaDaAn,رَمَضَان,1,1,1
ramoz,رَمْز,1,1,1
raq~,رَقّ,1,1,1
ratoq,رَتْق,1,1,1
rawaAH,رَوَاح,1,1,1
rawaAkid,رَوَاكِد,1,1,1
rawoDaAt,رَوْضَات,1,1,1
rawoDap,رَوْضَة,1,1,1
ri'oy,رِءْي,1,1,1
riEaAyat,رِعَايَت,1,1,1
riHolap,رِحْلَة,1,1,1
rib~iy~uwn,رِبِّيُّون,1,1,1
rido',رِدْء,1,1,1
riha`n,رِهَٰن,1,1,1
rikaAb,رِكَاب,1,1,1
rikoz,رِكْز,1,1,1
rimaAH,رِمَاح,1,1,1
riy$,رِيش,1,1,1
riyE,رِيع,1,1,1
riybap,رِيبَة,1,1,1
ruHom,رُحْم,1,1,1
ruTab,رُطَب,1,1,1
rujuwm,رُجُوم,1,1,1
ruj~ati,رُجَّتِ,1,1,1
rukaAm,رُكَام,1,1,1
rukobaAn,رُكْبَان,1,1,1
ruqiy~,رُقِيّ,1,1,1
ruquwd,رُقُود,1,1,1
ruwayod,رُوَيْد,1,1,1
ruxaA^',رُخَا^ء,1,1,1
r~aAbiy,رَّابِي,1,1,1
r~aAbiyap,رَّابِيَة,1,1,1
r~aAdifap,رَّادِفَة,1,1,1
r~aAfiEap,رَّافِعَة,1,1,1
r~aAjifap,رَّاجِفَة,1,1,1
r~aHiyq,رَّحِيق,1,1,1
r~a`$iduwn,رَّٰشِدُون,1,1,1
r~ahob,رَّهْب,1,1,1
r~akob,رَّكْب,1,1,1
r~aqiym,رَّقِيم,1,1,1
r~awoE,رَّوْع,1,1,1
r~az~aAq,رَّزَّاق,1,1,1
r~iEaA^',رِّعَا^ء,1,1,1
r~ib,رِّب,1,1,1
r~ibaAT,رِّبَاط,1,1,1
r~ifod,رِّفْد,1,1,1
r~ub,رُّب,1,1,1
r~ujoEaY`^,رُّجْعَىٰ^,1,1,1
r~ujoz,رُّجْز,1,1,1
r~uwm,رُّوم,1,1,1
saAHat,سَاحَت,1,1,1
saA^}ibap,سَا^ئِبَة,1,1,1
saA^}iq,سَا^ئِق,1,1,1
saAbiqu,سَابِقُ,1,1,1
saAhama,سَاهَمَ,1,1,1
saAkin,سَاكِن,1,1,1
saAlato,سَالَتْ,1,1,1
saAqiT,سَاقِط,1,1,1
saArib,سَارِب,1,1,1
saAwaY`,سَاوَىٰ,1,1,1
saEiyd,سَعِيد,1,1,1
saHiyq,سَحِيق,1,1,1
saH~aAr,سَحَّار,1,1,1
sa`^}iHa`t,سَٰ^ئِحَٰت,1,1,1
sa`biga`t,سَٰبِغَٰت,1,1,1
sa`limuwn,سَٰلِمُون,1,1,1
sa`miduwn,سَٰمِدُون,1,1,1
sa`mir,سَٰمِر,1,1,1
saboq,سَبْق,1,1,1
safah,سَفَه,1,1,1
safarap,سَفَرَة,1,1,1
safiha,سَفِهَ,1,1,1
sajaY`,سَجَىٰ,1,1,1
sakar,سَكَر,1,1,1
sakata,سَكَتَ,1,1,1
salaf,سَلَف,1,1,1
salaqu,سَلَقُ,1,1,1
salosabiyl,سَلْسَبِيل,1,1,1
samok,سَمْك,1,1,1
sam~,سَمّ,1,1,1
sanaA,سَنَا,1,1,1
sarab,سَرَب,1,1,1
sariy~,سَرِيّ,1,1,1
sawoT,سَوْط,1,1,1
saxaT,سَخَط,1,1,1
sayonaA^',سَيْنَا^ء,1,1,1
sik~iyn,سِكِّين,1,1,1
sinap,سِنَة,1,1,1
sitor,سِتْر,1,1,1
sit~iyn,سِتِّين,1,1,1
siyHu,سِيحُ,1,1,1
siyniyn,سِينِين,1,1,1
siyrat,سِيرَت,1,1,1
su&aAl,سُؤَال,1,1,1
su&ol,سُؤْل,1,1,1
suEidu,سُعِدُ,1,1,1
suE~irato,سُعِّرَتْ,1,1,1
suHoq,سُحْق,1,1,1
suTiHato,سُطِحَتْ,1,1,1
sudFY,سُدًى,1,1,1
suhuwl,سُهُول,1,1,1
suj~irato,سُجِّرَتْ,1,1,1
suk~irato,سُكِّرَتْ,1,1,1
sunbul,سُنبُل,1,1,1
suqoya`,سُقْيَٰ,1,1,1
suraAdiq,سُرَادِق,1,1,1
suruwr,سُرُور,1,1,1
suwFY,سُوًى,1,1,1
suwaAE,سُوَاع,1,1,1
suwd,سُود,1,1,1
suwr,سُور,1,1,1
suxoriy~,سُخْرِيّ,1,1,1
s~aAHil,سَّاحِل,1,1,1
s~aAhirap,سَّاهِرَة,1,1,1
s~aAriqap,سَّارِقَة,1,1,1
s~a`^}iHuwn,سَّٰ^ئِحُون,1,1,1
s~a`biHa`t,سَّٰبِحَٰت,1,1,1
s~a`biqa`t,سَّٰبِقَٰت,1,1,1
s~a`xiriyn,سَّٰخِرِين,1,1,1
s~abuE,سَّبُع,1,1,1
s~araA^}ir,سَّرَا^ئِر,1,1,1
s~arod,سَّرْد,1,1,1
s~ijil~,سِّجِلّ,1,1,1
s~ilom,سِّلْم,1,1,1
s~ufolaY`,سُّفْلَىٰ,1,1,1
s~uw^>aY`^,سُّو^أَىٰ^,1,1,1
ta$aAwur,تَشَاوُر,1,1,1
ta$iyEa,تَشِيعَ,1,1,1
ta$otakiY^,تَشْتَكِى^,1,1,1
ta$oxaSu,تَشْخَصُ,1,1,1
ta&uz~u,تَؤُزُّ,1,1,1
ta*ohalu,تَذْهَلُ,1,1,1
ta*okiyr,تَذْكِير,1,1,1
ta*oliyl,تَذْلِيل,1,1,1
ta*oruw,تَذْرُو,1,1,1
ta*uwda,تَذُودَ,1,1,1
ta>ojura,تَأْجُرَ,1,1,1
ta>osiru,تَأْسِرُ,1,1,1
taDar~aEu,تَضَرَّعُ,1,1,1
taDoHaY`,تَضْحَىٰ,1,1,1
taDoliyl,تَضْلِيل,1,1,1
taEaATaY`,تَعَاطَىٰ,1,1,1
taEaAsaro,تَعَاسَرْ,1,1,1
taEaj~ala,تَعَجَّلَ,1,1,1
taEam~adato,تَعَمَّدَتْ,1,1,1
taEiya,تَعِيَ,1,1,1
taEobavu,تَعْبَثُ,1,1,1
taEoburu,تَعْبُرُ,1,1,1
taEoraY`,تَعْرَىٰ,1,1,1
taEos,تَعْس,1,1,1
taEotad~u,تَعْتَدُّ,1,1,1
taEuwlu,تَعُولُ,1,1,1
taHaAwur,تَحَاوُر,1,1,1
taHaS~un,تَحَصُّن,1,1,1
taHa`^D~u,تَحَٰ^ضُّ,1,1,1
taHar~a,تَحَرَّ,1,1,1
taHas~asu,تَحَسَّسُ,1,1,1
taHil~ap,تَحِلَّة,1,1,1
taHiydu,تَحِيدُ,1,1,1
taHoliqu,تَحْلِقُ,1,1,1
taHonavo,تَحْنَثْ,1,1,1
taHoruvu,تَحْرُثُ,1,1,1
taHus~u,تَحُسُّ,1,1,1
taSad~aY`,تَصَدَّىٰ,1,1,1
taSiyru,تَصِيرُ,1,1,1
taSodiyap,تَصْدِيَة,1,1,1
taSoliyap,تَصْلِيَة,1,1,1
taTaAwala,تَطَاوَلَ,1,1,1
taTohiyr,تَطْهِير,1,1,1
taZoma&uA@,تَظْمَؤُا@,1,1,1
ta`^}iba`t,تَٰ^ئِبَٰت,1,1,1
tabaAb,تَبَاب,1,1,1
tabaAr,تَبَار,1,1,1
tabaAyaEo,تَبَايَعْ,1,1,1
tabar~ajo,تَبَرَّجْ,1,1,1
tabar~uj,تَبَرُّج,1,1,1
tabas~ama,تَبَسَّمَ,1,1,1
tabat~alo,تَبَتَّلْ,1,1,1
tabiyE,تَبِيع,1,1,1
tabiyda,تَبِيدَ,1,1,1
tabo*iyr,تَبْذِير,1,1,1
taboSirap,تَبْصِرَة,1,1,1
tabotiyl,تَبْتِيل,1,1,1
tadaAyan,تَدَايَن,1,1,1
tadal~aY`,تَدَلَّىٰ,1,1,1
taduwru,تَدُورُ,1,1,1
tad~axiru,تَدَّخِرُ,1,1,1
tafaAxur,تَفَاخُر,1,1,1
tafa`wut,تَفَٰوُت,1,1,1
tafak~ahu,تَفَكَّهُ,1,1,1
tafaq~ada,تَفَقَّدَ,1,1,1
tafas~aHu,تَفَسَّحُ,1,1,1
tafav,تَفَث,1,1,1
tafoDaHu,تَفْضَحُ,1,1,1
taforiyq,تَفْرِيق,1,1,1
tafosiyr,تَفْسِير,1,1,1
tafota&uA@,تَفْتَؤُا@,1,1,1
taga$~aY`,تَغَشَّىٰ,1,1,1
tagay~uZ,تَغَيُّظ,1,1,1
tagofulu,تَغْفُلُ,1,1,1
tagotasilu,تَغْتَسِلُ,1,1,1
tahaj~ado,تَهَجَّدْ,1,1,1
tajas~asu,تَجَسَّسُ,1,1,1
tajuwEa,تَجُوعَ,1,1,1
tako*iyb,تَكْذِيب,1,1,1
takobiyr,تَكْبِير,1,1,1
takoliym,تَكْلِيم,1,1,1
tala*~u,تَلَذُّ,1,1,1
talaZ~aY`,تَلَظَّىٰ,1,1,1
talah~aY`,تَلَهَّىٰ,1,1,1
talofaHu,تَلْفَحُ,1,1,1
talofita,تَلْفِتَ,1,1,1
tal~a,تَلَّ,1,1,1
tamaAm,تَمَام,1,1,1
tamav~ala,تَمَثَّلَ,1,1,1
tamay~azu,تَمَيَّزُ,1,1,1
tamohiyd,تَمْهِيد,1,1,1
tamoraHu,تَمْرَحُ,1,1,1
tan[butu,تَن[بُتُ,1,1,1
tanaASaru,تَنَاصَرُ,1,1,1
tanaAbazu,تَنَابَزُ,1,1,1
tanaAda,تَنَادَ,1,1,1
tanaf~asa,تَنَفَّسَ,1,1,1
taniya,تَنِيَ,1,1,1
tankiyl,تَنكِيل,1,1,1
tanuw^>u,تَنُو^أُ,1,1,1
taqaAsamu,تَقَاسَمُ,1,1,1
taqo$aEir~u,تَقْشَعِرُّ,1,1,1
taqoSuru,تَقْصُرُ,1,1,1
taqofu,تَقْفُ,1,1,1
taqoharo,تَقْهَرْ,1,1,1
taqotiyl,تَقْتِيل,1,1,1
taqowiym,تَقْوِيم,1,1,1
tarab~uS,تَرَبُّص,1,1,1
tarad~aY`^,تَرَدَّىٰ^,1,1,1
tarodaY`,تَرْدَىٰ,1,1,1
taroqaY`,تَرْقَىٰ,1,1,1
tasaw~aru,تَسَوَّرُ,1,1,1
tasomiyap,تَسْمِيَة,1,1,1
tasoniym,تَسْنِيم,1,1,1
tasoraHu,تَسْرَحُ,1,1,1
tasoriyH,تَسْرِيح,1,1,1
tasota>onisu,تَسْتَأْنِسُ,1,1,1
tasotabiyna,تَسْتَبِينَ,1,1,1
tasotaqosimu,تَسْتَقْسِمُ,1,1,1
tasotaroDiEu,تَسْتَرْضِعُ,1,1,1
tasotatiru,تَسْتَتِرُ,1,1,1
tasur~u,تَسُرُّ,1,1,1
tatajaAfaY`,تَتَجَافَىٰ,1,1,1
tataqal~abu,تَتَقَلَّبُ,1,1,1
tatobiyb,تَتْبِيب,1,1,1
tatoraA,تَتْرَا,1,1,1
tavoriyb,تَثْرِيب,1,1,1
tawaAEad,تَوَاعَد,1,1,1
tawaj~aha,تَوَجَّهَ,1,1,1
tawoSiyap,تَوْصِيَة,1,1,1
tawokiyd,تَوْكِيد,1,1,1
taxaASum,تَخَاصُم,1,1,1
taxal~ato,تَخَلَّتْ,1,1,1
taxaw~uf,تَخَوُّف,1,1,1
taxoDaEo,تَخْضَعْ,1,1,1
taxofiyf,تَخْفِيف,1,1,1
taxosiyr,تَخْسِير,1,1,1
taxowiyf,تَخْوِيف,1,1,1
taxuT~u,تَخُطُّ,1,1,1
tazaw~adu,تَزَوَّدُ,1,1,1
tazay~alu,تَزَيَّلُ,1,1,1
tazodariY^,تَزْدَرِى^,1,1,1
tiboya`n,تِبْيَٰن,1,1,1
tilaAwat,تِلَاوَت,1,1,1
tu$oTiTo,تُشْطِطْ,1,1,1
tu$omito,تُشْمِتْ,1,1,1
tu*il~u,تُذِلُّ,1,1,1
tuDay~iqu,تُضَيِّقُ,1,1,1
tuEiz~u,تُعِزُّ,1,1,1
tuHar~iko,تُحَرِّكْ,1,1,1
tuSaE~iro,تُصَعِّرْ,1,1,1
tuSoEidu,تُصْعِدُ,1,1,1
tuba*~iro,تُبَذِّرْ,1,1,1
tuboqiY,تُبْقِى,1,1,1
tudiyru,تُدِيرُ,1,1,1
tufa`du,تُفَٰدُ,1,1,1
tufan~idu,تُفَنِّدُ,1,1,1
tufat~aHu,تُفَتَّحُ,1,1,1
tugomiDu,تُغْمِضُ,1,1,1
tukowaY`,تُكْوَىٰ,1,1,1
tumaAri,تُمَارِ,1,1,1
tumosu,تُمْسُ,1,1,1
tuqaY`p,تُقَىٰة,1,1,1
tuqolabu,تُقْلَبُ,1,1,1
turiyHu,تُرِيحُ,1,1,1
turohibu,تُرْهِبُ,1,1,1
tusa`qiTo,تُسَٰقِطْ,1,1,1
tusaw~aY`,تُسَوَّىٰ,1,1,1
tusiymu,تُسِيمُ,1,1,1
tuwEidu,تُوعِدُ,1,1,1
tuwaq~iru,تُوَقِّرُ,1,1,1
tuwru,تُورُ,1,1,1
tuxaAfito,تُخَافِتْ,1,1,1
tuxaAliTu,تُخَالِطُ,1,1,1
t~aEaf~uf,تَّعَفُّف,1,1,1
t~a`^}ibuwn,تَّٰ^ئِبُون,1,1,1
t~a`liya`t,تَّٰلِيَٰت,1,1,1
t~agaAbun,تَّغَابُن,1,1,1
t~aholukap,تَّهْلُكَة,1,1,1
t~alaAq,تَّلَاق,1,1,1
t~anaAd,تَّنَاد,1,1,1
t~anaAwu$,تَّنَاوُش,1,1,1
t~aqoriDu,تَّقْرِضُ,1,1,1
t~araA^}ib,تَّرَا^ئِب,1,1,1
t~araAqiY,تَّرَاقِى,1,1,1
t~awob,تَّوْب,1,1,1
t~aza`waru,تَّزَٰوَرُ,1,1,1
t~iyn,تِّين,1,1,1
t~uraAv,تُّرَاث,1,1,1
vaAmin,ثَامِن,1,1,1
vaAwiy,ثَاوِي,1,1,1
vab~aTa,ثَبَّطَ,1,1,1
vaj~aAj,ثَجَّاج,1,1,1
vama`niY,ثَمَٰنِى,1,1,1
vama`niyn,ثَمَٰنِين,1,1,1
vamarap,ثَمَرَة,1,1,1
vay~iba`t,ثَيِّبَٰت,1,1,1
vubaAt,ثُبَات,1,1,1
vubuwt,ثُبُوت,1,1,1
vuw~iba,ثُوِّبَ,1,1,1
v~aAlivap,ثَّالِثَة,1,1,1
v~araY`,ثَّرَىٰ,1,1,1
v~umun,ثُّمُن,1,1,1
waAdiy,وَادِي,1,1,1
waAhiyap,وَاهِيَة,1,1,1
waAjifap,وَاجِفَة,1,1,1
waAl,وَال,1,1,1
waAvaqa,وَاثَقَ,1,1,1
waHiyd,وَحِيد,1,1,1
waSiyd,وَصِيد,1,1,1
waSiylap,وَصِيلَة,1,1,1
waSof,وَصْف,1,1,1
waS~alo,وَصَّلْ,1,1,1
waTo_#,وَطْـ#,1,1,1
wa`EiZiyn,وَٰعِظِين,1,1,1
wa`Eiyap,وَٰعِيَة,1,1,1
wa`lida`t,وَٰلِدَٰت,1,1,1
wabiyl,وَبِيل,1,1,1
wad~,وَدّ,1,1,1
wad~aEa,وَدَّعَ,1,1,1
wafod,وَفْد,1,1,1
wah~aAj,وَهَّاج,1,1,1
wajabato,وَجَبَتْ,1,1,1
wajilap,وَجِلَة,1,1,1
wajiluwn,وَجِلُون,1,1,1
wakaza,وَكَزَ,1,1,1
waliyjap,وَلِيجَة,1,1,1
waqaAr,وَقَار,1,1,1
waqaba,وَقَبَ,1,1,1
waqoEat,وَقْعَت,1,1,1
waraqap,وَرَقَة,1,1,1
wariq,وَرِق,1,1,1
wariyd,وَرِيد,1,1,1
warodap,وَرْدَة,1,1,1
wasaT,وَسَط,1,1,1
wasaTo,وَسَطْ,1,1,1
wasaqa,وَسَقَ,1,1,1
wasowaAs,وَسْوَاس,1,1,1
watiyn,وَتِين,1,1,1
wator,وَتْر,1,1,1
wazar,وَزَر,1,1,1
wifaAq,وِفَاق,1,1,1
wijohap,وِجْهَة,1,1,1
wiqor,وِقْر,1,1,1
wuHuw$,وُحُوش,1,1,1
wud~,وُدّ,1,1,1
wujod,وُجْد,1,1,1
wusoTaY`,وُسْطَىٰ,1,1,1
xa*uwl,خَذُول,1,1,1
xaA^S~ap,خَا^صَّة,1,1,1
xaA^}iDiyn,خَا^ئِضِين,1,1,1
xaA^}ibiyn,خَا^ئِبِين,1,1,1
xaAfiDap,خَافِضَة,1,1,1
xaAfiyap,خَافِيَة,1,1,1
xaAliyap,خَالِيَة,1,1,1
xaAsirap,خَاسِرَة,1,1,1
xaAtam,خَاتَم,1,1,1
xaDir,خَضِر,1,1,1
xaSaASap,خَصَاصَة,1,1,1
xaSimuwn,خَصِمُون,1,1,1
xaTofap,خَطْفَة,1,1,1
xa`DiEiyn,خَٰضِعِين,1,1,1
xa`diE,خَٰدِع,1,1,1
xa`lifiyn,خَٰلِفِين,1,1,1
xa`ziniyn,خَٰزِنِين,1,1,1
xabato,خَبَتْ,1,1,1
xabo',خَبْء,1,1,1
xabuva,خَبُثَ,1,1,1
xad~,خَدّ,1,1,1
xalaSu,خَلَصُ,1,1,1
xalaTu,خَلَطُ,1,1,1
xal~u,خَلُّ,1,1,1
xamoT,خَمْط,1,1,1
xan~aAs,خَنَّاس,1,1,1
xaraAb,خَرَاب,1,1,1
xaraAj,خَرَاج,1,1,1
xar~a`Suwn,خَرَّٰصُون,1,1,1
xat~aAr,خَتَّار,1,1,1
xiTo_#,خِطْـ#,1,1,1
xiTobap,خِطْبَة,1,1,1
xilofap,خِلْفَة,1,1,1
xita`m,خِتَٰم,1,1,1
xiyaAT,خِيَاط,1,1,1
xiyaAm,خِيَام,1,1,1
xu$ub,خُشُب,1,1,1
xu$uwE,خُشُوع,1,1,1
xuboz,خُبْز,1,1,1
xulaTaA^',خُلَطَا^ء,1,1,1
xuluwd,خُلُود,1,1,1
xul~ap,خُلَّة,1,1,1
xul~ifu,خُلِّفُ,1,1,1
xumur,خُمُر,1,1,1
xumus,خُمُس,1,1,1
xun~as,خُنَّس,1,1,1
xuroTuwm,خُرْطُوم,1,1,1
ya$owiY,يَشْوِى,1,1,1
ya>olu,يَأْلُ,1,1,1
ya>oni,يَأْنِ,1,1,1
ya>otali,يَأْتَلِ,1,1,1
yaAbis,يَابِس,1,1,1
yaAquwt,يَاقُوت,1,1,1
yaEo$u,يَعْشُ,1,1,1
yaEoba&uA@,يَعْبَؤُا@,1,1,1
yaEokufu,يَعْكُفُ,1,1,1
yaEuwq,يَعُوق,1,1,1
yaHiDo,يَحِضْ,1,1,1
yaHiyfa,يَحِيفَ,1,1,1
yaHoTima,يَحْطِمَ,1,1,1
yaHomuwm,يَحْمُوم,1,1,1
yaHuwra,يَحُورَ,1,1,1
yaSoEadu,يَصْعَدُ,1,1,1
yaSoTarixu,يَصْطَرِخُ,1,1,1
yaSoduru,يَصْدُرُ,1,1,1
yaSorimu,يَصْرِمُ,1,1,1
yaS~aE~adu,يَصَّعَّدُ,1,1,1
yaS~ad~aEu,يَصَّدَّعُ,1,1,1
yaTiyru,يَطِيرُ,1,1,1
yaTohuro,يَطْهُرْ,1,1,1
yaTolubu,يَطْلُبُ,1,1,1
ya_#uwdu,يَـ#ُودُ,1,1,1
yabas,يَبَس,1,1,1
yabiytu,يَبِيتُ,1,1,1
yaboHavu,يَبْحَثُ,1,1,1
yadiynu,يَدِينُ,1,1,1
yadomagu,يَدْمَغُ,1,1,1
yadus~u,يَدُسُّ,1,1,1
yaforuTa,يَفْرُطَ,1,1,1
yafotariy,يَفْتَرِي,1,1,1
yafoturu,يَفْتُرُ,1,1,1
yagoliY,يَغْلِى,1,1,1
yagotab,يَغْتَب,1,1,1
yaguwSu,يَغُوصُ,1,1,1
yaguwv,يَغُوث,1,1,1
yahiymu,يَهِيمُ,1,1,1
yahojaEu,يَهْجَعُ,1,1,1
yajomaHu,يَجْمَحُ,1,1,1
yajur~u,يَجُرُّ,1,1,1
yakola&u,يَكْلَؤُ,1,1,1
yalito,يَلِتْ,1,1,1
yalofiZu,يَلْفِظُ,1,1,1
yalu,يَلُ,1,1,1
yamohadu,يَمْهَدُ,1,1,1
yamuwju,يَمُوجُ,1,1,1
yanoE,يَنْع,1,1,1
yanoEiqu,يَنْعِقُ,1,1,1
yanqaD~a,يَنقَضَّ,1,1,1
yaqoTiyn,يَقْطِين,1,1,1
yaqoturu,يَقْتُرُ,1,1,1
yaro$udu,يَرْشُدُ,1,1,1
yarokuma,يَرْكُمَ,1,1,1
yarotaEo,يَرْتَعْ,1,1,1
yarotaqu,يَرْتَقُ,1,1,1
yasoTu,يَسْطُ,1,1,1
yasoTuru,يَسْطُرُ,1,1,1
yasobitu,يَسْبِتُ,1,1,1
yasolubo,يَسْلُبْ,1,1,1
yasori,يَسْرِ,1,1,1
yasotaHosiru,يَسْتَحْسِرُ,1,1,1
yasotaSorixu,يَسْتَصْرِخُ,1,1,1
yasotan[biTu,يَسْتَن[بِطُ,1,1,1
yasotan[bi_#u,يَسْتَن[بِـ#ُ,1,1,1
yasotankiHa,يَسْتَنكِحَ,1,1,1
yasotanqi*u,يَسْتَنقِذُ,1,1,1
yasotasoxiru,يَسْتَسْخِرُ,1,1,1
yasotavonu,يَسْتَثْنُ,1,1,1
yasotawofu,يَسْتَوْفُ,1,1,1
yas~am~aEu,يَسَّمَّعُ,1,1,1
yataHaA^j~u,يَتَحَا^جُّ,1,1,1
yataHaAkamu,يَتَحَاكَمُ,1,1,1
yatafaD~ala,يَتَفَضَّلَ,1,1,1
yatafaj~aru,يَتَفَجَّرُ,1,1,1
yatafaq~ahu,يَتَفَقَّهُ,1,1,1
yatafay~a&uA@,يَتَفَيَّؤُا@,1,1,1
yatagaAmazu,يَتَغَامَزُ,1,1,1
yatagay~aro,يَتَغَيَّرْ,1,1,1
yatajan~abu,يَتَجَنَّبُ,1,1,1
yatajar~aEu,يَتَجَرَّعُ,1,1,1
yatalaT~afo,يَتَلَطَّفْ,1,1,1
yatala`wamu,يَتَلَٰوَمُ,1,1,1
yatamaT~aY`^,يَتَمَطَّىٰ^,1,1,1
yatanaAfasi,يَتَنَافَسِ,1,1,1
yatanaAha,يَتَنَاهَ,1,1,1
yataraAjaEa,يَتَرَاجَعَ,1,1,1
yatarad~adu,يَتَرَدَّدُ,1,1,1
yatasal~alu,يَتَسَلَّلُ,1,1,1
yatasan~aho,يَتَسَنَّهْ,1,1,1
yataxab~aTu,يَتَخَبَّطُ,1,1,1
yataxal~afu,يَتَخَلَّفُ,1,1,1
yatira,يَتِرَ,1,1,1
yatiyhu,يَتِيهُ,1,1,1
yat~aki_#u,يَتَّكِـ#ُ,1,1,1
yavonu,يَثْنُ,1,1,1
yavorib,يَثْرِب,1,1,1
yaxo*ulo,يَخْذُلْ,1,1,1
yazif~u,يَزِفُّ,1,1,1
yu&olu,يُؤْلُ,1,1,1
yu&ovaru,يُؤْثَرُ,1,1,1
yuDa`hi_#u,يُضَٰهِـ#ُ,1,1,1
yuDay~ifu,يُضَيِّفُ,1,1,1
yuEoZimo,يُعْظِمْ,1,1,1
yuHofi,يُحْفِ,1,1,1
yuHomaY`,يُحْمَىٰ,1,1,1
yuHomadu,يُحْمَدُ,1,1,1
yuSad~aEu,يُصَدَّعُ,1,1,1
yuSoHabu,يُصْحَبُ,1,1,1
yuSodira,يُصْدِرَ,1,1,1
yuSoharu,يُصْهَرُ,1,1,1
yuTaw~aqu,يُطَوَّقُ,1,1,1
yuTiyqu,يُطِيقُ,1,1,1
yuToliEa,يُطْلِعَ,1,1,1
yubaS~aru,يُبَصَّرُ,1,1,1
yubaT~i}a,يُبَطِّئَ,1,1,1
yubat~iku,يُبَتِّكُ,1,1,1
yubiynu,يُبِينُ,1,1,1
yubolisu,يُبْلِسُ,1,1,1
yuda`fiEu,يُدَٰفِعُ,1,1,1
yufat~aru,يُفَتَّرُ,1,1,1
yugaAvu,يُغَاثُ,1,1,1
yugaAvu2,يُغَاثُ2,1,1,1
yujaAwiru,يُجَاوِرُ,1,1,1
yujan~abu,يُجَنَّبُ,1,1,1
yujobaY`^,يُجْبَىٰ^,1,1,1
yumas~iku,يُمَسِّكُ,1,1,1
yuna$~a&uA@,يُنَشَّؤُا@,1,1,1
yuna`ziEu,يُنَٰزِعُ,1,1,1
yunfa,يُنفَ,1,1,1
yunogiDu,يُنْغِضُ,1,1,1
yuqal~ilu,يُقَلِّلُ,1,1,1
yuqoSiru,يُقْصِرُ,1,1,1
yuroDiEo,يُرْضِعْ,1,1,1
yusiygu,يُسِيغُ,1,1,1
yusoHita,يُسْحِتَ,1,1,1
yusojaru,يُسْجَرُ,1,1,1
yusominu,يُسْمِنُ,1,1,1
yuwSiy,يُوصِي,1,1,1
yuwaATi_#u,يُوَاطِـ#ُ,1,1,1
yuwaf~iqi,يُوَفِّقِ,1,1,1
yuwbiqo,يُوبِقْ,1,1,1
yuwfiDu,يُوفِضُ,1,1,1
yuwqiEa,يُوقِعَ,1,1,1
yuwviqu,يُوثِقُ,1,1,1
yuxay~alu,يُخَيَّلُ,1,1,1
yuxoribu,يُخْرِبُ,1,1,1
yuzoliqu,يُزْلِقُ,1,1,1
zaAhiq,زَاهِق,1,1,1
zaHof,زَحْف,1,1,1
zahorap,زَهْرَة,1,1,1
zahuwq,زَهُوق,1,1,1
zajor,زَجْر,1,1,1
zakaY`,زَكَىٰ,1,1,1
zakiy~,زَكِيّ,1,1,1
zakiy~ap,زَكِيَّة,1,1,1
zalaq,زَلَق,1,1,1
zalozalap,زَلْزَلَة,1,1,1
zamohariyr,زَمْهَرِير,1,1,1
zaniym,زَنِيم,1,1,1
zanjabiyl,زَنجَبِيل,1,1,1
zaraAbiY~,زَرَابِىّ,1,1,1
zawaAl,زَوَال,1,1,1
zayod,زَيْد,1,1,1
zayog,زَيْغ,1,1,1
zayot,زَيْت,1,1,1
zayotuwnap,زَيْتُونَة,1,1,1
zay~alo,زَيَّلْ,1,1,1
zuHoziHa,زُحْزِحَ,1,1,1
zubar,زُبَر,1,1,1
zuro,زُرْ,1,1,1
zuroq,زُرْق,1,1,1
z~aAd,زَّاد,1,1,1
z~a`hidiyn,زَّٰهِدِين,1,1,1
z~a`jira`t,زَّٰجِرَٰت,1,1,1
z~a`riEuwn,زَّٰرِعُون,1,1,1
z~abaAniyap,زَّبَانِيَة,1,1,1
z~inaY`^,زِّنَىٰ^,1,1,1
z~ur~aAE,زُّرَّاع,1,1,1
{$oma>az~ato,ٱشْمَأَزَّتْ,1,1,1
{$otaEala,ٱشْتَعَلَ,1,1,1
{$otad~ato,ٱشْتَدَّتْ,1,1,1
{&otumina,ٱؤْتُمِنَ,1,1,1
{Eotabiru,ٱعْتَبِرُ,1,1,1
{Eotamara,ٱعْتَمَرَ,1,1,1
{EotaraY`,ٱعْتَرَىٰ,1,1,1
{Eotilu,ٱعْتِلُ,1,1,1
{Hotaraqato,ٱحْتَرَقَتْ,1,1,1
{SoTaAdu,ٱصْطَادُ,1,1,1
{SoTanaEo,ٱصْطَنَعْ,1,1,1
{SodaEo,ٱصْدَعْ,1,1,1
{ToraHu,ٱطْرَحُ,1,1,1
{bolaEi,ٱبْلَعِ,1,1,1
{botadaEu,ٱبْتَدَعُ,1,1,1
{d~a`ra`#o,ٱدَّٰرَٰ#ْ,1,1,1
{d~akara,ٱدَّكَرَ,1,1,1
{gosilu,ٱغْسِلُ,1,1,1
{gotarafa,ٱغْتَرَفَ,1,1,1
{jonubo,ٱجْنُبْ,1,1,1
{jotaraHu,ٱجْتَرَحُ,1,1,1
{jotuv~ato,ٱجْتُثَّتْ,1,1,1
{kotataba,ٱكْتَتَبَ,1,1,1
{ll~a`t,ٱللَّٰت,1,1,1
{loEuz~aY`,ٱلْعُزَّىٰ,1,1,1
{loga,ٱلْغَ,1,1,1
{lotaf~ati,ٱلْتَفَّتِ,1,1,1
{lotamisu,ٱلْتَمِسُ,1,1,1
{lotaqama,ٱلْتَقَمَ,1,1,1
{mora>,ٱمْرَأ,1,1,1
{moru&NA,ٱمْرُؤٌا,1,1,1
{mota`zu,ٱمْتَٰزُ,1,1,1
{motala>o,ٱمْتَلَأْ,1,1,1
{nSarafu,ٱنصَرَفُ,1,1,1
{n[baEava,ٱن[بَعَثَ,1,1,1
{n[bajasato,ٱن[بَجَسَتْ,1,1,1
{nbiEaAv,ٱنبِعَاث,1,1,1
{nfaTarato,ٱنفَطَرَتْ,1,1,1
{nfajarato,ٱنفَجَرَتْ,1,1,1
{nfalaqa,ٱنفَلَقَ,1,1,1
{nfiSaAm,ٱنفِصَام,1,1,1
{nkadarato,ٱنكَدَرَتْ,1,1,1
{noHaro,ٱنْحَرْ,1,1,1
{nohaAra,ٱنْهَارَ,1,1,1
{ntavarato,ٱنتَثَرَتْ,1,1,1
{qoSido,ٱقْصِدْ,1,1,1
{qotaHama,ٱقْتَحَمَ,1,1,1
{qotadiho,ٱقْتَدِهْ,1,1,1
{sotaEoSama,ٱسْتَعْصَمَ,1,1,1
{sotaEolaY`,ٱسْتَعْلَىٰ,1,1,1
{sotaEomara,ٱسْتَعْمَرَ,1,1,1
{sotaToEama,ٱسْتَطْعَمَ,1,1,1
{sotagolaZa,ٱسْتَغْلَظَ,1,1,1
{sotahowato,ٱسْتَهْوَتْ,1,1,1
{sotajaAra,ٱسْتَجَارَ,1,1,1
{sotaqar~a,ٱسْتَقَرَّ,1,1,1
{sotaraqa,ٱسْتَرَقَ,1,1,1
{sotarohabu,ٱسْتَرْهَبُ,1,1,1
{sotawoqada,ٱسْتَوْقَدَ,1,1,1
{sotazal~a,ٱسْتَزَلَّ,1,1,1
{sotiEojaAl,ٱسْتِعْجَال,1,1,1
{sotiHoyaA^',ٱسْتِحْيَا^ء,1,1,1
{sotibodaAl,ٱسْتِبْدَال,1,1,1
{sotigofaAr,ٱسْتِغْفَار,1,1,1
{sotuHofiZu,ٱسْتُحْفِظُ,1,1,1
{t~asaqa,ٱتَّسَقَ,1,1,1
{t~ixaA*,ٱتِّخَاذ,1,1,1
{vobutu,ٱثْبُتُ,1,1,1
{v~aAqalo,ٱثَّاقَلْ,1,1,1
{xolaEo,ٱخْلَعْ,1,1,1
{xosa_#u,ٱخْسَـ#ُ,1,1,1
{xotila`q,ٱخْتِلَٰق,1,1,1
{zodujira,ٱزْدُجِرَ,1,1,1
{z~ay~anato,ٱزَّيَّنَتْ,1,1,1
