surah,ayah,tanzil_word_count,qac_word_count,delta_tanzil_minus_qac,status,qac_to_tanzil_word_offset
1,1,4,4,0,count_match,0
1,2,4,4,0,count_match,0
1,3,2,2,0,count_match,0
1,4,3,3,0,count_match,0
1,5,4,4,0,count_match,0
1,6,3,3,0,count_match,0
1,7,9,9,0,count_match,0
2,1,5,1,4,basmala_offset,4
2,2,7,7,0,count_match,0
2,3,8,8,0,count_match,0
2,4,12,12,0,count_match,0
2,5,8,8,0,count_match,0
2,6,11,11,0,count_match,0
2,7,12,12,0,count_match,0
2,8,11,11,0,count_match,0
2,9,10,10,0,count_match,0
2,10,12,12,0,count_match,0
2,11,11,11,0,count_match,0
2,12,7,7,0,count_match,0
2,13,19,19,0,count_match,0
2,14,16,16,0,count_match,0
2,15,7,7,0,count_match,0
2,16,11,11,0,count_match,0
2,17,17,17,0,count_match,0
2,18,6,6,0,count_match,0
2,19,19,19,0,count_match,0
2,20,25,25,0,count_match,0
2,21,11,11,0,count_match,0
2,22,23,23,0,count_match,0
2,23,20,20,0,count_match,0
2,24,13,13,0,count_match,0
2,25,34,34,0,count_match,0
2,26,39,39,0,count_match,0
2,27,20,20,0,count_match,0
2,28,13,13,0,count_match,0
2,29,19,19,0,count_match,0
2,30,28,28,0,count_match,0
2,31,15,15,0,count_match,0
2,32,12,12,0,count_match,0
2,33,22,22,0,count_match,0
2,34,13,13,0,count_match,0
2,35,18,18,0,count_match,0
2,36,19,19,0,count_match,0
2,37,11,11,0,count_match,0
2,38,17,17,0,count_match,0
2,39,10,10,0,count_match,0
2,40,13,13,0,count_match,0
2,41,18,18,0,count_match,0
2,42,8,8,0,count_match,0
2,43,7,7,0,count_match,0
2,44,10,10,0,count_match,0
2,45,8,8,0,count_match,0
2,46,8,8,0,count_match,0
2,47,11,11,0,count_match,0
2,48,19,19,0,count_match,0
2,49,18,18,0,count_match,0
2,50,10,10,0,count_match,0
2,51,12,12,0,count_match,0
2,52,8,8,0,count_match,0
2,53,7,7,0,count_match,0
2,54,26,26,0,count_match,0
2,55,14,14,0,count_match,0
2,56,7,7,0,count_match,0
2,57,18,18,0,count_match,0
2,58,20,20,0,count_match,0
2,59,18,18,0,count_match,0
2,60,28,28,0,count_match,0
2,61,59,59,0,count_match,0
2,62,24,24,0,count_match,0
2,63,15,15,0,count_match,0
2,64,13,13,0,count_match,0
2,65,12,12,0,count_match,0
2,66,9,9,0,count_match,0
2,67,20,20,0,count_match,0
2,68,23,23,0,count_match,0
2,69,18,18,0,count_match,0
2,70,17,17,0,count_match,0
2,71,24,24,0,count_match,0
2,72,10,10,0,count_match,0
2,73,11,11,0,count_match,0
2,74,37,37,0,count_match,0
2,75,19,19,0,count_match,0
2,76,23,23,0,count_match,0
2,77,9,9,0,count_match,0
2,78,11,11,0,count_match,0
2,79,24,24,0,count_match,0
2,80,23,23,0,count_match,0
2,81,13,13,0,count_match,0
2,82,10,10,0,count_match,0
2,83,29,29,0,count_match,0
2,84,15,15,0,count_match,0
2,85,49,49,0,count_match,0
2,86,13,13,0,count_match,0
2,87,28,28,0,count_match,0
2,88,10,10,0,count_match,0
2,89,26,26,0,count_match,0
2,90,27,27,0,count_match,0
2,91,30,30,0,count_match,0
2,92,11,11,0,count_match,0
2,93,27,27,0,count_match,0
2,94,17,17,0,count_match,0
2,95,9,9,0,count_match,0
2,96,25,25,0,count_match,0
2,97,18,18,0,count_match,0
2,98,12,12,0,count_match,0
2,99,10,10,0,count_match,0
2,100,10,10,0,count_match,0
2,101,22,22,0,count_match,0
2,102,74,74,0,count_match,0
2,103,12,12,0,count_match,0
2,104,12,12,0,count_match,0
2,105,25,25,0,count_match,0
2,106,19,19,0,count_match,0
2,107,17,17,0,count_match,0
2,108,18,18,0,count_match,0
2,109,33,33,0,count_match,0
2,110,17,17,0,count_match,0
2,111,18,18,0,count_match,0
2,112,17,17,0,count_match,0
2,113,31,31,0,count_match,0
2,114,30,30,0,count_match,0
2,115,12,12,0,count_match,0
2,116,14,14,0,count_match,0
2,117,11,11,0,count_match,0
2,118,24,24,0,count_match,0
2,119,10,10,0,count_match,0
2,120,31,31,0,count_match,0
2,121,15,15,0,count_match,0
2,122,11,11,0,count_match,0
2,123,18,18,0,count_match,0
2,124,19,19,0,count_match,0
2,125,22,22,0,count_match,0
2,126,30,30,0,count_match,0
2,127,14,14,0,count_match,0
2,128,17,17,0,count_match,0
2,129,16,16,0,count_match,0
2,130,18,18,0,count_match,0
2,131,9,9,0,count_match,0
2,132,16,16,0,count_match,0
2,133,27,27,0,count_match,0
2,134,15,15,0,count_match,0
2,135,15,15,0,count_match,0
2,136,31,31,0,count_match,0
2,137,19,19,0,count_match,0
2,138,10,10,0,count_match,0
2,139,14,14,0,count_match,0
2,140,30,30,0,count_match,0
2,141,15,15,0,count_match,0
2,142,21,21,0,count_match,0
2,143,45,45,0,count_match,0
2,144,34,34,0,count_match,0
2,145,32,32,0,count_match,0
2,146,14,14,0,count_match,0
2,147,7,7,0,count_match,0
2,148,19,19,0,count_match,0
2,149,17,17,0,count_match,0
2,150,31,31,0,count_match,0
2,151,17,17,0,count_match,0
2,152,6,6,0,count_match,0
2,153,10,10,0,count_match,0
2,154,13,13,0,count_match,0
2,155,12,12,0,count_match,0
2,156,10,10,0,count_match,0
2,157,9,9,0,count_match,0
2,158,24,24,0,count_match,0
2,159,20,20,0,count_match,0
2,160,11,11,0,count_match,0
2,161,13,13,0,count_match,0
2,162,9,9,0,count_match,0
2,163,9,9,0,count_match,0
2,164,43,43,0,count_match,0
2,165,31,31,0,count_match,0
2,166,12,12,0,count_match,0
2,167,23,23,0,count_match,0
2,168,16,16,0,count_match,0
2,169,11,11,0,count_match,0
2,170,22,22,0,count_match,0
2,171,18,18,0,count_match,0
2,172,14,14,0,count_match,0
2,173,25,25,0,count_match,0
2,174,29,29,0,count_match,0
2,175,11,11,0,count_match,0
2,176,14,14,0,count_match,0
2,177,51,51,0,count_match,0
2,178,37,37,0,count_match,0
2,179,8,8,0,count_match,0
2,180,16,16,0,count_match,0
2,181,14,13,1,tokenization_difference,
2,182,16,16,0,count_match,0
2,183,14,14,0,count_match,0
2,184,32,32,0,count_match,0
2,185,44,44,0,count_match,0
2,186,17,17,0,count_match,0
2,187,65,65,0,count_match,0
2,188,17,17,0,count_match,0
2,189,27,27,0,count_match,0
2,190,13,13,0,count_match,0
2,191,25,25,0,count_match,0
2,192,6,6,0,count_match,0
2,193,15,15,0,count_match,0
2,194,22,22,0,count_match,0
2,195,14,14,0,count_match,0
2,196,73,73,0,count_match,0
2,197,29,29,0,count_match,0
2,198,26,26,0,count_match,0
2,199,12,12,0,count_match,0
2,200,24,24,0,count_match,0
2,201,14,14,0,count_match,0
2,202,8,8,0,count_match,0
2,203,25,25,0,count_match,0
2,204,17,17,0,count_match,0
2,205,14,14,0,count_match,0
2,206,12,12,0,count_match,0
2,207,11,11,0,count_match,0
2,208,15,15,0,count_match,0
2,209,12,12,0,count_match,0
2,210,17,17,0,count_match,0
2,211,20,20,0,count_match,0
2,212,20,20,0,count_match,0
2,213,49,49,0,count_match,0
2,214,30,30,0,count_match,0
2,215,22,22,0,count_match,0
2,216,25,25,0,count_match,0
2,217,57,57,0,count_match,0
2,218,16,16,0,count_match,0
2,219,26,26,0,count_match,0
2,220,26,26,0,count_match,0
2,221,39,39,0,count_match,0
2,222,27,27,0,count_match,0
2,223,16,16,0,count_match,0
2,224,14,14,0,count_match,0
2,225,14,14,0,count_match,0
2,226,13,13,0,count_match,0
2,227,7,7,0,count_match,0
2,228,40,40,0,count_match,0
2,229,46,46,0,count_match,0
2,230,30,30,0,count_match,0
2,231,45,45,0,count_match,0
2,232,33,33,0,count_match,0
2,233,64,64,0,count_match,0
2,234,25,25,0,count_match,0
2,235,47,47,0,count_match,0
2,236,25,25,0,count_match,0
2,237,35,35,0,count_match,0
2,238,8,8,0,count_match,0
2,239,15,15,0,count_match,0
2,240,27,27,0,count_match,0
2,241,6,6,0,count_match,0
2,242,7,7,0,count_match,0
2,243,28,28,0,count_match,0
2,244,9,9,0,count_match,0
2,245,16,16,0,count_match,0
2,246,54,54,0,count_match,0
2,247,43,43,0,count_match,0
2,248,30,30,0,count_match,0
2,249,60,60,0,count_match,0
2,250,15,15,0,count_match,0
2,251,27,27,0,count_match,0
2,252,9,9,0,count_match,0
2,253,52,52,0,count_match,0
2,254,21,21,0,count_match,0
2,255,50,50,0,count_match,0
2,256,24,24,0,count_match,0
2,257,24,24,0,count_match,0
2,258,43,43,0,count_match,0
2,259,67,67,0,count_match,0
2,260,39,39,0,count_match,0
2,261,24,24,0,count_match,0
2,262,24,24,0,count_match,0
2,263,11,11,0,count_match,0
2,264,38,38,0,count_match,0
2,265,27,27,0,count_match,0
2,266,35,35,0,count_match,0
2,267,29,29,0,count_match,0
2,268,13,13,0,count_match,0
2,269,16,16,0,count_match,0
2,270,15,15,0,count_match,0
2,271,20,20,0,count_match,0
2,272,28,28,0,count_match,0
2,273,30,30,0,count_match,0
2,274,17,17,0,count_match,0
2,275,45,45,0,count_match,0
2,276,11,11,0,count_match,0
2,277,19,19,0,count_match,0
2,278,13,13,0,count_match,0
2,279,17,17,0,count_match,0
2,280,14,14,0,count_match,0
2,281,15,15,0,count_match,0
2,282,128,128,0,count_match,0
2,283,32,32,0,count_match,0
2,284,28,28,0,count_match,0
2,285,27,27,0,count_match,0
2,286,49,49,0,count_match,0
3,1,5,1,4,basmala_offset,4
3,2,7,7,0,count_match,0
3,3,11,11,0,count_match,0
3,4,18,18,0,count_match,0
3,5,11,11,0,count_match,0
3,6,13,13,0,count_match,0
3,7,46,46,0,count_match,0
3,8,15,15,0,count_match,0
3,9,13,13,0,count_match,0
3,10,16,16,0,count_match,0
3,11,14,14,0,count_match,0
3,12,9,9,0,count_match,0
3,13,29,29,0,count_match,0
3,14,24,24,0,count_match,0
3,15,24,24,0,count_match,0
3,16,11,11,0,count_match,0
3,17,6,6,0,count_match,0
3,18,18,18,0,count_match,0
3,19,26,26,0,count_match,0
3,20,26,26,0,count_match,0
3,21,18,18,0,count_match,0
3,22,11,11,0,count_match,0
3,23,20,20,0,count_match,0
3,24,15,15,0,count_match,0
3,25,15,15,0,count_match,0
3,26,25,25,0,count_match,0
3,27,21,21,0,count_match,0
3,28,27,27,0,count_match,0
3,29,22,22,0,count_match,0
3,30,26,26,0,count_match,0
3,31,14,14,0,count_match,0
3,32,11,11,0,count_match,0
3,33,11,11,0,count_match,0
3,34,7,7,0,count_match,0
3,35,18,18,0,count_match,0
3,36,24,24,0,count_match,0
3,37,34,34,0,count_match,0
3,38,15,15,0,count_match,0
3,39,20,20,0,count_match,0
3,40,17,17,0,count_match,0
3,41,20,20,0,count_match,0
3,42,12,12,0,count_match,0
3,43,7,7,0,count_match,0
3,44,20,20,0,count_match,0
3,45,20,20,0,count_match,0
3,46,7,7,0,count_match,0
3,47,23,23,0,count_match,0
3,48,5,5,0,count_match,0
3,49,45,45,0,count_match,0
3,50,19,19,0,count_match,0
3,51,8,8,0,count_match,0
3,52,20,20,0,count_match,0
3,53,9,9,0,count_match,0
3,54,6,6,0,count_match,0
3,55,30,30,0,count_match,0
3,56,13,13,0,count_match,0
3,57,11,11,0,count_match,0
3,58,7,7,0,count_match,0
3,59,15,15,0,count_match,0
3,60,7,7,0,count_match,0
3,61,25,25,0,count_match,0
3,62,15,15,0,count_match,0
3,63,6,6,0,count_match,0
3,64,31,31,0,count_match,0
3,65,15,15,0,count_match,0
3,66,19,19,0,count_match,0
3,67,14,14,0,count_match,0
3,68,13,13,0,count_match,0
3,69,13,13,0,count_match,0
3,70,8,8,0,count_match,0
3,71,10,10,0,count_match,0
3,72,17,17,0,count_match,0
3,73,32,32,0,count_match,0
3,74,8,8,0,count_match,0
3,75,36,36,0,count_match,0
3,76,9,9,0,count_match,0
3,77,27,27,0,count_match,0
3,78,29,29,0,count_match,0
3,79,28,28,0,count_match,0
3,80,13,13,0,count_match,0
3,81,33,33,0,count_match,0
3,82,7,7,0,count_match,0
3,83,14,14,0,count_match,0
3,84,29,29,0,count_match,0
3,85,13,13,0,count_match,0
3,86,18,18,0,count_match,0
3,87,9,9,0,count_match,0
3,88,9,9,0,count_match,0
3,89,11,11,0,count_match,0
3,90,14,14,0,count_match,0
3,91,24,24,0,count_match,0
3,92,15,15,0,count_match,0
3,93,24,24,0,count_match,0
3,94,11,11,0,count_match,0
3,95,11,11,0,count_match,0
3,96,10,10,0,count_match,0
3,97,25,25,0,count_match,0
3,98,12,12,0,count_match,0
3,99,19,19,0,count_match,0
3,100,14,14,0,count_match,0
3,101,17,17,0,count_match,0
3,102,12,12,0,count_match,0
3,103,34,34,0,count_match,0
3,104,14,14,0,count_match,0
3,105,14,14,0,count_match,0
3,106,17,17,0,count_match,0
3,107,10,10,0,count_match,0
3,108,11,11,0,count_match,0
3,109,11,11,0,count_match,0
3,110,23,23,0,count_match,0
3,111,11,11,0,count_match,0
3,112,35,35,0,count_match,0
3,113,14,14,0,count_match,0
3,114,15,15,0,count_match,0
3,115,9,9,0,count_match,0
3,116,18,18,0,count_match,0
3,117,23,23,0,count_match,0
3,118,30,30,0,count_match,0
3,119,27,27,0,count_match,0
3,120,21,21,0,count_match,0
3,121,11,11,0,count_match,0
3,122,12,12,0,count_match,0
3,123,10,10,0,count_match,0
3,124,13,13,0,count_match,0
3,125,15,15,0,count_match,0
3,126,17,17,0,count_match,0
3,127,9,9,0,count_match,0
3,128,12,12,0,count_match,0
3,129,16,16,0,count_match,0
3,130,12,12,0,count_match,0
3,131,5,5,0,count_match,0
3,132,5,5,0,count_match,0
3,133,11,11,0,count_match,0
3,134,13,13,0,count_match,0
3,135,23,23,0,count_match,0
3,136,15,15,0,count_match,0
3,137,13,13,0,count_match,0
3,138,6,6,0,count_match,0
3,139,9,9,0,count_match,0
3,140,24,24,0,count_match,0
3,141,6,6,0,count_match,0
3,142,13,13,0,count_match,0
3,143,12,12,0,count_match,0
3,144,27,27,0,count_match,0
3,145,24,24,0,count_match,0
3,146,21,21,0,count_match,0
3,147,19,19,0,count_match,0
3,148,10,10,0,count_match,0
3,149,12,12,0,count_match,0
3,150,6,6,0,count_match,0
3,151,19,19,0,count_match,0
3,152,40,40,0,count_match,0
3,153,25,25,0,count_match,0
3,154,75,75,0,count_match,0
3,155,21,21,0,count_match,0
3,156,36,36,0,count_match,0
3,157,14,14,0,count_match,0
3,158,7,7,0,count_match,0
3,159,30,30,0,count_match,0
3,160,18,18,0,count_match,0
3,161,21,21,0,count_match,0
3,162,13,13,0,count_match,0
3,163,8,8,0,count_match,0
3,164,25,25,0,count_match,0
3,165,20,20,0,count_match,0
3,166,9,9,0,count_match,0
3,167,33,33,0,count_match,0
3,168,16,16,0,count_match,0
3,169,13,13,0,count_match,0
3,170,19,19,0,count_match,0
3,171,11,11,0,count_match,0
3,172,15,15,0,count_match,0
3,173,17,17,0,count_match,0
3,174,15,15,0,count_match,0
3,175,11,11,0,count_match,0
3,176,22,22,0,count_match,0
3,177,12,12,0,count_match,0
3,178,17,17,0,count_match,0
3,179,36,36,0,count_match,0
3,180,30,30,0,count_match,0
3,181,22,22,0,count_match,0
3,182,9,9,0,count_match,0
3,183,28,28,0,count_match,0
3,184,12,12,0,count_match,0
3,185,23,23,0,count_match,0
3,186,24,24,0,count_match,0
3,187,21,21,0,count_match,0
3,188,20,20,0,count_match,0
3,189,9,9,0,count_match,0
3,190,11,11,0,count_match,0
3,191,21,21,0,count_match,0
3,192,11,11,0,count_match,0
3,193,20,20,0,count_match,0
3,194,14,14,0,count_match,0
3,195,43,43,0,count_match,0
3,196,7,7,0,count_match,0
3,197,7,7,0,count_match,0
3,198,21,21,0,count_match,0
3,199,30,30,0,count_match,0
3,200,10,10,0,count_match,0
4,1,32,28,4,basmala_offset,4
4,2,16,16,0,count_match,0
4,3,28,28,0,count_match,0
4,4,14,14,0,count_match,0
4,5,16,16,0,count_match,0
4,6,37,37,0,count_match,0
4,7,19,19,0,count_match,0
4,8,13,13,0,count_match,0
4,9,15,15,0,count_match,0
4,10,13,13,0,count_match,0
4,11,71,71,0,count_match,0
4,12,88,88,0,count_match,0
4,13,18,18,0,count_match,0
4,14,13,13,0,count_match,0
4,15,22,22,0,count_match,0
4,16,14,14,0,count_match,0
4,17,20,20,0,count_match,0
4,18,24,24,0,count_match,0
4,19,34,34,0,count_match,0
4,20,17,17,0,count_match,0
4,21,11,11,0,count_match,0
4,22,17,17,0,count_match,0
4,23,54,54,0,count_match,0
4,24,42,42,0,count_match,0
4,25,58,58,0,count_match,0
4,26,14,14,0,count_match,0
4,27,13,13,0,count_match,0
4,28,8,8,0,count_match,0
4,29,23,23,0,count_match,0
4,30,13,13,0,count_match,0
4,31,12,12,0,count_match,0
4,32,27,27,0,count_match,0
4,33,19,19,0,count_match,0
4,34,40,40,0,count_match,0
4,35,22,22,0,count_match,0
4,36,32,32,0,count_match,0
4,37,15,15,0,count_match,0
4,38,18,18,0,count_match,0
4,39,15,15,0,count_match,0
4,40,15,15,0,count_match,0
4,41,12,12,0,count_match,0
4,42,14,14,0,count_match,0
4,43,48,48,0,count_match,0
4,44,14,14,0,count_match,0
4,45,9,9,0,count_match,0
4,46,38,38,0,count_match,0
4,47,28,28,0,count_match,0
4,48,20,20,0,count_match,0
4,49,14,14,0,count_match,0
4,50,10,10,0,count_match,0
4,51,20,20,0,count_match,0
4,52,11,11,0,count_match,0
4,53,10,10,0,count_match,0
4,54,18,18,0,count_match,0
4,55,11,11,0,count_match,0
4,56,20,20,0,count_match,0
4,57,20,20,0,count_match,0
4,58,25,25,0,count_match,0
4,59,28,28,0,count_match,0
4,60,30,30,0,count_match,0
4,61,15,15,0,count_match,0
4,62,16,16,0,count_match,0
4,63,16,16,0,count_match,0
4,64,23,23,0,count_match,0
4,65,19,19,0,count_match,0
4,66,27,27,0,count_match,0
4,67,6,6,0,count_match,0
4,68,3,3,0,count_match,0
4,69,18,18,0,count_match,0
4,70,7,7,0,count_match,0
4,71,10,10,0,count_match,0
4,72,17,17,0,count_match,0
4,73,18,18,0,count_match,0
4,74,21,21,0,count_match,0
4,75,31,31,0,count_match,0
4,76,20,20,0,count_match,0
4,77,48,48,0,count_match,0
4,78,36,36,0,count_match,0
4,79,18,18,0,count_match,0
4,80,12,12,0,count_match,0
4,81,24,24,0,count_match,0
4,82,13,13,0,count_match,0
4,83,30,30,0,count_match,0
4,84,22,22,0,count_match,0
4,85,22,22,0,count_match,0
4,86,15,15,0,count_match,0
4,87,17,17,0,count_match,0
4,88,22,22,0,count_match,0
4,89,28,28,0,count_match,0
4,90,36,36,0,count_match,0
4,91,32,32,0,count_match,0
4,92,60,60,0,count_match,0
4,93,16,16,0,count_match,0
4,94,39,39,0,count_match,0
4,95,33,33,0,count_match,0
4,96,8,8,0,count_match,0
4,97,27,27,0,count_match,0
4,98,12,12,0,count_match,0
4,99,10,10,0,count_match,0
4,100,31,31,0,count_match,0
4,101,23,23,0,count_match,0
4,102,62,62,0,count_match,0
4,103,20,20,0,count_match,0
4,104,22,22,0,count_match,0
4,105,15,15,0,count_match,0
4,106,7,7,0,count_match,0
4,107,14,14,0,count_match,0
4,108,21,21,0,count_match,0
4,109,18,18,0,count_match,0
4,110,13,13,0,count_match,0
4,111,11,11,0,count_match,0
4,112,14,14,0,count_match,0
4,113,33,33,0,count_match,0
4,114,26,26,0,count_match,0
4,115,20,20,0,count_match,0
4,116,20,20,0,count_match,0
4,117,11,11,0,count_match,0
4,118,8,8,0,count_match,0
4,119,21,21,0,count_match,0
4,120,7,7,0,count_match,0
4,121,7,7,0,count_match,0
4,122,21,21,0,count_match,0
4,123,20,20,0,count_match,0
4,124,16,16,0,count_match,0
4,125,17,17,0,count_match,0
4,126,12,12,0,count_match,0
4,127,40,40,0,count_match,0
4,128,29,29,0,count_match,0
4,129,22,22,0,count_match,0
4,130,11,11,0,count_match,0
4,131,32,32,0,count_match,0
4,132,10,10,0,count_match,0
4,133,12,12,0,count_match,0
4,134,14,14,0,count_match,0
4,135,37,37,0,count_match,0
4,136,28,28,0,count_match,0
4,137,20,20,0,count_match,0
4,138,6,6,0,count_match,0
4,139,14,14,0,count_match,0
4,140,33,33,0,count_match,0
4,141,36,36,0,count_match,0
4,142,19,19,0,count_match,0
4,143,16,16,0,count_match,0
4,144,17,17,0,count_match,0
4,145,11,11,0,count_match,0
4,146,18,18,0,count_match,0
4,147,11,11,0,count_match,0
4,148,14,14,0,count_match,0
4,149,14,14,0,count_match,0
4,150,22,22,0,count_match,0
4,151,8,8,0,count_match,0
4,152,17,17,0,count_match,0
4,153,37,37,0,count_match,0
4,154,19,19,0,count_match,0
4,155,22,22,0,count_match,0
4,156,6,6,0,count_match,0
4,157,34,34,0,count_match,0
4,158,8,8,0,count_match,0
4,159,14,14,0,count_match,0
4,160,14,14,0,count_match,0
4,161,14,14,0,count_match,0
4,162,26,26,0,count_match,0
4,163,25,25,0,count_match,0
4,164,14,14,0,count_match,0
4,165,15,15,0,count_match,0
4,166,13,13,0,count_match,0
4,167,11,11,0,count_match,0
4,168,12,12,0,count_match,0
4,169,11,11,0,count_match,0
4,170,23,23,0,count_match,0
4,171,53,53,0,count_match,0
4,172,18,18,0,count_match,0
4,173,26,26,0,count_match,0
4,174,11,11,0,count_match,0
4,175,15,15,0,count_match,0
4,176,50,50,0,count_match,0
5,1,27,23,4,basmala_offset,4
5,2,52,52,0,count_match,0
5,3,61,61,0,count_match,0
5,4,31,31,0,count_match,0
5,5,43,43,0,count_match,0
5,6,61,61,0,count_match,0
5,7,19,19,0,count_match,0
5,8,26,26,0,count_match,0
5,9,10,10,0,count_match,0
5,10,7,7,0,count_match,0
5,11,23,23,0,count_match,0
5,12,45,45,0,count_match,0
5,13,32,32,0,count_match,0
5,14,25,25,0,count_match,0
5,15,23,23,0,count_match,0
5,16,18,18,0,count_match,0
5,17,42,42,0,count_match,0
5,18,30,30,0,count_match,0
5,19,28,28,0,count_match,0
5,20,22,22,0,count_match,0
5,21,14,14,0,count_match,0
5,22,17,17,0,count_match,0
5,23,21,21,0,count_match,0
5,24,16,16,0,count_match,0
5,25,13,13,0,count_match,0
5,26,14,14,0,count_match,0
5,27,24,24,0,count_match,0
5,28,16,16,0,count_match,0
5,29,13,13,0,count_match,0
5,30,9,9,0,count_match,0
5,31,25,25,0,count_match,0
5,32,40,40,0,count_match,0
5,33,34,34,0,count_match,0
5,34,13,13,0,count_match,0
5,35,13,13,0,count_match,0
5,36,24,24,0,count_match,0
5,37,12,12,0,count_match,0
5,38,13,13,0,count_match,0
5,39,14,14,0,count_match,0
5,40,19,19,0,count_match,0
5,41,67,67,0,count_match,0
5,42,26,26,0,count_match,0
5,43,15,15,0,count_match,0
5,44,41,41,0,count_match,0
5,45,31,31,0,count_match,0
5,46,26,26,0,count_match,0
5,47,16,16,0,count_match,0
5,48,51,51,0,count_match,0
5,49,33,33,0,count_match,0
5,50,10,10,0,count_match,0
5,51,22,22,0,count_match,0
5,52,28,28,0,count_match,0
5,53,15,15,0,count_match,0
5,54,37,37,0,count_match,0
5,55,13,13,0,count_match,0
5,56,11,11,0,count_match,0
5,57,23,23,0,count_match,0
5,58,12,12,0,count_match,0
5,59,20,20,0,count_match,0
5,60,27,27,0,count_match,0
5,61,16,16,0,count_match,0
5,62,13,13,0,count_match,0
5,63,13,13,0,count_match,0
5,64,47,47,0,count_match,0
5,65,12,12,0,count_match,0
5,66,24,24,0,count_match,0
5,67,24,24,0,count_match,0
5,68,30,30,0,count_match,0
5,69,20,20,0,count_match,0
5,70,19,19,0,count_match,0
5,71,19,19,0,count_match,0
5,72,33,33,0,count_match,0
5,73,25,25,0,count_match,0
5,74,8,8,0,count_match,0
5,75,25,25,0,count_match,0
5,76,16,16,0,count_match,0
5,77,23,23,0,count_match,0
5,78,17,17,0,count_match,0
5,79,10,10,0,count_match,0
5,80,19,19,0,count_match,0
5,81,15,15,0,count_match,0
5,82,26,26,0,count_match,0
5,83,21,21,0,count_match,0
5,84,16,16,0,count_match,0
5,85,14,14,0,count_match,0
5,86,7,7,0,count_match,0
5,87,17,17,0,count_match,0
5,88,12,12,0,count_match,0
5,89,45,45,0,count_match,0
5,90,15,15,0,count_match,0
5,91,20,20,0,count_match,0
5,92,13,13,0,count_match,0
5,93,24,24,0,count_match,0
5,94,23,23,0,count_match,0
5,95,50,50,0,count_match,0
5,96,20,20,0,count_match,0
5,97,27,27,0,count_match,0
5,98,9,9,0,count_match,0
5,99,11,11,0,count_match,0
5,100,15,15,0,count_match,0
5,101,25,25,0,count_match,0
5,102,9,9,0,count_match,0
5,103,21,21,0,count_match,0
5,104,24,24,0,count_match,0
5,105,19,19,0,count_match,0
5,106,51,51,0,count_match,0
5,107,26,26,0,count_match,0
5,108,22,22,0,count_match,0
5,109,15,15,0,count_match,0
5,110,63,63,0,count_match,0
5,111,13,13,0,count_match,0
5,112,21,21,0,count_match,0
5,113,15,15,0,count_match,0
5,114,22,22,0,count_match,0
5,115,17,17,0,count_match,0
5,116,44,44,0,count_match,0
5,117,29,29,0,count_match,0
5,118,11,11,0,count_match,0
5,119,24,24,0,count_match,0
5,120,11,11,0,count_match,0
6,1,18,14,4,basmala_offset,4
6,2,14,14,0,count_match,0
6,3,12,12,0,count_match,0
6,4,11,11,0,count_match,0
6,5,12,12,0,count_match,0
6,6,31,31,0,count_match,0
6,7,16,16,0,count_match,0
6,8,13,13,0,count_match,0
6,9,9,9,0,count_match,0
6,10,13,13,0,count_match,0
6,11,10,10,0,count_match,0
6,12,25,25,0,count_match,0
6,13,9,9,0,count_match,0
6,14,24,24,0,count_match,0
6,15,9,9,0,count_match,0
6,16,9,9,0,count_match,0
6,17,17,17,0,count_match,0
6,18,7,7,0,count_match,0
6,19,37,37,0,count_match,0
6,20,13,13,0,count_match,0
6,21,14,14,0,count_match,0
6,22,12,12,0,count_match,0
6,23,12,12,0,count_match,0
6,24,10,10,0,count_match,0
6,25,32,32,0,count_match,0
6,26,11,11,0,count_match,0
6,27,16,16,0,count_match,0
6,28,16,16,0,count_match,0
6,29,9,9,0,count_match,0
6,30,19,19,0,count_match,0
6,31,26,26,0,count_match,0
6,32,13,13,0,count_match,0
6,33,14,14,0,count_match,0
6,34,22,22,0,count_match,0
6,35,28,28,0,count_match,0
6,36,10,10,0,count_match,0
6,37,19,19,0,count_match,0
6,38,22,22,0,count_match,0
6,39,17,17,0,count_match,0
6,40,15,15,0,count_match,0
6,41,12,12,0,count_match,0
6,42,11,11,0,count_match,0
6,43,14,14,0,count_match,0
6,44,20,20,0,count_match,0
6,45,9,9,0,count_match,0
6,46,23,23,0,count_match,0
6,47,14,14,0,count_match,0
6,48,15,15,0,count_match,0
6,49,8,8,0,count_match,0
6,50,28,28,0,count_match,0
6,51,17,17,0,count_match,0
6,52,25,25,0,count_match,0
6,53,15,15,0,count_match,0
6,54,27,27,0,count_match,0
6,55,6,6,0,count_match,0
6,56,21,21,0,count_match,0
6,57,22,22,0,count_match,0
6,58,14,14,0,count_match,0
6,59,31,31,0,count_match,0
6,60,22,22,0,count_match,0
6,61,17,17,0,count_match,0
6,62,12,12,0,count_match,0
6,63,17,17,0,count_match,0
6,64,10,10,0,count_match,0
6,65,27,27,0,count_match,0
6,66,9,9,0,count_match,0
6,67,5,5,0,count_match,0
6,68,23,23,0,count_match,0
6,69,12,12,0,count_match,0
6,70,45,45,0,count_match,0
6,71,39,39,0,count_match,0
6,72,8,8,0,count_match,0
6,73,24,24,0,count_match,0
6,74,14,14,0,count_match,0
6,75,9,9,0,count_match,0
6,76,15,15,0,count_match,0
6,77,18,18,0,count_match,0
6,78,17,17,0,count_match,0
6,79,12,12,0,count_match,0
6,80,25,25,0,count_match,0
6,81,22,22,0,count_match,0
6,82,11,11,0,count_match,0
6,83,14,14,0,count_match,0
6,84,21,21,0,count_match,0
6,85,7,7,0,count_match,0
6,86,8,8,0,count_match,0
6,87,9,9,0,count_match,0
6,88,16,16,0,count_match,0
6,89,17,17,0,count_match,0
6,90,16,16,0,count_match,0
6,91,44,44,0,count_match,0
6,92,22,22,0,count_match,0
6,93,49,49,0,count_match,0
6,94,29,29,0,count_match,0
6,95,17,17,0,count_match,0
6,96,12,12,0,count_match,0
6,97,16,16,0,count_match,0
6,98,13,13,0,count_match,0
6,99,44,44,0,count_match,0
6,100,15,15,0,count_match,0
6,101,18,18,0,count_match,0
6,102,16,16,0,count_match,0
6,103,9,9,0,count_match,0
6,104,15,15,0,count_match,0
6,105,8,8,0,count_match,0
6,106,13,13,0,count_match,0
6,107,13,13,0,count_match,0
6,108,25,25,0,count_match,0
6,109,21,21,0,count_match,0
6,110,13,13,0,count_match,0
6,111,22,22,0,count_match,0
6,112,23,23,0,count_match,0
6,113,12,12,0,count_match,0
6,114,23,23,0,count_match,0
6,115,11,11,0,count_match,0
6,116,18,18,0,count_match,0
6,117,11,11,0,count_match,0
6,118,10,10,0,count_match,0
6,119,30,30,0,count_match,0
6,120,12,12,0,count_match,0
6,121,20,20,0,count_match,0
6,122,24,24,0,count_match,0
6,123,15,15,0,count_match,0
6,124,29,29,0,count_match,0
6,125,28,28,0,count_match,0
6,126,9,9,0,count_match,0
6,127,10,10,0,count_match,0
6,128,35,35,0,count_match,0
6,129,8,8,0,count_match,0
6,130,27,27,0,count_match,0
6,131,10,10,0,count_match,0
6,132,9,9,0,count_match,0
6,133,18,18,0,count_match,0
6,134,7,7,0,count_match,0
6,135,18,18,0,count_match,0
6,136,31,31,0,count_match,0
6,137,20,20,0,count_match,0
6,138,26,26,0,count_match,0
6,139,22,22,0,count_match,0
6,140,20,20,0,count_match,0
6,141,31,31,0,count_match,0
6,142,16,16,0,count_match,0
6,143,23,23,0,count_match,0
6,144,40,40,0,count_match,0
6,145,39,39,0,count_match,0
6,146,28,28,0,count_match,0
6,147,13,13,0,count_match,0
6,148,37,37,0,count_match,0
6,149,8,8,0,count_match,0
6,150,27,27,0,count_match,0
6,151,42,42,0,count_match,0
6,152,35,35,0,count_match,0
6,153,17,17,0,count_match,0
6,154,17,17,0,count_match,0
6,155,8,8,0,count_match,0
6,156,14,14,0,count_match,0
6,157,35,35,0,count_match,0
6,158,37,37,0,count_match,0
6,159,19,19,0,count_match,0
6,160,16,16,0,count_match,0
6,161,16,16,0,count_match,0
6,162,9,9,0,count_match,0
6,163,8,8,0,count_match,0
6,164,29,29,0,count_match,0
6,165,21,21,0,count_match,0
7,1,5,1,4,basmala_offset,4
7,2,13,13,0,count_match,0
7,3,14,14,0,count_match,0
7,4,10,10,0,count_match,0
7,5,12,12,0,count_match,0
7,6,6,6,0,count_match,0
7,7,6,6,0,count_match,0
7,8,9,9,0,count_match,0
7,9,11,11,0,count_match,0
7,10,11,11,0,count_match,0
7,11,16,16,0,count_match,0
7,12,17,17,0,count_match,0
7,13,13,13,0,count_match,0
7,14,5,5,0,count_match,0
7,15,4,4,0,count_match,0
7,16,7,7,0,count_match,0
7,17,15,15,0,count_match,0
7,18,12,12,0,count_match,0
7,19,16,16,0,count_match,0
7,20,25,25,0,count_match,0
7,21,5,5,0,count_match,0
7,22,28,28,0,count_match,0
7,23,12,12,0,count_match,0
7,24,12,12,0,count_match,0
7,25,7,7,0,count_match,0
7,26,19,19,0,count_match,0
7,27,30,30,0,count_match,0
7,28,22,22,0,count_match,0
7,29,16,16,0,count_match,0
7,30,16,16,0,count_match,0
7,31,15,15,0,count_match,0
7,32,26,26,0,count_match,0
7,33,29,29,0,count_match,0
7,34,11,11,0,count_match,0
7,35,18,18,0,count_match,0
7,36,11,11,0,count_match,0
7,37,37,37,0,count_match,0
7,38,40,40,0,count_match,0
7,39,14,14,0,count_match,0
7,40,23,23,0,count_match,0
7,41,10,10,0,count_match,0
7,42,15,15,0,count_match,0
7,43,36,36,0,count_match,0
7,44,28,28,0,count_match,0
7,45,10,10,0,count_match,0
7,46,18,18,0,count_match,0
7,47,13,13,0,count_match,0
7,48,14,14,0,count_match,0
7,49,15,15,0,count_match,0
7,50,20,20,0,count_match,0
7,51,19,19,0,count_match,0
7,52,10,10,0,count_match,0
7,53,38,38,0,count_match,0
7,54,32,32,0,count_match,0
7,55,8,8,0,count_match,0
7,56,15,15,0,count_match,0
7,57,29,29,0,count_match,0
7,58,17,17,0,count_match,0
7,59,20,20,0,count_match,0
7,60,9,9,0,count_match,0
7,61,10,10,0,count_match,0
7,62,11,11,0,count_match,0
7,63,13,13,0,count_match,0
7,64,14,14,0,count_match,0
7,65,15,15,0,count_match,0
7,66,14,14,0,count_match,0
7,67,10,10,0,count_match,0
7,68,7,7,0,count_match,0
7,69,27,27,0,count_match,0
7,70,17,17,0,count_match,0
7,71,25,25,0,count_match,0
7,72,13,13,0,count_match,0
7,73,34,34,0,count_match,0
7,74,25,25,0,count_match,0
7,75,23,23,0,count_match,0
7,76,8,8,0,count_match,0
7,77,15,15,0,count_match,0
7,78,6,6,0,count_match,0
7,79,14,14,0,count_match,0
7,80,13,13,0,count_match,0
7,81,11,11,0,count_match,0
7,82,13,13,0,count_match,0
7,83,7,7,0,count_match,0
7,84,8,8,0,count_match,0
7,85,37,37,0,count_match,0
7,86,24,24,0,count_match,0
7,87,19,19,0,count_match,0
7,88,21,21,0,count_match,0
7,89,42,42,0,count_match,0
7,90,12,12,0,count_match,0
7,91,6,6,0,count_match,0
7,92,13,13,0,count_match,0
7,93,15,15,0,count_match,0
7,94,13,13,0,count_match,0
7,95,18,18,0,count_match,0
7,96,18,18,0,count_match,0
7,97,9,9,0,count_match,0
7,98,9,9,0,count_match,0
7,99,10,10,0,count_match,0
7,100,19,19,0,count_match,0
7,101,23,23,0,count_match,0
7,102,9,9,0,count_match,0
7,103,16,16,0,count_match,0
7,104,8,8,0,count_match,0
7,105,18,18,0,count_match,0
7,106,11,11,0,count_match,0
7,107,6,6,0,count_match,0
7,108,6,6,0,count_match,0
7,109,9,9,0,count_match,0
7,110,7,7,0,count_match,0
7,111,7,7,0,count_match,0
7,112,4,4,0,count_match,0
7,113,11,11,0,count_match,0
7,114,5,5,0,count_match,0
7,115,10,10,0,count_match,0
7,116,11,11,0,count_match,0
7,117,11,11,0,count_match,0
7,118,6,6,0,count_match,0
7,119,4,4,0,count_match,0
7,120,3,3,0,count_match,0
7,121,4,4,0,count_match,0
7,122,3,3,0,count_match,0
7,123,19,19,0,count_match,0
7,124,8,8,0,count_match,0
7,125,5,5,0,count_match,0
7,126,16,16,0,count_match,0
7,127,21,21,0,count_match,0
7,128,16,16,0,count_match,0
7,129,22,22,0,count_match,0
7,130,10,10,0,count_match,0
7,131,22,22,0,count_match,0
7,132,12,12,0,count_match,0
7,133,13,13,0,count_match,0
7,134,22,22,0,count_match,0
7,135,11,11,0,count_match,0
7,136,11,11,0,count_match,0
7,137,29,29,0,count_match,0
7,138,23,23,0,count_match,0
7,139,10,10,0,count_match,0
7,140,9,9,0,count_match,0
7,141,18,18,0,count_match,0
7,142,23,23,0,count_match,0
7,143,41,41,0,count_match,0
7,144,14,14,0,count_match,0
7,145,20,20,0,count_match,0
7,146,36,36,0,count_match,0
7,147,13,13,0,count_match,0
7,148,22,22,0,count_match,0
7,149,18,18,0,count_match,0
7,150,39,39,0,count_match,0
7,151,11,11,0,count_match,0
7,152,15,15,0,count_match,0
7,153,14,14,0,count_match,0
7,154,15,15,0,count_match,0
7,155,41,41,0,count_match,0
7,156,30,30,0,count_match,0
7,157,43,43,0,count_match,0
7,158,31,31,0,count_match,0
7,159,8,8,0,count_match,0
7,160,43,43,0,count_match,0
7,161,20,20,0,count_match,0
7,162,17,17,0,count_match,0
7,163,27,27,0,count_match,0
7,164,19,19,0,count_match,0
7,165,18,18,0,count_match,0
7,166,11,11,0,count_match,0
7,167,19,19,0,count_match,0
7,168,14,14,0,count_match,0
7,169,40,40,0,count_match,0
7,170,10,10,0,count_match,0
7,171,19,19,0,count_match,0
7,172,26,26,0,count_match,0
7,173,15,15,0,count_match,0
7,174,5,5,0,count_match,0
7,175,13,13,0,count_match,0
7,176,30,30,0,count_match,0
7,177,9,9,0,count_match,0
7,178,10,10,0,count_match,0
7,179,30,30,0,count_match,0
7,180,14,14,0,count_match,0
7,181,7,7,0,count_match,0
7,182,8,8,0,count_match,0
7,183,5,5,0,count_match,0
7,184,11,11,0,count_match,0
7,185,22,22,0,count_match,0
7,186,10,10,0,count_match,0
7,187,37,37,0,count_match,0
7,188,28,28,0,count_match,0
7,189,29,29,0,count_match,0
7,190,12,12,0,count_match,0
7,191,7,7,0,count_match,0
7,192,7,7,0,count_match,0
7,193,12,12,0,count_match,0
7,194,14,14,0,count_match,0
7,195,26,26,0,count_match,0
7,196,9,9,0,count_match,0
7,197,10,10,0,count_match,0
7,198,12,12,0,count_match,0
7,199,7,7,0,count_match,0
7,200,10,10,0,count_match,0
7,201,12,12,0,count_match,0
7,202,7,7,0,count_match,0
7,203,23,23,0,count_match,0
7,204,8,8,0,count_match,0
7,205,16,16,0,count_match,0
7,206,11,11,0,count_match,0
8,1,22,18,4,basmala_offset,4
8,2,17,17,0,count_match,0
8,3,6,6,0,count_match,0
8,4,11,11,0,count_match,0
8,5,11,11,0,count_match,0
8,6,12,11,1,tokenization_difference,
8,7,23,23,0,count_match,0
8,8,7,7,0,count_match,0
8,9,11,11,0,count_match,0
8,10,18,18,0,count_match,0
8,11,22,22,0,count_match,0
8,12,23,23,0,count_match,0
8,13,13,13,0,count_match,0
8,14,6,6,0,count_match,0
8,15,11,11,0,count_match,0
8,16,20,20,0,count_match,0
8,17,21,21,0,count_match,0
8,18,6,6,0,count_match,0
8,19,24,24,0,count_match,0
8,20,11,11,0,count_match,0
8,21,8,8,0,count_match,0
8,22,10,10,0,count_match,0
8,23,11,11,0,count_match,0
8,24,20,20,0,count_match,0
8,25,13,13,0,count_match,0
8,26,19,19,0,count_match,0
8,27,11,11,0,count_match,0
8,28,10,10,0,count_match,0
8,29,18,18,0,count_match,0
8,30,16,16,0,count_match,0
8,31,17,17,0,count_match,0
8,32,19,19,0,count_match,0
8,33,12,12,0,count_match,0
8,34,21,21,0,count_match,0
8,35,13,13,0,count_match,0
8,36,21,21,0,count_match,0
8,37,18,18,0,count_match,0
8,38,16,16,0,count_match,0
8,39,16,16,0,count_match,0
8,40,10,10,0,count_match,0
8,41,33,33,0,count_match,0
8,42,35,35,0,count_match,0
8,43,20,20,0,count_match,0
8,44,19,19,0,count_match,0
8,45,12,12,0,count_match,0
8,46,13,13,0,count_match,0
8,47,17,17,0,count_match,0
8,48,36,36,0,count_match,0
8,49,18,18,0,count_match,0
8,50,13,13,0,count_match,0
8,51,9,9,0,count_match,0
8,52,17,17,0,count_match,0
8,53,18,18,0,count_match,0
8,54,17,17,0,count_match,0
8,55,10,10,0,count_match,0
8,56,12,12,0,count_match,0
8,57,10,10,0,count_match,0
8,58,14,14,0,count_match,0
8,59,8,8,0,count_match,0
8,60,33,33,0,count_match,0
8,61,12,12,0,count_match,0
8,62,12,12,0,count_match,0
8,63,20,20,0,count_match,0
8,64,8,8,0,count_match,0
8,65,26,26,0,count_match,0
8,66,26,26,0,count_match,0
8,67,20,20,0,count_match,0
8,68,10,10,0,count_match,0
8,69,11,11,0,count_match,0
8,70,24,24,0,count_match,0
8,71,13,13,0,count_match,0
8,72,45,45,0,count_match,0
8,73,13,13,0,count_match,0
8,74,18,18,0,count_match,0
8,75,22,22,0,count_match,0
9,1,9,9,0,count_match,0
9,2,14,14,0,count_match,0
9,3,32,32,0,count_match,0
9,4,22,22,0,count_match,0
9,5,26,26,0,count_match,0
9,6,18,18,0,count_match,0
9,7,23,23,0,count_match,0
9,8,16,16,0,count_match,0
9,9,13,13,0,count_match,0
9,10,10,10,0,count_match,0
9,11,13,13,0,count_match,0
9,12,18,18,0,count_match,0
9,13,20,20,0,count_match,0
9,14,11,11,0,count_match,0
9,15,11,11,0,count_match,0
9,16,24,24,0,count_match,0
9,17,18,18,0,count_match,0
9,18,23,23,0,count_match,0
9,19,24,24,0,count_match,0
9,20,16,16,0,count_match,0
9,21,10,10,0,count_match,0
9,22,8,8,0,count_match,0
9,23,19,19,0,count_match,0
9,24,33,33,0,count_match,0
9,25,23,23,0,count_match,0
9,26,18,18,0,count_match,0
9,27,12,12,0,count_match,0
9,28,27,27,0,count_match,0
9,29,29,29,0,count_match,0
9,30,23,23,0,count_match,0
9,31,23,23,0,count_match,0
9,32,15,15,0,count_match,0
9,33,14,14,0,count_match,0
9,34,28,28,0,count_match,0
9,35,19,19,0,count_match,0
9,36,36,36,0,count_match,0
9,37,31,31,0,count_match,0
9,38,28,28,0,count_match,0
9,39,16,16,0,count_match,0
9,40,43,43,0,count_match,0
9,41,15,15,0,count_match,0
9,42,23,23,0,count_match,0
9,43,13,13,0,count_match,0
9,44,14,14,0,count_match,0
9,45,14,14,0,count_match,0
9,46,15,15,0,count_match,0
9,47,17,17,0,count_match,0
9,48,16,16,0,count_match,0
9,49,15,15,0,count_match,0
9,50,16,16,0,count_match,0
9,51,14,14,0,count_match,0
9,52,22,22,0,count_match,0
9,53,12,12,0,count_match,0
9,54,22,22,0,count_match,0
9,55,17,17,0,count_match,0
9,56,10,10,0,count_match,0
9,57,11,11,0,count_match,0
9,58,16,16,0,count_match,0
9,59,19,19,0,count_match,0
9,60,22,22,0,count_match,0
9,61,26,26,0,count_match,0
9,62,12,12,0,count_match,0
9,63,16,16,0,count_match,0
9,64,17,17,0,count_match,0
9,65,13,13,0,count_match,0
9,66,16,16,0,count_match,0
9,67,19,19,0,count_match,0
9,68,16,16,0,count_match,0
9,69,32,32,0,count_match,0
9,70,26,26,0,count_match,0
9,71,24,24,0,count_match,0
9,72,24,24,0,count_match,0
9,73,11,11,0,count_match,0
9,74,46,46,0,count_match,0
9,75,12,12,0,count_match,0
9,76,9,9,0,count_match,0
9,77,15,15,0,count_match,0
9,78,11,11,0,count_match,0
9,79,20,20,0,count_match,0
9,80,25,25,0,count_match,0
9,81,27,27,0,count_match,0
9,82,8,8,0,count_match,0
9,83,25,25,0,count_match,0
9,84,18,18,0,count_match,0
9,85,16,16,0,count_match,0
9,86,18,18,0,count_match,0
9,87,11,11,0,count_match,0
9,88,14,14,0,count_match,0
9,89,13,13,0,count_match,0
9,90,17,17,0,count_match,0
9,91,26,26,0,count_match,0
9,92,23,23,0,count_match,0
9,93,19,19,0,count_match,0
9,94,30,30,0,count_match,0
9,95,18,18,0,count_match,0
9,96,14,14,0,count_match,0
9,97,16,16,0,count_match,0
9,98,16,16,0,count_match,0
9,99,27,27,0,count_match,0
9,100,25,25,0,count_match,0
9,101,22,22,0,count_match,0
9,102,17,17,0,count_match,0
9,103,16,16,0,count_match,0
9,104,16,16,0,count_match,0
9,105,16,16,0,count_match,0
9,106,12,12,0,count_match,0
9,107,24,24,0,count_match,0
9,108,23,23,0,count_match,0
9,109,27,27,0,count_match,0
9,110,15,15,0,count_match,0
9,111,37,37,0,count_match,0
9,112,16,16,0,count_match,0
9,113,20,20,0,count_match,0
9,114,22,22,0,count_match,0
9,115,18,18,0,count_match,0
9,116,17,17,0,count_match,0
9,117,27,27,0,count_match,0
9,118,31,31,0,count_match,0
9,119,8,8,0,count_match,0
9,120,52,52,0,count_match,0
9,121,18,18,0,count_match,0
9,122,22,22,0,count_match,0
9,123,16,16,0,count_match,0
9,124,18,18,0,count_match,0
9,125,12,12,0,count_match,0
9,126,16,16,0,count_match,0
9,127,21,21,0,count_match,0
9,128,14,14,0,count_match,0
9,129,15,15,0,count_match,0
10,1,9,5,4,basmala_offset,4
10,2,26,26,0,count_match,0
10,3,29,29,0,count_match,0
10,4,28,28,0,count_match,0
10,5,23,23,0,count_match,0
10,6,14,14,0,count_match,0
10,7,15,15,0,count_match,0
10,8,6,6,0,count_match,0
10,9,15,15,0,count_match,0
10,10,14,14,0,count_match,0
10,11,18,18,0,count_match,0
10,12,27,27,0,count_match,0
10,13,17,17,0,count_match,0
10,14,10,10,0,count_match,0
10,15,39,39,0,count_match,0
10,16,18,18,0,count_match,0
10,17,14,14,0,count_match,0
10,18,29,29,0,count_match,0
10,19,17,17,0,count_match,0
10,20,16,16,0,count_match,0
10,21,22,22,0,count_match,0
10,22,41,41,0,count_match,0
10,23,25,25,0,count_match,0
10,24,43,43,0,count_match,0
10,25,11,11,0,count_match,0
10,26,16,16,0,count_match,0
10,27,27,27,0,count_match,0
10,28,18,18,0,count_match,0
10,29,10,10,0,count_match,0
10,30,16,16,0,count_match,0
10,31,27,27,0,count_match,0
10,32,11,11,0,count_match,0
10,33,10,10,0,count_match,0
10,34,17,17,0,count_match,0
10,35,29,29,0,count_match,0
10,36,17,17,0,count_match,0
10,37,22,22,0,count_match,0
10,38,16,16,0,count_match,0
10,39,19,19,0,count_match,0
10,40,12,12,0,count_match,0
10,41,15,15,0,count_match,0
10,42,11,11,0,count_match,0
10,43,11,11,0,count_match,0
10,44,10,10,0,count_match,0
10,45,20,20,0,count_match,0
10,46,15,15,0,count_match,0
10,47,12,12,0,count_match,0
10,48,7,7,0,count_match,0
10,49,22,22,0,count_match,0
10,50,12,12,0,count_match,0
10,51,11,11,0,count_match,0
10,52,13,13,0,count_match,0
10,53,11,11,0,count_match,0
10,54,21,21,0,count_match,0
10,55,16,16,0,count_match,0
10,56,5,5,0,count_match,0
10,57,14,14,0,count_match,0
10,58,10,10,0,count_match,0
10,59,20,20,0,count_match,0
10,60,19,19,0,count_match,0
10,61,42,42,0,count_match,0
10,62,10,10,0,count_match,0
10,63,4,4,0,count_match,0
10,64,15,15,0,count_match,0
10,65,10,10,0,count_match,0
10,66,25,25,0,count_match,0
10,67,15,15,0,count_match,0
10,68,25,25,0,count_match,0
10,69,9,9,0,count_match,0
10,70,13,13,0,count_match,0
10,71,33,33,0,count_match,0
10,72,16,16,0,count_match,0
10,73,17,17,0,count_match,0
10,74,22,22,0,count_match,0
10,75,14,14,0,count_match,0
10,76,10,10,0,count_match,0
10,77,11,11,0,count_match,0
10,78,16,16,0,count_match,0
10,79,6,6,0,count_match,0
10,80,10,10,0,count_match,0
10,81,17,17,0,count_match,0
10,82,7,7,0,count_match,0
10,83,22,22,0,count_match,0
10,84,12,12,0,count_match,0
10,85,10,10,0,count_match,0
10,86,5,5,0,count_match,0
10,87,16,16,0,count_match,0
10,88,29,29,0,count_match,0
10,89,11,11,0,count_match,0
10,90,27,27,0,count_match,0
10,91,7,7,0,count_match,0
10,92,14,14,0,count_match,0
10,93,24,24,0,count_match,0
10,94,22,22,0,count_match,0
10,95,10,10,0,count_match,0
10,96,8,8,0,count_match,0
10,97,8,8,0,count_match,0
10,98,21,21,0,count_match,0
10,99,15,15,0,count_match,0
10,100,14,14,0,count_match,0
10,101,14,14,0,count_match,0
10,102,15,15,0,count_match,0
10,103,10,10,0,count_match,0
10,104,26,26,0,count_match,0
10,105,9,9,0,count_match,0
10,106,16,16,0,count_match,0
10,107,24,24,0,count_match,0
10,108,22,22,0,count_match,0
10,109,11,11,0,count_match,0
11,1,14,10,4,basmala_offset,4
11,2,9,9,0,count_match,0
11,3,25,25,0,count_match,0
11,4,8,8,0,count_match,0
11,5,19,19,0,count_match,0
11,6,16,16,0,count_match,0
11,7,31,31,0,count_match,0
11,8,22,22,0,count_match,0
11,9,11,11,0,count_match,0
11,10,13,13,0,count_match,0
11,11,10,10,0,count_match,0
11,12,27,27,0,count_match,0
11,13,18,18,0,count_match,0
11,14,16,16,0,count_match,0
11,15,14,14,0,count_match,0
11,16,16,16,0,count_match,0
11,17,39,39,0,count_match,0
11,18,23,23,0,count_match,0
11,19,11,11,0,count_match,0
11,20,24,24,0,count_match,0
11,21,9,9,0,count_match,0
11,22,7,7,0,count_match,0
11,23,14,14,0,count_match,0
11,24,11,11,0,count_match,0
11,25,9,9,0,count_match,0
11,26,11,11,0,count_match,0
11,27,29,29,0,count_match,0
11,28,19,19,0,count_match,0
11,29,22,22,0,count_match,0
11,30,9,9,0,count_match,0
11,31,31,31,0,count_match,0
11,32,13,13,0,count_match,0
11,33,10,10,0,count_match,0
11,34,18,18,0,count_match,0
11,35,12,12,0,count_match,0
11,36,17,17,0,count_match,0
11,37,11,11,0,count_match,0
11,38,19,19,0,count_match,0
11,39,10,10,0,count_match,0
11,40,26,26,0,count_match,0
11,41,11,11,0,count_match,0
11,42,19,19,0,count_match,0
11,43,23,23,0,count_match,0
11,44,17,17,0,count_match,0
11,45,15,15,0,count_match,0
11,46,23,23,0,count_match,0
11,47,19,19,0,count_match,0
11,48,18,18,0,count_match,0
11,49,19,19,0,count_match,0
11,50,17,17,0,count_match,0
11,51,13,13,0,count_match,0
11,52,17,17,0,count_match,0
11,53,15,15,0,count_match,0
11,54,16,16,0,count_match,0
11,55,7,7,0,count_match,0
11,56,18,18,0,count_match,0
11,57,21,21,0,count_match,0
11,58,14,14,0,count_match,0
11,59,12,12,0,count_match,0
11,60,17,17,0,count_match,0
11,61,27,27,0,count_match,0
11,62,21,21,0,count_match,0
11,63,22,22,0,count_match,0
11,64,17,17,0,count_match,0
11,65,11,11,0,count_match,0
11,66,18,18,0,count_match,0
11,67,8,8,0,count_match,0
11,68,12,12,0,count_match,0
11,69,15,15,0,count_match,0
11,70,18,18,0,count_match,0
11,71,9,9,0,count_match,0
11,72,12,12,0,count_match,0
11,73,14,14,0,count_match,0
11,74,11,11,0,count_match,0
11,75,5,5,0,count_match,0
11,76,14,14,0,count_match,0
11,77,13,13,0,count_match,0
11,78,26,26,0,count_match,0
11,79,13,13,0,count_match,0
11,80,11,11,0,count_match,0
11,81,29,29,0,count_match,0
11,82,12,12,0,count_match,0
11,83,8,8,0,count_match,0
11,84,26,26,0,count_match,0
11,85,14,14,0,count_match,0
11,86,11,11,0,count_match,0
11,87,20,20,0,count_match,0
11,88,35,35,0,count_match,0
11,89,22,22,0,count_match,0
11,90,9,9,0,count_match,0
11,91,18,18,0,count_match,0
11,92,15,15,0,count_match,0
11,93,19,19,0,count_match,0
11,94,18,18,0,count_match,0
11,95,10,10,0,count_match,0
11,96,6,6,0,count_match,0
11,97,10,10,0,count_match,0
11,98,9,9,0,count_match,0
11,99,9,9,0,count_match,0
11,100,9,9,0,count_match,0
11,101,24,24,0,count_match,0
11,102,12,12,0,count_match,0
11,103,16,16,0,count_match,0
11,104,5,5,0,count_match,0
11,105,10,10,0,count_match,0
11,106,9,9,0,count_match,0
11,107,15,15,0,count_match,0
11,108,18,18,0,count_match,0
11,109,20,20,0,count_match,0
11,110,18,18,0,count_match,0
11,111,10,10,0,count_match,0
11,112,12,12,0,count_match,0
11,113,17,17,0,count_match,0
11,114,14,14,0,count_match,0
11,115,7,7,0,count_match,0
11,116,26,26,0,count_match,0
11,117,8,8,0,count_match,0
11,118,10,10,0,count_match,0
11,119,15,15,0,count_match,0
11,120,17,17,0,count_match,0
11,121,9,9,0,count_match,0
11,122,3,3,0,count_match,0
11,123,16,16,0,count_match,0
12,1,9,5,4,basmala_offset,4
12,2,6,6,0,count_match,0
12,3,16,16,0,count_match,0
12,4,15,15,0,count_match,0
12,5,15,15,0,count_match,0
12,6,25,25,0,count_match,0
12,7,7,7,0,count_match,0
12,8,15,15,0,count_match,0
12,9,14,14,0,count_match,0
12,10,16,16,0,count_match,0
12,11,11,11,0,count_match,0
12,12,8,8,0,count_match,0
12,13,13,13,0,count_match,0
12,14,9,9,0,count_match,0
12,15,17,17,0,count_match,0
12,16,4,4,0,count_match,0
12,17,18,18,0,count_match,0
12,18,18,18,0,count_match,0
12,19,16,16,0,count_match,0
12,20,9,9,0,count_match,0
12,21,32,32,0,count_match,0
12,22,9,9,0,count_match,0
12,23,23,23,0,count_match,0
12,24,19,19,0,count_match,0
12,25,23,23,0,count_match,0
12,26,19,19,0,count_match,0
12,27,10,10,0,count_match,0
12,28,13,13,0,count_match,0
12,29,10,10,0,count_match,0
12,30,18,18,0,count_match,0
12,31,32,32,0,count_match,0
12,32,19,19,0,count_match,0
12,33,17,17,0,count_match,0
12,34,10,10,0,count_match,0
12,35,11,11,0,count_match,0
12,36,27,27,0,count_match,0
12,37,26,26,0,count_match,0
12,38,26,26,0,count_match,0
12,39,9,9,0,count_match,0
12,40,32,32,0,count_match,0
12,41,19,19,0,count_match,0
12,42,18,18,0,count_match,0
12,43,24,24,0,count_match,0
12,44,8,8,0,count_match,0
12,45,11,11,0,count_match,0
12,46,22,22,0,count_match,0
12,47,14,14,0,count_match,0
12,48,15,15,0,count_match,0
12,49,11,11,0,count_match,0
12,50,22,22,0,count_match,0
12,51,29,29,0,count_match,0
12,52,12,12,0,count_match,0
12,53,15,15,0,count_match,0
12,54,14,14,0,count_match,0
12,55,8,8,0,count_match,0
12,56,17,17,0,count_match,0
12,57,7,7,0,count_match,0
12,58,9,9,0,count_match,0
12,59,17,17,0,count_match,0
12,60,10,10,0,count_match,0
12,61,6,6,0,count_match,0
12,62,14,14,0,count_match,0
12,63,16,16,0,count_match,0
12,64,17,17,0,count_match,0
12,65,25,25,0,count_match,0
12,66,24,24,0,count_match,0
12,67,27,27,0,count_match,0
12,68,30,30,0,count_match,0
12,69,16,16,0,count_match,0
12,70,15,15,0,count_match,0
12,71,5,5,0,count_match,0
12,72,12,12,0,count_match,0
12,73,12,12,0,count_match,0
12,74,6,6,0,count_match,0
12,75,11,11,0,count_match,0
12,76,33,33,0,count_match,0
12,77,24,24,0,count_match,0
12,78,15,15,0,count_match,0
12,79,13,13,0,count_match,0
12,80,37,37,0,count_match,0
12,81,17,17,0,count_match,0
12,82,11,11,0,count_match,0
12,83,18,18,0,count_match,0
12,84,12,12,0,count_match,0
12,85,12,12,0,count_match,0
12,86,13,13,0,count_match,0
12,87,20,20,0,count_match,0
12,88,21,21,0,count_match,0
12,89,10,10,0,count_match,0
12,90,23,23,0,count_match,0
12,91,9,9,0,count_match,0
12,92,11,11,0,count_match,0
12,93,12,12,0,count_match,0
12,94,12,12,0,count_match,0
12,95,6,6,0,count_match,0
12,96,20,20,0,count_match,0
12,97,8,8,0,count_match,0
12,98,9,9,0,count_match,0
12,99,14,14,0,count_match,0
12,100,46,46,0,count_match,0
12,101,21,21,0,count_match,0
12,102,14,14,0,count_match,0
12,103,6,6,0,count_match,0
12,104,10,10,0,count_match,0
12,105,11,11,0,count_match,0
12,106,7,7,0,count_match,0
12,107,14,14,0,count_match,0
12,108,17,17,0,count_match,0
12,109,29,29,0,count_match,0
12,110,19,19,0,count_match,0
12,111,23,23,0,count_match,0
13,1,19,15,4,basmala_offset,4
13,2,26,26,0,count_match,0
13,3,24,24,0,count_match,0
13,4,27,27,0,count_match,0
13,5,25,25,0,count_match,0
13,6,20,20,0,count_match,0
13,7,15,15,0,count_match,0
13,8,15,15,0,count_match,0
13,9,5,5,0,count_match,0
13,10,14,14,0,count_match,0
13,11,35,35,0,count_match,0
13,12,9,9,0,count_match,0
13,13,19,19,0,count_match,0
13,14,27,27,0,count_match,0
13,15,11,11,0,count_match,0
13,16,45,45,0,count_match,0
13,17,42,42,0,count_match,0
13,18,27,27,0,count_match,0
13,19,15,15,0,count_match,0
13,20,7,7,0,count_match,0
13,21,13,13,0,count_match,0
13,22,19,19,0,count_match,0
13,23,15,15,0,count_match,0
13,24,7,7,0,count_match,0
13,25,23,23,0,count_match,0
13,26,16,16,0,count_match,0
13,27,19,19,0,count_match,0
13,28,11,11,0,count_match,0
13,29,8,8,0,count_match,0
13,30,28,28,0,count_match,0
13,31,51,51,0,count_match,0
13,32,13,13,0,count_match,0
13,33,39,39,0,count_match,0
13,34,14,14,0,count_match,0
13,35,19,19,0,count_match,0
13,36,25,25,0,count_match,0
13,37,20,19,1,tokenization_difference,
13,38,21,21,0,count_match,0
13,39,8,8,0,count_match,0
13,40,13,13,0,count_match,0
13,41,16,16,0,count_match,0
13,42,18,18,0,count_match,0
13,43,15,15,0,count_match,0
14,1,20,16,4,basmala_offset,4
14,2,14,14,0,count_match,0
14,3,16,16,0,count_match,0
14,4,19,19,0,count_match,0
14,5,21,21,0,count_match,0
14,6,26,26,0,count_match,0
14,7,11,11,0,count_match,0
14,8,13,13,0,count_match,0
14,9,37,37,0,count_match,0
14,10,33,33,0,count_match,0
14,11,29,29,0,count_match,0
14,12,17,17,0,count_match,0
14,13,16,16,0,count_match,0
14,14,10,10,0,count_match,0
14,15,5,5,0,count_match,0
14,16,7,7,0,count_match,0
14,17,16,16,0,count_match,0
14,18,22,22,0,count_match,0
14,19,14,14,0,count_match,0
14,20,5,5,0,count_match,0
14,21,34,34,0,count_match,0
14,22,44,44,0,count_match,0
14,23,17,17,0,count_match,0
14,24,15,15,0,count_match,0
14,25,12,12,0,count_match,0
14,26,13,13,0,count_match,0
14,27,18,18,0,count_match,0
14,28,12,12,0,count_match,0
14,29,4,4,0,count_match,0
14,30,12,12,0,count_match,0
14,31,21,21,0,count_match,0
14,32,25,25,0,count_match,0
14,33,9,9,0,count_match,0
14,34,15,15,0,count_match,0
14,35,13,13,0,count_match,0
14,36,15,15,0,count_match,0
14,37,26,26,0,count_match,0
14,38,18,18,0,count_match,0
14,39,13,13,0,count_match,0
14,40,9,9,0,count_match,0
14,41,8,8,0,count_match,0
14,42,13,13,0,count_match,0
14,43,9,9,0,count_match,0
14,44,26,26,0,count_match,0
14,45,14,14,0,count_match,0
14,46,12,12,0,count_match,0
14,47,11,11,0,count_match,0
14,48,10,10,0,count_match,0
14,49,6,6,0,count_match,0
14,50,6,6,0,count_match,0
14,51,10,10,0,count_match,0
14,52,13,13,0,count_match,0
15,1,10,6,4,basmala_offset,4
15,2,7,7,0,count_match,0
15,3,7,7,0,count_match,0
15,4,8,8,0,count_match,0
15,5,7,7,0,count_match,0
15,6,8,8,0,count_match,0
15,7,8,8,0,count_match,0
15,8,9,9,0,count_match,0
15,9,7,7,0,count_match,0
15,10,7,7,0,count_match,0
15,11,8,8,0,count_match,0
15,12,5,5,0,count_match,0
15,13,7,7,0,count_match,0
15,14,9,9,0,count_match,0
15,15,8,8,0,count_match,0
15,16,7,7,0,count_match,0
15,17,5,5,0,count_match,0
15,18,7,7,0,count_match,0
15,19,11,11,0,count_match,0
15,20,8,8,0,count_match,0
15,21,11,11,0,count_match,0
15,22,12,12,0,count_match,0
15,23,6,6,0,count_match,0
15,24,7,7,0,count_match,0
15,25,7,7,0,count_match,0
15,26,8,8,0,count_match,0
15,27,7,7,0,count_match,0
15,28,12,12,0,count_match,0
15,29,9,9,0,count_match,0
15,30,4,4,0,count_match,0
15,31,7,7,0,count_match,0
15,32,8,8,0,count_match,0
15,33,11,11,0,count_match,0
15,34,5,5,0,count_match,0
15,35,6,6,0,count_match,0
15,36,6,6,0,count_match,0
15,37,4,4,0,count_match,0
15,38,4,4,0,count_match,0
15,39,10,10,0,count_match,0
15,40,4,4,0,count_match,0
15,41,5,5,0,count_match,0
15,42,11,11,0,count_match,0
15,43,4,4,0,count_match,0
15,44,8,8,0,count_match,0
15,45,5,5,0,count_match,0
15,46,3,3,0,count_match,0
15,47,10,10,0,count_match,0
15,48,8,8,0,count_match,0
15,49,6,6,0,count_match,0
15,50,5,5,0,count_match,0
15,51,4,4,0,count_match,0
15,52,9,9,0,count_match,0
15,53,7,7,0,count_match,0
15,54,8,8,0,count_match,0
15,55,7,7,0,count_match,0
15,56,8,8,0,count_match,0
15,57,5,5,0,count_match,0
15,58,6,6,0,count_match,0
15,59,6,6,0,count_match,0
15,60,6,6,0,count_match,0
15,61,5,5,0,count_match,0
15,62,4,4,0,count_match,0
15,63,7,7,0,count_match,0
15,64,4,4,0,count_match,0
15,65,14,14,0,count_match,0
15,66,9,9,0,count_match,0
15,67,4,4,0,count_match,0
15,68,6,6,0,count_match,0
15,69,4,4,0,count_match,0
15,70,5,5,0,count_match,0
15,71,6,6,0,count_match,0
15,72,5,5,0,count_match,0
15,73,3,3,0,count_match,0
15,74,8,8,0,count_match,0
15,75,5,5,0,count_match,0
15,76,3,3,0,count_match,0
15,77,5,5,0,count_match,0
15,78,5,5,0,count_match,0
15,79,5,5,0,count_match,0
15,80,5,5,0,count_match,0
15,81,5,5,0,count_match,0
15,82,6,6,0,count_match,0
15,83,3,3,0,count_match,0
15,84,6,6,0,count_match,0
15,85,14,14,0,count_match,0
15,86,5,5,0,count_match,0
15,87,7,7,0,count_match,0
15,88,15,15,0,count_match,0
15,89,5,5,0,count_match,0
15,90,4,4,0,count_match,0
15,91,4,4,0,count_match,0
15,92,3,3,0,count_match,0
15,93,3,3,0,count_match,0
15,94,6,6,0,count_match,0
15,95,3,3,0,count_match,0
15,96,8,8,0,count_match,0
15,97,7,7,0,count_match,0
15,98,6,6,0,count_match,0
15,99,5,5,0,count_match,0
16,1,13,9,4,basmala_offset,4
16,2,18,18,0,count_match,0
16,3,7,7,0,count_match,0
16,4,8,8,0,count_match,0
16,5,8,8,0,count_match,0
16,6,7,7,0,count_match,0
16,7,14,14,0,count_match,0
16,8,9,9,0,count_match,0
16,9,10,10,0,count_match,0
16,10,13,13,0,count_match,0
16,11,16,16,0,count_match,0
16,12,15,15,0,count_match,0
16,13,13,13,0,count_match,0
16,14,21,21,0,count_match,0
16,15,11,11,0,count_match,0
16,16,4,4,0,count_match,0
16,17,7,7,0,count_match,0
16,18,10,10,0,count_match,0
16,19,6,6,0,count_match,0
16,20,10,10,0,count_match,0
16,21,7,7,0,count_match,0
16,22,11,11,0,count_match,0
16,23,13,13,0,count_match,0
16,24,9,9,0,count_match,0
16,25,15,15,0,count_match,0
16,26,21,21,0,count_match,0
16,27,21,21,0,count_match,0
16,28,19,19,0,count_match,0
16,29,8,8,0,count_match,0
16,30,20,20,0,count_match,0
16,31,15,15,0,count_match,0
16,32,12,12,0,count_match,0
16,33,22,22,0,count_match,0
16,34,10,10,0,count_match,0
16,35,32,32,0,count_match,0
16,36,28,28,0,count_match,0
16,37,14,14,0,count_match,0
16,38,18,18,0,count_match,0
16,39,11,11,0,count_match,0
16,40,10,10,0,count_match,0
16,41,18,18,0,count_match,0
16,42,5,5,0,count_match,0
16,43,15,15,0,count_match,0
16,44,12,12,0,count_match,0
16,45,16,16,0,count_match,0
16,46,7,7,0,count_match,0
16,47,8,8,0,count_match,0
16,48,17,17,0,count_match,0
16,49,14,14,0,count_match,0
16,50,7,7,0,count_match,0
16,51,12,12,0,count_match,0
16,52,11,11,0,count_match,0
16,53,12,12,0,count_match,0
16,54,10,10,0,count_match,0
16,55,6,6,0,count_match,0
16,56,12,12,0,count_match,0
16,57,7,7,0,count_match,0
16,58,9,9,0,count_match,0
16,59,19,19,0,count_match,0
16,60,12,12,0,count_match,0
16,61,23,23,0,count_match,0
16,62,17,17,0,count_match,0
16,63,17,17,0,count_match,0
16,64,14,14,0,count_match,0
16,65,16,16,0,count_match,0
16,66,17,17,0,count_match,0
16,67,15,15,0,count_match,0
16,68,13,13,0,count_match,0
16,69,24,24,0,count_match,0
16,70,20,20,0,count_match,0
16,71,22,22,0,count_match,0
16,72,21,21,0,count_match,0
16,73,15,15,0,count_match,0
16,74,10,10,0,count_match,0
16,75,27,27,0,count_match,0
16,76,29,29,0,count_match,0
16,77,19,19,0,count_match,0
16,78,15,15,0,count_match,0
16,79,18,18,0,count_match,0
16,80,25,25,0,count_match,0
16,81,25,25,0,count_match,0
16,82,6,6,0,count_match,0
16,83,7,7,0,count_match,0
16,84,14,14,0,count_match,0
16,85,11,11,0,count_match,0
16,86,19,19,0,count_match,0
16,87,10,10,0,count_match,0
16,88,13,13,0,count_match,0
16,89,24,24,0,count_match,0
16,90,16,16,0,count_match,0
16,91,20,20,0,count_match,0
16,92,32,32,0,count_match,0
16,93,17,17,0,count_match,0
16,94,19,19,0,count_match,0
16,95,15,15,0,count_match,0
16,96,15,15,0,count_match,0
16,97,18,18,0,count_match,0
16,98,8,8,0,count_match,0
16,99,10,10,0,count_match,0
16,100,9,9,0,count_match,0
16,101,17,17,0,count_match,0
16,102,13,13,0,count_match,0
16,103,16,16,0,count_match,0
16,104,12,12,0,count_match,0
16,105,11,11,0,count_match,0
16,106,24,24,0,count_match,0
16,107,13,13,0,count_match,0
16,108,11,11,0,count_match,0
16,109,7,7,0,count_match,0
16,110,18,18,0,count_match,0
16,111,15,15,0,count_match,0
16,112,24,24,0,count_match,0
16,113,9,9,0,count_match,0
16,114,13,13,0,count_match,0
16,115,22,22,0,count_match,0
16,116,22,22,0,count_match,0
16,117,5,5,0,count_match,0
16,118,15,15,0,count_match,0
16,119,19,19,0,count_match,0
16,120,11,11,0,count_match,0
16,121,7,7,0,count_match,0
16,122,9,9,0,count_match,0
16,123,12,12,0,count_match,0
16,124,17,17,0,count_match,0
16,125,22,22,0,count_match,0
16,126,12,12,0,count_match,0
16,127,14,14,0,count_match,0
16,128,8,8,0,count_match,0
17,1,25,21,4,basmala_offset,4
17,2,12,12,0,count_match,0
17,3,9,9,0,count_match,0
17,4,13,13,0,count_match,0
17,5,17,17,0,count_match,0
17,6,11,11,0,count_match,0
17,7,23,23,0,count_match,0
17,8,11,11,0,count_match,0
17,9,16,16,0,count_match,0
17,10,9,9,0,count_match,0
17,11,8,8,0,count_match,0
17,12,23,23,0,count_match,0
17,13,13,13,0,count_match,0
17,14,7,7,0,count_match,0
17,15,21,21,0,count_match,0
17,16,14,14,0,count_match,0
17,17,13,13,0,count_match,0
17,18,18,18,0,count_match,0
17,19,12,12,0,count_match,0
17,20,12,12,0,count_match,0
17,21,11,11,0,count_match,0
17,22,9,9,0,count_match,0
17,23,25,25,0,count_match,0
17,24,12,12,0,count_match,0
17,25,12,12,0,count_match,0
17,26,10,10,0,count_match,0
17,27,9,9,0,count_match,0
17,28,12,12,0,count_match,0
17,29,13,13,0,count_match,0
17,30,12,12,0,count_match,0
17,31,13,13,0,count_match,0
17,32,8,8,0,count_match,0
17,33,22,22,0,count_match,0
17,34,17,17,0,count_match,0
17,35,11,11,0,count_match,0
17,36,16,16,0,count_match,0
17,37,13,13,0,count_match,0
17,38,7,7,0,count_match,0
17,39,18,18,0,count_match,0
17,40,11,11,0,count_match,0
17,41,10,10,0,count_match,0
17,42,13,13,0,count_match,0
17,43,6,6,0,count_match,0
17,44,21,21,0,count_match,0
17,45,12,12,0,count_match,0
17,46,19,19,0,count_match,0
17,47,19,19,0,count_match,0
17,48,9,9,0,count_match,0
17,49,9,9,0,count_match,0
17,50,5,5,0,count_match,0
17,51,25,25,0,count_match,0
17,52,9,9,0,count_match,0
17,53,16,16,0,count_match,0
17,54,14,14,0,count_match,0
17,55,15,15,0,count_match,0
17,56,13,13,0,count_match,0
17,57,18,18,0,count_match,0
17,58,18,18,0,count_match,0
17,59,21,21,0,count_match,0
17,60,25,25,0,count_match,0
17,61,13,13,0,count_match,0
17,62,15,15,0,count_match,0
17,63,10,10,0,count_match,0
17,64,19,19,0,count_match,0
17,65,9,9,0,count_match,0
17,66,14,14,0,count_match,0
17,67,18,18,0,count_match,0
17,68,15,15,0,count_match,0
17,69,22,22,0,count_match,0
17,70,17,17,0,count_match,0
17,71,15,15,0,count_match,0
17,72,11,11,0,count_match,0
17,73,13,13,0,count_match,0
17,74,9,9,0,count_match,0
17,75,12,12,0,count_match,0
17,76,13,13,0,count_match,0
17,77,11,11,0,count_match,0
17,78,14,14,0,count_match,0
17,79,12,12,0,count_match,0
17,80,14,14,0,count_match,0
17,81,9,9,0,count_match,0
17,82,13,13,0,count_match,0
17,83,12,12,0,count_match,0
17,84,11,11,0,count_match,0
17,85,14,14,0,count_match,0
17,86,13,13,0,count_match,0
17,87,9,9,0,count_match,0
17,88,19,19,0,count_match,0
17,89,14,14,0,count_match,0
17,90,10,10,0,count_match,0
17,91,11,11,0,count_match,0
17,92,12,12,0,count_match,0
17,93,26,26,0,count_match,0
17,94,15,15,0,count_match,0
17,95,14,14,0,count_match,0
17,96,11,11,0,count_match,0
17,97,27,27,0,count_match,0
17,98,14,14,0,count_match,0
17,99,23,23,0,count_match,0
17,100,14,14,0,count_match,0
17,101,18,18,0,count_match,0
17,102,15,15,0,count_match,0
17,103,9,9,0,count_match,0
17,104,14,14,0,count_match,0
17,105,9,9,0,count_match,0
17,106,9,9,0,count_match,0
17,107,18,18,0,count_match,0
17,108,8,8,0,count_match,0
17,109,5,5,0,count_match,0
17,110,22,22,0,count_match,0
17,111,21,21,0,count_match,0
18,1,15,11,4,basmala_offset,4
18,2,15,15,0,count_match,0
18,3,3,3,0,count_match,0
18,4,6,6,0,count_match,0
18,5,16,16,0,count_match,0
18,6,11,11,0,count_match,0
18,7,11,11,0,count_match,0
18,8,6,6,0,count_match,0
18,9,10,10,0,count_match,0
18,10,16,16,0,count_match,0
18,11,7,7,0,count_match,0
18,12,9,9,0,count_match,0
18,13,11,11,0,count_match,0
18,14,19,19,0,count_match,0
18,15,18,18,0,count_match,0
18,16,19,19,0,count_match,0
18,17,34,34,0,count_match,0
18,18,22,22,0,count_match,0
18,19,38,38,0,count_match,0
18,20,13,13,0,count_match,0
18,21,32,32,0,count_match,0
18,22,33,33,0,count_match,0
18,23,7,7,0,count_match,0
18,24,17,17,0,count_match,0
18,25,8,8,0,count_match,0
18,26,23,23,0,count_match,0
18,27,15,15,0,count_match,0
18,28,30,30,0,count_match,0
18,29,28,28,0,count_match,0
18,30,12,12,0,count_match,0
18,31,28,28,0,count_match,0
18,32,14,14,0,count_match,0
18,33,11,11,0,count_match,0
18,34,13,13,0,count_match,0
18,35,12,12,0,count_match,0
18,36,12,12,0,count_match,0
18,37,16,16,0,count_match,0
18,38,8,8,0,count_match,0
18,39,19,19,0,count_match,0
18,40,15,15,0,count_match,0
18,41,8,8,0,count_match,0
18,42,19,19,0,count_match,0
18,43,11,11,0,count_match,0
18,44,9,9,0,count_match,0
18,45,23,23,0,count_match,0
18,46,13,13,0,count_match,0
18,47,11,11,0,count_match,0
18,48,16,16,0,count_match,0
18,49,27,27,0,count_match,0
18,50,26,26,0,count_match,0
18,51,13,13,0,count_match,0
18,52,13,13,0,count_match,0
18,53,10,10,0,count_match,0
18,54,14,14,0,count_match,0
18,55,19,19,0,count_match,0
18,56,18,18,0,count_match,0
18,57,30,30,0,count_match,0
18,58,19,19,0,count_match,0
18,59,8,8,0,count_match,0
18,60,13,13,0,count_match,0
18,61,11,11,0,count_match,0
18,62,12,12,0,count_match,0
18,63,20,20,0,count_match,0
18,64,9,9,0,count_match,0
18,65,12,12,0,count_match,0
18,66,11,11,0,count_match,0
18,67,6,6,0,count_match,0
18,68,8,8,0,count_match,0
18,69,10,10,0,count_match,0
18,70,12,12,0,count_match,0
18,71,15,15,0,count_match,0
18,72,8,8,0,count_match,0
18,73,10,10,0,count_match,0
18,74,16,16,0,count_match,0
18,75,9,9,0,count_match,0
18,76,13,13,0,count_match,0
18,77,24,24,0,count_match,0
18,78,12,12,0,count_match,0
18,79,17,17,0,count_match,0
18,80,10,10,0,count_match,0
18,81,9,9,0,count_match,0
18,82,35,35,0,count_match,0
18,83,9,9,0,count_match,0
18,84,10,10,0,count_match,0
18,85,2,2,0,count_match,0
18,86,24,24,0,count_match,0
18,87,13,13,0,count_match,0
18,88,13,13,0,count_match,0
18,89,3,3,0,count_match,0
18,90,15,15,0,count_match,0
18,91,6,6,0,count_match,0
18,92,3,3,0,count_match,0
18,93,13,13,0,count_match,0
18,94,19,19,0,count_match,0
18,95,12,12,0,count_match,0
18,96,19,19,0,count_match,0
18,97,8,8,0,count_match,0
18,98,15,15,0,count_match,0
18,99,11,11,0,count_match,0
18,100,5,5,0,count_match,0
18,101,11,11,0,count_match,0
18,102,14,14,0,count_match,0
18,103,5,5,0,count_match,0
18,104,11,11,0,count_match,0
18,105,14,14,0,count_match,0
18,106,9,9,0,count_match,0
18,107,10,10,0,count_match,0
18,108,6,6,0,count_match,0
18,109,18,18,0,count_match,0
18,110,24,24,0,count_match,0
19,1,5,1,4,basmala_offset,4
19,2,5,5,0,count_match,0
19,3,5,5,0,count_match,0
19,4,14,14,0,count_match,0
19,5,13,13,0,count_match,0
19,6,8,8,0,count_match,0
19,7,12,12,0,count_match,0
19,8,14,14,0,count_match,0
19,9,14,14,0,count_match,0
19,10,13,13,0,count_match,0
19,11,11,11,0,count_match,0
19,12,7,7,0,count_match,0
19,13,6,6,0,count_match,0
19,14,6,6,0,count_match,0
19,15,9,9,0,count_match,0
19,16,10,10,0,count_match,0
19,17,11,11,0,count_match,0
19,18,8,8,0,count_match,0
19,19,9,9,0,count_match,0
19,20,11,11,0,count_match,0
19,21,15,15,0,count_match,0
19,22,5,5,0,count_match,0
19,23,13,13,0,count_match,0
19,24,10,10,0,count_match,0
19,25,8,8,0,count_match,0
19,26,18,18,0,count_match,0
19,27,10,10,0,count_match,0
19,28,11,11,0,count_match,0
19,29,10,10,0,count_match,0
19,30,8,8,0,count_match,0
19,31,11,11,0,count_match,0
19,32,6,6,0,count_match,0
19,33,9,9,0,count_match,0
19,34,9,9,0,count_match,0
19,35,16,16,0,count_match,0
19,36,8,8,0,count_match,0
19,37,11,11,0,count_match,0
19,38,11,11,0,count_match,0
19,39,12,12,0,count_match,0
19,40,8,8,0,count_match,0
19,41,8,8,0,count_match,0
19,42,15,15,0,count_match,0
19,43,13,13,0,count_match,0
19,44,9,9,0,count_match,0
19,45,11,11,0,count_match,0
19,46,12,12,0,count_match,0
19,47,10,10,0,count_match,0
19,48,14,14,0,count_match,0
19,49,14,14,0,count_match,0
19,50,9,9,0,count_match,0
19,51,10,10,0,count_match,0
19,52,7,7,0,count_match,0
19,53,7,7,0,count_match,0
19,54,11,11,0,count_match,0
19,55,9,9,0,count_match,0
19,56,8,8,0,count_match,0
19,57,3,3,0,count_match,0
19,58,29,29,0,count_match,0
19,59,11,11,0,count_match,0
19,60,12,12,0,count_match,0
19,61,11,11,0,count_match,0
19,62,11,11,0,count_match,0
19,63,9,9,0,count_match,0
19,64,18,18,0,count_match,0
19,65,12,12,0,count_match,0
19,66,8,8,0,count_match,0
19,67,10,10,0,count_match,0
19,68,8,8,0,count_match,0
19,69,10,10,0,count_match,0
19,70,8,8,0,count_match,0
19,71,9,9,0,count_match,0
19,72,8,8,0,count_match,0
19,73,16,16,0,count_match,0
19,74,9,9,0,count_match,0
19,75,25,25,0,count_match,0
19,76,13,13,0,count_match,0
19,77,8,8,0,count_match,0
19,78,7,7,0,count_match,0
19,79,9,9,0,count_match,0
19,80,5,5,0,count_match,0
19,81,8,8,0,count_match,0
19,82,6,6,0,count_match,0
19,83,9,9,0,count_match,0
19,84,7,7,0,count_match,0
19,85,6,6,0,count_match,0
19,86,5,5,0,count_match,0
19,87,9,9,0,count_match,0
19,88,4,4,0,count_match,0
19,89,4,4,0,count_match,0
19,90,9,9,0,count_match,0
19,91,4,4,0,count_match,0
19,92,6,6,0,count_match,0
19,93,10,10,0,count_match,0
19,94,4,4,0,count_match,0
19,95,5,5,0,count_match,0
19,96,9,9,0,count_match,0
19,97,10,10,0,count_match,0
19,98,14,14,0,count_match,0
20,1,5,1,4,basmala_offset,4
20,2,5,5,0,count_match,0
20,3,4,4,0,count_match,0
20,4,6,6,0,count_match,0
20,5,4,4,0,count_match,0
20,6,12,12,0,count_match,0
20,7,7,7,0,count_match,0
20,8,8,8,0,count_match,0
20,9,4,4,0,count_match,0
20,10,18,18,0,count_match,0
20,11,4,4,0,count_match,0
20,12,9,9,0,count_match,0
20,13,5,5,0,count_match,0
20,14,11,11,0,count_match,0
20,15,10,10,0,count_match,0
20,16,10,10,0,count_match,0
20,17,4,4,0,count_match,0
20,18,13,13,0,count_match,0
20,19,3,3,0,count_match,0
20,20,5,5,0,count_match,0
20,21,7,7,0,count_match,0
20,22,11,11,0,count_match,0
20,23,4,4,0,count_match,0
20,24,5,5,0,count_match,0
20,25,5,5,0,count_match,0
20,26,3,3,0,count_match,0
20,27,4,4,0,count_match,0
20,28,2,2,0,count_match,0
20,29,5,5,0,count_match,0
20,30,2,2,0,count_match,0
20,31,3,3,0,count_match,0
20,32,3,3,0,count_match,0
20,33,3,3,0,count_match,0
20,34,2,2,0,count_match,0
20,35,4,4,0,count_match,0
20,36,5,5,0,count_match,0
20,37,5,5,0,count_match,0
20,38,6,6,0,count_match,0
20,39,22,22,0,count_match,0
20,40,34,34,0,count_match,0
20,41,2,2,0,count_match,0
20,42,8,8,0,count_match,0
20,43,5,5,0,count_match,0
20,44,8,8,0,count_match,0
20,45,10,10,0,count_match,0
20,46,7,7,0,count_match,0
20,47,21,21,0,count_match,0
20,48,10,10,0,count_match,0
20,49,4,4,0,count_match,0
20,50,9,9,0,count_match,0
20,51,5,5,0,count_match,0
20,52,11,11,0,count_match,0
20,53,19,19,0,count_match,0
20,54,9,9,0,count_match,0
20,55,8,8,0,count_match,0
20,56,6,6,0,count_match,0
20,57,7,7,0,count_match,0
20,58,14,14,0,count_match,0
20,59,8,8,0,count_match,0
20,60,6,6,0,count_match,0
20,61,15,15,0,count_match,0
20,62,5,5,0,count_match,0
20,63,13,13,0,count_match,0
20,64,10,10,0,count_match,0
20,65,11,11,0,count_match,0
20,66,12,12,0,count_match,0
20,67,5,5,0,count_match,0
20,68,6,6,0,count_match,0
20,69,16,16,0,count_match,0
20,70,8,8,0,count_match,0
20,71,26,26,0,count_match,0
20,72,19,19,0,count_match,0
20,73,14,14,0,count_match,0
20,74,13,13,0,count_match,0
20,75,10,10,0,count_match,0
20,76,12,12,0,count_match,0
20,77,18,18,0,count_match,0
20,78,8,8,0,count_match,0
20,79,5,5,0,count_match,0
20,80,14,14,0,count_match,0
20,81,17,17,0,count_match,0
20,82,9,9,0,count_match,0
20,83,5,5,0,count_match,0
20,84,9,9,0,count_match,0
20,85,9,9,0,count_match,0
20,86,26,26,0,count_match,0
20,87,15,15,0,count_match,0
20,88,12,12,0,count_match,0
20,89,12,12,0,count_match,0
20,90,16,16,0,count_match,0
20,91,9,9,0,count_match,0
20,92,7,7,0,count_match,0
20,93,4,4,0,count_match,0
20,94,18,18,0,count_match,0
20,95,4,4,0,count_match,0
20,96,16,16,0,count_match,0
20,97,28,28,0,count_match,0
20,98,12,12,0,count_match,0
20,99,13,13,0,count_match,0
20,100,8,8,0,count_match,0
20,101,7,7,0,count_match,0
20,102,8,8,0,count_match,0
20,103,6,6,0,count_match,0
20,104,12,12,0,count_match,0
20,105,7,7,0,count_match,0
20,106,3,3,0,count_match,0
20,107,6,6,0,count_match,0
20,108,13,13,0,count_match,0
20,109,12,12,0,count_match,0
20,110,10,10,0,count_match,0
20,111,9,9,0,count_match,0
20,112,11,11,0,count_match,0
20,113,14,14,0,count_match,0
20,114,17,17,0,count_match,0
20,115,11,11,0,count_match,0
20,116,9,9,0,count_match,0
20,117,12,12,0,count_match,0
20,118,7,7,0,count_match,0
20,119,6,6,0,count_match,0
20,120,13,13,0,count_match,0
20,121,15,15,0,count_match,0
20,122,6,6,0,count_match,0
20,123,18,18,0,count_match,0
20,124,12,12,0,count_match,0
20,125,8,8,0,count_match,0
20,126,8,8,0,count_match,0
20,127,12,12,0,count_match,0
20,128,17,17,0,count_match,0
20,129,9,9,0,count_match,0
20,130,20,20,0,count_match,0
20,131,18,18,0,count_match,0
20,132,12,12,0,count_match,0
20,133,13,13,0,count_match,0
20,134,19,19,0,count_match,0
20,135,11,11,0,count_match,0
21,1,11,7,4,basmala_offset,4
21,2,11,11,0,count_match,0
21,3,15,15,0,count_match,0
21,4,10,10,0,count_match,0
21,5,14,14,0,count_match,0
21,6,8,8,0,count_match,0
21,7,14,14,0,count_match,0
21,8,9,9,0,count_match,0
21,9,8,8,0,count_match,0
21,10,8,8,0,count_match,0
21,11,10,10,0,count_match,0
21,12,7,7,0,count_match,0
21,13,10,10,0,count_match,0
21,14,5,5,0,count_match,0
21,15,8,8,0,count_match,0
21,16,7,7,0,count_match,0
21,17,11,11,0,count_match,0
21,18,13,13,0,count_match,0
21,19,13,13,0,count_match,0
21,20,5,5,0,count_match,0
21,21,7,7,0,count_match,0
21,22,13,13,0,count_match,0
21,23,6,6,0,count_match,0
21,24,22,22,0,count_match,0
21,25,15,15,0,count_match,0
21,26,8,8,0,count_match,0
21,27,6,6,0,count_match,0
21,28,15,15,0,count_match,0
21,29,13,13,0,count_match,0
21,30,18,18,0,count_match,0
21,31,13,13,0,count_match,0
21,32,8,8,0,count_match,0
21,33,11,11,0,count_match,0
21,34,10,10,0,count_match,0
21,35,10,10,0,count_match,0
21,36,17,17,0,count_match,0
21,37,8,8,0,count_match,0
21,38,7,7,0,count_match,0
21,39,16,16,0,count_match,0
21,40,10,10,0,count_match,0
21,41,13,13,0,count_match,0
21,42,13,13,0,count_match,0
21,43,14,14,0,count_match,0
21,44,18,18,0,count_match,0
21,45,11,11,0,count_match,0
21,46,11,11,0,count_match,0
21,47,20,20,0,count_match,0
21,48,8,8,0,count_match,0
21,49,8,8,0,count_match,0
21,50,7,7,0,count_match,0
21,51,9,9,0,count_match,0
21,52,11,11,0,count_match,0
21,53,5,5,0,count_match,0
21,54,8,8,0,count_match,0
21,55,7,7,0,count_match,0
21,56,13,13,0,count_match,0
21,57,7,7,0,count_match,0
21,58,8,8,0,count_match,0
21,59,8,8,0,count_match,0
21,60,7,7,0,count_match,0
21,61,8,8,0,count_match,0
21,62,6,6,0,count_match,0
21,63,9,9,0,count_match,0
21,64,7,7,0,count_match,0
21,65,9,9,0,count_match,0
21,66,11,11,0,count_match,0
21,67,9,9,0,count_match,0
21,68,7,7,0,count_match,0
21,69,7,7,0,count_match,0
21,70,5,5,0,count_match,0
21,71,8,8,0,count_match,0
21,72,8,8,0,count_match,0
21,73,15,15,0,count_match,0
21,74,16,16,0,count_match,0
21,75,6,6,0,count_match,0
21,76,12,12,0,count_match,0
21,77,12,12,0,count_match,0
21,78,14,14,0,count_match,0
21,79,14,14,0,count_match,0
21,80,10,10,0,count_match,0
21,81,14,14,0,count_match,0
21,82,12,12,0,count_match,0
21,83,10,10,0,count_match,0
21,84,16,16,0,count_match,0
21,85,7,7,0,count_match,0
21,86,6,6,0,count_match,0
21,87,23,23,0,count_match,0
21,88,8,8,0,count_match,0
21,89,11,11,0,count_match,0
21,90,19,19,0,count_match,0
21,91,11,11,0,count_match,0
21,92,8,8,0,count_match,0
21,93,6,6,0,count_match,0
21,94,12,12,0,count_match,0
21,95,7,7,0,count_match,0
21,96,10,10,0,count_match,0
21,97,19,19,0,count_match,0
21,98,11,11,0,count_match,0
21,99,9,9,0,count_match,0
21,100,7,7,0,count_match,0
21,101,9,9,0,count_match,0
21,102,9,9,0,count_match,0
21,103,11,11,0,count_match,0
21,104,16,16,0,count_match,0
21,105,12,12,0,count_match,0
21,106,6,6,0,count_match,0
21,107,5,5,0,count_match,0
21,108,11,11,0,count_match,0
21,109,13,13,0,count_match,0
21,110,8,8,0,count_match,0
21,111,8,8,0,count_match,0
21,112,10,10,0,count_match,0
22,1,13,9,4,basmala_offset,4
22,2,22,22,0,count_match,0
22,3,12,12,0,count_match,0
22,4,11,11,0,count_match,0
22,5,69,69,0,count_match,0
22,6,13,13,0,count_match,0
22,7,12,12,0,count_match,0
22,8,13,13,0,count_match,0
22,9,15,15,0,count_match,0
22,10,9,9,0,count_match,0
22,11,25,25,0,count_match,0
22,12,14,14,0,count_match,0
22,13,10,10,0,count_match,0
22,14,17,17,0,count_match,0
22,15,22,22,0,count_match,0
22,16,9,9,0,count_match,0
22,17,22,22,0,count_match,0
22,18,37,37,0,count_match,0
22,19,17,17,0,count_match,0
22,20,6,6,0,count_match,0
22,21,4,4,0,count_match,0
22,22,12,12,0,count_match,0
22,23,22,22,0,count_match,0
22,24,9,9,0,count_match,0
22,25,25,25,0,count_match,0
22,26,16,16,0,count_match,0
22,27,14,14,0,count_match,0
22,28,20,20,0,count_match,0
22,29,8,8,0,count_match,0
22,30,24,24,0,count_match,0
22,31,21,21,0,count_match,0
22,32,9,9,0,count_match,0
22,33,11,11,0,count_match,0
22,34,20,20,0,count_match,0
22,35,15,15,0,count_match,0
22,36,27,27,0,count_match,0
22,37,20,20,0,count_match,0
22,38,13,13,0,count_match,0
22,39,10,10,0,count_match,0
22,40,35,35,0,count_match,0
22,41,17,17,0,count_match,0
22,42,9,9,0,count_match,0
22,43,4,4,0,count_match,0
22,44,11,11,0,count_match,0
22,45,14,14,0,count_match,0
22,46,23,23,0,count_match,0
22,47,14,14,0,count_match,0
22,48,11,11,0,count_match,0
22,49,8,8,0,count_match,0
22,50,8,8,0,count_match,0
22,51,8,8,0,count_match,0
22,52,27,27,0,count_match,0
22,53,16,16,0,count_match,0
22,54,21,21,0,count_match,0
22,55,16,16,0,count_match,0
22,56,12,12,0,count_match,0
22,57,8,8,0,count_match,0
22,58,18,18,0,count_match,0
22,59,7,7,0,count_match,0
22,60,16,16,0,count_match,0
22,61,15,15,0,count_match,0
22,62,17,17,0,count_match,0
22,63,15,15,0,count_match,0
22,64,12,12,0,count_match,0
22,65,27,27,0,count_match,0
22,66,10,10,0,count_match,0
22,67,17,17,0,count_match,0
22,68,7,7,0,count_match,0
22,69,9,9,0,count_match,0
22,70,18,18,0,count_match,0
22,71,18,18,0,count_match,0
22,72,29,29,0,count_match,0
22,73,28,28,0,count_match,0
22,74,9,9,0,count_match,0
22,75,11,11,0,count_match,0
22,76,10,10,0,count_match,0
22,77,11,11,0,count_match,0
22,78,44,44,0,count_match,0
23,1,7,3,4,basmala_offset,4
23,2,5,5,0,count_match,0
23,3,5,5,0,count_match,0
23,4,4,4,0,count_match,0
23,5,4,4,0,count_match,0
23,6,10,10,0,count_match,0
23,7,7,7,0,count_match,0
23,8,5,5,0,count_match,0
23,9,5,5,0,count_match,0
23,10,3,3,0,count_match,0
23,11,6,6,0,count_match,0
23,12,7,7,0,count_match,0
23,13,6,6,0,count_match,0
23,14,21,21,0,count_match,0
23,15,5,5,0,count_match,0
23,16,5,5,0,count_match,0
23,17,10,10,0,count_match,0
23,18,13,13,0,count_match,0
23,19,13,13,0,count_match,0
23,20,9,9,0,count_match,0
23,21,15,15,0,count_match,0
23,22,4,4,0,count_match,0
23,23,16,16,0,count_match,0
23,24,26,26,0,count_match,0
23,25,10,10,0,count_match,0
23,26,5,5,0,count_match,0
23,27,32,32,0,count_match,0
23,28,15,15,0,count_match,0
23,29,8,8,0,count_match,0
23,30,7,7,0,count_match,0
23,31,6,6,0,count_match,0
23,32,14,14,0,count_match,0
23,33,25,25,0,count_match,0
23,34,7,7,0,count_match,0
23,35,9,9,0,count_match,0
23,36,4,4,0,count_match,0
23,37,10,10,0,count_match,0
23,38,12,12,0,count_match,0
23,39,5,5,0,count_match,0
23,40,5,5,0,count_match,0
23,41,8,8,0,count_match,0
23,42,6,6,0,count_match,0
23,43,7,7,0,count_match,0
23,44,19,19,0,count_match,0
23,45,8,8,0,count_match,0
23,46,7,7,0,count_match,0
23,47,7,7,0,count_match,0
23,48,4,4,0,count_match,0
23,49,6,6,0,count_match,0
23,50,11,11,0,count_match,0
23,51,11,11,0,count_match,0
23,52,8,8,0,count_match,0
23,53,9,9,0,count_match,0
23,54,5,5,0,count_match,0
23,55,7,7,0,count_match,0
23,56,7,7,0,count_match,0
23,57,7,7,0,count_match,0
23,58,5,5,0,count_match,0
23,59,5,5,0,count_match,0
23,60,10,10,0,count_match,0
23,61,7,7,0,count_match,0
23,62,12,12,0,count_match,0
23,63,14,14,0,count_match,0
23,64,8,8,0,count_match,0
23,65,7,7,0,count_match,0
23,66,9,9,0,count_match,0
23,67,4,4,0,count_match,0
23,68,10,10,0,count_match,0
23,69,7,7,0,count_match,0
23,70,10,10,0,count_match,0
23,71,16,16,0,count_match,0
23,72,9,9,0,count_match,0
23,73,5,5,0,count_match,0
23,74,8,8,0,count_match,0
23,75,11,11,0,count_match,0
23,76,8,8,0,count_match,0
23,77,12,12,0,count_match,0
23,78,10,10,0,count_match,0
23,79,7,7,0,count_match,0
23,80,10,10,0,count_match,0
23,81,6,6,0,count_match,0
23,82,8,8,0,count_match,0
23,83,12,12,0,count_match,0
23,84,8,8,0,count_match,0
23,85,5,5,0,count_match,0
23,86,8,8,0,count_match,0
23,87,5,5,0,count_match,0
23,88,14,14,0,count_match,0
23,89,5,5,0,count_match,0
23,90,5,5,0,count_match,0
23,91,24,24,0,count_match,0
23,92,6,6,0,count_match,0
23,93,6,6,0,count_match,0
23,94,6,6,0,count_match,0
23,95,7,7,0,count_match,0
23,96,9,9,0,count_match,0
23,97,7,7,0,count_match,0
23,98,5,5,0,count_match,0
23,99,8,8,0,count_match,0
23,100,16,16,0,count_match,0
23,101,10,10,0,count_match,0
23,102,6,6,0,count_match,0
23,103,10,10,0,count_match,0
23,104,6,6,0,count_match,0
23,105,8,8,0,count_match,0
23,106,8,8,0,count_match,0
23,107,7,7,0,count_match,0
23,108,5,5,0,count_match,0
23,109,14,14,0,count_match,0
23,110,8,8,0,count_match,0
23,111,8,8,0,count_match,0
23,112,7,7,0,count_match,0
23,113,8,8,0,count_match,0
23,114,9,9,0,count_match,0
23,115,8,8,0,count_match,0
23,116,11,11,0,count_match,0
23,117,18,18,0,count_match,0
23,118,7,7,0,count_match,0
24,1,13,9,4,basmala_offset,4
24,2,26,26,0,count_match,0
24,3,18,18,0,count_match,0
24,4,19,19,0,count_match,0
24,5,11,11,0,count_match,0
24,6,17,17,0,count_match,0
24,7,9,9,0,count_match,0
24,8,11,11,0,count_match,0
24,9,9,9,0,count_match,0
24,10,9,9,0,count_match,0
24,11,28,28,0,count_match,0
24,12,12,12,0,count_match,0
24,13,14,14,0,count_match,0
24,14,15,15,0,count_match,0
24,15,16,16,0,count_match,0
24,16,14,14,0,count_match,0
24,17,9,9,0,count_match,0
24,18,7,7,0,count_match,0
24,19,20,20,0,count_match,0
24,20,9,9,0,count_match,0
24,21,34,34,0,count_match,0
24,22,26,26,0,count_match,0
24,23,13,13,0,count_match,0
24,24,9,9,0,count_match,0
24,25,11,11,0,count_match,0
24,26,16,16,0,count_match,0
24,27,18,18,0,count_match,0
24,28,22,22,0,count_match,0
24,29,17,17,0,count_match,0
24,30,15,15,0,count_match,0
24,31,78,78,0,count_match,0
24,32,17,17,0,count_match,0
24,33,48,48,0,count_match,0
24,34,13,13,0,count_match,0
24,35,48,48,0,count_match,0
24,36,14,14,0,count_match,0
24,37,19,19,0,count_match,0
24,38,14,14,0,count_match,0
24,39,22,22,0,count_match,0
24,40,33,33,0,count_match,0
24,41,21,21,0,count_match,0
24,42,7,7,0,count_match,0
24,43,38,38,0,count_match,0
24,44,10,10,0,count_match,0
24,45,31,31,0,count_match,0
24,46,11,11,0,count_match,0
24,47,15,15,0,count_match,0
24,48,11,11,0,count_match,0
24,49,7,7,0,count_match,0
24,50,16,16,0,count_match,0
24,51,18,18,0,count_match,0
24,52,10,10,0,count_match,0
24,53,17,17,0,count_match,0
24,54,23,23,0,count_match,0
24,55,38,38,0,count_match,0
24,56,8,8,0,count_match,0
24,57,11,11,0,count_match,0
24,58,49,49,0,count_match,0
24,59,19,19,0,count_match,0
24,60,23,23,0,count_match,0
24,61,76,76,0,count_match,0
24,62,39,39,0,count_match,0
24,63,27,27,0,count_match,0
24,64,22,22,0,count_match,0
25,1,13,9,4,basmala_offset,4
25,2,19,19,0,count_match,0
25,3,22,22,0,count_match,0
25,4,16,16,0,count_match,0
25,5,9,9,0,count_match,0
25,6,12,12,0,count_match,0
25,7,16,16,0,count_match,0
25,8,17,17,0,count_match,0
25,9,9,9,0,count_match,0
25,10,17,17,0,count_match,0
25,11,8,8,0,count_match,0
25,12,9,9,0,count_match,0
25,13,9,9,0,count_match,0
25,14,8,8,0,count_match,0
25,15,13,13,0,count_match,0
25,16,10,10,0,count_match,0
25,17,16,16,0,count_match,0
25,18,21,21,0,count_match,0
25,19,15,15,0,count_match,0
25,20,20,20,0,count_match,0
25,21,19,19,0,count_match,0
25,22,10,10,0,count_match,0
25,23,9,9,0,count_match,0
25,24,7,7,0,count_match,0
25,25,7,7,0,count_match,0
25,26,9,9,0,count_match,0
25,27,11,11,0,count_match,0
25,28,6,6,0,count_match,0
25,29,11,11,0,count_match,0
25,30,9,9,0,count_match,0
25,31,11,11,0,count_match,0
25,32,15,15,0,count_match,0
25,33,8,8,0,count_match,0
25,34,11,11,0,count_match,0
25,35,9,9,0,count_match,0
25,36,9,9,0,count_match,0
25,37,13,13,0,count_match,0
25,38,8,8,0,count_match,0
25,39,7,7,0,count_match,0
25,40,16,16,0,count_match,0
25,41,11,11,0,count_match,0
25,42,17,17,0,count_match,0
25,43,9,9,0,count_match,0
25,44,15,15,0,count_match,0
25,45,16,16,0,count_match,0
25,46,5,5,0,count_match,0
25,47,11,11,0,count_match,0
25,48,13,13,0,count_match,0
25,49,10,10,0,count_match,0
25,50,9,9,0,count_match,0
25,51,7,7,0,count_match,0
25,52,7,7,0,count_match,0
25,53,15,15,0,count_match,0
25,54,12,12,0,count_match,0
25,55,14,14,0,count_match,0
25,56,5,5,0,count_match,0
25,57,14,14,0,count_match,0
25,58,13,13,0,count_match,0
25,59,17,17,0,count_match,0
25,60,13,13,0,count_match,0
25,61,11,11,0,count_match,0
25,62,13,13,0,count_match,0
25,63,12,12,0,count_match,0
25,64,5,5,0,count_match,0
25,65,11,11,0,count_match,0
25,66,4,4,0,count_match,0
25,67,11,11,0,count_match,0
25,68,22,22,0,count_match,0
25,69,8,8,0,count_match,0
25,70,16,16,0,count_match,0
25,71,9,9,0,count_match,0
25,72,9,9,0,count_match,0
25,73,10,10,0,count_match,0
25,74,13,13,0,count_match,0
25,75,9,9,0,count_match,0
25,76,5,5,0,count_match,0
25,77,12,12,0,count_match,0
26,1,5,1,4,basmala_offset,4
26,2,4,4,0,count_match,0
26,3,6,6,0,count_match,0
26,4,11,11,0,count_match,0
26,5,11,11,0,count_match,0
26,6,8,8,0,count_match,0
26,7,11,11,0,count_match,0
26,8,8,8,0,count_match,0
26,9,5,5,0,count_match,0
26,10,8,8,0,count_match,0
26,11,4,4,0,count_match,0
26,12,6,6,0,count_match,0
26,13,8,8,0,count_match,0
26,14,6,6,0,count_match,0
26,15,7,7,0,count_match,0
26,16,7,7,0,count_match,0
26,17,5,5,0,count_match,0
26,18,10,10,0,count_match,0
26,19,7,7,0,count_match,0
26,20,6,6,0,count_match,0
26,21,11,11,0,count_match,0
26,22,8,8,0,count_match,0
26,23,5,5,0,count_match,0
26,24,9,9,0,count_match,0
26,25,5,5,0,count_match,0
26,26,5,5,0,count_match,0
26,27,7,7,0,count_match,0
26,28,9,9,0,count_match,0
26,29,8,8,0,count_match,0
26,30,5,5,0,count_match,0
26,31,7,7,0,count_match,0
26,32,6,6,0,count_match,0
26,33,6,6,0,count_match,0
26,34,7,7,0,count_match,0
26,35,8,8,0,count_match,0
26,36,7,7,0,count_match,0
26,37,4,4,0,count_match,0
26,38,5,5,0,count_match,0
26,39,5,5,0,count_match,0
26,40,7,7,0,count_match,0
26,41,12,12,0,count_match,0
26,42,6,6,0,count_match,0
26,43,7,7,0,count_match,0
26,44,9,9,0,count_match,0
26,45,8,8,0,count_match,0
26,46,3,3,0,count_match,0
26,47,4,4,0,count_match,0
26,48,3,3,0,count_match,0
26,49,21,21,0,count_match,0
26,50,7,7,0,count_match,0
26,51,11,11,0,count_match,0
26,52,8,8,0,count_match,0
26,53,5,5,0,count_match,0
26,54,4,4,0,count_match,0
26,55,3,3,0,count_match,0
26,56,3,3,0,count_match,0
26,57,4,4,0,count_match,0
26,58,3,3,0,count_match,0
26,59,4,4,0,count_match,0
26,60,2,2,0,count_match,0
26,61,8,8,0,count_match,0
26,62,6,6,0,count_match,0
26,63,13,13,0,count_match,0
26,64,3,3,0,count_match,0
26,65,5,5,0,count_match,0
26,66,3,3,0,count_match,0
26,67,8,8,0,count_match,0
26,68,5,5,0,count_match,0
26,69,4,4,0,count_match,0
26,70,6,6,0,count_match,0
26,71,6,6,0,count_match,0
26,72,5,5,0,count_match,0
26,73,4,4,0,count_match,0
26,74,6,6,0,count_match,0
26,75,5,5,0,count_match,0
26,76,3,3,0,count_match,0
26,77,6,6,0,count_match,0
26,78,4,4,0,count_match,0
26,79,4,4,0,count_match,0
26,80,4,4,0,count_match,0
26,81,4,4,0,count_match,0
26,82,8,8,0,count_match,0
26,83,6,6,0,count_match,0
26,84,6,6,0,count_match,0
26,85,5,5,0,count_match,0
26,86,6,6,0,count_match,0
26,87,4,4,0,count_match,0
26,88,6,6,0,count_match,0
26,89,6,6,0,count_match,0
26,90,3,3,0,count_match,0
26,91,3,3,0,count_match,0
26,92,6,6,0,count_match,0
26,93,7,7,0,count_match,0
26,94,4,4,0,count_match,0
26,95,3,3,0,count_match,0
26,96,4,4,0,count_match,0
26,97,6,6,0,count_match,0
26,98,4,4,0,count_match,0
26,99,4,4,0,count_match,0
26,100,4,4,0,count_match,0
26,101,3,3,0,count_match,0
26,102,7,7,0,count_match,0
26,103,8,8,0,count_match,0
26,104,5,5,0,count_match,0
26,105,4,4,0,count_match,0
26,106,7,7,0,count_match,0
26,107,4,4,0,count_match,0
26,108,3,3,0,count_match,0
26,109,11,11,0,count_match,0
26,110,3,3,0,count_match,0
26,111,5,5,0,count_match,0
26,112,6,6,0,count_match,0
26,113,7,7,0,count_match,0
26,114,4,4,0,count_match,0
26,115,5,5,0,count_match,0
26,116,8,8,0,count_match,0
26,117,5,5,0,count_match,0
26,118,9,9,0,count_match,0
26,119,6,6,0,count_match,0
26,120,4,4,0,count_match,0
26,121,8,8,0,count_match,0
26,122,5,5,0,count_match,0
26,123,3,3,0,count_match,0
26,124,7,7,0,count_match,0
26,125,4,4,0,count_match,0
26,126,3,3,0,count_match,0
26,127,11,11,0,count_match,0
26,128,5,5,0,count_match,0
26,129,4,4,0,count_match,0
26,130,4,4,0,count_match,0
26,131,3,3,0,count_match,0
26,132,5,5,0,count_match,0
26,133,3,3,0,count_match,0
26,134,2,2,0,count_match,0
26,135,6,6,0,count_match,0
26,136,9,9,0,count_match,0
26,137,5,5,0,count_match,0
26,138,3,3,0,count_match,0
26,139,10,10,0,count_match,0
26,140,5,5,0,count_match,0
26,141,3,3,0,count_match,0
26,142,7,7,0,count_match,0
26,143,4,4,0,count_match,0
26,144,3,3,0,count_match,0
26,145,11,11,0,count_match,0
26,146,5,5,0,count_match,0
26,147,3,3,0,count_match,0
26,148,4,4,0,count_match,0
26,149,5,5,0,count_match,0
26,150,3,3,0,count_match,0
26,151,4,4,0,count_match,0
26,152,6,6,0,count_match,0
26,153,5,5,0,count_match,0
26,154,11,11,0,count_match,0
26,155,9,9,0,count_match,0
26,156,7,7,0,count_match,0
26,157,3,3,0,count_match,0
26,158,10,10,0,count_match,0
26,159,5,5,0,count_match,0
26,160,4,4,0,count_match,0
26,161,7,7,0,count_match,0
26,162,4,4,0,count_match,0
26,163,3,3,0,count_match,0
26,164,11,11,0,count_match,0
26,165,4,4,0,count_match,0
26,166,11,11,0,count_match,0
26,167,8,8,0,count_match,0
26,168,5,5,0,count_match,0
26,169,5,5,0,count_match,0
26,170,3,3,0,count_match,0
26,171,4,4,0,count_match,0
26,172,3,3,0,count_match,0
26,173,6,6,0,count_match,0
26,174,8,8,0,count_match,0
26,175,5,5,0,count_match,0
26,176,4,4,0,count_match,0
26,177,6,6,0,count_match,0
26,178,4,4,0,count_match,0
26,179,3,3,0,count_match,0
26,180,11,11,0,count_match,0
26,181,6,6,0,count_match,0
26,182,3,3,0,count_match,0
26,183,9,9,0,count_match,0
26,184,5,5,0,count_match,0
26,185,5,5,0,count_match,0
26,186,9,9,0,count_match,0
26,187,9,9,0,count_match,0
26,188,5,5,0,count_match,0
26,189,10,10,0,count_match,0
26,190,8,8,0,count_match,0
26,191,5,5,0,count_match,0
26,192,4,4,0,count_match,0
26,193,4,4,0,count_match,0
26,194,5,5,0,count_match,0
26,195,3,3,0,count_match,0
26,196,4,4,0,count_match,0
26,197,9,9,0,count_match,0
26,198,5,5,0,count_match,0
26,199,6,6,0,count_match,0
26,200,5,5,0,count_match,0
26,201,7,7,0,count_match,0
26,202,5,5,0,count_match,0
26,203,4,4,0,count_match,0
26,204,2,2,0,count_match,0
26,205,4,4,0,count_match,0
26,206,5,5,0,count_match,0
26,207,6,6,0,count_match,0
26,208,7,7,0,count_match,0
26,209,4,4,0,count_match,0
26,210,4,4,0,count_match,0
26,211,5,5,0,count_match,0
26,212,4,4,0,count_match,0
26,213,9,9,0,count_match,0
26,214,3,3,0,count_match,0
26,215,6,6,0,count_match,0
26,216,7,7,0,count_match,0
26,217,4,4,0,count_match,0
26,218,4,4,0,count_match,0
26,219,3,3,0,count_match,0
26,220,4,4,0,count_match,0
26,221,6,6,0,count_match,0
26,222,5,5,0,count_match,0
26,223,4,4,0,count_match,0
26,224,3,3,0,count_match,0
26,225,7,7,0,count_match,0
26,226,5,5,0,count_match,0
26,227,19,19,0,count_match,0
27,1,10,6,4,basmala_offset,4
27,2,3,3,0,count_match,0
27,3,9,9,0,count_match,0
27,4,10,10,0,count_match,0
27,5,10,10,0,count_match,0
27,6,7,7,0,count_match,0
27,7,16,16,0,count_match,0
27,8,14,14,0,count_match,0
27,9,6,6,0,count_match,0
27,10,19,19,0,count_match,0
27,11,11,11,0,count_match,0
27,12,19,19,0,count_match,0
27,13,8,8,0,count_match,0
27,14,11,11,0,count_match,0
27,15,15,15,0,count_match,0
27,16,18,18,0,count_match,0
27,17,9,9,0,count_match,0
27,18,19,19,0,count_match,0
27,19,24,24,0,count_match,0
27,20,12,12,0,count_match,0
27,21,9,9,0,count_match,0
27,22,14,14,0,count_match,0
27,23,11,11,0,count_match,0
27,24,17,17,0,count_match,0
27,25,14,14,0,count_match,0
27,26,8,8,0,count_match,0
27,27,7,7,0,count_match,0
27,28,11,11,0,count_match,0
27,29,8,8,0,count_match,0
27,30,8,8,0,count_match,0
27,31,5,5,0,count_match,0
27,32,12,12,0,count_match,0
27,33,12,12,0,count_match,0
27,34,13,13,0,count_match,0
27,35,8,8,0,count_match,0
27,36,16,16,0,count_match,0
27,37,13,13,0,count_match,0
27,38,10,10,0,count_match,0
27,39,16,16,0,count_match,0
27,40,38,38,0,count_match,0
27,41,12,12,0,count_match,0
27,42,14,14,0,count_match,0
27,43,12,12,0,count_match,0
27,44,28,28,0,count_match,0
27,45,13,13,0,count_match,0
27,46,12,12,0,count_match,0
27,47,13,13,0,count_match,0
27,48,10,10,0,count_match,0
27,49,14,14,0,count_match,0
27,50,7,7,0,count_match,0
27,51,9,9,0,count_match,0
27,52,11,11,0,count_match,0
27,53,5,5,0,count_match,0
27,54,8,8,0,count_match,0
27,55,11,11,0,count_match,0
27,56,15,15,0,count_match,0
27,57,7,7,0,count_match,0
27,58,6,6,0,count_match,0
27,59,12,12,0,count_match,0
27,60,27,27,0,count_match,0
27,61,21,21,0,count_match,0
27,62,16,16,0,count_match,0
27,63,20,20,0,count_match,0
27,64,19,19,0,count_match,0
27,65,14,14,0,count_match,0
27,66,14,14,0,count_match,0
27,67,9,9,0,count_match,0
27,68,12,12,0,count_match,0
27,69,9,9,0,count_match,0
27,70,9,9,0,count_match,0
27,71,7,7,0,count_match,0
27,72,9,9,0,count_match,0
27,73,10,10,0,count_match,0
27,74,8,8,0,count_match,0
27,75,10,10,0,count_match,0
27,76,12,12,0,count_match,0
27,77,4,4,0,count_match,0
27,78,8,8,0,count_match,0
27,79,7,7,0,count_match,0
27,80,11,11,0,count_match,0
27,81,14,14,0,count_match,0
27,82,16,16,0,count_match,0
27,83,11,11,0,count_match,0
27,84,13,13,0,count_match,0
27,85,8,8,0,count_match,0
27,86,15,15,0,count_match,0
27,87,18,18,0,count_match,0
27,88,18,18,0,count_match,0
27,89,11,11,0,count_match,0
27,90,13,13,0,count_match,0
27,91,17,17,0,count_match,0
27,92,15,15,0,count_match,0
27,93,11,11,0,count_match,0
28,1,5,1,4,basmala_offset,4
28,2,4,4,0,count_match,0
28,3,9,9,0,count_match,0
28,4,19,19,0,count_match,0
28,5,12,12,0,count_match,0
28,6,12,12,0,count_match,0
28,7,22,22,0,count_match,0
28,8,13,13,0,count_match,0
28,9,18,18,0,count_match,0
28,10,17,17,0,count_match,0
28,11,10,10,0,count_match,0
28,12,16,16,0,count_match,0
28,13,17,17,0,count_match,0
28,14,10,10,0,count_match,0
28,15,38,38,0,count_match,0
28,16,13,13,0,count_match,0
28,17,9,9,0,count_match,0
28,18,16,16,0,count_match,0
28,19,32,32,0,count_match,0
28,20,18,18,0,count_match,0
28,21,10,10,0,count_match,0
28,22,11,11,0,count_match,0
28,23,27,27,0,count_match,0
28,24,15,15,0,count_match,0
28,25,26,26,0,count_match,0
28,26,10,10,0,count_match,0
28,27,29,29,0,count_match,0
28,28,15,15,0,count_match,0
28,29,27,27,0,count_match,0
28,30,19,19,0,count_match,0
28,31,19,19,0,count_match,0
28,32,25,25,0,count_match,0
28,33,9,9,0,count_match,0
28,34,14,14,0,count_match,0
28,35,15,15,0,count_match,0
28,36,17,17,0,count_match,0
28,37,18,18,0,count_match,0
28,38,27,27,0,count_match,0
28,39,12,12,0,count_match,0
28,40,10,10,0,count_match,0
28,41,9,9,0,count_match,0
28,42,10,10,0,count_match,0
28,43,16,16,0,count_match,0
28,44,13,13,0,count_match,0
28,45,18,18,0,count_match,0
28,46,20,20,0,count_match,0
28,47,18,18,0,count_match,0
28,48,26,26,0,count_match,0
28,49,13,13,0,count_match,0
28,50,23,23,0,count_match,0
28,51,6,6,0,count_match,0
28,52,8,8,0,count_match,0
28,53,15,15,0,count_match,0
28,54,12,12,0,count_match,0
28,55,15,15,0,count_match,0
28,56,13,13,0,count_match,0
28,57,25,25,0,count_match,0
28,58,17,17,0,count_match,0
28,59,20,20,0,count_match,0
28,60,15,15,0,count_match,0
28,61,17,17,0,count_match,0
28,62,8,8,0,count_match,0
28,63,18,18,0,count_match,0
28,64,13,13,0,count_match,0
28,65,6,6,0,count_match,0
28,66,7,7,0,count_match,0
28,67,11,11,0,count_match,0
28,68,14,14,0,count_match,0
28,69,7,7,0,count_match,0
28,70,15,15,0,count_match,0
28,71,19,19,0,count_match,0
28,72,21,21,0,count_match,0
28,73,13,13,0,count_match,0
28,74,8,8,0,count_match,0
28,75,17,17,0,count_match,0
28,76,29,29,0,count_match,0
28,77,26,26,0,count_match,0
28,78,28,28,0,count_match,0
28,79,20,20,0,count_match,0
28,80,16,16,0,count_match,0
28,81,17,17,0,count_match,0
28,82,26,26,0,count_match,0
28,83,14,14,0,count_match,0
28,84,18,18,0,count_match,0
28,85,19,19,0,count_match,0
28,86,15,15,0,count_match,0
28,87,16,16,0,count_match,0
28,88,19,19,0,count_match,0
29,1,5,1,4,basmala_offset,4
29,2,10,10,0,count_match,0
29,3,11,11,0,count_match,0
29,4,10,10,0,count_match,0
29,5,12,12,0,count_match,0
29,6,10,10,0,count_match,0
29,7,12,12,0,count_match,0
29,8,21,21,0,count_match,0
29,9,7,7,0,count_match,0
29,10,31,31,0,count_match,0
29,11,6,6,0,count_match,0
29,12,18,18,0,count_match,0
29,13,11,11,0,count_match,0
29,14,16,16,0,count_match,0
29,15,6,6,0,count_match,0
29,16,13,13,0,count_match,0
29,17,27,27,0,count_match,0
29,18,13,13,0,count_match,0
29,19,13,13,0,count_match,0
29,20,19,19,0,count_match,0
29,21,8,8,0,count_match,0
29,22,17,17,0,count_match,0
29,23,13,13,0,count_match,0
29,24,20,20,0,count_match,0
29,25,27,27,0,count_match,0
29,26,12,12,0,count_match,0
29,27,18,18,0,count_match,0
29,28,14,14,0,count_match,0
29,29,23,23,0,count_match,0
29,30,6,6,0,count_match,0
29,31,15,15,0,count_match,0
29,32,16,16,0,count_match,0
29,33,23,23,0,count_match,0
29,34,12,12,0,count_match,0
29,35,7,7,0,count_match,0
29,36,16,16,0,count_match,0
29,37,7,7,0,count_match,0
29,38,16,16,0,count_match,0
29,39,13,13,0,count_match,0
29,40,28,28,0,count_match,0
29,41,19,19,0,count_match,0
29,42,12,12,0,count_match,0
29,43,8,8,0,count_match,0
29,44,10,10,0,count_match,0
29,45,21,21,0,count_match,0
29,46,25,25,0,count_match,0
29,47,19,19,0,count_match,0
29,48,13,13,0,count_match,0
29,49,14,14,0,count_match,0
29,50,16,16,0,count_match,0
29,51,15,15,0,count_match,0
29,52,19,19,0,count_match,0
29,53,12,12,0,count_match,0
29,54,6,6,0,count_match,0
29,55,13,13,0,count_match,0
29,56,8,8,0,count_match,0
29,57,7,7,0,count_match,0
29,58,17,17,0,count_match,0
29,59,5,5,0,count_match,0
29,60,12,12,0,count_match,0
29,61,13,13,0,count_match,0
29,62,14,14,0,count_match,0
29,63,22,22,0,count_match,0
29,64,15,15,0,count_match,0
29,65,16,16,0,count_match,0
29,66,6,6,0,count_match,0
29,67,15,15,0,count_match,0
29,68,17,17,0,count_match,0
29,69,9,9,0,count_match,0
30,1,5,1,4,basmala_offset,4
30,2,2,2,0,count_match,0
30,3,8,8,0,count_match,0
30,4,12,12,0,count_match,0
30,5,8,8,0,count_match,0
30,6,11,11,0,count_match,0
30,7,10,10,0,count_match,0
30,8,22,22,0,count_match,0
30,9,32,32,0,count_match,0
30,10,13,13,0,count_match,0
30,11,8,8,0,count_match,0
30,12,5,5,0,count_match,0
30,13,9,9,0,count_match,0
30,14,5,5,0,count_match,0
30,15,9,9,0,count_match,0
30,16,11,11,0,count_match,0
30,17,6,6,0,count_match,0
30,18,8,8,0,count_match,0
30,19,14,14,0,count_match,0
30,20,11,11,0,count_match,0
30,21,20,20,0,count_match,0
30,22,13,13,0,count_match,0
30,23,14,14,0,count_match,0
30,24,21,21,0,count_match,0
30,25,16,16,0,count_match,0
30,26,8,8,0,count_match,0
30,27,18,18,0,count_match,0
30,28,27,27,0,count_match,0
30,29,16,16,0,count_match,0
30,30,22,22,0,count_match,0
30,31,9,9,0,count_match,0
30,32,11,11,0,count_match,0
30,33,18,18,0,count_match,0
30,34,6,6,0,count_match,0
30,35,10,10,0,count_match,0
30,36,15,15,0,count_match,0
30,37,15,15,0,count_match,0
30,38,16,16,0,count_match,0
30,39,22,22,0,count_match,0
30,40,22,22,0,count_match,0
30,41,15,15,0,count_match,0
30,42,14,14,0,count_match,0
30,43,16,16,0,count_match,0
30,44,9,9,0,count_match,0
30,45,11,11,0,count_match,0
30,46,17,17,0,count_match,0
30,47,18,18,0,count_match,0
30,48,28,28,0,count_match,0
30,49,10,10,0,count_match,0
30,50,19,19,0,count_match,0
30,51,9,9,0,count_match,0
30,52,11,11,0,count_match,0
30,53,14,14,0,count_match,0
30,54,24,24,0,count_match,0
30,55,12,12,0,count_match,0
30,56,20,20,0,count_match,0
30,57,9,9,0,count_match,0
30,58,19,19,0,count_match,0
30,59,8,8,0,count_match,0
30,60,10,10,0,count_match,0
31,1,5,1,4,basmala_offset,4
31,2,4,4,0,count_match,0
31,3,3,3,0,count_match,0
31,4,9,9,0,count_match,0
31,5,8,8,0,count_match,0
31,6,18,18,0,count_match,0
31,7,16,16,0,count_match,0
31,8,8,8,0,count_match,0
31,9,8,8,0,count_match,0
31,10,27,27,0,count_match,0
31,11,14,14,0,count_match,0
31,12,18,18,0,count_match,0
31,13,14,14,0,count_match,0
31,14,17,17,0,count_match,0
31,15,29,29,0,count_match,0
31,16,24,24,0,count_match,0
31,17,17,17,0,count_match,0
31,18,16,16,0,count_match,0
31,19,11,11,0,count_match,0
31,20,30,30,0,count_match,0
31,21,21,21,0,count_match,0
31,22,15,15,0,count_match,0
31,23,15,15,0,count_match,0
31,24,7,7,0,count_match,0
31,25,15,15,0,count_match,0
31,26,10,10,0,count_match,0
31,27,21,21,0,count_match,0
31,28,11,11,0,count_match,0
31,29,25,25,0,count_match,0
31,30,16,16,0,count_match,0
31,31,19,19,0,count_match,0
31,32,22,22,0,count_match,0
31,33,30,30,0,count_match,0
31,34,27,27,0,count_match,0
32,1,5,1,4,basmala_offset,4
32,2,8,8,0,count_match,0
32,3,18,18,0,count_match,0
32,4,24,24,0,count_match,0
32,5,17,17,0,count_match,0
32,6,6,6,0,count_match,0
32,7,10,10,0,count_match,0
32,8,8,8,0,count_match,0
32,9,14,14,0,count_match,0
32,10,14,14,0,count_match,0
32,11,11,11,0,count_match,0
32,12,16,16,0,count_match,0
32,13,16,16,0,count_match,0
32,14,14,14,0,count_match,0
32,15,15,15,0,count_match,0
32,16,11,11,0,count_match,0
32,17,13,13,0,count_match,0
32,18,8,8,0,count_match,0
32,19,12,12,0,count_match,0
32,20,21,21,0,count_match,0
32,21,9,9,0,count_match,0
32,22,13,13,0,count_match,0
32,23,14,14,0,count_match,0
32,24,10,10,0,count_match,0
32,25,11,11,0,count_match,0
32,26,18,18,0,count_match,0
32,27,17,17,0,count_match,0
32,28,7,7,0,count_match,0
32,29,11,11,0,count_match,0
32,30,5,5,0,count_match,0
33,1,17,13,4,basmala_offset,4
33,2,12,12,0,count_match,0
33,3,6,6,0,count_match,0
33,4,28,28,0,count_match,0
33,5,28,28,0,count_match,0
33,6,29,29,0,count_match,0
33,7,17,17,0,count_match,0
33,8,8,8,0,count_match,0
33,9,21,21,0,count_match,0
33,10,16,16,0,count_match,0
33,11,6,6,0,count_match,0
33,12,13,13,0,count_match,0
33,13,25,25,0,count_match,0
33,14,14,14,0,count_match,0
33,15,13,13,0,count_match,0
33,16,15,15,0,count_match,0
33,17,24,24,0,count_match,0
33,18,14,14,0,count_match,0
33,19,35,35,0,count_match,0
33,20,23,23,0,count_match,0
33,21,17,17,0,count_match,0
33,22,18,18,0,count_match,0
33,23,18,18,0,count_match,0
33,24,16,16,0,count_match,0
33,25,16,16,0,count_match,0
33,26,16,16,0,count_match,0
33,27,13,13,0,count_match,0
33,28,15,15,0,count_match,0
33,29,14,14,0,count_match,0
33,30,16,16,0,count_match,0
33,31,14,14,0,count_match,0
33,32,19,19,0,count_match,0
33,33,25,25,0,count_match,0
33,34,14,14,0,count_match,0
33,35,30,30,0,count_match,0
33,36,24,24,0,count_match,0
33,37,48,48,0,count_match,0
33,38,22,22,0,count_match,0
33,39,13,13,0,count_match,0
33,40,17,17,0,count_match,0
33,41,7,7,0,count_match,0
33,42,3,3,0,count_match,0
33,43,13,13,0,count_match,0
33,44,8,8,0,count_match,0
33,45,7,7,0,count_match,0
33,46,6,6,0,count_match,0
33,47,8,8,0,count_match,0
33,48,12,12,0,count_match,0
33,49,22,22,0,count_match,0
33,50,61,61,0,count_match,0
33,51,35,35,0,count_match,0
33,52,25,25,0,count_match,0
33,53,69,69,0,count_match,0
33,54,11,11,0,count_match,0
33,55,30,30,0,count_match,0
33,56,13,13,0,count_match,0
33,57,14,14,0,count_match,0
33,58,12,12,0,count_match,0
33,59,21,21,0,count_match,0
33,60,19,19,0,count_match,0
33,61,6,6,0,count_match,0
33,62,12,12,0,count_match,0
33,63,15,15,0,count_match,0
33,64,7,7,0,count_match,0
33,65,8,8,0,count_match,0
33,66,11,11,0,count_match,0
33,67,8,8,0,count_match,0
33,68,8,8,0,count_match,0
33,69,16,16,0,count_match,0
33,70,8,8,0,count_match,0
33,71,14,14,0,count_match,0
33,72,18,18,0,count_match,0
33,73,15,15,0,count_match,0
34,1,21,17,4,basmala_offset,4
34,2,18,18,0,count_match,0
34,3,32,32,0,count_match,0
34,4,10,10,0,count_match,0
34,5,11,11,0,count_match,0
34,6,16,16,0,count_match,0
34,7,16,16,0,count_match,0
34,8,16,16,0,count_match,0
34,9,29,29,0,count_match,0
34,10,12,12,0,count_match,0
34,11,12,12,0,count_match,0
34,12,27,27,0,count_match,0
34,13,19,19,0,count_match,0
34,14,27,27,0,count_match,0
34,15,20,20,0,count_match,0
34,16,16,16,0,count_match,0
34,17,8,8,0,count_match,0
34,18,17,17,0,count_match,0
34,19,19,19,0,count_match,0
34,20,10,10,0,count_match,0
34,21,21,21,0,count_match,0
34,22,26,26,0,count_match,0
34,23,22,22,0,count_match,0
34,24,17,17,0,count_match,0
34,25,9,9,0,count_match,0
34,26,11,11,0,count_match,0
34,27,12,12,0,count_match,0
34,28,12,12,0,count_match,0
34,29,7,7,0,count_match,0
34,30,10,10,0,count_match,0
34,31,32,32,0,count_match,0
34,32,15,15,0,count_match,0
34,33,34,34,0,count_match,0
34,34,14,14,0,count_match,0
34,35,8,8,0,count_match,0
34,36,13,13,0,count_match,0
34,37,23,23,0,count_match,0
34,38,9,9,0,count_match,0
34,39,20,20,0,count_match,0
34,40,10,10,0,count_match,0
34,41,13,13,0,count_match,0
34,42,18,18,0,count_match,0
34,43,34,34,0,count_match,0
34,44,11,11,0,count_match,0
34,45,14,14,0,count_match,0
34,46,24,24,0,count_match,0
34,47,17,17,0,count_match,0
34,48,7,7,0,count_match,0
34,49,8,8,0,count_match,0
34,50,16,16,0,count_match,0
34,51,10,10,0,count_match,0
34,52,9,9,0,count_match,0
34,53,10,10,0,count_match,0
34,54,15,15,0,count_match,0
35,1,28,24,4,basmala_offset,4
35,2,19,19,0,count_match,0
35,3,21,21,0,count_match,0
35,4,11,11,0,count_match,0
35,5,14,14,0,count_match,0
35,6,13,13,0,count_match,0
35,7,13,13,0,count_match,0
35,8,25,25,0,count_match,0
35,9,17,17,0,count_match,0
35,10,24,24,0,count_match,0
35,11,34,34,0,count_match,0
35,12,28,28,0,count_match,0
35,13,28,28,0,count_match,0
35,14,18,18,0,count_match,0
35,15,10,10,0,count_match,0
35,16,6,6,0,count_match,0
35,17,5,5,0,count_match,0
35,18,34,34,0,count_match,0
35,19,4,4,0,count_match,0
35,20,4,4,0,count_match,0
35,21,4,4,0,count_match,0
35,22,16,16,0,count_match,0
35,23,4,4,0,count_match,0
35,24,12,12,0,count_match,0
35,25,13,13,0,count_match,0
35,26,7,7,0,count_match,0
35,27,22,22,0,count_match,0
35,28,17,17,0,count_match,0
35,29,16,16,0,count_match,0
35,30,8,8,0,count_match,0
35,31,16,16,0,count_match,0
35,32,21,21,0,count_match,0
35,33,13,13,0,count_match,0
35,34,11,11,0,count_match,0
35,35,14,14,0,count_match,0
35,36,18,18,0,count_match,0
35,37,25,25,0,count_match,0
35,38,10,10,0,count_match,0
35,39,24,24,0,count_match,0
35,40,33,33,0,count_match,0
35,41,19,19,0,count_match,0
35,42,19,19,0,count_match,0
35,43,26,26,0,count_match,0
35,44,30,30,0,count_match,0
35,45,25,25,0,count_match,0
36,1,5,1,4,basmala_offset,4
36,2,2,2,0,count_match,0
36,3,3,3,0,count_match,0
36,4,3,3,0,count_match,0
36,5,3,3,0,count_match,0
36,6,7,7,0,count_match,0
36,7,8,8,0,count_match,0
36,8,10,10,0,count_match,0
36,9,12,12,0,count_match,0
36,10,8,8,0,count_match,0
36,11,12,12,0,count_match,0
36,12,14,14,0,count_match,0
36,13,8,8,0,count_match,0
36,14,11,11,0,count_match,0
36,15,15,15,0,count_match,0
36,16,6,6,0,count_match,0
36,17,5,5,0,count_match,0
36,18,12,12,0,count_match,0
36,19,9,9,0,count_match,0
36,20,10,10,0,count_match,0
36,21,7,7,0,count_match,0
36,22,8,8,0,count_match,0
36,23,15,15,0,count_match,0
36,24,5,5,0,count_match,0
36,25,4,4,0,count_match,0
36,26,7,7,0,count_match,0
36,27,7,7,0,count_match,0
36,28,13,13,0,count_match,0
36,29,8,8,0,count_match,0
36,30,11,11,0,count_match,0
36,31,11,11,0,count_match,0
36,32,6,6,0,count_match,0
36,33,10,10,0,count_match,0
36,34,10,10,0,count_match,0
36,35,8,8,0,count_match,0
36,36,13,13,0,count_match,0
36,37,9,9,0,count_match,0
36,38,8,8,0,count_match,0
36,39,7,7,0,count_match,0
36,40,15,15,0,count_match,0
36,41,8,8,0,count_match,0
36,42,6,6,0,count_match,0
36,43,9,9,0,count_match,0
36,44,6,6,0,count_match,0
36,45,11,11,0,count_match,0
36,46,11,11,0,count_match,0
36,47,24,24,0,count_match,0
36,48,7,7,0,count_match,0
36,49,8,8,0,count_match,0
36,50,7,7,0,count_match,0
36,51,10,10,0,count_match,0
36,52,12,12,0,count_match,0
36,53,10,10,0,count_match,0
36,54,11,11,0,count_match,0
36,55,7,7,0,count_match,0
36,56,7,7,0,count_match,0
36,57,6,6,0,count_match,0
36,58,5,5,0,count_match,0
36,59,4,4,0,count_match,0
36,60,13,13,0,count_match,0
36,61,5,5,0,count_match,0
36,62,8,8,0,count_match,0
36,63,5,5,0,count_match,0
36,64,5,5,0,count_match,0
36,65,11,11,0,count_match,0
36,66,9,9,0,count_match,0
36,67,10,10,0,count_match,0
36,68,7,7,0,count_match,0
36,69,12,12,0,count_match,0
36,70,8,8,0,count_match,0
36,71,12,12,0,count_match,0
36,72,6,6,0,count_match,0
36,73,6,6,0,count_match,0
36,74,7,7,0,count_match,0
36,75,7,7,0,count_match,0
36,76,9,9,0,count_match,0
36,77,11,11,0,count_match,0
36,78,11,11,0,count_match,0
36,79,10,10,0,count_match,0
36,80,11,11,0,count_match,0
36,81,14,14,0,count_match,0
36,82,10,10,0,count_match,0
36,83,8,8,0,count_match,0
37,1,6,2,4,basmala_offset,4
37,2,2,2,0,count_match,0
37,3,2,2,0,count_match,0
37,4,3,3,0,count_match,0
37,5,7,7,0,count_match,0
37,6,6,6,0,count_match,0
37,7,5,5,0,count_match,0
37,8,9,9,0,count_match,0
37,9,4,4,0,count_match,0
37,10,7,7,0,count_match,0
37,11,12,12,0,count_match,0
37,12,3,3,0,count_match,0
37,13,4,4,0,count_match,0
37,14,4,4,0,count_match,0
37,15,6,6,0,count_match,0
37,16,7,7,0,count_match,0
37,17,2,2,0,count_match,0
37,18,4,4,0,count_match,0
37,19,7,7,0,count_match,0
37,20,5,5,0,count_match,0
37,21,7,7,0,count_match,0
37,22,7,7,0,count_match,0
37,23,7,7,0,count_match,0
37,24,3,3,0,count_match,0
37,25,4,4,0,count_match,0
37,26,4,4,0,count_match,0
37,27,5,5,0,count_match,0
37,28,6,6,0,count_match,0
37,29,5,5,0,count_match,0
37,30,10,10,0,count_match,0
37,31,6,6,0,count_match,0
37,32,4,4,0,count_match,0
37,33,5,5,0,count_match,0
37,34,4,4,0,count_match,0
37,35,10,10,0,count_match,0
37,36,6,6,0,count_match,0
37,37,5,5,0,count_match,0
37,38,4,4,0,count_match,0
37,39,6,6,0,count_match,0
37,40,4,4,0,count_match,0
37,41,4,4,0,count_match,0
37,42,3,3,0,count_match,0
37,43,3,3,0,count_match,0
37,44,3,3,0,count_match,0
37,45,5,5,0,count_match,0
37,46,3,3,0,count_match,0
37,47,7,7,0,count_match,0
37,48,4,4,0,count_match,0
37,49,3,3,0,count_match,0
37,50,5,5,0,count_match,0
37,51,7,7,0,count_match,0
37,52,4,4,0,count_match,0
37,53,7,7,0,count_match,0
37,54,4,4,0,count_match,0
37,55,5,5,0,count_match,0
37,56,5,5,0,count_match,0
37,57,6,6,0,count_match,0
37,58,3,3,0,count_match,0
37,59,6,6,0,count_match,0
37,60,5,5,0,count_match,0
37,61,4,4,0,count_match,0
37,62,6,6,0,count_match,0
37,63,4,4,0,count_match,0
37,64,6,6,0,count_match,0
37,65,4,4,0,count_match,0
37,66,6,6,0,count_match,0
37,67,7,7,0,count_match,0
37,68,5,5,0,count_match,0
37,69,4,4,0,count_match,0
37,70,4,4,0,count_match,0
37,71,5,5,0,count_match,0
37,72,4,4,0,count_match,0
37,73,5,5,0,count_match,0
37,74,4,4,0,count_match,0
37,75,5,5,0,count_match,0
37,76,5,5,0,count_match,0
37,77,4,4,0,count_match,0
37,78,4,4,0,count_match,0
37,79,5,5,0,count_match,0
37,80,4,4,0,count_match,0
37,81,4,4,0,count_match,0
37,82,3,3,0,count_match,0
37,83,4,4,0,count_match,0
37,84,5,5,0,count_match,0
37,85,6,6,0,count_match,0
37,86,5,5,0,count_match,0
37,87,4,4,0,count_match,0
37,88,4,4,0,count_match,0
37,89,3,3,0,count_match,0
37,90,3,3,0,count_match,0
37,91,6,6,0,count_match,0
37,92,4,4,0,count_match,0
37,93,4,4,0,count_match,0
37,94,3,3,0,count_match,0
37,95,4,4,0,count_match,0
37,96,4,4,0,count_match,0
37,97,7,7,0,count_match,0
37,98,5,5,0,count_match,0
37,99,6,6,0,count_match,0
37,100,5,5,0,count_match,0
37,101,3,3,0,count_match,0
37,102,26,26,0,count_match,0
37,103,4,4,0,count_match,0
37,104,3,3,0,count_match,0
37,105,7,7,0,count_match,0
37,106,5,5,0,count_match,0
37,107,3,3,0,count_match,0
37,108,4,4,0,count_match,0
37,109,3,3,0,count_match,0
37,110,3,3,0,count_match,0
37,111,4,4,0,count_match,0
37,112,5,5,0,count_match,0
37,113,10,10,0,count_match,0
37,114,5,5,0,count_match,0
37,115,5,5,0,count_match,0
37,116,4,4,0,count_match,0
37,117,3,3,0,count_match,0
37,118,3,3,0,count_match,0
37,119,4,4,0,count_match,0
37,120,4,4,0,count_match,0
37,121,4,4,0,count_match,0
37,122,4,4,0,count_match,0
37,123,4,4,0,count_match,0
37,124,5,5,0,count_match,0
37,125,5,5,0,count_match,0
37,126,5,5,0,count_match,0
37,127,3,3,0,count_match,0
37,128,4,4,0,count_match,0
37,129,4,4,0,count_match,0
37,130,4,3,1,tokenization_difference,
37,131,4,4,0,count_match,0
37,132,4,4,0,count_match,0
37,133,4,4,0,count_match,0
37,134,4,4,0,count_match,0
37,135,4,4,0,count_match,0
37,136,3,3,0,count_match,0
37,137,4,4,0,count_match,0
37,138,3,3,0,count_match,0
37,139,4,4,0,count_match,0
37,140,5,5,0,count_match,0
37,141,4,4,0,count_match,0
37,142,4,4,0,count_match,0
37,143,5,5,0,count_match,0
37,144,6,6,0,count_match,0
37,145,4,4,0,count_match,0
37,146,5,5,0,count_match,0
37,147,6,6,0,count_match,0
37,148,4,4,0,count_match,0
37,149,5,5,0,count_match,0
37,150,6,6,0,count_match,0
37,151,5,5,0,count_match,0
37,152,4,4,0,count_match,0
37,153,4,4,0,count_match,0
37,154,4,4,0,count_match,0
37,155,2,2,0,count_match,0
37,156,4,4,0,count_match,0
37,157,5,5,0,count_match,0
37,158,10,10,0,count_match,0
37,159,4,4,0,count_match,0
37,160,4,4,0,count_match,0
37,161,3,3,0,count_match,0
37,162,4,4,0,count_match,0
37,163,5,5,0,count_match,0
37,164,6,6,0,count_match,0
37,165,3,3,0,count_match,0
37,166,3,3,0,count_match,0
37,167,3,3,0,count_match,0
37,168,6,6,0,count_match,0
37,169,4,4,0,count_match,0
37,170,4,4,0,count_match,0
37,171,5,5,0,count_match,0
37,172,3,3,0,count_match,0
37,173,4,4,0,count_match,0
37,174,4,4,0,count_match,0
37,175,3,3,0,count_match,0
37,176,2,2,0,count_match,0
37,177,6,6,0,count_match,0
37,178,4,4,0,count_match,0
37,179,3,3,0,count_match,0
37,180,6,6,0,count_match,0
37,181,3,3,0,count_match,0
37,182,4,4,0,count_match,0
38,1,8,4,4,basmala_offset,4
38,2,6,6,0,count_match,0
38,3,10,10,0,count_match,0
38,4,10,10,0,count_match,0
38,5,8,8,0,count_match,0
38,6,12,12,0,count_match,0
38,7,10,10,0,count_match,0
38,8,15,15,0,count_match,0
38,9,7,7,0,count_match,0
38,10,10,10,0,count_match,0
38,11,6,6,0,count_match,0
38,12,8,8,0,count_match,0
38,13,7,7,0,count_match,0
38,14,7,7,0,count_match,0
38,15,10,10,0,count_match,0
38,16,8,8,0,count_match,0
38,17,11,11,0,count_match,0
38,18,7,7,0,count_match,0
38,19,5,5,0,count_match,0
38,20,6,6,0,count_match,0
38,21,7,7,0,count_match,0
38,22,23,23,0,count_match,0
38,23,15,15,0,count_match,0
38,24,32,32,0,count_match,0
38,25,9,9,0,count_match,0
38,26,30,30,0,count_match,0
38,27,16,16,0,count_match,0
38,28,13,13,0,count_match,0
38,29,9,9,0,count_match,0
38,30,7,7,0,count_match,0
38,31,6,6,0,count_match,0
38,32,11,11,0,count_match,0
38,33,6,6,0,count_match,0
38,34,9,9,0,count_match,0
38,35,15,15,0,count_match,0
38,36,8,8,0,count_match,0
38,37,4,4,0,count_match,0
38,38,4,4,0,count_match,0
38,39,7,7,0,count_match,0
38,40,6,6,0,count_match,0
38,41,11,11,0,count_match,0
38,42,6,6,0,count_match,0
38,43,10,10,0,count_match,0
38,44,14,14,0,count_match,0
38,45,8,8,0,count_match,0
38,46,5,5,0,count_match,0
38,47,5,5,0,count_match,0
38,48,8,8,0,count_match,0
38,49,6,6,0,count_match,0
38,50,5,5,0,count_match,0
38,51,7,7,0,count_match,0
38,52,4,4,0,count_match,0
38,53,5,5,0,count_match,0
38,54,7,7,0,count_match,0
38,55,5,5,0,count_match,0
38,56,4,4,0,count_match,0
38,57,4,4,0,count_match,0
38,58,4,4,0,count_match,0
38,59,10,10,0,count_match,0
38,60,11,11,0,count_match,0
38,61,11,11,0,count_match,0
38,62,10,10,0,count_match,0
38,63,6,6,0,count_match,0
38,64,6,6,0,count_match,0
38,65,11,11,0,count_match,0
38,66,7,7,0,count_match,0
38,67,4,4,0,count_match,0
38,68,3,3,0,count_match,0
38,69,9,9,0,count_match,0
38,70,8,8,0,count_match,0
38,71,9,9,0,count_match,0
38,72,9,9,0,count_match,0
38,73,4,4,0,count_match,0
38,74,6,6,0,count_match,0
38,75,14,14,0,count_match,0
38,76,10,10,0,count_match,0
38,77,5,5,0,count_match,0
38,78,6,6,0,count_match,0
38,79,6,6,0,count_match,0
38,80,4,4,0,count_match,0
38,81,4,4,0,count_match,0
38,82,4,4,0,count_match,0
38,83,4,4,0,count_match,0
38,84,4,4,0,count_match,0
38,85,7,7,0,count_match,0
38,86,10,10,0,count_match,0
38,87,5,5,0,count_match,0
38,88,4,4,0,count_match,0
39,1,10,6,4,basmala_offset,4
39,2,10,10,0,count_match,0
39,3,33,33,0,count_match,0
39,4,16,16,0,count_match,0
39,5,23,23,0,count_match,0
39,6,36,36,0,count_match,0
39,7,31,31,0,count_match,0
39,8,34,34,0,count_match,0
39,9,24,24,0,count_match,0
39,10,21,21,0,count_match,0
39,11,9,9,0,count_match,0
39,12,5,5,0,count_match,0
39,13,9,9,0,count_match,0
39,14,6,6,0,count_match,0
39,15,19,19,0,count_match,0
39,16,16,16,0,count_match,0
39,17,12,12,0,count_match,0
39,18,13,13,0,count_match,0
39,19,10,10,0,count_match,0
39,20,20,20,0,count_match,0
39,21,31,31,0,count_match,0
39,22,20,20,0,count_match,0
39,23,34,34,0,count_match,0
39,24,13,13,0,count_match,0
39,25,10,10,0,count_match,0
39,26,12,12,0,count_match,0
39,27,11,11,0,count_match,0
39,28,7,7,0,count_match,0
39,29,19,19,0,count_match,0
39,30,4,4,0,count_match,0
39,31,7,7,0,count_match,0
39,32,15,15,0,count_match,0
39,33,8,8,0,count_match,0
39,34,8,8,0,count_match,0
39,35,12,12,0,count_match,0
39,36,15,15,0,count_match,0
39,37,12,12,0,count_match,0
39,38,36,36,0,count_match,0
39,39,9,9,0,count_match,0
39,40,8,8,0,count_match,0
39,41,18,18,0,count_match,0
39,42,26,26,0,count_match,0
39,43,14,14,0,count_match,0
39,44,11,11,0,count_match,0
39,45,18,18,0,count_match,0
39,46,17,17,0,count_match,0
39,47,25,25,0,count_match,0
39,48,11,11,0,count_match,0
39,49,22,22,0,count_match,0
39,50,11,11,0,count_match,0
39,51,15,15,0,count_match,0
39,52,15,15,0,count_match,0
39,53,20,20,0,count_match,0
39,54,13,13,0,count_match,0
39,55,16,16,0,count_match,0
39,56,14,14,0,count_match,0
39,57,9,9,0,count_match,0
39,58,12,12,0,count_match,0
39,59,10,10,0,count_match,0
39,60,14,14,0,count_match,0
39,61,11,11,0,count_match,0
39,62,9,9,0,count_match,0
39,63,11,11,0,count_match,0
39,64,7,7,0,count_match,0
39,65,14,14,0,count_match,0
39,66,6,6,0,count_match,0
39,67,17,17,0,count_match,0
39,68,22,22,0,count_match,0
39,69,15,15,0,count_match,0
39,70,9,9,0,count_match,0
39,71,34,34,0,count_match,0
39,72,9,9,0,count_match,0
39,73,20,20,0,count_match,0
39,74,16,16,0,count_match,0
39,75,17,17,0,count_match,0
40,1,5,1,4,basmala_offset,4
40,2,6,6,0,count_match,0
40,3,14,14,0,count_match,0
40,4,13,13,0,count_match,0
40,5,21,21,0,count_match,0
40,6,10,10,0,count_match,0
40,7,27,27,0,count_match,0
40,8,16,16,0,count_match,0
40,9,12,12,0,count_match,0
40,10,15,15,0,count_match,0
40,11,13,13,0,count_match,0
40,12,15,15,0,count_match,0
40,13,14,14,0,count_match,0
40,14,8,8,0,count_match,0
40,15,16,16,0,count_match,0
40,16,15,15,0,count_match,0
40,17,13,13,0,count_match,0
40,18,15,15,0,count_match,0
40,19,6,6,0,count_match,0
40,20,15,15,0,count_match,0
40,21,30,30,0,count_match,0
40,22,13,13,0,count_match,0
40,23,6,6,0,count_match,0
40,24,7,7,0,count_match,0
40,25,19,19,0,count_match,0
40,26,18,18,0,count_match,0
40,27,13,13,0,count_match,0
40,28,39,39,0,count_match,0
40,29,26,26,0,count_match,0
40,30,10,10,0,count_match,0
40,31,14,14,0,count_match,0
40,32,6,6,0,count_match,0
40,33,16,16,0,count_match,0
40,34,30,30,0,count_match,0
40,35,23,23,0,count_match,0
40,36,9,9,0,count_match,0
40,37,23,23,0,count_match,0
40,38,8,8,0,count_match,0
40,39,11,11,0,count_match,0
40,40,23,23,0,count_match,0
40,41,9,9,0,count_match,0
40,42,15,15,0,count_match,0
40,43,22,22,0,count_match,0
40,44,12,12,0,count_match,0
40,45,10,10,0,count_match,0
40,46,13,13,0,count_match,0
40,47,19,19,0,count_match,0
40,48,12,12,0,count_match,0
40,49,13,13,0,count_match,0
40,50,16,16,0,count_match,0
40,51,11,11,0,count_match,0
40,52,10,10,0,count_match,0
40,53,8,8,0,count_match,0
40,54,4,4,0,count_match,0
40,55,12,12,0,count_match,0
40,56,23,23,0,count_match,0
40,57,12,12,0,count_match,0
40,58,13,13,0,count_match,0
40,59,11,11,0,count_match,0
40,60,13,13,0,count_match,0
40,61,20,20,0,count_match,0
40,62,12,12,0,count_match,0
40,63,7,7,0,count_match,0
40,64,21,21,0,count_match,0
40,65,14,14,0,count_match,0
40,66,20,20,0,count_match,0
40,67,30,30,0,count_match,0
40,68,12,12,0,count_match,0
40,69,10,10,0,count_match,0
40,70,9,9,0,count_match,0
40,71,6,6,0,count_match,0
40,72,6,6,0,count_match,0
40,73,7,7,0,count_match,0
40,74,17,17,0,count_match,0
40,75,11,11,0,count_match,0
40,76,8,8,0,count_match,0
40,77,14,14,0,count_match,0
40,78,32,32,0,count_match,0
40,79,9,9,0,count_match,0
40,80,12,12,0,count_match,0
40,81,6,6,0,count_match,0
40,82,25,25,0,count_match,0
40,83,15,15,0,count_match,0
40,84,12,12,0,count_match,0
40,85,17,17,0,count_match,0
41,1,5,1,4,basmala_offset,4
41,2,4,4,0,count_match,0
41,3,7,7,0,count_match,0
41,4,7,7,0,count_match,0
41,5,17,17,0,count_match,0
41,6,16,16,0,count_match,0
41,7,8,8,0,count_match,0
41,8,9,9,0,count_match,0
41,9,14,14,0,count_match,0
41,10,15,15,0,count_match,0
41,11,16,16,0,count_match,0
41,12,19,19,0,count_match,0
41,13,9,9,0,count_match,0
41,14,23,23,0,count_match,0
41,15,25,25,0,count_match,0
41,16,19,19,0,count_match,0
41,17,14,14,0,count_match,0
41,18,5,5,0,count_match,0
41,19,8,8,0,count_match,0
41,20,12,12,0,count_match,0
41,21,18,18,0,count_match,0
41,22,20,20,0,count_match,0
41,23,9,9,0,count_match,0
41,24,11,11,0,count_match,0
41,25,25,25,0,count_match,0
41,26,11,11,0,count_match,0
41,27,10,10,0,count_match,0
41,28,14,14,0,count_match,0
41,29,16,16,0,count_match,0
41,30,19,19,0,count_match,0
41,31,16,16,0,count_match,0
41,32,4,4,0,count_match,0
41,33,13,13,0,count_match,0
41,34,17,17,0,count_match,0
41,35,11,11,0,count_match,0
41,36,11,11,0,count_match,0
41,37,19,19,0,count_match,0
41,38,12,12,0,count_match,0
41,39,22,22,0,count_match,0
41,40,26,26,0,count_match,0
41,41,9,9,0,count_match,0
41,42,13,13,0,count_match,0
41,43,17,17,0,count_match,0
41,44,30,30,0,count_match,0
41,45,18,18,0,count_match,0
41,46,11,11,0,count_match,0
41,47,28,28,0,count_match,0
41,48,12,12,0,count_match,0
41,49,11,11,0,count_match,0
41,50,32,32,0,count_match,0
41,51,13,13,0,count_match,0
41,52,17,17,0,count_match,0
41,53,19,19,0,count_match,0
41,54,12,12,0,count_match,0
42,1,5,1,4,basmala_offset,4
42,2,1,1,0,count_match,0
42,3,10,10,0,count_match,0
42,4,10,10,0,count_match,0
42,5,19,19,0,count_match,0
42,6,12,12,0,count_match,0
42,7,22,22,0,count_match,0
42,8,19,19,0,count_match,0
42,9,16,16,0,count_match,0
42,10,15,15,0,count_match,0
42,11,19,19,0,count_match,0
42,12,13,13,0,count_match,0
42,13,38,38,0,count_match,0
42,14,30,30,0,count_match,0
42,15,34,34,0,count_match,0
42,16,18,18,0,count_match,0
42,17,11,11,0,count_match,0
42,18,22,22,0,count_match,0
42,19,9,9,0,count_match,0
42,20,22,22,0,count_match,0
42,21,22,22,0,count_match,0
42,22,24,24,0,count_match,0
42,23,29,29,0,count_match,0
42,24,22,22,0,count_match,0
42,25,12,12,0,count_match,0
42,26,12,12,0,count_match,0
42,27,17,17,0,count_match,0
42,28,13,13,0,count_match,0
42,29,16,16,0,count_match,0
42,30,10,10,0,count_match,0
42,31,14,14,0,count_match,0
42,32,6,6,0,count_match,0
42,33,15,15,0,count_match,0
42,34,7,7,0,count_match,0
42,35,9,9,0,count_match,0
42,36,17,17,0,count_match,0
42,37,10,10,0,count_match,0
42,38,11,11,0,count_match,0
42,39,6,6,0,count_match,0
42,40,14,14,0,count_match,0
42,41,9,9,0,count_match,0
42,42,15,15,0,count_match,0
42,43,8,8,0,count_match,0
42,44,20,20,0,count_match,0
42,45,27,27,0,count_match,0
42,46,16,16,0,count_match,0
42,47,21,21,0,count_match,0
42,48,27,27,0,count_match,0
42,49,15,15,0,count_match,0
42,50,11,11,0,count_match,0
42,51,22,22,0,count_match,0
42,52,27,27,0,count_match,0
42,53,15,15,0,count_match,0
43,1,5,1,4,basmala_offset,4
43,2,2,2,0,count_match,0
43,3,6,6,0,count_match,0
43,4,7,7,0,count_match,0
43,5,8,8,0,count_match,0
43,6,6,6,0,count_match,0
43,7,8,8,0,count_match,0
43,8,7,7,0,count_match,0
43,9,10,10,0,count_match,0
43,10,11,11,0,count_match,0
43,11,12,12,0,count_match,0
43,12,11,11,0,count_match,0
43,13,20,20,0,count_match,0
43,14,4,4,0,count_match,0
43,15,9,9,0,count_match,0
43,16,7,7,0,count_match,0
43,17,12,12,0,count_match,0
43,18,9,9,0,count_match,0
43,19,12,12,0,count_match,0
43,20,15,15,0,count_match,0
43,21,8,8,0,count_match,0
43,22,11,11,0,count_match,0
43,23,21,21,0,count_match,0
43,24,14,14,0,count_match,0
43,25,7,7,0,count_match,0
43,26,9,9,0,count_match,0
43,27,5,5,0,count_match,0
43,28,7,7,0,count_match,0
43,29,9,9,0,count_match,0
43,30,9,9,0,count_match,0
43,31,10,10,0,count_match,0
43,32,25,25,0,count_match,0
43,33,17,17,0,count_match,0
43,34,5,5,0,count_match,0
43,35,12,12,0,count_match,0
43,36,11,11,0,count_match,0
43,37,7,7,0,count_match,0
43,38,11,11,0,count_match,0
43,39,9,9,0,count_match,0
43,40,11,11,0,count_match,0
43,41,6,6,0,count_match,0
43,42,7,7,0,count_match,0
43,43,8,8,0,count_match,0
43,44,6,6,0,count_match,0
43,45,13,13,0,count_match,0
43,46,12,12,0,count_match,0
43,47,7,7,0,count_match,0
43,48,13,13,0,count_match,0
43,49,11,11,0,count_match,0
43,50,7,7,0,count_match,0
43,51,17,17,0,count_match,0
43,52,11,11,0,count_match,0
43,53,11,11,0,count_match,0
43,54,7,7,0,count_match,0
43,55,6,6,0,count_match,0
43,56,4,4,0,count_match,0
43,57,9,9,0,count_match,0
43,58,14,14,0,count_match,0
43,59,10,10,0,count_match,0
43,60,8,8,0,count_match,0
43,61,10,10,0,count_match,0
43,62,7,7,0,count_match,0
43,63,17,17,0,count_match,0
43,64,9,9,0,count_match,0
43,65,11,11,0,count_match,0
43,66,10,10,0,count_match,0
43,67,7,7,0,count_match,0
43,68,8,8,0,count_match,0
43,69,5,5,0,count_match,0
43,70,5,5,0,count_match,0
43,71,15,15,0,count_match,0
43,72,7,7,0,count_match,0
43,73,6,6,0,count_match,0
43,74,6,6,0,count_match,0
43,75,6,6,0,count_match,0
43,76,6,6,0,count_match,0
43,77,8,8,0,count_match,0
43,78,7,7,0,count_match,0
43,79,5,5,0,count_match,0
43,80,11,11,0,count_match,0
43,81,8,8,0,count_match,0
43,82,8,8,0,count_match,0
43,83,8,8,0,count_match,0
43,84,11,11,0,count_match,0
43,85,13,13,0,count_match,0
43,86,13,13,0,count_match,0
43,87,8,8,0,count_match,0
43,88,7,7,0,count_match,0
43,89,6,6,0,count_match,0
44,1,5,1,4,basmala_offset,4
44,2,2,2,0,count_match,0
44,3,8,8,0,count_match,0
44,4,5,5,0,count_match,0
44,5,6,6,0,count_match,0
44,6,7,7,0,count_match,0
44,7,8,8,0,count_match,0
44,8,10,10,0,count_match,0
44,9,5,5,0,count_match,0
44,10,6,6,0,count_match,0
44,11,5,5,0,count_match,0
44,12,6,6,0,count_match,0
44,13,7,7,0,count_match,0
44,14,6,6,0,count_match,0
44,15,6,6,0,count_match,0
44,16,6,6,0,count_match,0
44,17,8,8,0,count_match,0
44,18,9,9,0,count_match,0
44,19,9,9,0,count_match,0
44,20,6,6,0,count_match,0
44,21,5,5,0,count_match,0
44,22,6,6,0,count_match,0
44,23,5,5,0,count_match,0
44,24,6,6,0,count_match,0
44,25,5,5,0,count_match,0
44,26,3,3,0,count_match,0
44,27,4,4,0,count_match,0
44,28,4,4,0,count_match,0
44,29,8,8,0,count_match,0
44,30,7,7,0,count_match,0
44,31,7,7,0,count_match,0
44,32,6,6,0,count_match,0
44,33,7,7,0,count_match,0
44,34,3,3,0,count_match,0
44,35,8,8,0,count_match,0
44,36,5,5,0,count_match,0
44,37,12,12,0,count_match,0
44,38,7,7,0,count_match,0
44,39,8,8,0,count_match,0
44,40,5,5,0,count_match,0
44,41,10,10,0,count_match,0
44,42,8,8,0,count_match,0
44,43,3,3,0,count_match,0
44,44,2,2,0,count_match,0
44,45,4,4,0,count_match,0
44,46,2,2,0,count_match,0
44,47,5,5,0,count_match,0
44,48,7,7,0,count_match,0
44,49,5,5,0,count_match,0
44,50,6,6,0,count_match,0
44,51,5,5,0,count_match,0
44,52,3,3,0,count_match,0
44,53,5,5,0,count_match,0
44,54,4,4,0,count_match,0
44,55,5,5,0,count_match,0
44,56,10,10,0,count_match,0
44,57,7,7,0,count_match,0
44,58,5,5,0,count_match,0
44,59,3,3,0,count_match,0
45,1,5,1,4,basmala_offset,4
45,2,6,6,0,count_match,0
45,3,6,6,0,count_match,0
45,4,9,9,0,count_match,0
45,5,20,20,0,count_match,0
45,6,12,12,0,count_match,0
45,7,4,4,0,count_match,0
45,8,14,14,0,count_match,0
45,9,11,11,0,count_match,0
45,10,19,19,0,count_match,0
45,11,11,11,0,count_match,0
45,12,14,14,0,count_match,0
45,13,16,16,0,count_match,0
45,14,14,14,0,count_match,0
45,15,11,11,0,count_match,0
45,16,13,13,0,count_match,0
45,17,24,24,0,count_match,0
45,18,13,13,0,count_match,0
45,19,15,15,0,count_match,0
45,20,7,7,0,count_match,0
45,21,17,17,0,count_match,0
45,22,13,13,0,count_match,0
45,23,24,24,0,count_match,0
45,24,21,21,0,count_match,0
45,25,16,16,0,count_match,0
45,26,18,18,0,count_match,0
45,27,10,10,0,count_match,0
45,28,14,14,0,count_match,0
45,29,11,11,0,count_match,0
45,30,13,13,0,count_match,0
45,31,12,12,0,count_match,0
45,32,22,22,0,count_match,0
45,33,11,11,0,count_match,0
45,34,14,14,0,count_match,0
45,35,16,16,0,count_match,0
45,36,8,8,0,count_match,0
45,37,8,8,0,count_match,0
46,1,5,1,4,basmala_offset,4
46,2,6,6,0,count_match,0
46,3,15,15,0,count_match,0
46,4,29,29,0,count_match,0
46,5,18,18,0,count_match,0
46,6,9,9,0,count_match,0
46,7,14,14,0,count_match,0
46,8,25,25,0,count_match,0
46,9,24,24,0,count_match,0
46,10,24,24,0,count_match,0
46,11,19,19,0,count_match,0
46,12,16,16,0,count_match,0
46,13,13,13,0,count_match,0
46,14,9,9,0,count_match,0
46,15,45,45,0,count_match,0
46,16,18,18,0,count_match,0
46,17,28,28,0,count_match,0
46,18,17,17,0,count_match,0
46,19,9,9,0,count_match,0
46,20,27,27,0,count_match,0
46,21,25,25,0,count_match,0
46,22,12,12,0,count_match,0
46,23,13,13,0,count_match,0
46,24,18,18,0,count_match,0
46,25,14,14,0,count_match,0
46,26,32,32,0,count_match,0
46,27,10,10,0,count_match,0
46,28,17,17,0,count_match,0
46,29,18,18,0,count_match,0
46,30,19,19,0,count_match,0
46,31,14,14,0,count_match,0
46,32,18,18,0,count_match,0
46,33,22,22,0,count_match,0
46,34,18,18,0,count_match,0
46,35,27,27,0,count_match,0
47,1,12,8,4,basmala_offset,4
47,2,18,18,0,count_match,0
47,3,18,18,0,count_match,0
47,4,38,38,0,count_match,0
47,5,3,3,0,count_match,0
47,6,4,4,0,count_match,0
47,7,9,9,0,count_match,0
47,8,6,6,0,count_match,0
47,9,8,8,0,count_match,0
47,10,16,16,0,count_match,0
47,11,11,11,0,count_match,0
47,12,22,22,0,count_match,0
47,13,14,14,0,count_match,0
47,14,13,13,0,count_match,0
47,15,44,44,0,count_match,0
47,16,24,24,0,count_match,0
47,17,6,6,0,count_match,0
47,18,15,15,0,count_match,0
47,19,14,14,0,count_match,0
47,20,27,27,0,count_match,0
47,21,12,12,0,count_match,0
47,22,10,10,0,count_match,0
47,23,7,7,0,count_match,0
47,24,7,7,0,count_match,0
47,25,16,16,0,count_match,0
47,26,15,15,0,count_match,0
47,27,7,7,0,count_match,0
47,28,10,10,0,count_match,0
47,29,11,11,0,count_match,0
47,30,12,12,0,count_match,0
47,31,8,8,0,count_match,0
47,32,21,21,0,count_match,0
47,33,10,10,0,count_match,0
47,34,15,15,0,count_match,0
47,35,12,12,0,count_match,0
47,36,13,13,0,count_match,0
47,37,6,6,0,count_match,0
47,38,29,29,0,count_match,0
48,1,9,5,4,basmala_offset,4
48,2,15,15,0,count_match,0
48,3,4,4,0,count_match,0
48,4,19,19,0,count_match,0
48,5,19,19,0,count_match,0
48,6,21,21,0,count_match,0
48,7,8,8,0,count_match,0
48,8,5,5,0,count_match,0
48,9,8,8,0,count_match,0
48,10,25,25,0,count_match,0
48,11,37,37,0,count_match,0
48,12,20,20,0,count_match,0
48,13,9,9,0,count_match,0
48,14,14,14,0,count_match,0
48,15,31,31,0,count_match,0
48,16,28,28,0,count_match,0
48,17,27,27,0,count_match,0
48,18,19,19,0,count_match,0
48,19,7,7,0,count_match,0
48,20,18,18,0,count_match,0
48,21,14,14,0,count_match,0
48,22,12,12,0,count_match,0
48,23,12,12,0,count_match,0
48,24,19,19,0,count_match,0
48,25,40,40,0,count_match,0
48,26,28,28,0,count_match,0
48,27,28,28,0,count_match,0
48,28,14,14,0,count_match,0
48,29,54,54,0,count_match,0
49,1,19,15,4,basmala_offset,4
49,2,22,22,0,count_match,0
49,3,17,17,0,count_match,0
49,4,9,9,0,count_match,0
49,5,12,12,0,count_match,0
49,6,17,17,0,count_match,0
49,7,28,28,0,count_match,0
49,8,7,7,0,count_match,0
49,9,30,30,0,count_match,0
49,10,10,10,0,count_match,0
49,11,39,39,0,count_match,0
49,12,31,31,0,count_match,0
49,13,20,20,0,count_match,0
49,14,27,27,0,count_match,0
49,15,18,18,0,count_match,0
49,16,16,16,0,count_match,0
49,17,19,19,0,count_match,0
49,18,10,10,0,count_match,0
50,1,7,3,4,basmala_offset,4
50,2,11,11,0,count_match,0
50,3,7,7,0,count_match,0
50,4,9,9,0,count_match,0
50,5,9,9,0,count_match,0
50,6,12,12,0,count_match,0
50,7,11,11,0,count_match,0
50,8,5,5,0,count_match,0
50,9,10,10,0,count_match,0
50,10,5,5,0,count_match,0
50,11,8,8,0,count_match,0
50,12,7,7,0,count_match,0
50,13,4,4,0,count_match,0
50,14,9,9,0,count_match,0
50,15,10,10,0,count_match,0
50,16,14,14,0,count_match,0
50,17,8,8,0,count_match,0
50,18,8,8,0,count_match,0
50,19,9,9,0,count_match,0
50,20,6,6,0,count_match,0
50,21,6,6,0,count_match,0
50,22,12,12,0,count_match,0
50,23,6,6,0,count_match,0
50,24,6,6,0,count_match,0
50,25,4,4,0,count_match,0
50,26,10,10,0,count_match,0
50,27,10,10,0,count_match,0
50,28,8,8,0,count_match,0
50,29,8,8,0,count_match,0
50,30,9,9,0,count_match,0
50,31,5,5,0,count_match,0
50,32,6,6,0,count_match,0
50,33,7,7,0,count_match,0
50,34,5,5,0,count_match,0
50,35,6,6,0,count_match,0
50,36,15,15,0,count_match,0
50,37,13,13,0,count_match,0
50,38,13,13,0,count_match,0
50,39,12,12,0,count_match,0
50,40,5,5,0,count_match,0
50,41,7,7,0,count_match,0
50,42,7,7,0,count_match,0
50,43,6,6,0,count_match,0
50,44,9,9,0,count_match,0
50,45,13,13,0,count_match,0
51,1,6,2,4,basmala_offset,4
51,2,2,2,0,count_match,0
51,3,2,2,0,count_match,0
51,4,2,2,0,count_match,0
51,5,3,3,0,count_match,0
51,6,3,3,0,count_match,0
51,7,3,3,0,count_match,0
51,8,4,4,0,count_match,0
51,9,4,4,0,count_match,0
51,10,2,2,0,count_match,0
51,11,5,5,0,count_match,0
51,12,4,4,0,count_match,0
51,13,5,5,0,count_match,0
51,14,7,7,0,count_match,0
51,15,5,5,0,count_match,0
51,16,9,9,0,count_match,0
51,17,6,6,0,count_match,0
51,18,3,3,0,count_match,0
51,19,5,5,0,count_match,0
51,20,4,4,0,count_match,0
51,21,4,4,0,count_match,0
51,22,5,5,0,count_match,0
51,23,9,9,0,count_match,0
51,24,6,6,0,count_match,0
51,25,9,9,0,count_match,0
51,26,6,6,0,count_match,0
51,27,5,5,0,count_match,0
51,28,9,9,0,count_match,0
51,29,9,9,0,count_match,0
51,30,8,8,0,count_match,0
51,31,5,5,0,count_match,0
51,32,6,6,0,count_match,0
51,33,5,5,0,count_match,0
51,34,4,4,0,count_match,0
51,35,6,6,0,count_match,0
51,36,7,7,0,count_match,0
51,37,7,7,0,count_match,0
51,38,8,8,0,count_match,0
51,39,6,6,0,count_match,0
51,40,7,7,0,count_match,0
51,41,7,7,0,count_match,0
51,42,9,9,0,count_match,0
51,43,8,8,0,count_match,0
51,44,8,8,0,count_match,0
51,45,7,7,0,count_match,0
51,46,8,8,0,count_match,0
51,47,5,5,0,count_match,0
51,48,4,4,0,count_match,0
51,49,7,7,0,count_match,0
51,50,8,8,0,count_match,0
51,51,11,11,0,count_match,0
51,52,13,13,0,count_match,0
51,53,6,6,0,count_match,0
51,54,5,5,0,count_match,0
51,55,5,5,0,count_match,0
51,56,6,6,0,count_match,0
51,57,9,9,0,count_match,0
51,58,7,7,0,count_match,0
51,59,9,9,0,count_match,0
51,60,7,7,0,count_match,0
52,1,5,1,4,basmala_offset,4
52,2,2,2,0,count_match,0
52,3,3,3,0,count_match,0
52,4,2,2,0,count_match,0
52,5,2,2,0,count_match,0
52,6,2,2,0,count_match,0
52,7,4,4,0,count_match,0
52,8,4,4,0,count_match,0
52,9,4,4,0,count_match,0
52,10,3,3,0,count_match,0
52,11,3,3,0,count_match,0
52,12,5,5,0,count_match,0
52,13,6,6,0,count_match,0
52,14,6,6,0,count_match,0
52,15,6,6,0,count_match,0
52,16,12,12,0,count_match,0
52,17,5,5,0,count_match,0
52,18,8,8,0,count_match,0
52,19,6,6,0,count_match,0
52,20,7,7,0,count_match,0
52,21,19,19,0,count_match,0
52,22,5,5,0,count_match,0
52,23,8,8,0,count_match,0
52,24,7,7,0,count_match,0
52,25,5,5,0,count_match,0
52,26,7,7,0,count_match,0
52,27,6,6,0,count_match,0
52,28,9,9,0,count_match,0
52,29,8,8,0,count_match,0
52,30,7,7,0,count_match,0
52,31,6,6,0,count_match,0
52,32,8,8,0,count_match,0
52,33,6,6,0,count_match,0
52,34,6,6,0,count_match,0
52,35,8,8,0,count_match,0
52,36,7,7,0,count_match,0
52,37,7,7,0,count_match,0
52,38,9,9,0,count_match,0
52,39,5,5,0,count_match,0
52,40,7,7,0,count_match,0
52,41,5,5,0,count_match,0
52,42,7,7,0,count_match,0
52,43,9,9,0,count_match,0
52,44,9,9,0,count_match,0
52,45,7,7,0,count_match,0
52,46,9,9,0,count_match,0
52,47,10,10,0,count_match,0
52,48,10,10,0,count_match,0
52,49,5,5,0,count_match,0
53,1,7,3,4,basmala_offset,4
53,2,5,5,0,count_match,0
53,3,4,4,0,count_match,0
53,4,5,5,0,count_match,0
53,5,3,3,0,count_match,0
53,6,3,3,0,count_match,0
53,7,3,3,0,count_match,0
53,8,3,3,0,count_match,0
53,9,5,5,0,count_match,0
53,10,5,5,0,count_match,0
53,11,5,5,0,count_match,0
53,12,4,4,0,count_match,0
53,13,4,4,0,count_match,0
53,14,3,3,0,count_match,0
53,15,3,3,0,count_match,0
53,16,5,5,0,count_match,0
53,17,5,5,0,count_match,0
53,18,6,6,0,count_match,0
53,19,3,3,0,count_match,0
53,20,3,3,0,count_match,0
53,21,4,4,0,count_match,0
53,22,4,4,0,count_match,0
53,23,25,25,0,count_match,0
53,24,4,4,0,count_match,0
53,25,3,3,0,count_match,0
53,26,18,18,0,count_match,0
53,27,9,9,0,count_match,0
53,28,16,16,0,count_match,0
53,29,11,11,0,count_match,0
53,30,16,16,0,count_match,0
53,31,16,16,0,count_match,0
53,32,31,31,0,count_match,0
53,33,3,3,0,count_match,0
53,34,3,3,0,count_match,0
53,35,5,5,0,count_match,0
53,36,7,7,0,count_match,0
53,37,3,3,0,count_match,0
53,38,5,5,0,count_match,0
53,39,6,6,0,count_match,0
53,40,4,4,0,count_match,0
53,41,4,4,0,count_match,0
53,42,4,4,0,count_match,0
53,43,4,4,0,count_match,0
53,44,4,4,0,count_match,0
53,45,5,5,0,count_match,0
53,46,4,4,0,count_match,0
53,47,4,4,0,count_match,0
53,48,4,4,0,count_match,0
53,49,4,4,0,count_match,0
53,50,4,4,0,count_match,0
53,51,3,3,0,count_match,0
53,52,9,9,0,count_match,0
53,53,2,2,0,count_match,0
53,54,3,3,0,count_match,0
53,55,4,4,0,count_match,0
53,56,5,5,0,count_match,0
53,57,2,2,0,count_match,0
53,58,6,6,0,count_match,0
53,59,4,4,0,count_match,0
53,60,3,3,0,count_match,0
53,61,2,2,0,count_match,0
53,62,3,3,0,count_match,0
54,1,8,4,4,basmala_offset,4
54,2,7,7,0,count_match,0
54,3,6,6,0,count_match,0
54,4,7,7,0,count_match,0
54,5,5,5,0,count_match,0
54,6,8,8,0,count_match,0
54,7,8,8,0,count_match,0
54,8,8,8,0,count_match,0
54,9,9,9,0,count_match,0
54,10,5,5,0,count_match,0
54,11,5,5,0,count_match,0
54,12,9,9,0,count_match,0
54,13,5,5,0,count_match,0
54,14,6,6,0,count_match,0
54,15,6,6,0,count_match,0
54,16,4,4,0,count_match,0
54,17,7,7,0,count_match,0
54,18,6,6,0,count_match,0
54,19,9,9,0,count_match,0
54,20,6,6,0,count_match,0
54,21,4,4,0,count_match,0
54,22,7,7,0,count_match,0
54,23,3,3,0,count_match,0
54,24,10,10,0,count_match,0
54,25,9,9,0,count_match,0
54,26,5,5,0,count_match,0
54,27,7,7,0,count_match,0
54,28,8,8,0,count_match,0
54,29,4,4,0,count_match,0
54,30,4,4,0,count_match,0
54,31,8,8,0,count_match,0
54,32,7,7,0,count_match,0
54,33,4,4,0,count_match,0
54,34,9,9,0,count_match,0
54,35,7,7,0,count_match,0
54,36,5,5,0,count_match,0
54,37,9,9,0,count_match,0
54,38,5,5,0,count_match,0
54,39,3,3,0,count_match,0
54,40,7,7,0,count_match,0
54,41,5,5,0,count_match,0
54,42,7,7,0,count_match,0
54,43,9,9,0,count_match,0
54,44,5,5,0,count_match,0
54,45,4,4,0,count_match,0
54,46,6,6,0,count_match,0
54,47,5,5,0,count_match,0
54,48,9,9,0,count_match,0
54,49,5,5,0,count_match,0
54,50,6,6,0,count_match,0
54,51,6,6,0,count_match,0
54,52,5,5,0,count_match,0
54,53,4,4,0,count_match,0
54,54,5,5,0,count_match,0
54,55,6,6,0,count_match,0
55,1,5,1,4,basmala_offset,4
55,2,2,2,0,count_match,0
55,3,2,2,0,count_match,0
55,4,2,2,0,count_match,0
55,5,3,3,0,count_match,0
55,6,3,3,0,count_match,0
55,7,4,4,0,count_match,0
55,8,4,4,0,count_match,0
55,9,6,6,0,count_match,0
55,10,3,3,0,count_match,0
55,11,5,5,0,count_match,0
55,12,4,4,0,count_match,0
55,13,4,4,0,count_match,0
55,14,5,5,0,count_match,0
55,15,6,6,0,count_match,0
55,16,4,4,0,count_match,0
55,17,4,4,0,count_match,0
55,18,4,4,0,count_match,0
55,19,3,3,0,count_match,0
55,20,4,4,0,count_match,0
55,21,4,4,0,count_match,0
55,22,4,4,0,count_match,0
55,23,4,4,0,count_match,0
55,24,6,6,0,count_match,0
55,25,4,4,0,count_match,0
55,26,4,4,0,count_match,0
55,27,6,6,0,count_match,0
55,28,4,4,0,count_match,0
55,29,10,10,0,count_match,0
55,30,4,4,0,count_match,0
55,31,4,4,0,count_match,0
55,32,4,4,0,count_match,0
55,33,16,16,0,count_match,0
55,34,4,4,0,count_match,0
55,35,8,8,0,count_match,0
55,36,4,4,0,count_match,0
55,37,6,6,0,count_match,0
55,38,4,4,0,count_match,0
55,39,8,8,0,count_match,0
55,40,4,4,0,count_match,0
55,41,6,6,0,count_match,0
55,42,4,4,0,count_match,0
55,43,6,6,0,count_match,0
55,44,5,5,0,count_match,0
55,45,4,4,0,count_match,0
55,46,5,5,0,count_match,0
55,47,4,4,0,count_match,0
55,48,2,2,0,count_match,0
55,49,4,4,0,count_match,0
55,50,3,3,0,count_match,0
55,51,4,4,0,count_match,0
55,52,5,5,0,count_match,0
55,53,4,4,0,count_match,0
55,54,9,9,0,count_match,0
55,55,4,4,0,count_match,0
55,56,9,9,0,count_match,0
55,57,4,4,0,count_match,0
55,58,3,3,0,count_match,0
55,59,4,4,0,count_match,0
55,60,5,5,0,count_match,0
55,61,4,4,0,count_match,0
55,62,3,3,0,count_match,0
55,63,4,4,0,count_match,0
55,64,1,1,0,count_match,0
55,65,4,4,0,count_match,0
55,66,3,3,0,count_match,0
55,67,4,4,0,count_match,0
55,68,4,4,0,count_match,0
55,69,4,4,0,count_match,0
55,70,3,3,0,count_match,0
55,71,4,4,0,count_match,0
55,72,4,4,0,count_match,0
55,73,4,4,0,count_match,0
55,74,6,6,0,count_match,0
55,75,4,4,0,count_match,0
55,76,6,6,0,count_match,0
55,77,4,4,0,count_match,0
55,78,6,6,0,count_match,0
56,1,7,3,4,basmala_offset,4
56,2,3,3,0,count_match,0
56,3,2,2,0,count_match,0
56,4,4,4,0,count_match,0
56,5,3,3,0,count_match,0
56,6,3,3,0,count_match,0
56,7,3,3,0,count_match,0
56,8,5,5,0,count_match,0
56,9,5,5,0,count_match,0
56,10,2,2,0,count_match,0
56,11,2,2,0,count_match,0
56,12,3,3,0,count_match,0
56,13,3,3,0,count_match,0
56,14,3,3,0,count_match,0
56,15,3,3,0,count_match,0
56,16,3,3,0,count_match,0
56,17,4,4,0,count_match,0
56,18,5,5,0,count_match,0
56,19,5,5,0,count_match,0
56,20,3,3,0,count_match,0
56,21,4,4,0,count_match,0
56,22,2,2,0,count_match,0
56,23,3,3,0,count_match,0
56,24,4,4,0,count_match,0
56,25,6,6,0,count_match,0
56,26,4,4,0,count_match,0
56,27,5,5,0,count_match,0
56,28,3,3,0,count_match,0
56,29,2,2,0,count_match,0
56,30,2,2,0,count_match,0
56,31,2,2,0,count_match,0
56,32,2,2,0,count_match,0
56,33,4,4,0,count_match,0
56,34,2,2,0,count_match,0
56,35,3,3,0,count_match,0
56,36,2,2,0,count_match,0
56,37,2,2,0,count_match,0
56,38,2,2,0,count_match,0
56,39,3,3,0,count_match,0
56,40,3,3,0,count_match,0
56,41,5,5,0,count_match,0
56,42,3,3,0,count_match,0
56,43,3,3,0,count_match,0
56,44,4,4,0,count_match,0
56,45,5,5,0,count_match,0
56,46,5,5,0,count_match,0
56,47,9,9,0,count_match,0
56,48,2,2,0,count_match,0
56,49,4,4,0,count_match,0
56,50,5,5,0,count_match,0
56,51,5,5,0,count_match,0
56,52,5,5,0,count_match,0
56,53,3,3,0,count_match,0
56,54,4,4,0,count_match,0
56,55,3,3,0,count_match,0
56,56,4,4,0,count_match,0
56,57,4,4,0,count_match,0
56,58,3,3,0,count_match,0
56,59,5,5,0,count_match,0
56,60,7,7,0,count_match,0
56,61,9,9,0,count_match,0
56,62,6,6,0,count_match,0
56,63,3,3,0,count_match,0
56,64,5,5,0,count_match,0
56,65,6,6,0,count_match,0
56,66,2,2,0,count_match,0
56,67,3,3,0,count_match,0
56,68,4,4,0,count_match,0
56,69,7,7,0,count_match,0
56,70,6,6,0,count_match,0
56,71,4,4,0,count_match,0
56,72,6,6,0,count_match,0
56,73,5,5,0,count_match,0
56,74,4,4,0,count_match,0
56,75,4,4,0,count_match,0
56,76,5,5,0,count_match,0
56,77,3,3,0,count_match,0
56,78,3,3,0,count_match,0
56,79,4,4,0,count_match,0
56,80,4,4,0,count_match,0
56,81,4,4,0,count_match,0
56,82,4,4,0,count_match,0
56,83,4,4,0,count_match,0
56,84,3,3,0,count_match,0
56,85,7,7,0,count_match,0
56,86,5,5,0,count_match,0
56,87,4,4,0,count_match,0
56,88,5,5,0,count_match,0
56,89,4,4,0,count_match,0
56,90,6,6,0,count_match,0
56,91,5,5,0,count_match,0
56,92,6,6,0,count_match,0
56,93,3,3,0,count_match,0
56,94,2,2,0,count_match,0
56,95,5,5,0,count_match,0
56,96,4,4,0,count_match,0
57,1,13,9,4,basmala_offset,4
57,2,11,11,0,count_match,0
57,3,9,9,0,count_match,0
57,4,36,36,0,count_match,0
57,5,8,8,0,count_match,0
57,6,12,12,0,count_match,0
57,7,15,15,0,count_match,0
57,8,15,15,0,count_match,0
57,9,17,17,0,count_match,0
57,10,37,37,0,count_match,0
57,11,12,12,0,count_match,0
57,12,22,22,0,count_match,0
57,13,27,27,0,count_match,0
57,14,20,20,0,count_match,0
57,15,15,15,0,count_match,0
57,16,28,28,0,count_match,0
57,17,13,13,0,count_match,0
57,18,12,12,0,count_match,0
57,19,20,20,0,count_match,0
57,20,39,39,0,count_match,0
57,21,25,25,0,count_match,0
57,22,21,21,0,count_match,0
57,23,15,15,0,count_match,0
57,24,12,12,0,count_match,0
57,25,28,28,0,count_match,0
57,26,14,14,0,count_match,0
57,27,39,39,0,count_match,0
57,28,21,21,0,count_match,0
57,29,22,22,0,count_match,0
58,1,22,18,4,basmala_offset,4
58,2,23,23,0,count_match,0
58,3,21,21,0,count_match,0
58,4,26,26,0,count_match,0
58,5,18,18,0,count_match,0
58,6,15,15,0,count_match,0
58,7,47,47,0,count_match,0
58,8,38,38,0,count_match,0
58,9,19,19,0,count_match,0
58,10,17,17,0,count_match,0
58,11,30,30,0,count_match,0
58,12,22,22,0,count_match,0
58,13,24,24,0,count_match,0
58,14,19,19,0,count_match,0
58,15,10,10,0,count_match,0
58,16,10,10,0,count_match,0
58,17,15,15,0,count_match,0
58,18,17,17,0,count_match,0
58,19,15,15,0,count_match,0
58,20,8,8,0,count_match,0
58,21,9,9,0,count_match,0
58,22,51,51,0,count_match,0
59,1,15,11,4,basmala_offset,4
59,2,40,40,0,count_match,0
59,3,14,14,0,count_match,0
59,4,12,12,0,count_match,0
59,5,13,13,0,count_match,0
59,6,25,25,0,count_match,0
59,7,37,37,0,count_match,0
59,8,18,18,0,count_match,0
59,9,31,31,0,count_match,0
59,10,23,23,0,count_match,0
59,11,28,28,0,count_match,0
59,12,16,16,0,count_match,0
59,13,12,12,0,count_match,0
59,14,23,23,0,count_match,0
59,15,11,11,0,count_match,0
59,16,17,17,0,count_match,0
59,17,10,10,0,count_match,0
59,18,17,17,0,count_match,0
59,19,10,10,0,count_match,0
59,20,10,10,0,count_match,0
59,21,18,18,0,count_match,0
59,22,13,13,0,count_match,0
59,23,19,19,0,count_match,0
59,24,17,17,0,count_match,0
60,1,52,48,4,basmala_offset,4
60,2,13,13,0,count_match,0
60,3,13,13,0,count_match,0
60,4,52,52,0,count_match,0
60,5,13,13,0,count_match,0
60,6,19,19,0,count_match,0
60,7,15,15,0,count_match,0
60,8,21,21,0,count_match,0
60,9,21,21,0,count_match,0
60,10,55,55,0,count_match,0
60,11,21,21,0,count_match,0
60,12,38,38,0,count_match,0
60,13,19,19,0,count_match,0
61,1,15,11,4,basmala_offset,4
61,2,8,8,0,count_match,0
61,3,9,9,0,count_match,0
61,4,11,11,0,count_match,0
61,5,23,23,0,count_match,0
61,6,31,31,0,count_match,0
61,7,16,16,0,count_match,0
61,8,11,11,0,count_match,0
61,9,14,14,0,count_match,0
61,10,11,11,0,count_match,0
61,11,15,15,0,count_match,0
61,12,17,17,0,count_match,0
61,13,9,9,0,count_match,0
61,14,35,35,0,count_match,0
62,1,16,12,4,basmala_offset,4
62,2,21,21,0,count_match,0
62,3,8,8,0,count_match,0
62,4,10,10,0,count_match,0
62,5,23,23,0,count_match,0
62,6,17,17,0,count_match,0
62,7,9,9,0,count_match,0
62,8,18,18,0,count_match,0
62,9,21,21,0,count_match,0
62,10,15,15,0,count_match,0
62,11,21,21,0,count_match,0
63,1,21,17,4,basmala_offset,4
63,2,12,12,0,count_match,0
63,3,11,11,0,count_match,0
63,4,22,22,0,count_match,0
63,5,14,14,0,count_match,0
63,6,18,18,0,count_match,0
63,7,20,20,0,count_match,0
63,8,17,17,0,count_match,0
63,9,17,17,0,count_match,0
63,10,21,21,0,count_match,0
63,11,11,11,0,count_match,0
64,1,21,17,4,basmala_offset,4
64,2,11,11,0,count_match,0
64,3,9,9,0,count_match,0
64,4,14,14,0,count_match,0
64,5,13,13,0,count_match,0
64,6,16,16,0,count_match,0
64,7,18,18,0,count_match,0
64,8,10,10,0,count_match,0
64,9,27,27,0,count_match,0
64,10,11,11,0,count_match,0
64,11,16,16,0,count_match,0
64,12,11,11,0,count_match,0
64,13,9,9,0,count_match,0
64,14,18,18,0,count_match,0
64,15,8,8,0,count_match,0
64,16,16,16,0,count_match,0
64,17,12,12,0,count_match,0
64,18,5,5,0,count_match,0
65,1,45,41,4,basmala_offset,4
65,2,30,30,0,count_match,0
65,3,21,21,0,count_match,0
65,4,28,28,0,count_match,0
65,5,14,14,0,count_match,0
65,6,32,32,0,count_match,0
65,7,25,25,0,count_match,0
65,8,14,14,0,count_match,0
65,9,7,7,0,count_match,0
65,10,16,16,0,count_match,0
65,11,34,34,0,count_match,0
65,12,25,25,0,count_match,0
66,1,18,14,4,basmala_offset,4
66,2,11,11,0,count_match,0
66,3,29,29,0,count_match,0
66,4,21,21,0,count_match,0
66,5,17,17,0,count_match,0
66,6,22,22,0,count_match,0
66,7,11,11,0,count_match,0
66,8,45,45,0,count_match,0
66,9,11,11,0,count_match,0
66,10,27,27,0,count_match,0
66,11,24,24,0,count_match,0
66,12,17,17,0,count_match,0
67,1,13,9,4,basmala_offset,4
67,2,11,11,0,count_match,0
67,3,18,18,0,count_match,0
67,4,10,10,0,count_match,0
67,5,12,12,0,count_match,0
67,6,7,7,0,count_match,0
67,7,8,8,0,count_match,0
67,8,13,13,0,count_match,0
67,9,18,18,0,count_match,0
67,10,11,11,0,count_match,0
67,11,5,5,0,count_match,0
67,12,9,9,0,count_match,0
67,13,9,9,0,count_match,0
67,14,7,7,0,count_match,0
67,15,14,14,0,count_match,0
67,16,11,11,0,count_match,0
67,17,12,12,0,count_match,0
67,18,8,8,0,count_match,0
67,19,15,15,0,count_match,0
67,20,15,15,0,count_match,0
67,21,12,12,0,count_match,0
67,22,12,12,0,count_match,0
67,23,12,12,0,count_match,0
67,24,8,8,0,count_match,0
67,25,7,7,0,count_match,0
67,26,9,9,0,count_match,0
67,27,13,13,0,count_match,0
67,28,15,15,0,count_match,0
67,29,13,13,0,count_match,0
67,30,10,10,0,count_match,0
68,1,8,4,4,basmala_offset,4
68,2,5,5,0,count_match,0
68,3,5,5,0,count_match,0
68,4,4,4,0,count_match,0
68,5,2,2,0,count_match,0
68,6,2,2,0,count_match,0
68,7,11,11,0,count_match,0
68,8,3,3,0,count_match,0
68,9,4,4,0,count_match,0
68,10,5,5,0,count_match,0
68,11,3,3,0,count_match,0
68,12,4,4,0,count_match,0
68,13,4,4,0,count_match,0
68,14,5,5,0,count_match,0
68,15,7,7,0,count_match,0
68,16,3,3,0,count_match,0
68,17,10,10,0,count_match,0
68,18,2,2,0,count_match,0
68,19,7,7,0,count_match,0
68,20,2,2,0,count_match,0
68,21,2,2,0,count_match,0
68,22,7,7,0,count_match,0
68,23,3,3,0,count_match,0
68,24,6,6,0,count_match,0
68,25,4,4,0,count_match,0
68,26,5,5,0,count_match,0
68,27,3,3,0,count_match,0
68,28,7,7,0,count_match,0
68,29,6,6,0,count_match,0
68,30,5,5,0,count_match,0
68,31,5,5,0,count_match,0
68,32,10,10,0,count_match,0
68,33,8,8,0,count_match,0
68,34,6,6,0,count_match,0
68,35,3,3,0,count_match,0
68,36,4,4,0,count_match,0
68,37,5,5,0,count_match,0
68,38,5,5,0,count_match,0
68,39,12,12,0,count_match,0
68,40,4,4,0,count_match,0
68,41,8,8,0,count_match,0
68,42,9,9,0,count_match,0
68,43,11,11,0,count_match,0
68,44,10,10,0,count_match,0
68,45,5,5,0,count_match,0
68,46,7,7,0,count_match,0
68,47,5,5,0,count_match,0
68,48,11,11,0,count_match,0
68,49,10,10,0,count_match,0
68,50,5,5,0,count_match,0
68,51,12,12,0,count_match,0
68,52,5,5,0,count_match,0
69,1,5,1,4,basmala_offset,4
69,2,2,2,0,count_match,0
69,3,4,4,0,count_match,0
69,4,4,4,0,count_match,0
69,5,4,4,0,count_match,0
69,6,6,6,0,count_match,0
69,7,15,15,0,count_match,0
69,8,5,5,0,count_match,0
69,9,6,6,0,count_match,0
69,10,6,6,0,count_match,0
69,11,7,7,0,count_match,0
69,12,6,6,0,count_match,0
69,13,6,6,0,count_match,0
69,14,6,6,0,count_match,0
69,15,3,3,0,count_match,0
69,16,5,5,0,count_match,0
69,17,9,9,0,count_match,0
69,18,6,6,0,count_match,0
69,19,9,9,0,count_match,0
69,20,5,5,0,count_match,0
69,21,4,4,0,count_match,0
69,22,3,3,0,count_match,0
69,23,2,2,0,count_match,0
69,24,8,8,0,count_match,0
69,25,10,10,0,count_match,0
69,26,4,4,0,count_match,0
69,27,3,3,0,count_match,0
69,28,4,4,0,count_match,0
69,29,3,3,0,count_match,0
69,30,2,2,0,count_match,0
69,31,3,3,0,count_match,0
69,32,7,7,0,count_match,0
69,33,6,6,0,count_match,0
69,34,5,5,0,count_match,0
69,35,5,5,0,count_match,0
69,36,5,5,0,count_match,0
69,37,4,4,0,count_match,0
69,38,4,4,0,count_match,0
69,39,3,3,0,count_match,0
69,40,4,4,0,count_match,0
69,41,7,7,0,count_match,0
69,42,6,6,0,count_match,0
69,43,4,4,0,count_match,0
69,44,5,5,0,count_match,0
69,45,3,3,0,count_match,0
69,46,4,4,0,count_match,0
69,47,6,6,0,count_match,0
69,48,3,3,0,count_match,0
69,49,5,5,0,count_match,0
69,50,4,4,0,count_match,0
69,51,3,3,0,count_match,0
69,52,4,4,0,count_match,0
70,1,8,4,4,basmala_offset,4
70,2,4,4,0,count_match,0
70,3,4,4,0,count_match,0
70,4,11,11,0,count_match,0
70,5,3,3,0,count_match,0
70,6,3,3,0,count_match,0
70,7,2,2,0,count_match,0
70,8,4,4,0,count_match,0
70,9,3,3,0,count_match,0
70,10,4,4,0,count_match,0
70,11,9,9,0,count_match,0
70,12,2,2,0,count_match,0
70,13,3,3,0,count_match,0
70,14,6,6,0,count_match,0
70,15,3,3,0,count_match,0
70,16,2,2,0,count_match,0
70,17,4,4,0,count_match,0
70,18,2,2,0,count_match,0
70,19,4,4,0,count_match,0
70,20,4,4,0,count_match,0
70,21,4,4,0,count_match,0
70,22,2,2,0,count_match,0
70,23,5,5,0,count_match,0
70,24,5,5,0,count_match,0
70,25,2,2,0,count_match,0
70,26,4,4,0,count_match,0
70,27,6,6,0,count_match,0
70,28,5,5,0,count_match,0
70,29,4,4,0,count_match,0
70,30,10,10,0,count_match,0
70,31,7,7,0,count_match,0
70,32,5,5,0,count_match,0
70,33,4,4,0,count_match,0
70,34,5,5,0,count_match,0
70,35,4,4,0,count_match,0
70,36,5,5,0,count_match,0
70,37,5,5,0,count_match,0
70,38,8,8,0,count_match,0
70,39,5,5,0,count_match,0
70,40,7,7,0,count_match,0
70,41,8,8,0,count_match,0
70,42,8,8,0,count_match,0
70,43,9,9,0,count_match,0
70,44,9,9,0,count_match,0
71,1,18,14,4,basmala_offset,4
71,2,6,6,0,count_match,0
71,3,5,5,0,count_match,0
71,4,18,18,0,count_match,0
71,5,7,7,0,count_match,0
71,6,5,5,0,count_match,0
71,7,14,14,0,count_match,0
71,8,4,4,0,count_match,0
71,9,7,7,0,count_match,0
71,10,6,6,0,count_match,0
71,11,4,4,0,count_match,0
71,12,9,9,0,count_match,0
71,13,6,6,0,count_match,0
71,14,3,3,0,count_match,0
71,15,8,8,0,count_match,0
71,16,7,7,0,count_match,0
71,17,5,5,0,count_match,0
71,18,5,5,0,count_match,0
71,19,5,5,0,count_match,0
71,20,4,4,0,count_match,0
71,21,13,13,0,count_match,0
71,22,3,3,0,count_match,0
71,23,13,13,0,count_match,0
71,24,8,8,0,count_match,0
71,25,12,12,0,count_match,0
71,26,10,10,0,count_match,0
71,27,10,10,0,count_match,0
71,28,15,15,0,count_match,0
72,1,17,13,4,basmala_offset,4
72,2,9,9,0,count_match,0
72,3,9,9,0,count_match,0
72,4,7,7,0,count_match,0
72,5,10,10,0,count_match,0
72,6,11,11,0,count_match,0
72,7,9,9,0,count_match,0
72,8,8,8,0,count_match,0
72,9,13,13,0,count_match,0
72,10,13,13,0,count_match,0
72,11,9,9,0,count_match,0
72,12,11,11,0,count_match,0
72,13,14,14,0,count_match,0
72,14,10,10,0,count_match,0
72,15,5,5,0,count_match,0
72,16,7,7,0,count_match,0
72,17,10,10,0,count_match,0
72,18,8,8,0,count_match,0
72,19,10,10,0,count_match,0
72,20,8,8,0,count_match,0
72,21,8,8,0,count_match,0
72,22,12,12,0,count_match,0
72,23,16,16,0,count_match,0
72,24,11,11,0,count_match,0
72,25,11,11,0,count_match,0
72,26,7,7,0,count_match,0
72,27,13,13,0,count_match,0
72,28,13,13,0,count_match,0
73,1,6,2,4,basmala_offset,4
73,2,4,4,0,count_match,0
73,3,5,5,0,count_match,0
73,4,6,6,0,count_match,0
73,5,5,5,0,count_match,0
73,6,8,8,0,count_match,0
73,7,6,6,0,count_match,0
73,8,6,6,0,count_match,0
73,9,9,9,0,count_match,0
73,10,7,7,0,count_match,0
73,11,6,6,0,count_match,0
73,12,4,4,0,count_match,0
73,13,5,5,0,count_match,0
73,14,8,8,0,count_match,0
73,15,11,11,0,count_match,0
73,16,6,6,0,count_match,0
73,17,8,8,0,count_match,0
73,18,6,6,0,count_match,0
73,19,9,9,0,count_match,0
73,20,78,78,0,count_match,0
74,1,6,2,4,basmala_offset,4
74,2,2,2,0,count_match,0
74,3,2,2,0,count_match,0
74,4,2,2,0,count_match,0
74,5,2,2,0,count_match,0
74,6,3,3,0,count_match,0
74,7,2,2,0,count_match,0
74,8,4,4,0,count_match,0
74,9,4,4,0,count_match,0
74,10,4,4,0,count_match,0
74,11,4,4,0,count_match,0
74,12,4,4,0,count_match,0
74,13,2,2,0,count_match,0
74,14,3,3,0,count_match,0
74,15,4,4,0,count_match,0
74,16,5,5,0,count_match,0
74,17,2,2,0,count_match,0
74,18,3,3,0,count_match,0
74,19,3,3,0,count_match,0
74,20,4,4,0,count_match,0
74,21,2,2,0,count_match,0
74,22,3,3,0,count_match,0
74,23,3,3,0,count_match,0
74,24,6,6,0,count_match,0
74,25,5,5,0,count_match,0
74,26,2,2,0,count_match,0
74,27,4,4,0,count_match,0
74,28,4,4,0,count_match,0
74,29,2,2,0,count_match,0
74,30,3,3,0,count_match,0
74,31,57,57,0,count_match,0
74,32,2,2,0,count_match,0
74,33,3,3,0,count_match,0
74,34,3,3,0,count_match,0
74,35,3,3,0,count_match,0
74,36,2,2,0,count_match,0
74,37,7,7,0,count_match,0
74,38,5,5,0,count_match,0
74,39,3,3,0,count_match,0
74,40,3,3,0,count_match,0
74,41,2,2,0,count_match,0
74,42,4,4,0,count_match,0
74,43,5,5,0,count_match,0
74,44,4,4,0,count_match,0
74,45,4,4,0,count_match,0
74,46,4,4,0,count_match,0
74,47,3,3,0,count_match,0
74,48,4,4,0,count_match,0
74,49,5,5,0,count_match,0
74,50,3,3,0,count_match,0
74,51,3,3,0,count_match,0
74,52,9,9,0,count_match,0
74,53,5,5,0,count_match,0
74,54,3,3,0,count_match,0
74,55,3,3,0,count_match,0
74,56,11,11,0,count_match,0
75,1,8,4,4,basmala_offset,4
75,2,4,4,0,count_match,0
75,3,5,5,0,count_match,0
75,4,6,6,0,count_match,0
75,5,5,5,0,count_match,0
75,6,4,4,0,count_match,0
75,7,3,3,0,count_match,0
75,8,2,2,0,count_match,0
75,9,3,3,0,count_match,0
75,10,5,5,0,count_match,0
75,11,3,3,0,count_match,0
75,12,4,4,0,count_match,0
75,13,6,6,0,count_match,0
75,14,5,5,0,count_match,0
75,15,3,3,0,count_match,0
75,16,6,6,0,count_match,0
75,17,4,4,0,count_match,0
75,18,4,4,0,count_match,0
75,19,4,4,0,count_match,0
75,20,4,4,0,count_match,0
75,21,2,2,0,count_match,0
75,22,3,3,0,count_match,0
75,23,3,3,0,count_match,0
75,24,3,3,0,count_match,0
75,25,5,5,0,count_match,0
75,26,4,4,0,count_match,0
75,27,3,3,0,count_match,0
75,28,3,3,0,count_match,0
75,29,3,3,0,count_match,0
75,30,4,4,0,count_match,0
75,31,4,4,0,count_match,0
75,32,3,3,0,count_match,0
75,33,5,5,0,count_match,0
75,34,3,3,0,count_match,0
75,35,4,4,0,count_match,0
75,36,5,5,0,count_match,0
75,37,6,6,0,count_match,0
75,38,5,5,0,count_match,0
75,39,5,5,0,count_match,0
75,40,7,7,0,count_match,0
76,1,15,11,4,basmala_offset,4
76,2,10,10,0,count_match,0
76,3,7,7,0,count_match,0
76,4,6,6,0,count_match,0
76,5,8,8,0,count_match,0
76,6,7,7,0,count_match,0
76,7,7,7,0,count_match,0
76,8,7,7,0,count_match,0
76,9,10,10,0,count_match,0
76,10,7,7,0,count_match,0
76,11,8,8,0,count_match,0
76,12,5,5,0,count_match,0
76,13,10,10,0,count_match,0
76,14,6,6,0,count_match,0
76,15,8,8,0,count_match,0
76,16,5,5,0,count_match,0
76,17,6,6,0,count_match,0
76,18,4,4,0,count_match,0
76,19,9,9,0,count_match,0
76,20,7,7,0,count_match,0
76,21,13,13,0,count_match,0
76,22,8,8,0,count_match,0
76,23,6,6,0,count_match,0
76,24,9,9,0,count_match,0
76,25,5,5,0,count_match,0
76,26,7,7,0,count_match,0
76,27,8,8,0,count_match,0
76,28,9,9,0,count_match,0
76,29,9,9,0,count_match,0
76,30,11,11,0,count_match,0
76,31,10,10,0,count_match,0
77,1,6,2,4,basmala_offset,4
77,2,2,2,0,count_match,0
77,3,2,2,0,count_match,0
77,4,2,2,0,count_match,0
77,5,2,2,0,count_match,0
77,6,3,3,0,count_match,0
77,7,3,3,0,count_match,0
77,8,3,3,0,count_match,0
77,9,3,3,0,count_match,0
77,10,3,3,0,count_match,0
77,11,3,3,0,count_match,0
77,12,3,3,0,count_match,0
77,13,2,2,0,count_match,0
77,14,5,5,0,count_match,0
77,15,3,3,0,count_match,0
77,16,3,3,0,count_match,0
77,17,3,3,0,count_match,0
77,18,3,3,0,count_match,0
77,19,3,3,0,count_match,0
77,20,5,5,0,count_match,0
77,21,4,4,0,count_match,0
77,22,3,3,0,count_match,0
77,23,3,3,0,count_match,0
77,24,3,3,0,count_match,0
77,25,4,4,0,count_match,0
77,26,2,2,0,count_match,0
77,27,7,7,0,count_match,0
77,28,3,3,0,count_match,0
77,29,6,6,0,count_match,0
77,30,6,6,0,count_match,0
77,31,6,6,0,count_match,0
77,32,4,4,0,count_match,0
77,33,3,3,0,count_match,0
77,34,3,3,0,count_match,0
77,35,4,4,0,count_match,0
77,36,4,4,0,count_match,0
77,37,3,3,0,count_match,0
77,38,5,5,0,count_match,0
77,39,5,5,0,count_match,0
77,40,3,3,0,count_match,0
77,41,5,5,0,count_match,0
77,42,3,3,0,count_match,0
77,43,6,6,0,count_match,0
77,44,4,4,0,count_match,0
77,45,3,3,0,count_match,0
77,46,5,5,0,count_match,0
77,47,3,3,0,count_match,0
77,48,6,6,0,count_match,0
77,49,3,3,0,count_match,0
77,50,4,4,0,count_match,0
78,1,6,2,4,basmala_offset,4
78,2,3,3,0,count_match,0
78,3,4,4,0,count_match,0
78,4,2,2,0,count_match,0
78,5,3,3,0,count_match,0
78,6,4,4,0,count_match,0
78,7,2,2,0,count_match,0
78,8,2,2,0,count_match,0
78,9,3,3,0,count_match,0
78,10,3,3,0,count_match,0
78,11,3,3,0,count_match,0
78,12,4,4,0,count_match,0
78,13,3,3,0,count_match,0
78,14,5,5,0,count_match,0
78,15,4,4,0,count_match,0
78,16,2,2,0,count_match,0
78,17,5,5,0,count_match,0
78,18,6,6,0,count_match,0
78,19,4,4,0,count_match,0
78,20,4,4,0,count_match,0
78,21,4,4,0,count_match,0
78,22,2,2,0,count_match,0
78,23,3,3,0,count_match,0
78,24,6,6,0,count_match,0
78,25,3,3,0,count_match,0
78,26,2,2,0,count_match,0
78,27,5,5,0,count_match,0
78,28,3,3,0,count_match,0
78,29,4,4,0,count_match,0
78,30,5,5,0,count_match,0
78,31,3,3,0,count_match,0
78,32,2,2,0,count_match,0
78,33,2,2,0,count_match,0
78,34,2,2,0,count_match,0
78,35,6,6,0,count_match,0
78,36,5,5,0,count_match,0
78,37,10,10,0,count_match,0
78,38,14,14,0,count_match,0
78,39,9,9,0,count_match,0
78,40,15,15,0,count_match,0
79,1,6,2,4,basmala_offset,4
79,2,2,2,0,count_match,0
79,3,2,2,0,count_match,0
79,4,2,2,0,count_match,0
79,5,2,2,0,count_match,0
79,6,3,3,0,count_match,0
79,7,2,2,0,count_match,0
79,8,3,3,0,count_match,0
79,9,2,2,0,count_match,0
79,10,5,5,0,count_match,0
79,11,4,4,0,count_match,0
79,12,5,5,0,count_match,0
79,13,4,4,0,count_match,0
79,14,3,3,0,count_match,0
79,15,4,4,0,count_match,0
79,16,6,6,0,count_match,0
79,17,5,5,0,count_match,0
79,18,6,6,0,count_match,0
79,19,4,4,0,count_match,0
79,20,3,3,0,count_match,0
79,21,2,2,0,count_match,0
79,22,3,3,0,count_match,0
79,23,2,2,0,count_match,0
79,24,4,4,0,count_match,0
79,25,5,5,0,count_match,0
79,26,6,6,0,count_match,0
79,27,6,6,0,count_match,0
79,28,3,3,0,count_match,0
79,29,4,4,0,count_match,0
79,30,4,4,0,count_match,0
79,31,4,4,0,count_match,0
79,32,2,2,0,count_match,0
79,33,3,3,0,count_match,0
79,34,4,4,0,count_match,0
79,35,5,5,0,count_match,0
79,36,4,4,0,count_match,0
79,37,3,3,0,count_match,0
79,38,3,3,0,count_match,0
79,39,4,4,0,count_match,0
79,40,9,9,0,count_match,0
79,41,4,4,0,count_match,0
79,42,5,5,0,count_match,0
79,43,4,4,0,count_match,0
79,44,3,3,0,count_match,0
79,45,5,5,0,count_match,0
79,46,9,9,0,count_match,0
80,1,6,2,4,basmala_offset,4
80,2,3,3,0,count_match,0
80,3,4,4,0,count_match,0
80,4,4,4,0,count_match,0
80,5,3,3,0,count_match,0
80,6,3,3,0,count_match,0
80,7,4,4,0,count_match,0
80,8,4,4,0,count_match,0
80,9,2,2,0,count_match,0
80,10,3,3,0,count_match,0
80,11,3,3,0,count_match,0
80,12,3,3,0,count_match,0
80,13,3,3,0,count_match,0
80,14,2,2,0,count_match,0
80,15,2,2,0,count_match,0
80,16,2,2,0,count_match,0
80,17,4,4,0,count_match,0
80,18,4,4,0,count_match,0
80,19,4,4,0,count_match,0
80,20,3,3,0,count_match,0
80,21,3,3,0,count_match,0
80,22,4,4,0,count_match,0
80,23,5,5,0,count_match,0
80,24,4,4,0,count_match,0
80,25,4,4,0,count_match,0
80,26,4,4,0,count_match,0
80,27,3,3,0,count_match,0
80,28,2,2,0,count_match,0
80,29,2,2,0,count_match,0
80,30,2,2,0,count_match,0
80,31,2,2,0,count_match,0
80,32,3,3,0,count_match,0
80,33,3,3,0,count_match,0
80,34,5,5,0,count_match,0
80,35,2,2,0,count_match,0
80,36,2,2,0,count_match,0
80,37,6,6,0,count_match,0
80,38,3,3,0,count_match,0
80,39,2,2,0,count_match,0
80,40,4,4,0,count_match,0
80,41,2,2,0,count_match,0
80,42,4,4,0,count_match,0
81,1,7,3,4,basmala_offset,4
81,2,3,3,0,count_match,0
81,3,3,3,0,count_match,0
81,4,3,3,0,count_match,0
81,5,3,3,0,count_match,0
81,6,3,3,0,count_match,0
81,7,3,3,0,count_match,0
81,8,3,3,0,count_match,0
81,9,3,3,0,count_match,0
81,10,3,3,0,count_match,0
81,11,3,3,0,count_match,0
81,12,3,3,0,count_match,0
81,13,3,3,0,count_match,0
81,14,4,4,0,count_match,0
81,15,3,3,0,count_match,0
81,16,2,2,0,count_match,0
81,17,3,3,0,count_match,0
81,18,3,3,0,count_match,0
81,19,4,4,0,count_match,0
81,20,6,6,0,count_match,0
81,21,3,3,0,count_match,0
81,22,3,3,0,count_match,0
81,23,4,4,0,count_match,0
81,24,5,5,0,count_match,0
81,25,5,5,0,count_match,0
81,26,2,2,0,count_match,0
81,27,5,5,0,count_match,0
81,28,5,5,0,count_match,0
81,29,8,8,0,count_match,0
82,1,7,3,4,basmala_offset,4
82,2,3,3,0,count_match,0
82,3,3,3,0,count_match,0
82,4,3,3,0,count_match,0
82,5,5,5,0,count_match,0
82,6,6,6,0,count_match,0
82,7,4,4,0,count_match,0
82,8,6,6,0,count_match,0
82,9,4,4,0,count_match,0
82,10,3,3,0,count_match,0
82,11,2,2,0,count_match,0
82,12,3,3,0,count_match,0
82,13,4,4,0,count_match,0
82,14,4,4,0,count_match,0
82,15,3,3,0,count_match,0
82,16,4,4,0,count_match,0
82,17,5,5,0,count_match,0
82,18,6,6,0,count_match,0
82,19,9,9,0,count_match,0
83,1,6,2,4,basmala_offset,4
83,2,6,6,0,count_match,0
83,3,5,5,0,count_match,0
83,4,5,5,0,count_match,0
83,5,2,2,0,count_match,0
83,6,5,5,0,count_match,0
83,7,6,6,0,count_match,0
83,8,4,4,0,count_match,0
83,9,2,2,0,count_match,0
83,10,3,3,0,count_match,0
83,11,4,4,0,count_match,0
83,12,7,7,0,count_match,0
83,13,7,7,0,count_match,0
83,14,8,8,0,count_match,0
83,15,6,6,0,count_match,0
83,16,4,4,0,count_match,0
83,17,7,7,0,count_match,0
83,18,6,6,0,count_match,0
83,19,4,4,0,count_match,0
83,20,2,2,0,count_match,0
83,21,2,2,0,count_match,0
83,22,4,4,0,count_match,0
83,23,3,3,0,count_match,0
83,24,5,5,0,count_match,0
83,25,4,4,0,count_match,0
83,26,6,6,0,count_match,0
83,27,3,3,0,count_match,0
83,28,4,4,0,count_match,0
83,29,8,8,0,count_match,0
83,30,4,4,0,count_match,0
83,31,6,6,0,count_match,0
83,32,6,6,0,count_match,0
83,33,4,4,0,count_match,0
83,34,6,6,0,count_match,0
83,35,3,3,0,count_match,0
83,36,6,6,0,count_match,0
84,1,7,3,4,basmala_offset,4
84,2,3,3,0,count_match,0
84,3,3,3,0,count_match,0
84,4,4,4,0,count_match,0
84,5,3,3,0,count_match,0
84,6,8,8,0,count_match,0
84,7,5,5,0,count_match,0
84,8,4,4,0,count_match,0
84,9,4,4,0,count_match,0
84,10,6,6,0,count_match,0
84,11,3,3,0,count_match,0
84,12,2,2,0,count_match,0
84,13,5,5,0,count_match,0
84,14,5,5,0,count_match,0
84,15,6,6,0,count_match,0
84,16,3,3,0,count_match,0
84,17,3,3,0,count_match,0
84,18,3,3,0,count_match,0
84,19,4,4,0,count_match,0
84,20,4,4,0,count_match,0
84,21,6,6,0,count_match,0
84,22,4,4,0,count_match,0
84,23,4,4,0,count_match,0
84,24,3,3,0,count_match,0
84,25,9,9,0,count_match,0
85,1,7,3,4,basmala_offset,4
85,2,2,2,0,count_match,0
85,3,2,2,0,count_match,0
85,4,3,3,0,count_match,0
85,5,3,3,0,count_match,0
85,6,4,4,0,count_match,0
85,7,6,6,0,count_match,0
85,8,9,9,0,count_match,0
85,9,10,10,0,count_match,0
85,10,14,14,0,count_match,0
85,11,14,14,0,count_match,0
85,12,4,4,0,count_match,0
85,13,4,4,0,count_match,0
85,14,3,3,0,count_match,0
85,15,3,3,0,count_match,0
85,16,3,3,0,count_match,0
85,17,4,4,0,count_match,0
85,18,2,2,0,count_match,0
85,19,5,5,0,count_match,0
85,20,4,4,0,count_match,0
85,21,4,4,0,count_match,0
85,22,3,3,0,count_match,0
86,1,6,2,4,basmala_offset,4
86,2,4,4,0,count_match,0
86,3,2,2,0,count_match,0
86,4,6,6,0,count_match,0
86,5,4,4,0,count_match,0
86,6,4,4,0,count_match,0
86,7,5,5,0,count_match,0
86,8,4,4,0,count_match,0
86,9,3,3,0,count_match,0
86,10,6,6,0,count_match,0
86,11,3,3,0,count_match,0
86,12,3,3,0,count_match,0
86,13,3,3,0,count_match,0
86,14,3,3,0,count_match,0
86,15,3,3,0,count_match,0
86,16,2,2,0,count_match,0
86,17,4,4,0,count_match,0
87,1,8,4,4,basmala_offset,4
87,2,3,3,0,count_match,0
87,3,3,3,0,count_match,0
87,4,3,3,0,count_match,0
87,5,3,3,0,count_match,0
87,6,3,3,0,count_match,0
87,7,9,9,0,count_match,0
87,8,2,2,0,count_match,0
87,9,4,4,0,count_match,0
87,10,3,3,0,count_match,0
87,11,2,2,0,count_match,0
87,12,4,4,0,count_match,0
87,13,6,6,0,count_match,0
87,14,4,4,0,count_match,0
87,15,4,4,0,count_match,0
87,16,4,4,0,count_match,0
87,17,3,3,0,count_match,0
87,18,5,5,0,count_match,0
87,19,3,3,0,count_match,0
88,1,8,4,4,basmala_offset,4
88,2,3,3,0,count_match,0
88,3,2,2,0,count_match,0
88,4,3,3,0,count_match,0
88,5,4,4,0,count_match,0
88,6,6,6,0,count_match,0
88,7,6,6,0,count_match,0
88,8,3,3,0,count_match,0
88,9,2,2,0,count_match,0
88,10,3,3,0,count_match,0
88,11,4,4,0,count_match,0
88,12,3,3,0,count_match,0
88,13,3,3,0,count_match,0
88,14,2,2,0,count_match,0
88,15,2,2,0,count_match,0
88,16,2,2,0,count_match,0
88,17,6,6,0,count_match,0
88,18,4,4,0,count_match,0
88,19,4,4,0,count_match,0
88,20,4,4,0,count_match,0
88,21,4,4,0,count_match,0
88,22,3,3,0,count_match,0
88,23,4,4,0,count_match,0
88,24,4,4,0,count_match,0
88,25,3,3,0,count_match,0
88,26,4,4,0,count_match,0
89,1,5,1,4,basmala_offset,4
89,2,2,2,0,count_match,0
89,3,2,2,0,count_match,0
89,4,3,3,0,count_match,0
89,5,6,6,0,count_match,0
89,6,6,6,0,count_match,0
89,7,3,3,0,count_match,0
89,8,6,6,0,count_match,0
89,9,5,5,0,count_match,0
89,10,3,3,0,count_match,0
89,11,4,4,0,count_match,0
89,12,3,3,0,count_match,0
89,13,5,5,0,count_match,0
89,14,3,3,0,count_match,0
89,15,11,11,0,count_match,0
89,16,10,10,0,count_match,0
89,17,5,5,0,count_match,0
89,18,5,5,0,count_match,0
89,19,4,4,0,count_match,0
89,20,4,4,0,count_match,0
89,21,6,6,0,count_match,0
89,22,5,5,0,count_match,0
89,23,9,9,0,count_match,0
89,24,4,4,0,count_match,0
89,25,5,5,0,count_match,0
89,26,4,4,0,count_match,0
89,27,3,3,0,count_match,0
89,28,5,5,0,count_match,0
89,29,3,3,0,count_match,0
89,30,2,2,0,count_match,0
90,1,8,4,4,basmala_offset,4
90,2,4,4,0,count_match,0
90,3,3,3,0,count_match,0
90,4,5,5,0,count_match,0
90,5,6,6,0,count_match,0
90,6,4,4,0,count_match,0
90,7,5,5,0,count_match,0
90,8,4,4,0,count_match,0
90,9,2,2,0,count_match,0
90,10,2,2,0,count_match,0
90,11,3,3,0,count_match,0
90,12,4,4,0,count_match,0
90,13,2,2,0,count_match,0
90,14,6,6,0,count_match,0
90,15,3,3,0,count_match,0
90,16,4,4,0,count_match,0
90,17,9,9,0,count_match,0
90,18,3,3,0,count_match,0
90,19,6,6,0,count_match,0
90,20,3,3,0,count_match,0
91,1,6,2,4,basmala_offset,4
91,2,3,3,0,count_match,0
91,3,3,3,0,count_match,0
91,4,3,3,0,count_match,0
91,5,3,3,0,count_match,0
91,6,3,3,0,count_match,0
91,7,3,3,0,count_match,0
91,8,3,3,0,count_match,0
91,9,4,4,0,count_match,0
91,10,4,4,0,count_match,0
91,11,3,3,0,count_match,0
91,12,3,3,0,count_match,0
91,13,7,7,0,count_match,0
91,14,7,7,0,count_match,0
91,15,3,3,0,count_match,0
92,1,7,3,4,basmala_offset,4
92,2,3,3,0,count_match,0
92,3,4,4,0,count_match,0
92,4,3,3,0,count_match,0
92,5,4,4,0,count_match,0
92,6,2,2,0,count_match,0
92,7,2,2,0,count_match,0
92,8,4,4,0,count_match,0
92,9,2,2,0,count_match,0
92,10,2,2,0,count_match,0
92,11,6,6,0,count_match,0
92,12,3,3,0,count_match,0
92,13,4,4,0,count_match,0
92,14,3,3,0,count_match,0
92,15,4,4,0,count_match,0
92,16,3,3,0,count_match,0
92,17,2,2,0,count_match,0
92,18,4,4,0,count_match,0
92,19,6,6,0,count_match,0
92,20,5,5,0,count_match,0
92,21,2,2,0,count_match,0
93,1,5,1,4,basmala_offset,4
93,2,3,3,0,count_match,0
93,3,5,5,0,count_match,0
93,4,5,5,0,count_match,0
93,5,4,4,0,count_match,0
93,6,4,4,0,count_match,0
93,7,3,3,0,count_match,0
93,8,3,3,0,count_match,0
93,9,4,4,0,count_match,0
93,10,4,4,0,count_match,0
93,11,4,4,0,count_match,0
94,1,8,4,4,basmala_offset,4
94,2,3,3,0,count_match,0
94,3,3,3,0,count_match,0
94,4,3,3,0,count_match,0
94,5,4,4,0,count_match,0
94,6,4,4,0,count_match,0
94,7,3,3,0,count_match,0
94,8,3,3,0,count_match,0
95,1,6,2,4,basmala_offset,4
95,2,2,2,0,count_match,0
95,3,3,3,0,count_match,0
95,4,6,6,0,count_match,0
95,5,4,4,0,count_match,0
95,6,9,9,0,count_match,0
95,7,4,4,0,count_match,0
95,8,4,4,0,count_match,0
96,1,9,5,4,basmala_offset,4
96,2,4,4,0,count_match,0
96,3,3,3,0,count_match,0
96,4,3,3,0,count_match,0
96,5,5,5,0,count_match,0
96,6,4,4,0,count_match,0
96,7,3,3,0,count_match,0
96,8,4,4,0,count_match,0
96,9,3,3,0,count_match,0
96,10,3,3,0,count_match,0
96,11,5,5,0,count_match,0
96,12,3,3,0,count_match,0
96,13,4,4,0,count_match,0
96,14,5,5,0,count_match,0
96,15,6,6,0,count_match,0
96,16,3,3,0,count_match,0
96,17,2,2,0,count_match,0
96,18,2,2,0,count_match,0
96,19,5,5,0,count_match,0
97,1,9,5,4,basmala_offset,4
97,2,5,5,0,count_match,0
97,3,6,6,0,count_match,0
97,4,9,9,0,count_match,0
97,5,5,5,0,count_match,0
98,1,16,12,4,basmala_offset,4
98,2,6,6,0,count_match,0
98,3,3,3,0,count_match,0
98,4,11,11,0,count_match,0
98,5,16,16,0,count_match,0
98,6,16,16,0,count_match,0
98,7,9,9,0,count_match,0
98,8,21,21,0,count_match,0
99,1,8,4,4,basmala_offset,4
99,2,3,3,0,count_match,0
99,3,4,4,0,count_match,0
99,4,3,3,0,count_match,0
99,5,4,4,0,count_match,0
99,6,6,6,0,count_match,0
99,7,6,6,0,count_match,0
99,8,6,6,0,count_match,0
100,1,6,2,4,basmala_offset,4
100,2,2,2,0,count_match,0
100,3,2,2,0,count_match,0
100,4,3,3,0,count_match,0
100,5,3,3,0,count_match,0
100,6,4,4,0,count_match,0
100,7,4,4,0,count_match,0
100,8,4,4,0,count_match,0
100,9,7,7,0,count_match,0
100,10,4,4,0,count_match,0
100,11,5,5,0,count_match,0
101,1,5,1,4,basmala_offset,4
101,2,2,2,0,count_match,0
101,3,4,4,0,count_match,0
101,4,5,5,0,count_match,0
101,5,4,4,0,count_match,0
101,6,4,4,0,count_match,0
101,7,4,4,0,count_match,0
101,8,4,4,0,count_match,0
101,9,2,2,0,count_match,0
101,10,4,4,0,count_match,0
101,11,2,2,0,count_match,0
102,1,6,2,4,basmala_offset,4
102,2,3,3,0,count_match,0
102,3,3,3,0,count_match,0
102,4,4,4,0,count_match,0
102,5,5,5,0,count_match,0
102,6,2,2,0,count_match,0
102,7,4,4,0,count_match,0
102,8,5,5,0,count_match,0
103,1,5,1,4,basmala_offset,4
103,2,4,4,0,count_match,0
103,3,9,9,0,count_match,0
104,1,8,4,4,basmala_offset,4
104,2,4,4,0,count_match,0
104,3,4,4,0,count_match,0
104,4,4,4,0,count_match,0
104,5,4,4,0,count_match,0
104,6,3,3,0,count_match,0
104,7,4,4,0,count_match,0
104,8,3,3,0,count_match,0
104,9,3,3,0,count_match,0
105,1,11,7,4,basmala_offset,4
105,2,5,5,0,count_match,0
105,3,4,4,0,count_match,0
105,4,4,4,0,count_match,0
105,5,3,3,0,count_match,0
106,1,6,2,4,basmala_offset,4
106,2,4,4,0,count_match,0
106,3,4,4,0,count_match,0
106,4,7,7,0,count_match,0
107,1,8,4,4,basmala_offset,4
107,2,4,4,0,count_match,0
107,3,5,5,0,count_match,0
107,4,2,2,0,count_match,0
107,5,5,5,0,count_match,0
107,6,3,3,0,count_match,0
107,7,2,2,0,count_match,0
108,1,7,3,4,basmala_offset,4
108,2,3,3,0,count_match,0
108,3,4,4,0,count_match,0
109,1,7,3,4,basmala_offset,4
109,2,4,4,0,count_match,0
109,3,5,5,0,count_match,0
109,4,5,5,0,count_match,0
109,5,5,5,0,count_match,0
109,6,4,4,0,count_match,0
110,1,9,5,4,basmala_offset,4
110,2,7,7,0,count_match,0
110,3,7,7,0,count_match,0
111,1,9,5,4,basmala_offset,4
111,2,6,6,0,count_match,0
111,3,4,4,0,count_match,0
111,4,3,3,0,count_match,0
111,5,5,5,0,count_match,0
112,1,8,4,4,basmala_offset,4
112,2,2,2,0,count_match,0
112,3,4,4,0,count_match,0
112,4,5,5,0,count_match,0
113,1,8,4,4,basmala_offset,4
113,2,4,4,0,count_match,0
113,3,5,5,0,count_match,0
113,4,5,5,0,count_match,0
113,5,5,5,0,count_match,0
114,1,8,4,4,basmala_offset,4
114,2,2,2,0,count_match,0
114,3,2,2,0,count_match,0
114,4,4,4,0,count_match,0
114,5,5,5,0,count_match,0
114,6,3,3,0,count_match,0
