surah,ayah,word,location,form_arabic,form_bw,lemmas_bw,lemmas_arabic,pos,context_arabic,context_locations
2,3,2,2:3:2,يُؤْمِنُونَ,yu&ominuwna,'aAmana,ءَامَنَ,V,ٱلَّذِينَ يُؤْمِنُونَ بِٱلْغَيْبِ وَيُقِيمُونَ,2:3:1 2:3:2 2:3:3 2:3:4
2,4,2,2:4:2,يُؤْمِنُونَ,yu&ominuwna,'aAmana,ءَامَنَ,V,وَٱلَّذِينَ يُؤْمِنُونَ بِمَا^ أُنزِلَ,2:4:1 2:4:2 2:4:3 2:4:4
2,6,11,2:6:11,يُؤْمِنُونَ,yu&ominuwna,'aAmana,ءَامَنَ,V,تُنذِرْهُمْ لَا يُؤْمِنُونَ,2:6:9 2:6:10 2:6:11
2,8,5,2:8:5,ءَامَنَّا,'aAman~aA,'aAmana,ءَامَنَ,V,مَن يَقُولُ ءَامَنَّا بِٱللَّهِ وَبِٱلْيَوْمِ,2:8:3 2:8:4 2:8:5 2:8:6 2:8:7
2,8,11,2:8:11,بِمُؤْمِنِينَ,bimu&ominiyna,mu&omin,مُؤْمِن,N,وَمَا هُم بِمُؤْمِنِينَ,2:8:9 2:8:10 2:8:11
2,9,4,2:9:4,ءَامَنُوا@,'aAmanuwA@,'aAmana,ءَامَنَ,V,ٱللَّهَ وَٱلَّذِينَ ءَامَنُوا@ وَمَا يَخْدَعُونَ,2:9:2 2:9:3 2:9:4 2:9:5 2:9:6
2,13,4,2:13:4,ءَامِنُوا@,'aAminuwA@,'aAmana,ءَامَنَ,V,قِيلَ لَهُمْ ءَامِنُوا@ كَمَا^ ءَامَنَ,2:13:2 2:13:3 2:13:4 2:13:5 2:13:6
2,13,6,2:13:6,ءَامَنَ,'aAmana,'aAmana,ءَامَنَ,V,ءَامِنُوا@ كَمَا^ ءَامَنَ ٱلنَّاسُ قَالُو^ا@,2:13:4 2:13:5 2:13:6 2:13:7 2:13:8
2,13,9,2:13:9,أَنُؤْمِنُ,>anu&ominu,'aAmana,ءَامَنَ,V,ٱلنَّاسُ قَالُو^ا@ أَنُؤْمِنُ كَمَا^ ءَامَنَ,2:13:7 2:13:8 2:13:9 2:13:10 2:13:11
2,13,11,2:13:11,ءَامَنَ,'aAmana,'aAmana,ءَامَنَ,V,أَنُؤْمِنُ كَمَا^ ءَامَنَ ٱلسُّفَهَا^ءُ أَلَا^,2:13:9 2:13:10 2:13:11 2:13:12 2:13:13
2,14,4,2:14:4,ءَامَنُوا@,'aAmanuwA@,'aAmana,ءَامَنَ,V,لَقُوا@ ٱلَّذِينَ ءَامَنُوا@ قَالُو^ا@ ءَامَنَّا,2:14:2 2:14:3 2:14:4 2:14:5 2:14:6
2,14,6,2:14:6,ءَامَنَّا,'aAman~aA,'aAmana,ءَامَنَ,V,ءَامَنُوا@ قَالُو^ا@ ءَامَنَّا وَإِذَا خَلَوْا@,2:14:4 2:14:5 2:14:6 2:14:7 2:14:8
2,25,3,2:25:3,ءَامَنُوا@,'aAmanuwA@,'aAmana,ءَامَنَ,V,وَبَشِّرِ ٱلَّذِينَ ءَامَنُوا@ وَعَمِلُوا@ ٱلصَّٰلِحَٰتِ,2:25:1 2:25:2 2:25:3 2:25:4 2:25:5
2,26,14,2:26:14,ءَامَنُوا@,'aAmanuwA@,'aAmana,ءَامَنَ,V,فَأَمَّا ٱلَّذِينَ ءَامَنُوا@ فَيَعْلَمُونَ أَنَّهُ,2:26:12 2:26:13 2:26:14 2:26:15 2:26:16
2,41,1,2:41:1,وَءَامِنُوا@,wa'aAminuwA@,'aAmana,ءَامَنَ,V,وَءَامِنُوا@ بِمَا^ أَنزَلْتُ,2:41:1 2:41:2 2:41:3
2,55,5,2:55:5,نُّؤْمِنَ,n~u&omina,'aAmana,ءَامَنَ,V,يَٰمُوسَىٰ لَن نُّؤْمِنَ لَكَ حَتَّىٰ,2:55:3 2:55:4 2:55:5 2:55:6 2:55:7
2,62,3,2:62:3,ءَامَنُوا@,'aAmanuwA@,'aAmana,ءَامَنَ,V,إِنَّ ٱلَّذِينَ ءَامَنُوا@ وَٱلَّذِينَ هَادُوا@,2:62:1 2:62:2 2:62:3 2:62:4 2:62:5
2,62,9,2:62:9,ءَامَنَ,'aAmana,'aAmana,ءَامَنَ,V,وَٱلصَّٰبِـ#ِينَ مَنْ ءَامَنَ بِٱللَّهِ وَٱلْيَوْمِ,2:62:7 2:62:8 2:62:9 2:62:10 2:62:11
2,75,3,2:75:3,يُؤْمِنُوا@,yu&ominuwA@,'aAmana,ءَامَنَ,V,أَفَتَطْمَعُونَ أَن يُؤْمِنُوا@ لَكُمْ وَقَدْ,2:75:1 2:75:2 2:75:3 2:75:4 2:75:5
2,76,4,2:76:4,ءَامَنُوا@,'aAmanuwA@,'aAmana,ءَامَنَ,V,لَقُوا@ ٱلَّذِينَ ءَامَنُوا@ قَالُو^ا@ ءَامَنَّا,2:76:2 2:76:3 2:76:4 2:76:5 2:76:6
2,76,6,2:76:6,ءَامَنَّا,'aAman~aA,'aAmana,ءَامَنَ,V,ءَامَنُوا@ قَالُو^ا@ ءَامَنَّا وَإِذَا خَلَا,2:76:4 2:76:5 2:76:6 2:76:7 2:76:8
2,82,2,2:82:2,ءَامَنُوا@,'aAmanuwA@,'aAmana,ءَامَنَ,V,وَٱلَّذِينَ ءَامَنُوا@ وَعَمِلُوا@ ٱلصَّٰلِحَٰتِ,2:82:1 2:82:2 2:82:3 2:82:4
2,85,23,2:85:23,أَفَتُؤْمِنُونَ,>afatu&ominuwna,'aAmana,ءَامَنَ,V,عَلَيْكُمْ إِخْرَاجُهُمْ أَفَتُؤْمِنُونَ بِبَعْضِ ٱلْكِتَٰبِ,2:85:21 2:85:22 2:85:23 2:85:24 2:85:25
2,88,10,2:88:10,يُؤْمِنُونَ,yu&ominuwna,'aAmana,ءَامَنَ,V,فَقَلِيلًا مَّا يُؤْمِنُونَ,2:88:8 2:88:9 2:88:10
2,91,4,2:91:4,ءَامِنُوا@,'aAminuwA@,'aAmana,ءَامَنَ,V,قِيلَ لَهُمْ ءَامِنُوا@ بِمَا^ أَنزَلَ,2:91:2 2:91:3 2:91:4 2:91:5 2:91:6
2,91,9,2:91:9,نُؤْمِنُ,nu&ominu,'aAmana,ءَامَنَ,V,ٱللَّهُ قَالُوا@ نُؤْمِنُ بِمَا^ أُنزِلَ,2:91:7 2:91:8 2:91:9 2:91:10 2:91:11
2,91,30,2:91:30,مُّؤْمِنِينَ,m~u&ominiyna,mu&omin,مُؤْمِن,N,إِن كُنتُم مُّؤْمِنِينَ,2:91:28 2:91:29 2:91:30
2,93,24,2:93:24,إِيمَٰنُكُمْ,<iyma`nukumo,<iyma`n,إِيمَٰن,N,يَأْمُرُكُم بِهِ.^ إِيمَٰنُكُمْ إِن كُنتُم,2:93:22 2:93:23 2:93:24 2:93:25 2:93:26
2,93,27,2:93:27,مُّؤْمِنِينَ,m~u&ominiyna,mu&omin,مُؤْمِن,N,إِن كُنتُم مُّؤْمِنِينَ,2:93:25 2:93:26 2:93:27
2,97,18,2:97:18,لِلْمُؤْمِنِينَ,lilomu&ominiyna,mu&omin,مُؤْمِن,N,وَهُدًى وَبُشْرَىٰ لِلْمُؤْمِنِينَ,2:97:16 2:97:17 2:97:18
2,100,10,2:100:10,يُؤْمِنُونَ,yu&ominuwna,'aAmana,ءَامَنَ,V,أَكْثَرُهُمْ لَا يُؤْمِنُونَ,2:100:8 2:100:9 2:100:10
2,103,3,2:103:3,ءَامَنُوا@,'aAmanuwA@,'aAmana,ءَامَنَ,V,وَلَوْ أَنَّهُمْ ءَامَنُوا@ وَٱتَّقَوْا@ لَمَثُوبَةٌ,2:103:1 2:103:2 2:103:3 2:103:4 2:103:5
2,104,3,2:104:3,ءَامَنُوا@,'aAmanuwA@,'aAmana,ءَامَنَ,V,يَٰ^أَيُّهَا ٱلَّذِينَ ءَامَنُوا@ لَا تَقُولُوا@,2:104:1 2:104:2 2:104:3 2:104:4 2:104:5
2,108,14,2:108:14,بِٱلْإِيمَٰنِ,bi{lo<iyma`ni,<iyma`n,إِيمَٰن,N,يَتَبَدَّلِ ٱلْكُفْرَ بِٱلْإِيمَٰنِ فَقَدْ ضَلَّ,2:108:12 2:108:13 2:108:14 2:108:15 2:108:16
2,109,10,2:109:10,إِيمَٰنِكُمْ,<iyma`nikumo,<iyma`n,إِيمَٰن,N,مِّن[ بَعْدِ إِيمَٰنِكُمْ كُفَّارًا حَسَدًا,2:109:8 2:109:9 2:109:10 2:109:11 2:109:12
2,121,8,2:121:8,يُؤْمِنُونَ,yu&ominuwna,'aAmana,ءَامَنَ,V,تِلَاوَتِهِ.^ أُو@لَٰ^ئِكَ يُؤْمِنُونَ بِهِ. وَمَن,2:121:6 2:121:7 2:121:8 2:121:9 2:121:10
2,125,6,2:125:6,وَأَمْنًا,wa>amonFA,>amon,أَمْن,N,مَثَابَةً لِّلنَّاسِ وَأَمْنًا وَٱتَّخِذُوا@ مِن,2:125:4 2:125:5 2:125:6 2:125:7 2:125:8
2,126,8,2:126:8,ءَامِنًا,'aAminFA,'aAmin,ءَامِن,ADJ,"هَٰذَا بَلَدًا ءَامِنًا وَٱرْزُقْ أَهْلَهُ,",2:126:6 2:126:7 2:126:8 2:126:9 2:126:10
2,126,14,2:126:14,ءَامَنَ,'aAmana,'aAmana,ءَامَنَ,V,ٱلثَّمَرَٰتِ مَنْ ءَامَنَ مِنْهُم بِٱللَّهِ,2:126:12 2:126:13 2:126:14 2:126:15 2:126:16
2,136,2,2:136:2,ءَامَنَّا,'aAman~aA,'aAmana,ءَامَنَ,V,قُولُو^ا@ ءَامَنَّا بِٱللَّهِ وَمَا^,2:136:1 2:136:2 2:136:3 2:136:4
2,137,2,2:137:2,ءَامَنُوا@,'aAmanuwA@,'aAmana,ءَامَنَ,V,فَإِنْ ءَامَنُوا@ بِمِثْلِ مَا^,2:137:1 2:137:2 2:137:3 2:137:4
2,137,5,2:137:5,ءَامَنتُم,'aAmantum,'aAmana,ءَامَنَ,V,بِمِثْلِ مَا^ ءَامَنتُم بِهِ. فَقَدِ,2:137:3 2:137:4 2:137:5 2:137:6 2:137:7
2,143,40,2:143:40,إِيمَٰنَكُمْ,<iyma`nakumo,<iyma`n,إِيمَٰن,N,ٱللَّهُ لِيُضِيعَ إِيمَٰنَكُمْ إِنَّ ٱللَّهَ,2:143:38 2:143:39 2:143:40 2:143:41 2:143:42
2,153,3,2:153:3,ءَامَنُوا@,'aAmanuwA@,'aAmana,ءَامَنَ,V,يَٰ^أَيُّهَا ٱلَّذِينَ ءَامَنُوا@ ٱسْتَعِينُوا@ بِٱلصَّبْرِ,2:153:1 2:153:2 2:153:3 2:153:4 2:153:5
2,165,13,2:165:13,ءَامَنُو^ا@,'aAmanuw^A@,'aAmana,ءَامَنَ,V,ٱللَّهِ وَٱلَّذِينَ ءَامَنُو^ا@ أَشَدُّ حُبًّا,2:165:11 2:165:12 2:165:13 2:165:14 2:165:15
2,172,3,2:172:3,ءَامَنُوا@,'aAmanuwA@,'aAmana,ءَامَنَ,V,يَٰ^أَيُّهَا ٱلَّذِينَ ءَامَنُوا@ كُلُوا@ مِن,2:172:1 2:172:2 2:172:3 2:172:4 2:172:5
2,177,12,2:177:12,ءَامَنَ,'aAmana,'aAmana,ءَامَنَ,V,ٱلْبِرَّ مَنْ ءَامَنَ بِٱللَّهِ وَٱلْيَوْمِ,2:177:10 2:177:11 2:177:12 2:177:13 2:177:14
2,178,3,2:178:3,ءَامَنُوا@,'aAmanuwA@,'aAmana,ءَامَنَ,V,يَٰ^أَيُّهَا ٱلَّذِينَ ءَامَنُوا@ كُتِبَ عَلَيْكُمُ,2:178:1 2:178:2 2:178:3 2:178:4 2:178:5
2,183,3,2:183:3,ءَامَنُوا@,'aAmanuwA@,'aAmana,ءَامَنَ,V,يَٰ^أَيُّهَا ٱلَّذِينَ ءَامَنُوا@ كُتِبَ عَلَيْكُمُ,2:183:1 2:183:2 2:183:3 2:183:4 2:183:5
2,186,14,2:186:14,وَلْيُؤْمِنُوا@,waloyu&ominuwA@,'aAmana,ءَامَنَ,V,فَلْيَسْتَجِيبُوا@ لِى وَلْيُؤْمِنُوا@ بِى لَعَلَّهُمْ,2:186:12 2:186:13 2:186:14 2:186:15 2:186:16
2,196,35,2:196:35,أَمِنتُمْ,>amintumo,>amina,أَمِنَ,V,نُسُكٍ فَإِذَا^ أَمِنتُمْ فَمَن تَمَتَّعَ,2:196:33 2:196:34 2:196:35 2:196:36 2:196:37
2,208,3,2:208:3,ءَامَنُوا@,'aAmanuwA@,'aAmana,ءَامَنَ,V,يَٰ^أَيُّهَا ٱلَّذِينَ ءَامَنُوا@ ٱدْخُلُوا@ فِى,2:208:1 2:208:2 2:208:3 2:208:4 2:208:5
2,212,9,2:212:9,ءَامَنُوا@,'aAmanuwA@,'aAmana,ءَامَنَ,V,مِنَ ٱلَّذِينَ ءَامَنُوا@ وَٱلَّذِينَ ٱتَّقَوْا@,2:212:7 2:212:8 2:212:9 2:212:10 2:212:11
2,213,36,2:213:36,ءَامَنُوا@,'aAmanuwA@,'aAmana,ءَامَنَ,V,ٱللَّهُ ٱلَّذِينَ ءَامَنُوا@ لِمَا ٱخْتَلَفُوا@,2:213:34 2:213:35 2:213:36 2:213:37 2:213:38
2,214,21,2:214:21,ءَامَنُوا@,'aAmanuwA@,'aAmana,ءَامَنَ,V,"ٱلرَّسُولُ وَٱلَّذِينَ ءَامَنُوا@ مَعَهُ, مَتَىٰ",2:214:19 2:214:20 2:214:21 2:214:22 2:214:23
2,218,3,2:218:3,ءَامَنُوا@,'aAmanuwA@,'aAmana,ءَامَنَ,V,إِنَّ ٱلَّذِينَ ءَامَنُوا@ وَٱلَّذِينَ هَاجَرُوا@,2:218:1 2:218:2 2:218:3 2:218:4 2:218:5
2,221,5,2:221:5,يُؤْمِنَّ,yu&omin~a,'aAmana,ءَامَنَ,V,ٱلْمُشْرِكَٰتِ حَتَّىٰ يُؤْمِنَّ وَلَأَمَةٌ مُّؤْمِنَةٌ,2:221:3 2:221:4 2:221:5 2:221:6 2:221:7
2,221,7,2:221:7,مُّؤْمِنَةٌ,m~u&ominapN,m~u&ominap,مُّؤْمِنَة,ADJ,يُؤْمِنَّ وَلَأَمَةٌ مُّؤْمِنَةٌ خَيْرٌ مِّن,2:221:5 2:221:6 2:221:7 2:221:8 2:221:9
2,221,17,2:221:17,يُؤْمِنُوا@,yu&ominuwA@,'aAmana,ءَامَنَ,V,ٱلْمُشْرِكِينَ حَتَّىٰ يُؤْمِنُوا@ وَلَعَبْدٌ مُّؤْمِنٌ,2:221:15 2:221:16 2:221:17 2:221:18 2:221:19
2,221,19,2:221:19,مُّؤْمِنٌ,m~u&ominN,mu&omin,مُؤْمِن,ADJ,يُؤْمِنُوا@ وَلَعَبْدٌ مُّؤْمِنٌ خَيْرٌ مِّن,2:221:17 2:221:18 2:221:19 2:221:20 2:221:21
2,223,16,2:223:16,ٱلْمُؤْمِنِينَ,{lomu&ominiyna,mu&omin,مُؤْمِن,N,مُّلَٰقُوهُ وَبَشِّرِ ٱلْمُؤْمِنِينَ,2:223:14 2:223:15 2:223:16
2,228,18,2:228:18,يُؤْمِنَّ,yu&omin~a,'aAmana,ءَامَنَ,V,إِن كُنَّ يُؤْمِنَّ بِٱللَّهِ وَٱلْيَوْمِ,2:228:16 2:228:17 2:228:18 2:228:19 2:228:20
2,232,21,2:232:21,يُؤْمِنُ,yu&ominu,'aAmana,ءَامَنَ,V,كَانَ مِنكُمْ يُؤْمِنُ بِٱللَّهِ وَٱلْيَوْمِ,2:232:19 2:232:20 2:232:21 2:232:22 2:232:23
2,239,7,2:239:7,أَمِنتُمْ,>amintumo,>amina,أَمِنَ,V,رُكْبَانًا فَإِذَا^ أَمِنتُمْ فَٱذْكُرُوا@ ٱللَّهَ,2:239:5 2:239:6 2:239:7 2:239:8 2:239:9
2,248,30,2:248:30,مُّؤْمِنِينَ,m~u&ominiyna,mu&omin,مُؤْمِن,N,إِن كُنتُم مُّؤْمِنِينَ,2:248:28 2:248:29 2:248:30
2,249,34,2:249:34,ءَامَنُوا@,'aAmanuwA@,'aAmana,ءَامَنَ,V,"هُوَ وَٱلَّذِينَ ءَامَنُوا@ مَعَهُ, قَالُوا@",2:249:32 2:249:33 2:249:34 2:249:35 2:249:36
2,253,39,2:253:39,ءَامَنَ,'aAmana,'aAmana,ءَامَنَ,V,فَمِنْهُم مَّنْ ءَامَنَ وَمِنْهُم مَّن,2:253:37 2:253:38 2:253:39 2:253:40 2:253:41
2,254,3,2:254:3,ءَامَنُو^ا@,'aAmanuw^A@,'aAmana,ءَامَنَ,V,يَٰ^أَيُّهَا ٱلَّذِينَ ءَامَنُو^ا@ أَنفِقُوا@ مِمَّا,2:254:1 2:254:2 2:254:3 2:254:4 2:254:5
2,256,13,2:256:13,وَيُؤْمِن[,wayu&omin[,'aAmana,ءَامَنَ,V,يَكْفُرْ بِٱلطَّٰغُوتِ وَيُؤْمِن[ بِٱللَّهِ فَقَدِ,2:256:11 2:256:12 2:256:13 2:256:14 2:256:15
2,257,4,2:257:4,ءَامَنُوا@,'aAmanuwA@,'aAmana,ءَامَنَ,V,وَلِىُّ ٱلَّذِينَ ءَامَنُوا@ يُخْرِجُهُم مِّنَ,2:257:2 2:257:3 2:257:4 2:257:5 2:257:6
2,260,11,2:260:11,تُؤْمِن,tu&omin,'aAmana,ءَامَنَ,V,قَالَ أَوَلَمْ تُؤْمِن قَالَ بَلَىٰ,2:260:9 2:260:10 2:260:11 2:260:12 2:260:13
2,264,3,2:264:3,ءَامَنُوا@,'aAmanuwA@,'aAmana,ءَامَنَ,V,يَٰ^أَيُّهَا ٱلَّذِينَ ءَامَنُوا@ لَا تُبْطِلُوا@,2:264:1 2:264:2 2:264:3 2:264:4 2:264:5
2,264,15,2:264:15,يُؤْمِنُ,yu&ominu,'aAmana,ءَامَنَ,V,ٱلنَّاسِ وَلَا يُؤْمِنُ بِٱللَّهِ وَٱلْيَوْمِ,2:264:13 2:264:14 2:264:15 2:264:16 2:264:17
2,267,3,2:267:3,ءَامَنُو^ا@,'aAmanuw^A@,'aAmana,ءَامَنَ,V,يَٰ^أَيُّهَا ٱلَّذِينَ ءَامَنُو^ا@ أَنفِقُوا@ مِن,2:267:1 2:267:2 2:267:3 2:267:4 2:267:5
2,277,3,2:277:3,ءَامَنُوا@,'aAmanuwA@,'aAmana,ءَامَنَ,V,إِنَّ ٱلَّذِينَ ءَامَنُوا@ وَعَمِلُوا@ ٱلصَّٰلِحَٰتِ,2:277:1 2:277:2 2:277:3 2:277:4 2:277:5
2,278,3,2:278:3,ءَامَنُوا@,'aAmanuwA@,'aAmana,ءَامَنَ,V,يَٰ^أَيُّهَا ٱلَّذِينَ ءَامَنُوا@ ٱتَّقُوا@ ٱللَّهَ,2:278:1 2:278:2 2:278:3 2:278:4 2:278:5
2,278,13,2:278:13,مُّؤْمِنِينَ,m~u&ominiyna,mu&omin,مُؤْمِن,N,إِن كُنتُم مُّؤْمِنِينَ,2:278:11 2:278:12 2:278:13
2,282,3,2:282:3,ءَامَنُو^ا@,'aAmanuw^A@,'aAmana,ءَامَنَ,V,يَٰ^أَيُّهَا ٱلَّذِينَ ءَامَنُو^ا@ إِذَا تَدَايَنتُم,2:282:1 2:282:2 2:282:3 2:282:4 2:282:5
2,283,11,2:283:11,أَمِنَ,>amina,>amina,أَمِنَ,V,مَّقْبُوضَةٌ فَإِنْ أَمِنَ بَعْضُكُم بَعْضًا,2:283:9 2:283:10 2:283:11 2:283:12 2:283:13
2,283,16,2:283:16,ٱؤْتُمِنَ,{&otumina,{&otumina,ٱؤْتُمِنَ,V,"فَلْيُؤَدِّ ٱلَّذِى ٱؤْتُمِنَ أَمَٰنَتَهُ, وَلْيَتَّقِ",2:283:14 2:283:15 2:283:16 2:283:17 2:283:18
2,283,17,2:283:17,"أَمَٰنَتَهُ,",">ama`natahu,",>ama`nat,أَمَٰنَت,N,"ٱلَّذِى ٱؤْتُمِنَ أَمَٰنَتَهُ, وَلْيَتَّقِ ٱللَّهَ",2:283:15 2:283:16 2:283:17 2:283:18 2:283:19
2,285,1,2:285:1,ءَامَنَ,'aAmana,'aAmana,ءَامَنَ,V,ءَامَنَ ٱلرَّسُولُ بِمَا^,2:285:1 2:285:2 2:285:3
2,285,8,2:285:8,وَٱلْمُؤْمِنُونَ,wa{lomu&ominuwna,mu&omin,مُؤْمِن,N,مِن رَّبِّهِ. وَٱلْمُؤْمِنُونَ كُلٌّ ءَامَنَ,2:285:6 2:285:7 2:285:8 2:285:9 2:285:10
2,285,10,2:285:10,ءَامَنَ,'aAmana,'aAmana,ءَامَنَ,V,وَٱلْمُؤْمِنُونَ كُلٌّ ءَامَنَ بِٱللَّهِ وَمَلَٰ^ئِكَتِهِ.,2:285:8 2:285:9 2:285:10 2:285:11 2:285:12
3,7,36,3:7:36,ءَامَنَّا,'aAman~aA,'aAmana,ءَامَنَ,V,ٱلْعِلْمِ يَقُولُونَ ءَامَنَّا بِهِ. كُلٌّ,3:7:34 3:7:35 3:7:36 3:7:37 3:7:38
3,16,5,3:16:5,ءَامَنَّا,'aAman~aA,'aAmana,ءَامَنَ,V,رَبَّنَا^ إِنَّنَا^ ءَامَنَّا فَٱغْفِرْ لَنَا,3:16:3 3:16:4 3:16:5 3:16:6 3:16:7
3,28,3,3:28:3,ٱلْمُؤْمِنُونَ,{lomu&ominuwna,mu&omin,مُؤْمِن,N,لَّا يَتَّخِذِ ٱلْمُؤْمِنُونَ ٱلْكَٰفِرِينَ أَوْلِيَا^ءَ,3:28:1 3:28:2 3:28:3 3:28:4 3:28:5
3,28,8,3:28:8,ٱلْمُؤْمِنِينَ,{lomu&ominiyna,mu&omin,مُؤْمِن,N,مِن دُونِ ٱلْمُؤْمِنِينَ وَمَن يَفْعَلْ,3:28:6 3:28:7 3:28:8 3:28:9 3:28:10
3,49,45,3:49:45,مُّؤْمِنِينَ,m~u&ominiyna,mu&omin,مُؤْمِن,N,إِن كُنتُم مُّؤْمِنِينَ,3:49:43 3:49:44 3:49:45
3,52,16,3:52:16,ءَامَنَّا,'aAman~aA,'aAmana,ءَامَنَ,V,أَنصَارُ ٱللَّهِ ءَامَنَّا بِٱللَّهِ وَٱشْهَدْ,3:52:14 3:52:15 3:52:16 3:52:17 3:52:18
3,53,2,3:53:2,ءَامَنَّا,'aAman~aA,'aAmana,ءَامَنَ,V,رَبَّنَا^ ءَامَنَّا بِمَا^ أَنزَلْتَ,3:53:1 3:53:2 3:53:3 3:53:4
3,57,3,3:57:3,ءَامَنُوا@,'aAmanuwA@,'aAmana,ءَامَنَ,V,وَأَمَّا ٱلَّذِينَ ءَامَنُوا@ وَعَمِلُوا@ ٱلصَّٰلِحَٰتِ,3:57:1 3:57:2 3:57:3 3:57:4 3:57:5
3,68,10,3:68:10,ءَامَنُوا@,'aAmanuwA@,'aAmana,ءَامَنَ,V,ٱلنَّبِىُّ وَٱلَّذِينَ ءَامَنُوا@ وَٱللَّهُ وَلِىُّ,3:68:8 3:68:9 3:68:10 3:68:11 3:68:12
3,68,13,3:68:13,ٱلْمُؤْمِنِينَ,{lomu&ominiyna,mu&omin,مُؤْمِن,N,وَٱللَّهُ وَلِىُّ ٱلْمُؤْمِنِينَ,3:68:11 3:68:12 3:68:13
3,72,6,3:72:6,ءَامِنُوا@,'aAminuwA@,'aAmana,ءَامَنَ,V,أَهْلِ ٱلْكِتَٰبِ ءَامِنُوا@ بِٱلَّذِى^ أُنزِلَ,3:72:4 3:72:5 3:72:6 3:72:7 3:72:8
3,72,11,3:72:11,ءَامَنُوا@,'aAmanuwA@,'aAmana,ءَامَنَ,V,عَلَى ٱلَّذِينَ ءَامَنُوا@ وَجْهَ ٱلنَّهَارِ,3:72:9 3:72:10 3:72:11 3:72:12 3:72:13
3,73,2,3:73:2,تُؤْمِنُو^ا@,tu&ominuw^A@,'aAmana,ءَامَنَ,V,وَلَا تُؤْمِنُو^ا@ إِلَّا لِمَن,3:73:1 3:73:2 3:73:3 3:73:4
3,75,6,3:75:6,تَأْمَنْهُ,ta>omanohu,>amina,أَمِنَ,V,مَنْ إِن تَأْمَنْهُ بِقِنطَارٍ يُؤَدِّهِ.^,3:75:4 3:75:5 3:75:6 3:75:7 3:75:8
3,75,13,3:75:13,تَأْمَنْهُ,ta>omanohu,>amina,أَمِنَ,V,مَّنْ إِن تَأْمَنْهُ بِدِينَارٍ لَّا,3:75:11 3:75:12 3:75:13 3:75:14 3:75:15
3,81,17,3:81:17,لَتُؤْمِنُنَّ,latu&ominun~a,'aAmana,ءَامَنَ,V,"لِّمَا مَعَكُمْ لَتُؤْمِنُنَّ بِهِ. وَلَتَنصُرُنَّهُ,",3:81:15 3:81:16 3:81:17 3:81:18 3:81:19
3,84,2,3:84:2,ءَامَنَّا,'aAman~aA,'aAmana,ءَامَنَ,V,قُلْ ءَامَنَّا بِٱللَّهِ وَمَا^,3:84:1 3:84:2 3:84:3 3:84:4
3,86,7,3:86:7,إِيمَٰنِهِمْ,<iyma`nihimo,<iyma`n,إِيمَٰن,N,كَفَرُوا@ بَعْدَ إِيمَٰنِهِمْ وَشَهِدُو^ا@ أَنَّ,3:86:5 3:86:6 3:86:7 3:86:8 3:86:9
3,90,5,3:90:5,إِيمَٰنِهِمْ,<iyma`nihimo,<iyma`n,إِيمَٰن,N,كَفَرُوا@ بَعْدَ إِيمَٰنِهِمْ ثُمَّ ٱزْدَادُوا@,3:90:3 3:90:4 3:90:5 3:90:6 3:90:7
3,97,9,3:97:9,ءَامِنًا,'aAminFA,'aAmin,ءَامِن,N,"دَخَلَهُ, كَانَ ءَامِنًا وَلِلَّهِ عَلَى",3:97:7 3:97:8 3:97:9 3:97:10 3:97:11
3,99,10,3:99:10,ءَامَنَ,'aAmana,'aAmana,ءَامَنَ,V,ٱللَّهِ مَنْ ءَامَنَ تَبْغُونَهَا عِوَجًا,3:99:8 3:99:9 3:99:10 3:99:11 3:99:12
3,100,3,3:100:3,ءَامَنُو^ا@,'aAmanuw^A@,'aAmana,ءَامَنَ,V,يَٰ^أَيُّهَا ٱلَّذِينَ ءَامَنُو^ا@ إِن تُطِيعُوا@,3:100:1 3:100:2 3:100:3 3:100:4 3:100:5
3,100,13,3:100:13,إِيمَٰنِكُمْ,<iyma`nikumo,<iyma`n,إِيمَٰن,N,يَرُدُّوكُم بَعْدَ إِيمَٰنِكُمْ كَٰفِرِينَ,3:100:11 3:100:12 3:100:13 3:100:14
3,102,3,3:102:3,ءَامَنُوا@,'aAmanuwA@,'aAmana,ءَامَنَ,V,يَٰ^أَيُّهَا ٱلَّذِينَ ءَامَنُوا@ ٱتَّقُوا@ ٱللَّهَ,3:102:1 3:102:2 3:102:3 3:102:4 3:102:5
3,106,12,3:106:12,إِيمَٰنِكُمْ,<iyma`nikumo,<iyma`n,إِيمَٰن,N,أَكَفَرْتُم بَعْدَ إِيمَٰنِكُمْ فَذُوقُوا@ ٱلْعَذَابَ,3:106:10 3:106:11 3:106:12 3:106:13 3:106:14
3,110,11,3:110:11,وَتُؤْمِنُونَ,watu&ominuwna,'aAmana,ءَامَنَ,V,عَنِ ٱلْمُنكَرِ وَتُؤْمِنُونَ بِٱللَّهِ وَلَوْ,3:110:9 3:110:10 3:110:11 3:110:12 3:110:13
3,110,14,3:110:14,ءَامَنَ,'aAmana,'aAmana,ءَامَنَ,V,بِٱللَّهِ وَلَوْ ءَامَنَ أَهْلُ ٱلْكِتَٰبِ,3:110:12 3:110:13 3:110:14 3:110:15 3:110:16
3,110,21,3:110:21,ٱلْمُؤْمِنُونَ,{lomu&ominuwna,mu&omin,مُؤْمِن,N,لَّهُم مِّنْهُمُ ٱلْمُؤْمِنُونَ وَأَكْثَرُهُمُ ٱلْفَٰسِقُونَ,3:110:19 3:110:20 3:110:21 3:110:22 3:110:23
3,114,1,3:114:1,يُؤْمِنُونَ,yu&ominuwna,'aAmana,ءَامَنَ,V,يُؤْمِنُونَ بِٱللَّهِ وَٱلْيَوْمِ,3:114:1 3:114:2 3:114:3
3,118,3,3:118:3,ءَامَنُوا@,'aAmanuwA@,'aAmana,ءَامَنَ,V,يَٰ^أَيُّهَا ٱلَّذِينَ ءَامَنُوا@ لَا تَتَّخِذُوا@,3:118:1 3:118:2 3:118:3 3:118:4 3:118:5
3,119,6,3:119:6,وَتُؤْمِنُونَ,watu&ominuwna,'aAmana,ءَامَنَ,V,وَلَا يُحِبُّونَكُمْ وَتُؤْمِنُونَ بِٱلْكِتَٰبِ كُلِّهِ.,3:119:4 3:119:5 3:119:6 3:119:7 3:119:8
3,119,12,3:119:12,ءَامَنَّا,'aAman~aA,'aAmana,ءَامَنَ,V,لَقُوكُمْ قَالُو^ا@ ءَامَنَّا وَإِذَا خَلَوْا@,3:119:10 3:119:11 3:119:12 3:119:13 3:119:14
3,121,6,3:121:6,ٱلْمُؤْمِنِينَ,{lomu&ominiyna,mu&omin,مُؤْمِن,N,أَهْلِكَ تُبَوِّئُ ٱلْمُؤْمِنِينَ مَقَٰعِدَ لِلْقِتَالِ,3:121:4 3:121:5 3:121:6 3:121:7 3:121:8
3,122,12,3:122:12,ٱلْمُؤْمِنُونَ,{lomu&ominuwna,mu&omin,مُؤْمِن,N,ٱللَّهِ فَلْيَتَوَكَّلِ ٱلْمُؤْمِنُونَ,3:122:10 3:122:11 3:122:12
3,124,3,3:124:3,لِلْمُؤْمِنِينَ,lilomu&ominiyna,mu&omin,مُؤْمِن,N,إِذْ تَقُولُ لِلْمُؤْمِنِينَ أَلَن يَكْفِيَكُمْ,3:124:1 3:124:2 3:124:3 3:124:4 3:124:5
3,130,3,3:130:3,ءَامَنُوا@,'aAmanuwA@,'aAmana,ءَامَنَ,V,يَٰ^أَيُّهَا ٱلَّذِينَ ءَامَنُوا@ لَا تَأْكُلُوا@,3:130:1 3:130:2 3:130:3 3:130:4 3:130:5
3,139,9,3:139:9,مُّؤْمِنِينَ,m~u&ominiyna,mu&omin,مُؤْمِن,N,إِن كُنتُم مُّؤْمِنِينَ,3:139:7 3:139:8 3:139:9
3,140,17,3:140:17,ءَامَنُوا@,'aAmanuwA@,'aAmana,ءَامَنَ,V,ٱللَّهُ ٱلَّذِينَ ءَامَنُوا@ وَيَتَّخِذَ مِنكُمْ,3:140:15 3:140:16 3:140:17 3:140:18 3:140:19
3,141,4,3:141:4,ءَامَنُوا@,'aAmanuwA@,'aAmana,ءَامَنَ,V,ٱللَّهُ ٱلَّذِينَ ءَامَنُوا@ وَيَمْحَقَ ٱلْكَٰفِرِينَ,3:141:2 3:141:3 3:141:4 3:141:5 3:141:6
3,149,3,3:149:3,ءَامَنُو^ا@,'aAmanuw^A@,'aAmana,ءَامَنَ,V,يَٰ^أَيُّهَا ٱلَّذِينَ ءَامَنُو^ا@ إِن تُطِيعُوا@,3:149:1 3:149:2 3:149:3 3:149:4 3:149:5
3,152,40,3:152:40,ٱلْمُؤْمِنِينَ,{lomu&ominiyna,mu&omin,مُؤْمِن,N,فَضْلٍ عَلَى ٱلْمُؤْمِنِينَ,3:152:38 3:152:39 3:152:40
3,154,7,3:154:7,أَمَنَةً,>amanapF,>amanap,أَمَنَة,N,بَعْدِ ٱلْغَمِّ أَمَنَةً نُّعَاسًا يَغْشَىٰ,3:154:5 3:154:6 3:154:7 3:154:8 3:154:9
3,156,3,3:156:3,ءَامَنُوا@,'aAmanuwA@,'aAmana,ءَامَنَ,V,يَٰ^أَيُّهَا ٱلَّذِينَ ءَامَنُوا@ لَا تَكُونُوا@,3:156:1 3:156:2 3:156:3 3:156:4 3:156:5
3,160,18,3:160:18,ٱلْمُؤْمِنُونَ,{lomu&ominuwna,mu&omin,مُؤْمِن,N,ٱللَّهِ فَلْيَتَوَكَّلِ ٱلْمُؤْمِنُونَ,3:160:16 3:160:17 3:160:18
3,164,5,3:164:5,ٱلْمُؤْمِنِينَ,{lomu&ominiyna,mu&omin,مُؤْمِن,N,ٱللَّهُ عَلَى ٱلْمُؤْمِنِينَ إِذْ بَعَثَ,3:164:3 3:164:4 3:164:5 3:164:6 3:164:7
3,166,9,3:166:9,ٱلْمُؤْمِنِينَ,{lomu&ominiyna,mu&omin,مُؤْمِن,N,ٱللَّهِ وَلِيَعْلَمَ ٱلْمُؤْمِنِينَ,3:166:7 3:166:8 3:166:9
3,167,23,3:167:23,لِلْإِيمَٰنِ,lilo<iyma`ni,<iyma`n,إِيمَٰن,N,أَقْرَبُ مِنْهُمْ لِلْإِيمَٰنِ يَقُولُونَ بِأَفْوَٰهِهِم,3:167:21 3:167:22 3:167:23 3:167:24 3:167:25
3,171,11,3:171:11,ٱلْمُؤْمِنِينَ,{lomu&ominiyna,mu&omin,مُؤْمِن,N,يُضِيعُ أَجْرَ ٱلْمُؤْمِنِينَ,3:171:9 3:171:10 3:171:11
3,173,12,3:173:12,إِيمَٰنًا,<iyma`nFA,<iyma`n,إِيمَٰن,N,فَٱخْشَوْهُمْ فَزَادَهُمْ إِيمَٰنًا وَقَالُوا@ حَسْبُنَا,3:173:10 3:173:11 3:173:12 3:173:13 3:173:14
3,175,11,3:175:11,مُّؤْمِنِينَ,m~u&ominiyna,mu&omin,مُؤْمِن,N,إِن كُنتُم مُّؤْمِنِينَ,3:175:9 3:175:10 3:175:11
3,177,5,3:177:5,بِٱلْإِيمَٰنِ,bi{lo<iyma`ni,<iyma`n,إِيمَٰن,N,ٱشْتَرَوُا@ ٱلْكُفْرَ بِٱلْإِيمَٰنِ لَن يَضُرُّوا@,3:177:3 3:177:4 3:177:5 3:177:6 3:177:7
3,179,5,3:179:5,ٱلْمُؤْمِنِينَ,{lomu&ominiyna,mu&omin,مُؤْمِن,N,ٱللَّهُ لِيَذَرَ ٱلْمُؤْمِنِينَ عَلَىٰ مَا^,3:179:3 3:179:4 3:179:5 3:179:6 3:179:7
3,179,28,3:179:28,فَـ#َامِنُوا@,fa_#aAminuwA@,'aAmana,ءَامَنَ,V,مَن يَشَا^ءُ فَـ#َامِنُوا@ بِٱللَّهِ وَرُسُلِهِ.,3:179:26 3:179:27 3:179:28 3:179:29 3:179:30
3,179,32,3:179:32,تُؤْمِنُوا@,tu&ominuwA@,'aAmana,ءَامَنَ,V,وَرُسُلِهِ. وَإِن تُؤْمِنُوا@ وَتَتَّقُوا@ فَلَكُمْ,3:179:30 3:179:31 3:179:32 3:179:33 3:179:34
3,183,8,3:183:8,نُؤْمِنَ,nu&omina,'aAmana,ءَامَنَ,V,إِلَيْنَا^ أَلَّا نُؤْمِنَ لِرَسُولٍ حَتَّىٰ,3:183:6 3:183:7 3:183:8 3:183:9 3:183:10
3,193,6,3:193:6,لِلْإِيمَٰنِ,lilo<iyma`ni,<iyma`n,إِيمَٰن,N,مُنَادِيًا يُنَادِى لِلْإِيمَٰنِ أَنْ ءَامِنُوا@,3:193:4 3:193:5 3:193:6 3:193:7 3:193:8
3,193,8,3:193:8,ءَامِنُوا@,'aAminuwA@,'aAmana,ءَامَنَ,V,لِلْإِيمَٰنِ أَنْ ءَامِنُوا@ بِرَبِّكُمْ فَـ#َامَنَّا,3:193:6 3:193:7 3:193:8 3:193:9 3:193:10
3,193,10,3:193:10,فَـ#َامَنَّا,fa_#aAman~aA,'aAmana,ءَامَنَ,V,ءَامِنُوا@ بِرَبِّكُمْ فَـ#َامَنَّا رَبَّنَا فَٱغْفِرْ,3:193:8 3:193:9 3:193:10 3:193:11 3:193:12
3,199,6,3:199:6,يُؤْمِنُ,yu&ominu,'aAmana,ءَامَنَ,V,ٱلْكِتَٰبِ لَمَن يُؤْمِنُ بِٱللَّهِ وَمَا^,3:199:4 3:199:5 3:199:6 3:199:7 3:199:8
3,200,3,3:200:3,ءَامَنُوا@,'aAmanuwA@,'aAmana,ءَامَنَ,V,يَٰ^أَيُّهَا ٱلَّذِينَ ءَامَنُوا@ ٱصْبِرُوا@ وَصَابِرُوا@,3:200:1 3:200:2 3:200:3 3:200:4 3:200:5
4,19,3,4:19:3,ءَامَنُوا@,'aAmanuwA@,'aAmana,ءَامَنَ,V,يَٰ^أَيُّهَا ٱلَّذِينَ ءَامَنُوا@ لَا يَحِلُّ,4:19:1 4:19:2 4:19:3 4:19:4 4:19:5
4,25,9,4:25:9,ٱلْمُؤْمِنَٰتِ,{lomu&omina`ti,m~u&omina`t,مُّؤْمِنَٰت,ADJ,يَنكِحَ ٱلْمُحْصَنَٰتِ ٱلْمُؤْمِنَٰتِ فَمِن مَّا,4:25:7 4:25:8 4:25:9 4:25:10 4:25:11
4,25,16,4:25:16,ٱلْمُؤْمِنَٰتِ,{lomu&omina`ti,m~u&omina`t,مُّؤْمِنَٰت,ADJ,مِّن فَتَيَٰتِكُمُ ٱلْمُؤْمِنَٰتِ وَٱللَّهُ أَعْلَمُ,4:25:14 4:25:15 4:25:16 4:25:17 4:25:18
4,25,19,4:25:19,بِإِيمَٰنِكُم,bi<iyma`nikum,<iyma`n,إِيمَٰن,N,وَٱللَّهُ أَعْلَمُ بِإِيمَٰنِكُم بَعْضُكُم مِّن[,4:25:17 4:25:18 4:25:19 4:25:20 4:25:21
4,29,3,4:29:3,ءَامَنُوا@,'aAmanuwA@,'aAmana,ءَامَنَ,V,يَٰ^أَيُّهَا ٱلَّذِينَ ءَامَنُوا@ لَا تَأْكُلُو^ا@,4:29:1 4:29:2 4:29:3 4:29:4 4:29:5
4,38,7,4:38:7,يُؤْمِنُونَ,yu&ominuwna,'aAmana,ءَامَنَ,V,ٱلنَّاسِ وَلَا يُؤْمِنُونَ بِٱللَّهِ وَلَا,4:38:5 4:38:6 4:38:7 4:38:8 4:38:9
4,39,4,4:39:4,ءَامَنُوا@,'aAmanuwA@,'aAmana,ءَامَنَ,V,عَلَيْهِمْ لَوْ ءَامَنُوا@ بِٱللَّهِ وَٱلْيَوْمِ,4:39:2 4:39:3 4:39:4 4:39:5 4:39:6
4,43,3,4:43:3,ءَامَنُوا@,'aAmanuwA@,'aAmana,ءَامَنَ,V,يَٰ^أَيُّهَا ٱلَّذِينَ ءَامَنُوا@ لَا تَقْرَبُوا@,4:43:1 4:43:2 4:43:3 4:43:4 4:43:5
4,46,36,4:46:36,يُؤْمِنُونَ,yu&ominuwna,'aAmana,ءَامَنَ,V,بِكُفْرِهِمْ فَلَا يُؤْمِنُونَ إِلَّا قَلِيلًا,4:46:34 4:46:35 4:46:36 4:46:37 4:46:38
4,47,5,4:47:5,ءَامِنُوا@,'aAminuwA@,'aAmana,ءَامَنَ,V,أُوتُوا@ ٱلْكِتَٰبَ ءَامِنُوا@ بِمَا نَزَّلْنَا,4:47:3 4:47:4 4:47:5 4:47:6 4:47:7
4,51,9,4:51:9,يُؤْمِنُونَ,yu&ominuwna,'aAmana,ءَامَنَ,V,مِّنَ ٱلْكِتَٰبِ يُؤْمِنُونَ بِٱلْجِبْتِ وَٱلطَّٰغُوتِ,4:51:7 4:51:8 4:51:9 4:51:10 4:51:11
4,51,19,4:51:19,ءَامَنُوا@,'aAmanuwA@,'aAmana,ءَامَنَ,V,مِنَ ٱلَّذِينَ ءَامَنُوا@ سَبِيلًا,4:51:17 4:51:18 4:51:19 4:51:20
4,55,3,4:55:3,ءَامَنَ,'aAmana,'aAmana,ءَامَنَ,V,فَمِنْهُم مَّنْ ءَامَنَ بِهِ. وَمِنْهُم,4:55:1 4:55:2 4:55:3 4:55:4 4:55:5
4,57,2,4:57:2,ءَامَنُوا@,'aAmanuwA@,'aAmana,ءَامَنَ,V,وَٱلَّذِينَ ءَامَنُوا@ وَعَمِلُوا@ ٱلصَّٰلِحَٰتِ,4:57:1 4:57:2 4:57:3 4:57:4
4,58,6,4:58:6,ٱلْأَمَٰنَٰتِ,{lo>ama`na`ti,>ama`na`t,أَمَٰنَٰت,N,أَن تُؤَدُّوا@ ٱلْأَمَٰنَٰتِ إِلَىٰ^ أَهْلِهَا,4:58:4 4:58:5 4:58:6 4:58:7 4:58:8
4,59,3,4:59:3,ءَامَنُو^ا@,'aAmanuw^A@,'aAmana,ءَامَنَ,V,يَٰ^أَيُّهَا ٱلَّذِينَ ءَامَنُو^ا@ أَطِيعُوا@ ٱللَّهَ,4:59:1 4:59:2 4:59:3 4:59:4 4:59:5
4,59,21,4:59:21,تُؤْمِنُونَ,tu&ominuwna,'aAmana,ءَامَنَ,V,إِن كُنتُمْ تُؤْمِنُونَ بِٱللَّهِ وَٱلْيَوْمِ,4:59:19 4:59:20 4:59:21 4:59:22 4:59:23
4,60,7,4:60:7,ءَامَنُوا@,'aAmanuwA@,'aAmana,ءَامَنَ,V,يَزْعُمُونَ أَنَّهُمْ ءَامَنُوا@ بِمَا^ أُنزِلَ,4:60:5 4:60:6 4:60:7 4:60:8 4:60:9
4,65,4,4:65:4,يُؤْمِنُونَ,yu&ominuwna,'aAmana,ءَامَنَ,V,وَرَبِّكَ لَا يُؤْمِنُونَ حَتَّىٰ يُحَكِّمُوكَ,4:65:2 4:65:3 4:65:4 4:65:5 4:65:6
4,71,3,4:71:3,ءَامَنُوا@,'aAmanuwA@,'aAmana,ءَامَنَ,V,يَٰ^أَيُّهَا ٱلَّذِينَ ءَامَنُوا@ خُذُوا@ حِذْرَكُمْ,4:71:1 4:71:2 4:71:3 4:71:4 4:71:5
4,76,2,4:76:2,ءَامَنُوا@,'aAmanuwA@,'aAmana,ءَامَنَ,V,ٱلَّذِينَ ءَامَنُوا@ يُقَٰتِلُونَ فِى,4:76:1 4:76:2 4:76:3 4:76:4
4,83,5,4:83:5,ٱلْأَمْنِ,{lo>amoni,>amon,أَمْن,N,أَمْرٌ مِّنَ ٱلْأَمْنِ أَوِ ٱلْخَوْفِ,4:83:3 4:83:4 4:83:5 4:83:6 4:83:7
4,84,10,4:84:10,ٱلْمُؤْمِنِينَ,{lomu&ominiyna,mu&omin,مُؤْمِن,N,نَفْسَكَ وَحَرِّضِ ٱلْمُؤْمِنِينَ عَسَى ٱللَّهُ,4:84:8 4:84:9 4:84:10 4:84:11 4:84:12
4,91,5,4:91:5,يَأْمَنُوكُمْ,ya>omanuwkumo,>amina,أَمِنَ,V,يُرِيدُونَ أَن يَأْمَنُوكُمْ وَيَأْمَنُوا@ قَوْمَهُمْ,4:91:3 4:91:4 4:91:5 4:91:6 4:91:7
4,91,6,4:91:6,وَيَأْمَنُوا@,waya>omanuwA@,>amina,أَمِنَ,V,أَن يَأْمَنُوكُمْ وَيَأْمَنُوا@ قَوْمَهُمْ كُلَّ,4:91:4 4:91:5 4:91:6 4:91:7 4:91:8
4,92,3,4:92:3,لِمُؤْمِنٍ,limu&ominK,mu&omin,مُؤْمِن,N,وَمَا كَانَ لِمُؤْمِنٍ أَن يَقْتُلَ,4:92:1 4:92:2 4:92:3 4:92:4 4:92:5
4,92,6,4:92:6,مُؤْمِنًا,mu&ominFA,mu&omin,مُؤْمِن,N,أَن يَقْتُلَ مُؤْمِنًا إِلَّا خَطَـ#ًا,4:92:4 4:92:5 4:92:6 4:92:7 4:92:8
4,92,11,4:92:11,مُؤْمِنًا,mu&ominFA,mu&omin,مُؤْمِن,N,وَمَن قَتَلَ مُؤْمِنًا خَطَـ#ًا فَتَحْرِيرُ,4:92:9 4:92:10 4:92:11 4:92:12 4:92:13
4,92,15,4:92:15,مُّؤْمِنَةٍ,m~u&ominapK,m~u&ominap,مُّؤْمِنَة,ADJ,فَتَحْرِيرُ رَقَبَةٍ مُّؤْمِنَةٍ وَدِيَةٌ مُّسَلَّمَةٌ,4:92:13 4:92:14 4:92:15 4:92:16 4:92:17
4,92,30,4:92:30,مُؤْمِنٌ,mu&ominN,mu&omin,مُؤْمِن,N,لَّكُمْ وَهُوَ مُؤْمِنٌ فَتَحْرِيرُ رَقَبَةٍ,4:92:28 4:92:29 4:92:30 4:92:31 4:92:32
4,92,33,4:92:33,مُّؤْمِنَةٍ,m~u&ominapK,m~u&ominap,مُّؤْمِنَة,ADJ,فَتَحْرِيرُ رَقَبَةٍ مُّؤْمِنَةٍ وَإِن كَانَ,4:92:31 4:92:32 4:92:33 4:92:34 4:92:35
4,92,47,4:92:47,مُّؤْمِنَةٍ,m~u&ominapK,m~u&ominap,مُّؤْمِنَة,ADJ,وَتَحْرِيرُ رَقَبَةٍ مُّؤْمِنَةٍ فَمَن لَّمْ,4:92:45 4:92:46 4:92:47 4:92:48 4:92:49
4,93,3,4:93:3,مُؤْمِنًا,mu&ominFA,mu&omin,مُؤْمِن,N,"وَمَن يَقْتُلْ مُؤْمِنًا مُّتَعَمِّدًا فَجَزَا^ؤُهُ,",4:93:1 4:93:2 4:93:3 4:93:4 4:93:5
4,94,3,4:94:3,ءَامَنُو^ا@,'aAmanuw^A@,'aAmana,ءَامَنَ,V,يَٰ^أَيُّهَا ٱلَّذِينَ ءَامَنُو^ا@ إِذَا ضَرَبْتُمْ,4:94:1 4:94:2 4:94:3 4:94:4 4:94:5
4,94,17,4:94:17,مُؤْمِنًا,mu&ominFA,mu&omin,مُؤْمِن,N,ٱلسَّلَٰمَ لَسْتَ مُؤْمِنًا تَبْتَغُونَ عَرَضَ,4:94:15 4:94:16 4:94:17 4:94:18 4:94:19
4,95,5,4:95:5,ٱلْمُؤْمِنِينَ,{lomu&ominiyna,mu&omin,مُؤْمِن,N,ٱلْقَٰعِدُونَ مِنَ ٱلْمُؤْمِنِينَ غَيْرُ أُو@لِى,4:95:3 4:95:4 4:95:5 4:95:6 4:95:7
4,103,18,4:103:18,ٱلْمُؤْمِنِينَ,{lomu&ominiyna,mu&omin,مُؤْمِن,N,كَانَتْ عَلَى ٱلْمُؤْمِنِينَ كِتَٰبًا مَّوْقُوتًا,4:103:16 4:103:17 4:103:18 4:103:19 4:103:20
4,115,13,4:115:13,ٱلْمُؤْمِنِينَ,{lomu&ominiyna,mu&omin,مُؤْمِن,N,غَيْرَ سَبِيلِ ٱلْمُؤْمِنِينَ نُوَلِّهِ. مَا,4:115:11 4:115:12 4:115:13 4:115:14 4:115:15
4,122,2,4:122:2,ءَامَنُوا@,'aAmanuwA@,'aAmana,ءَامَنَ,V,وَٱلَّذِينَ ءَامَنُوا@ وَعَمِلُوا@ ٱلصَّٰلِحَٰتِ,4:122:1 4:122:2 4:122:3 4:122:4
4,124,10,4:124:10,مُؤْمِنٌ,mu&ominN,mu&omin,مُؤْمِن,N,أُنثَىٰ وَهُوَ مُؤْمِنٌ فَأُو@لَٰ^ئِكَ يَدْخُلُونَ,4:124:8 4:124:9 4:124:10 4:124:11 4:124:12
4,135,3,4:135:3,ءَامَنُوا@,'aAmanuwA@,'aAmana,ءَامَنَ,V,يَٰ^أَيُّهَا ٱلَّذِينَ ءَامَنُوا@ كُونُوا@ قَوَّٰمِينَ,4:135:1 4:135:2 4:135:3 4:135:4 4:135:5
4,136,3,4:136:3,ءَامَنُو^ا@,'aAmanuw^A@,'aAmana,ءَامَنَ,V,يَٰ^أَيُّهَا ٱلَّذِينَ ءَامَنُو^ا@ ءَامِنُوا@ بِٱللَّهِ,4:136:1 4:136:2 4:136:3 4:136:4 4:136:5
4,136,4,4:136:4,ءَامِنُوا@,'aAminuwA@,'aAmana,ءَامَنَ,V,ٱلَّذِينَ ءَامَنُو^ا@ ءَامِنُوا@ بِٱللَّهِ وَرَسُولِهِ.,4:136:2 4:136:3 4:136:4 4:136:5 4:136:6
4,137,3,4:137:3,ءَامَنُوا@,'aAmanuwA@,'aAmana,ءَامَنَ,V,إِنَّ ٱلَّذِينَ ءَامَنُوا@ ثُمَّ كَفَرُوا@,4:137:1 4:137:2 4:137:3 4:137:4 4:137:5
4,137,7,4:137:7,ءَامَنُوا@,'aAmanuwA@,'aAmana,ءَامَنَ,V,كَفَرُوا@ ثُمَّ ءَامَنُوا@ ثُمَّ كَفَرُوا@,4:137:5 4:137:6 4:137:7 4:137:8 4:137:9
4,139,7,4:139:7,ٱلْمُؤْمِنِينَ,{lomu&ominiyna,mu&omin,مُؤْمِن,N,مِن دُونِ ٱلْمُؤْمِنِينَ أَيَبْتَغُونَ عِندَهُمُ,4:139:5 4:139:6 4:139:7 4:139:8 4:139:9
4,141,24,4:141:24,ٱلْمُؤْمِنِينَ,{lomu&ominiyna,mu&omin,مُؤْمِن,N,وَنَمْنَعْكُم مِّنَ ٱلْمُؤْمِنِينَ فَٱللَّهُ يَحْكُمُ,4:141:22 4:141:23 4:141:24 4:141:25 4:141:26
4,141,35,4:141:35,ٱلْمُؤْمِنِينَ,{lomu&ominiyna,mu&omin,مُؤْمِن,N,لِلْكَٰفِرِينَ عَلَى ٱلْمُؤْمِنِينَ سَبِيلًا,4:141:33 4:141:34 4:141:35 4:141:36
4,144,3,4:144:3,ءَامَنُوا@,'aAmanuwA@,'aAmana,ءَامَنَ,V,يَٰ^أَيُّهَا ٱلَّذِينَ ءَامَنُوا@ لَا تَتَّخِذُوا@,4:144:1 4:144:2 4:144:3 4:144:4 4:144:5
4,144,10,4:144:10,ٱلْمُؤْمِنِينَ,{lomu&ominiyna,mu&omin,مُؤْمِن,N,مِن دُونِ ٱلْمُؤْمِنِينَ أَتُرِيدُونَ أَن,4:144:8 4:144:9 4:144:10 4:144:11 4:144:12
4,146,12,4:146:12,ٱلْمُؤْمِنِينَ,{lomu&ominiyna,mu&omin,مُؤْمِن,N,فَأُو@لَٰ^ئِكَ مَعَ ٱلْمُؤْمِنِينَ وَسَوْفَ يُؤْتِ,4:146:10 4:146:11 4:146:12 4:146:13 4:146:14
4,146,16,4:146:16,ٱلْمُؤْمِنِينَ,{lomu&ominiyna,mu&omin,مُؤْمِن,N,يُؤْتِ ٱللَّهُ ٱلْمُؤْمِنِينَ أَجْرًا عَظِيمًا,4:146:14 4:146:15 4:146:16 4:146:17 4:146:18
4,147,7,4:147:7,وَءَامَنتُمْ,wa'aAmantumo,'aAmana,ءَامَنَ,V,إِن شَكَرْتُمْ وَءَامَنتُمْ وَكَانَ ٱللَّهُ,4:147:5 4:147:6 4:147:7 4:147:8 4:147:9
4,150,13,4:150:13,نُؤْمِنُ,nu&ominu,'aAmana,ءَامَنَ,V,وَرُسُلِهِ. وَيَقُولُونَ نُؤْمِنُ بِبَعْضٍ وَنَكْفُرُ,4:150:11 4:150:12 4:150:13 4:150:14 4:150:15
4,152,2,4:152:2,ءَامَنُوا@,'aAmanuwA@,'aAmana,ءَامَنَ,V,وَٱلَّذِينَ ءَامَنُوا@ بِٱللَّهِ وَرُسُلِهِ.,4:152:1 4:152:2 4:152:3 4:152:4
4,155,20,4:155:20,يُؤْمِنُونَ,yu&ominuwna,'aAmana,ءَامَنَ,V,بِكُفْرِهِمْ فَلَا يُؤْمِنُونَ إِلَّا قَلِيلًا,4:155:18 4:155:19 4:155:20 4:155:21 4:155:22
4,159,6,4:159:6,لَيُؤْمِنَنَّ,layu&ominan~a,'aAmana,ءَامَنَ,V,ٱلْكِتَٰبِ إِلَّا لَيُؤْمِنَنَّ بِهِ. قَبْلَ,4:159:4 4:159:5 4:159:6 4:159:7 4:159:8
4,162,6,4:162:6,وَٱلْمُؤْمِنُونَ,wa{lomu&ominuwna,mu&omin,مُؤْمِن,N,ٱلْعِلْمِ مِنْهُمْ وَٱلْمُؤْمِنُونَ يُؤْمِنُونَ بِمَا^,4:162:4 4:162:5 4:162:6 4:162:7 4:162:8
4,162,7,4:162:7,يُؤْمِنُونَ,yu&ominuwna,'aAmana,ءَامَنَ,V,مِنْهُمْ وَٱلْمُؤْمِنُونَ يُؤْمِنُونَ بِمَا^ أُنزِلَ,4:162:5 4:162:6 4:162:7 4:162:8 4:162:9
4,162,19,4:162:19,وَٱلْمُؤْمِنُونَ,wa{lomu&ominuwna,mu&omin,مُؤْمِن,N,وَٱلْمُؤْتُونَ ٱلزَّكَوٰةَ وَٱلْمُؤْمِنُونَ بِٱللَّهِ وَٱلْيَوْمِ,4:162:17 4:162:18 4:162:19 4:162:20 4:162:21
4,170,9,4:170:9,فَـ#َامِنُوا@,fa_#aAminuwA@,'aAmana,ءَامَنَ,V,مِن رَّبِّكُمْ فَـ#َامِنُوا@ خَيْرًا لَّكُمْ,4:170:7 4:170:8 4:170:9 4:170:10 4:170:11
4,171,26,4:171:26,فَـ#َامِنُوا@,fa_#aAminuwA@,'aAmana,ءَامَنَ,V,وَرُوحٌ مِّنْهُ فَـ#َامِنُوا@ بِٱللَّهِ وَرُسُلِهِ.,4:171:24 4:171:25 4:171:26 4:171:27 4:171:28
4,173,3,4:173:3,ءَامَنُوا@,'aAmanuwA@,'aAmana,ءَامَنَ,V,فَأَمَّا ٱلَّذِينَ ءَامَنُوا@ وَعَمِلُوا@ ٱلصَّٰلِحَٰتِ,4:173:1 4:173:2 4:173:3 4:173:4 4:173:5
4,175,3,4:175:3,ءَامَنُوا@,'aAmanuwA@,'aAmana,ءَامَنَ,V,فَأَمَّا ٱلَّذِينَ ءَامَنُوا@ بِٱللَّهِ وَٱعْتَصَمُوا@,4:175:1 4:175:2 4:175:3 4:175:4 4:175:5
5,1,3,5:1:3,ءَامَنُو^ا@,'aAmanuw^A@,'aAmana,ءَامَنَ,V,يَٰ^أَيُّهَا ٱلَّذِينَ ءَامَنُو^ا@ أَوْفُوا@ بِٱلْعُقُودِ,5:1:1 5:1:2 5:1:3 5:1:4 5:1:5
5,2,3,5:2:3,ءَامَنُوا@,'aAmanuwA@,'aAmana,ءَامَنَ,V,يَٰ^أَيُّهَا ٱلَّذِينَ ءَامَنُوا@ لَا تُحِلُّوا@,5:2:1 5:2:2 5:2:3 5:2:4 5:2:5
5,5,16,5:5:16,ٱلْمُؤْمِنَٰتِ,{lomu&omina`ti,m~u&omina`t,مُّؤْمِنَٰت,N,وَٱلْمُحْصَنَٰتُ مِنَ ٱلْمُؤْمِنَٰتِ وَٱلْمُحْصَنَٰتُ مِنَ,5:5:14 5:5:15 5:5:16 5:5:17 5:5:18
5,5,35,5:5:35,بِٱلْإِيمَٰنِ,bi{lo<iyma`ni,<iyma`n,إِيمَٰن,N,وَمَن يَكْفُرْ بِٱلْإِيمَٰنِ فَقَدْ حَبِطَ,5:5:33 5:5:34 5:5:35 5:5:36 5:5:37
5,6,3,5:6:3,ءَامَنُو^ا@,'aAmanuw^A@,'aAmana,ءَامَنَ,V,يَٰ^أَيُّهَا ٱلَّذِينَ ءَامَنُو^ا@ إِذَا قُمْتُمْ,5:6:1 5:6:2 5:6:3 5:6:4 5:6:5
5,8,3,5:8:3,ءَامَنُوا@,'aAmanuwA@,'aAmana,ءَامَنَ,V,يَٰ^أَيُّهَا ٱلَّذِينَ ءَامَنُوا@ كُونُوا@ قَوَّٰمِينَ,5:8:1 5:8:2 5:8:3 5:8:4 5:8:5
5,9,4,5:9:4,ءَامَنُوا@,'aAmanuwA@,'aAmana,ءَامَنَ,V,ٱللَّهُ ٱلَّذِينَ ءَامَنُوا@ وَعَمِلُوا@ ٱلصَّٰلِحَٰتِ,5:9:2 5:9:3 5:9:4 5:9:5 5:9:6
5,11,3,5:11:3,ءَامَنُوا@,'aAmanuwA@,'aAmana,ءَامَنَ,V,يَٰ^أَيُّهَا ٱلَّذِينَ ءَامَنُوا@ ٱذْكُرُوا@ نِعْمَتَ,5:11:1 5:11:2 5:11:3 5:11:4 5:11:5
5,11,23,5:11:23,ٱلْمُؤْمِنُونَ,{lomu&ominuwna,mu&omin,مُؤْمِن,N,ٱللَّهِ فَلْيَتَوَكَّلِ ٱلْمُؤْمِنُونَ,5:11:21 5:11:22 5:11:23
5,12,21,5:12:21,وَءَامَنتُم,wa'aAmantum,'aAmana,ءَامَنَ,V,وَءَاتَيْتُمُ ٱلزَّكَوٰةَ وَءَامَنتُم بِرُسُلِى وَعَزَّرْتُمُوهُمْ,5:12:19 5:12:20 5:12:21 5:12:22 5:12:23
5,23,21,5:23:21,مُّؤْمِنِينَ,m~u&ominiyna,mu&omin,مُؤْمِن,N,إِن كُنتُم مُّؤْمِنِينَ,5:23:19 5:23:20 5:23:21
5,35,3,5:35:3,ءَامَنُوا@,'aAmanuwA@,'aAmana,ءَامَنَ,V,يَٰ^أَيُّهَا ٱلَّذِينَ ءَامَنُوا@ ٱتَّقُوا@ ٱللَّهَ,5:35:1 5:35:2 5:35:3 5:35:4 5:35:5
5,41,12,5:41:12,ءَامَنَّا,'aAman~aA,'aAmana,ءَامَنَ,V,ٱلَّذِينَ قَالُو^ا@ ءَامَنَّا بِأَفْوَٰهِهِمْ وَلَمْ,5:41:10 5:41:11 5:41:12 5:41:13 5:41:14
5,41,15,5:41:15,تُؤْمِن,tu&omin,'aAmana,ءَامَنَ,V,بِأَفْوَٰهِهِمْ وَلَمْ تُؤْمِن قُلُوبُهُمْ وَمِنَ,5:41:13 5:41:14 5:41:15 5:41:16 5:41:17
5,43,15,5:43:15,بِٱلْمُؤْمِنِينَ,bi{lomu&ominiyna,mu&omin,مُؤْمِن,N,وَمَا^ أُو@لَٰ^ئِكَ بِٱلْمُؤْمِنِينَ,5:43:13 5:43:14 5:43:15
5,51,3,5:51:3,ءَامَنُوا@,'aAmanuwA@,'aAmana,ءَامَنَ,V,يَٰ^أَيُّهَا ٱلَّذِينَ ءَامَنُوا@ لَا تَتَّخِذُوا@,5:51:1 5:51:2 5:51:3 5:51:4 5:51:5
5,53,3,5:53:3,ءَامَنُو^ا@,'aAmanuw^A@,'aAmana,ءَامَنَ,V,وَيَقُولُ ٱلَّذِينَ ءَامَنُو^ا@ أَهَٰ^ؤُلَا^ءِ ٱلَّذِينَ,5:53:1 5:53:2 5:53:3 5:53:4 5:53:5
5,54,3,5:54:3,ءَامَنُوا@,'aAmanuwA@,'aAmana,ءَامَنَ,V,يَٰ^أَيُّهَا ٱلَّذِينَ ءَامَنُوا@ مَن يَرْتَدَّ,5:54:1 5:54:2 5:54:3 5:54:4 5:54:5
5,54,17,5:54:17,ٱلْمُؤْمِنِينَ,{lomu&ominiyna,mu&omin,مُؤْمِن,N,أَذِلَّةٍ عَلَى ٱلْمُؤْمِنِينَ أَعِزَّةٍ عَلَى,5:54:15 5:54:16 5:54:17 5:54:18 5:54:19
5,55,6,5:55:6,ءَامَنُوا@,'aAmanuwA@,'aAmana,ءَامَنَ,V,"وَرَسُولُهُ, وَٱلَّذِينَ ءَامَنُوا@ ٱلَّذِينَ يُقِيمُونَ",5:55:4 5:55:5 5:55:6 5:55:7 5:55:8
5,56,6,5:56:6,ءَامَنُوا@,'aAmanuwA@,'aAmana,ءَامَنَ,V,"وَرَسُولَهُ, وَٱلَّذِينَ ءَامَنُوا@ فَإِنَّ حِزْبَ",5:56:4 5:56:5 5:56:6 5:56:7 5:56:8
5,57,3,5:57:3,ءَامَنُوا@,'aAmanuwA@,'aAmana,ءَامَنَ,V,يَٰ^أَيُّهَا ٱلَّذِينَ ءَامَنُوا@ لَا تَتَّخِذُوا@,5:57:1 5:57:2 5:57:3 5:57:4 5:57:5
5,57,23,5:57:23,مُّؤْمِنِينَ,m~u&ominiyna,mu&omin,مُؤْمِن,N,إِن كُنتُم مُّؤْمِنِينَ,5:57:21 5:57:22 5:57:23
5,59,9,5:59:9,ءَامَنَّا,'aAman~aA,'aAmana,ءَامَنَ,V,إِلَّا^ أَنْ ءَامَنَّا بِٱللَّهِ وَمَا^,5:59:7 5:59:8 5:59:9 5:59:10 5:59:11
5,61,4,5:61:4,ءَامَنَّا,'aAman~aA,'aAmana,ءَامَنَ,V,جَا^ءُوكُمْ قَالُو^ا@ ءَامَنَّا وَقَد دَّخَلُوا@,5:61:2 5:61:3 5:61:4 5:61:5 5:61:6
5,65,5,5:65:5,ءَامَنُوا@,'aAmanuwA@,'aAmana,ءَامَنَ,V,أَهْلَ ٱلْكِتَٰبِ ءَامَنُوا@ وَٱتَّقَوْا@ لَكَفَّرْنَا,5:65:3 5:65:4 5:65:5 5:65:6 5:65:7
5,69,3,5:69:3,ءَامَنُوا@,'aAmanuwA@,'aAmana,ءَامَنَ,V,إِنَّ ٱلَّذِينَ ءَامَنُوا@ وَٱلَّذِينَ هَادُوا@,5:69:1 5:69:2 5:69:3 5:69:4 5:69:5
5,69,9,5:69:9,ءَامَنَ,'aAmana,'aAmana,ءَامَنَ,V,وَٱلنَّصَٰرَىٰ مَنْ ءَامَنَ بِٱللَّهِ وَٱلْيَوْمِ,5:69:7 5:69:8 5:69:9 5:69:10 5:69:11
5,81,3,5:81:3,يُؤْمِنُونَ,yu&ominuwna,'aAmana,ءَامَنَ,V,وَلَوْ كَانُوا@ يُؤْمِنُونَ بِٱللَّهِ وَٱلنَّبِىِّ,5:81:1 5:81:2 5:81:3 5:81:4 5:81:5
5,82,6,5:82:6,ءَامَنُوا@,'aAmanuwA@,'aAmana,ءَامَنَ,V,عَدَٰوَةً لِّلَّذِينَ ءَامَنُوا@ ٱلْيَهُودَ وَٱلَّذِينَ,5:82:4 5:82:5 5:82:6 5:82:7 5:82:8
5,82,14,5:82:14,ءَامَنُوا@,'aAmanuwA@,'aAmana,ءَامَنَ,V,مَّوَدَّةً لِّلَّذِينَ ءَامَنُوا@ ٱلَّذِينَ قَالُو^ا@,5:82:12 5:82:13 5:82:14 5:82:15 5:82:16
5,83,18,5:83:18,ءَامَنَّا,'aAman~aA,'aAmana,ءَامَنَ,V,يَقُولُونَ رَبَّنَا^ ءَامَنَّا فَٱكْتُبْنَا مَعَ,5:83:16 5:83:17 5:83:18 5:83:19 5:83:20
5,84,4,5:84:4,نُؤْمِنُ,nu&ominu,'aAmana,ءَامَنَ,V,لَنَا لَا نُؤْمِنُ بِٱللَّهِ وَمَا,5:84:2 5:84:3 5:84:4 5:84:5 5:84:6
5,87,3,5:87:3,ءَامَنُوا@,'aAmanuwA@,'aAmana,ءَامَنَ,V,يَٰ^أَيُّهَا ٱلَّذِينَ ءَامَنُوا@ لَا تُحَرِّمُوا@,5:87:1 5:87:2 5:87:3 5:87:4 5:87:5
5,88,12,5:88:12,مُؤْمِنُونَ,mu&ominuwna,mu&omin,مُؤْمِن,N,أَنتُم بِهِ. مُؤْمِنُونَ,5:88:10 5:88:11 5:88:12
5,90,3,5:90:3,ءَامَنُو^ا@,'aAmanuw^A@,'aAmana,ءَامَنَ,V,يَٰ^أَيُّهَا ٱلَّذِينَ ءَامَنُو^ا@ إِنَّمَا ٱلْخَمْرُ,5:90:1 5:90:2 5:90:3 5:90:4 5:90:5
5,93,4,5:93:4,ءَامَنُوا@,'aAmanuwA@,'aAmana,ءَامَنَ,V,عَلَى ٱلَّذِينَ ءَامَنُوا@ وَعَمِلُوا@ ٱلصَّٰلِحَٰتِ,5:93:2 5:93:3 5:93:4 5:93:5 5:93:6
5,93,13,5:93:13,وَّءَامَنُوا@,w~a'aAmanuwA@,'aAmana,ءَامَنَ,V,مَا ٱتَّقَوا@ وَّءَامَنُوا@ وَعَمِلُوا@ ٱلصَّٰلِحَٰتِ,5:93:11 5:93:12 5:93:13 5:93:14 5:93:15
5,93,18,5:93:18,وَّءَامَنُوا@,w~a'aAmanuwA@,'aAmana,ءَامَنَ,V,ثُمَّ ٱتَّقَوا@ وَّءَامَنُوا@ ثُمَّ ٱتَّقَوا@,5:93:16 5:93:17 5:93:18 5:93:19 5:93:20
5,94,3,5:94:3,ءَامَنُوا@,'aAmanuwA@,'aAmana,ءَامَنَ,V,يَٰ^أَيُّهَا ٱلَّذِينَ ءَامَنُوا@ لَيَبْلُوَنَّكُمُ ٱللَّهُ,5:94:1 5:94:2 5:94:3 5:94:4 5:94:5
5,95,3,5:95:3,ءَامَنُوا@,'aAmanuwA@,'aAmana,ءَامَنَ,V,يَٰ^أَيُّهَا ٱلَّذِينَ ءَامَنُوا@ لَا تَقْتُلُوا@,5:95:1 5:95:2 5:95:3 5:95:4 5:95:5
5,101,3,5:101:3,ءَامَنُوا@,'aAmanuwA@,'aAmana,ءَامَنَ,V,يَٰ^أَيُّهَا ٱلَّذِينَ ءَامَنُوا@ لَا تَسْـ#َلُوا@,5:101:1 5:101:2 5:101:3 5:101:4 5:101:5
5,105,3,5:105:3,ءَامَنُوا@,'aAmanuwA@,'aAmana,ءَامَنَ,V,يَٰ^أَيُّهَا ٱلَّذِينَ ءَامَنُوا@ عَلَيْكُمْ أَنفُسَكُمْ,5:105:1 5:105:2 5:105:3 5:105:4 5:105:5
5,106,3,5:106:3,ءَامَنُوا@,'aAmanuwA@,'aAmana,ءَامَنَ,V,يَٰ^أَيُّهَا ٱلَّذِينَ ءَامَنُوا@ شَهَٰدَةُ بَيْنِكُمْ,5:106:1 5:106:2 5:106:3 5:106:4 5:106:5
5,111,6,5:111:6,ءَامِنُوا@,'aAminuwA@,'aAmana,ءَامَنَ,V,ٱلْحَوَارِيِّ.نَ أَنْ ءَامِنُوا@ بِى وَبِرَسُولِى,5:111:4 5:111:5 5:111:6 5:111:7 5:111:8
5,111,10,5:111:10,ءَامَنَّا,'aAman~aA,'aAmana,ءَامَنَ,V,وَبِرَسُولِى قَالُو^ا@ ءَامَنَّا وَٱشْهَدْ بِأَنَّنَا,5:111:8 5:111:9 5:111:10 5:111:11 5:111:12
5,112,21,5:112:21,مُّؤْمِنِينَ,m~u&ominiyna,mu&omin,مُؤْمِن,N,إِن كُنتُم مُّؤْمِنِينَ,5:112:19 5:112:20 5:112:21
6,12,25,6:12:25,يُؤْمِنُونَ,yu&ominuwna,'aAmana,ءَامَنَ,V,فَهُمْ لَا يُؤْمِنُونَ,6:12:23 6:12:24 6:12:25
6,20,13,6:20:13,يُؤْمِنُونَ,yu&ominuwna,'aAmana,ءَامَنَ,V,فَهُمْ لَا يُؤْمِنُونَ,6:20:11 6:20:12 6:20:13
6,25,19,6:25:19,يُؤْمِنُوا@,yu&ominuwA@,'aAmana,ءَامَنَ,V,ءَايَةٍ لَّا يُؤْمِنُوا@ بِهَا حَتَّىٰ^,6:25:17 6:25:18 6:25:19 6:25:20 6:25:21
6,27,16,6:27:16,ٱلْمُؤْمِنِينَ,{lomu&ominiyna,mu&omin,مُؤْمِن,N,وَنَكُونَ مِنَ ٱلْمُؤْمِنِينَ,6:27:14 6:27:15 6:27:16
6,48,8,6:48:8,ءَامَنَ,'aAmana,'aAmana,ءَامَنَ,V,وَمُنذِرِينَ فَمَنْ ءَامَنَ وَأَصْلَحَ فَلَا,6:48:6 6:48:7 6:48:8 6:48:9 6:48:10
6,54,4,6:54:4,يُؤْمِنُونَ,yu&ominuwna,'aAmana,ءَامَنَ,V,جَا^ءَكَ ٱلَّذِينَ يُؤْمِنُونَ بِـ#َايَٰتِنَا فَقُلْ,6:54:2 6:54:3 6:54:4 6:54:5 6:54:6
6,81,19,6:81:19,بِٱلْأَمْنِ,bi{lo>amoni,>amon,أَمْن,N,ٱلْفَرِيقَيْنِ أَحَقُّ بِٱلْأَمْنِ إِن كُنتُمْ,6:81:17 6:81:18 6:81:19 6:81:20 6:81:21
6,82,2,6:82:2,ءَامَنُوا@,'aAmanuwA@,'aAmana,ءَامَنَ,V,ٱلَّذِينَ ءَامَنُوا@ وَلَمْ يَلْبِسُو^ا@,6:82:1 6:82:2 6:82:3 6:82:4
6,82,5,6:82:5,إِيمَٰنَهُم,<iyma`nahum,<iyma`n,إِيمَٰن,N,وَلَمْ يَلْبِسُو^ا@ إِيمَٰنَهُم بِظُلْمٍ أُو@لَٰ^ئِكَ,6:82:3 6:82:4 6:82:5 6:82:6 6:82:7
6,82,9,6:82:9,ٱلْأَمْنُ,{lo>amonu,>amon,أَمْن,N,أُو@لَٰ^ئِكَ لَهُمُ ٱلْأَمْنُ وَهُم مُّهْتَدُونَ,6:82:7 6:82:8 6:82:9 6:82:10 6:82:11
6,92,15,6:92:15,يُؤْمِنُونَ,yu&ominuwna,'aAmana,ءَامَنَ,V,حَوْلَهَا وَٱلَّذِينَ يُؤْمِنُونَ بِٱلْءَاخِرَةِ يُؤْمِنُونَ,6:92:13 6:92:14 6:92:15 6:92:16 6:92:17
6,92,17,6:92:17,يُؤْمِنُونَ,yu&ominuwna,'aAmana,ءَامَنَ,V,يُؤْمِنُونَ بِٱلْءَاخِرَةِ يُؤْمِنُونَ بِهِ. وَهُمْ,6:92:15 6:92:16 6:92:17 6:92:18 6:92:19
6,99,44,6:99:44,يُؤْمِنُونَ,yu&ominuwna,'aAmana,ءَامَنَ,V,لَءَايَٰتٍ لِّقَوْمٍ يُؤْمِنُونَ,6:99:42 6:99:43 6:99:44
6,109,8,6:109:8,لَّيُؤْمِنُنَّ,l~ayu&ominun~a,'aAmana,ءَامَنَ,V,جَا^ءَتْهُمْ ءَايَةٌ لَّيُؤْمِنُنَّ بِهَا قُلْ,6:109:6 6:109:7 6:109:8 6:109:9 6:109:10
6,109,21,6:109:21,يُؤْمِنُونَ,yu&ominuwna,'aAmana,ءَامَنَ,V,جَا^ءَتْ لَا يُؤْمِنُونَ,6:109:19 6:109:20 6:109:21
6,110,6,6:110:6,يُؤْمِنُوا@,yu&ominuwA@,'aAmana,ءَامَنَ,V,كَمَا لَمْ يُؤْمِنُوا@ بِهِ.^ أَوَّلَ,6:110:4 6:110:5 6:110:6 6:110:7 6:110:8
6,111,15,6:111:15,لِيُؤْمِنُو^ا@,liyu&ominuw^A@,'aAmana,ءَامَنَ,V,مَّا كَانُوا@ لِيُؤْمِنُو^ا@ إِلَّا^ أَن,6:111:13 6:111:14 6:111:15 6:111:16 6:111:17
6,113,6,6:113:6,يُؤْمِنُونَ,yu&ominuwna,'aAmana,ءَامَنَ,V,ٱلَّذِينَ لَا يُؤْمِنُونَ بِٱلْءَاخِرَةِ وَلِيَرْضَوْهُ,6:113:4 6:113:5 6:113:6 6:113:7 6:113:8
6,118,10,6:118:10,مُؤْمِنِينَ,mu&ominiyna,mu&omin,مُؤْمِن,N,كُنتُم بِـ#َايَٰتِهِ. مُؤْمِنِينَ,6:118:8 6:118:9 6:118:10
6,124,6,6:124:6,نُّؤْمِنَ,n~u&omina,'aAmana,ءَامَنَ,V,قَالُوا@ لَن نُّؤْمِنَ حَتَّىٰ نُؤْتَىٰ,6:124:4 6:124:5 6:124:6 6:124:7 6:124:8
6,125,28,6:125:28,يُؤْمِنُونَ,yu&ominuwna,'aAmana,ءَامَنَ,V,ٱلَّذِينَ لَا يُؤْمِنُونَ,6:125:26 6:125:27 6:125:28
6,150,23,6:150:23,يُؤْمِنُونَ,yu&ominuwna,'aAmana,ءَامَنَ,V,وَٱلَّذِينَ لَا يُؤْمِنُونَ بِٱلْءَاخِرَةِ وَهُم,6:150:21 6:150:22 6:150:23 6:150:24 6:150:25
6,154,17,6:154:17,يُؤْمِنُونَ,yu&ominuwna,'aAmana,ءَامَنَ,V,بِلِقَا^ءِ رَبِّهِمْ يُؤْمِنُونَ,6:154:15 6:154:16 6:154:17
6,158,23,6:158:23,إِيمَٰنُهَا,<iyma`nuhaA,<iyma`n,إِيمَٰن,N,يَنفَعُ نَفْسًا إِيمَٰنُهَا لَمْ تَكُنْ,6:158:21 6:158:22 6:158:23 6:158:24 6:158:25
6,158,26,6:158:26,ءَامَنَتْ,'aAmanato,'aAmana,ءَامَنَ,V,لَمْ تَكُنْ ءَامَنَتْ مِن قَبْلُ,6:158:24 6:158:25 6:158:26 6:158:27 6:158:28
6,158,32,6:158:32,إِيمَٰنِهَا,<iyma`nihaA,<iyma`n,إِيمَٰن,N,كَسَبَتْ فِى^ إِيمَٰنِهَا خَيْرًا قُلِ,6:158:30 6:158:31 6:158:32 6:158:33 6:158:34
7,2,13,7:2:13,لِلْمُؤْمِنِينَ,lilomu&ominiyna,mu&omin,مُؤْمِن,N,بِهِ. وَذِكْرَىٰ لِلْمُؤْمِنِينَ,7:2:11 7:2:12 7:2:13
7,27,30,7:27:30,يُؤْمِنُونَ,yu&ominuwna,'aAmana,ءَامَنَ,V,لِلَّذِينَ لَا يُؤْمِنُونَ,7:27:28 7:27:29 7:27:30
7,32,15,7:32:15,ءَامَنُوا@,'aAmanuwA@,'aAmana,ءَامَنَ,V,هِىَ لِلَّذِينَ ءَامَنُوا@ فِى ٱلْحَيَوٰةِ,7:32:13 7:32:14 7:32:15 7:32:16 7:32:17
7,42,2,7:42:2,ءَامَنُوا@,'aAmanuwA@,'aAmana,ءَامَنَ,V,وَٱلَّذِينَ ءَامَنُوا@ وَعَمِلُوا@ ٱلصَّٰلِحَٰتِ,7:42:1 7:42:2 7:42:3 7:42:4
7,52,10,7:52:10,يُؤْمِنُونَ,yu&ominuwna,'aAmana,ءَامَنَ,V,وَرَحْمَةً لِّقَوْمٍ يُؤْمِنُونَ,7:52:8 7:52:9 7:52:10
7,68,7,7:68:7,أَمِينٌ,>amiynN,>amiyn,أَمِين,ADJ,لَكُمْ نَاصِحٌ أَمِينٌ,7:68:5 7:68:6 7:68:7
7,72,13,7:72:13,مُؤْمِنِينَ,mu&ominiyna,mu&omin,مُؤْمِن,N,وَمَا كَانُوا@ مُؤْمِنِينَ,7:72:11 7:72:12 7:72:13
7,75,10,7:75:10,ءَامَنَ,'aAmana,'aAmana,ءَامَنَ,V,ٱسْتُضْعِفُوا@ لِمَنْ ءَامَنَ مِنْهُمْ أَتَعْلَمُونَ,7:75:8 7:75:9 7:75:10 7:75:11 7:75:12
7,75,23,7:75:23,مُؤْمِنُونَ,mu&ominuwna,mu&omin,مُؤْمِن,N,أُرْسِلَ بِهِ. مُؤْمِنُونَ,7:75:21 7:75:22 7:75:23
7,76,6,7:76:6,ءَامَنتُم,'aAmantum,'aAmana,ءَامَنَ,V,إِنَّا بِٱلَّذِى^ ءَامَنتُم بِهِ. كَٰفِرُونَ,7:76:4 7:76:5 7:76:6 7:76:7 7:76:8
7,85,37,7:85:37,مُّؤْمِنِينَ,m~u&ominiyna,mu&omin,مُؤْمِن,N,إِن كُنتُم مُّؤْمِنِينَ,7:85:35 7:85:36 7:85:37
7,86,11,7:86:11,ءَامَنَ,'aAmana,'aAmana,ءَامَنَ,V,ٱللَّهِ مَنْ ءَامَنَ بِهِ. وَتَبْغُونَهَا,7:86:9 7:86:10 7:86:11 7:86:12 7:86:13
7,87,5,7:87:5,ءَامَنُوا@,'aAmanuwA@,'aAmana,ءَامَنَ,V,طَا^ئِفَةٌ مِّنكُمْ ءَامَنُوا@ بِٱلَّذِى^ أُرْسِلْتُ,7:87:3 7:87:4 7:87:5 7:87:6 7:87:7
7,87,11,7:87:11,يُؤْمِنُوا@,yu&ominuwA@,'aAmana,ءَامَنَ,V,وَطَا^ئِفَةٌ لَّمْ يُؤْمِنُوا@ فَٱصْبِرُوا@ حَتَّىٰ,7:87:9 7:87:10 7:87:11 7:87:12 7:87:13
7,88,10,7:88:10,ءَامَنُوا@,'aAmanuwA@,'aAmana,ءَامَنَ,V,يَٰشُعَيْبُ وَٱلَّذِينَ ءَامَنُوا@ مَعَكَ مِن,7:88:8 7:88:9 7:88:10 7:88:11 7:88:12
7,96,5,7:96:5,ءَامَنُوا@,'aAmanuwA@,'aAmana,ءَامَنَ,V,أَهْلَ ٱلْقُرَىٰ^ ءَامَنُوا@ وَٱتَّقَوْا@ لَفَتَحْنَا,7:96:3 7:96:4 7:96:5 7:96:6 7:96:7
7,97,1,7:97:1,أَفَأَمِنَ,>afa>amina,>amina,أَمِنَ,V,أَفَأَمِنَ أَهْلُ ٱلْقُرَىٰ^,7:97:1 7:97:2 7:97:3
7,98,1,7:98:1,أَوَأَمِنَ,>awa>amina,>amina,أَمِنَ,V,أَوَأَمِنَ أَهْلُ ٱلْقُرَىٰ^,7:98:1 7:98:2 7:98:3
7,99,1,7:99:1,أَفَأَمِنُوا@,>afa>aminuwA@,>amina,أَمِنَ,V,أَفَأَمِنُوا@ مَكْرَ ٱللَّهِ,7:99:1 7:99:2 7:99:3
7,99,5,7:99:5,يَأْمَنُ,ya>omanu,>amina,أَمِنَ,V,ٱللَّهِ فَلَا يَأْمَنُ مَكْرَ ٱللَّهِ,7:99:3 7:99:4 7:99:5 7:99:6 7:99:7
7,101,13,7:101:13,لِيُؤْمِنُوا@,liyu&ominuwA@,'aAmana,ءَامَنَ,V,فَمَا كَانُوا@ لِيُؤْمِنُوا@ بِمَا كَذَّبُوا@,7:101:11 7:101:12 7:101:13 7:101:14 7:101:15
7,121,2,7:121:2,ءَامَنَّا,'aAman~aA,'aAmana,ءَامَنَ,V,قَالُو^ا@ ءَامَنَّا بِرَبِّ ٱلْعَٰلَمِينَ,7:121:1 7:121:2 7:121:3 7:121:4
7,123,3,7:123:3,ءَامَنتُم,'aAmantum,'aAmana,ءَامَنَ,V,قَالَ فِرْعَوْنُ ءَامَنتُم بِهِ. قَبْلَ,7:123:1 7:123:2 7:123:3 7:123:4 7:123:5
7,126,6,7:126:6,ءَامَنَّا,'aAman~aA,'aAmana,ءَامَنَ,V,إِلَّا^ أَنْ ءَامَنَّا بِـ#َايَٰتِ رَبِّنَا,7:126:4 7:126:5 7:126:6 7:126:7 7:126:8
7,132,12,7:132:12,بِمُؤْمِنِينَ,bimu&ominiyna,mu&omin,مُؤْمِن,N,نَحْنُ لَكَ بِمُؤْمِنِينَ,7:132:10 7:132:11 7:132:12
7,134,17,7:134:17,لَنُؤْمِنَنَّ,lanu&ominan~a,'aAmana,ءَامَنَ,V,عَنَّا ٱلرِّجْزَ لَنُؤْمِنَنَّ لَكَ وَلَنُرْسِلَنَّ,7:134:15 7:134:16 7:134:17 7:134:18 7:134:19
7,143,41,7:143:41,ٱلْمُؤْمِنِينَ,{lomu&ominiyna,mu&omin,مُؤْمِن,N,"وَأَنَا"" أَوَّلُ ٱلْمُؤْمِنِينَ",7:143:39 7:143:40 7:143:41
7,146,15,7:146:15,يُؤْمِنُوا@,yu&ominuwA@,'aAmana,ءَامَنَ,V,ءَايَةٍ لَّا يُؤْمِنُوا@ بِهَا وَإِن,7:146:13 7:146:14 7:146:15 7:146:16 7:146:17
7,153,8,7:153:8,وَءَامَنُو^ا@,wa'aAmanuw^A@,'aAmana,ءَامَنَ,V,مِن[ بَعْدِهَا وَءَامَنُو^ا@ إِنَّ رَبَّكَ,7:153:6 7:153:7 7:153:8 7:153:9 7:153:10
7,156,30,7:156:30,يُؤْمِنُونَ,yu&ominuwna,'aAmana,ءَامَنَ,V,هُم بِـ#َايَٰتِنَا يُؤْمِنُونَ,7:156:28 7:156:29 7:156:30
7,157,32,7:157:32,ءَامَنُوا@,'aAmanuwA@,'aAmana,ءَامَنَ,V,عَلَيْهِمْ فَٱلَّذِينَ ءَامَنُوا@ بِهِ. وَعَزَّرُوهُ,7:157:30 7:157:31 7:157:32 7:157:33 7:157:34
7,158,20,7:158:20,فَـ#َامِنُوا@,fa_#aAminuwA@,'aAmana,ءَامَنَ,V,يُحْىِ. وَيُمِيتُ فَـ#َامِنُوا@ بِٱللَّهِ وَرَسُولِهِ,7:158:18 7:158:19 7:158:20 7:158:21 7:158:22
7,158,26,7:158:26,يُؤْمِنُ,yu&ominu,'aAmana,ءَامَنَ,V,ٱلْأُمِّىِّ ٱلَّذِى يُؤْمِنُ بِٱللَّهِ وَكَلِمَٰتِهِ.,7:158:24 7:158:25 7:158:26 7:158:27 7:158:28
7,185,22,7:185:22,يُؤْمِنُونَ,yu&ominuwna,'aAmana,ءَامَنَ,V,"حَدِيثٍ] بَعْدَهُ, يُؤْمِنُونَ",7:185:20 7:185:21 7:185:22
7,188,28,7:188:28,يُؤْمِنُونَ,yu&ominuwna,'aAmana,ءَامَنَ,V,وَبَشِيرٌ لِّقَوْمٍ يُؤْمِنُونَ,7:188:26 7:188:27 7:188:28
7,203,23,7:203:23,يُؤْمِنُونَ,yu&ominuwna,'aAmana,ءَامَنَ,V,وَرَحْمَةٌ لِّقَوْمٍ يُؤْمِنُونَ,7:203:21 7:203:22 7:203:23
8,1,18,8:1:18,مُّؤْمِنِينَ,m~u&ominiyna,mu&omin,مُؤْمِن,N,إِن كُنتُم مُّؤْمِنِينَ,8:1:16 8:1:17 8:1:18
8,2,2,8:2:2,ٱلْمُؤْمِنُونَ,{lomu&ominuwna,mu&omin,مُؤْمِن,N,إِنَّمَا ٱلْمُؤْمِنُونَ ٱلَّذِينَ إِذَا,8:2:1 8:2:2 8:2:3 8:2:4
8,2,14,8:2:14,إِيمَٰنًا,<iyma`nFA,<iyma`n,إِيمَٰن,N,"ءَايَٰتُهُ, زَادَتْهُمْ إِيمَٰنًا وَعَلَىٰ رَبِّهِمْ",8:2:12 8:2:13 8:2:14 8:2:15 8:2:16
8,4,3,8:4:3,ٱلْمُؤْمِنُونَ,{lomu&ominuwna,mu&omin,مُؤْمِن,N,أُو@لَٰ^ئِكَ هُمُ ٱلْمُؤْمِنُونَ حَقًّا لَّهُمْ,8:4:1 8:4:2 8:4:3 8:4:4 8:4:5
8,5,10,8:5:10,ٱلْمُؤْمِنِينَ,{lomu&ominiyna,mu&omin,مُؤْمِن,N,فَرِيقًا مِّنَ ٱلْمُؤْمِنِينَ لَكَٰرِهُونَ,8:5:8 8:5:9 8:5:10 8:5:11
8,11,4,8:11:4,أَمَنَةً,>amanapF,>amanap,أَمَنَة,N,يُغَشِّيكُمُ ٱلنُّعَاسَ أَمَنَةً مِّنْهُ وَيُنَزِّلُ,8:11:2 8:11:3 8:11:4 8:11:5 8:11:6
8,12,10,8:12:10,ءَامَنُوا@,'aAmanuwA@,'aAmana,ءَامَنَ,V,فَثَبِّتُوا@ ٱلَّذِينَ ءَامَنُوا@ سَأُلْقِى فِى,8:12:8 8:12:9 8:12:10 8:12:11 8:12:12
8,15,3,8:15:3,ءَامَنُو^ا@,'aAmanuw^A@,'aAmana,ءَامَنَ,V,يَٰ^أَيُّهَا ٱلَّذِينَ ءَامَنُو^ا@ إِذَا لَقِيتُمُ,8:15:1 8:15:2 8:15:3 8:15:4 8:15:5
8,17,14,8:17:14,ٱلْمُؤْمِنِينَ,{lomu&ominiyna,mu&omin,مُؤْمِن,N,رَمَىٰ وَلِيُبْلِىَ ٱلْمُؤْمِنِينَ مِنْهُ بَلَا^ءً,8:17:12 8:17:13 8:17:14 8:17:15 8:17:16
8,19,24,8:19:24,ٱلْمُؤْمِنِينَ,{lomu&ominiyna,mu&omin,مُؤْمِن,N,ٱللَّهَ مَعَ ٱلْمُؤْمِنِينَ,8:19:22 8:19:23 8:19:24
8,20,3,8:20:3,ءَامَنُو^ا@,'aAmanuw^A@,'aAmana,ءَامَنَ,V,يَٰ^أَيُّهَا ٱلَّذِينَ ءَامَنُو^ا@ أَطِيعُوا@ ٱللَّهَ,8:20:1 8:20:2 8:20:3 8:20:4 8:20:5
8,24,3,8:24:3,ءَامَنُوا@,'aAmanuwA@,'aAmana,ءَامَنَ,V,يَٰ^أَيُّهَا ٱلَّذِينَ ءَامَنُوا@ ٱسْتَجِيبُوا@ لِلَّهِ,8:24:1 8:24:2 8:24:3 8:24:4 8:24:5
8,27,3,8:27:3,ءَامَنُوا@,'aAmanuwA@,'aAmana,ءَامَنَ,V,يَٰ^أَيُّهَا ٱلَّذِينَ ءَامَنُوا@ لَا تَخُونُوا@,8:27:1 8:27:2 8:27:3 8:27:4 8:27:5
8,27,9,8:27:9,أَمَٰنَٰتِكُمْ,>ama`na`tikumo,>ama`na`t,أَمَٰنَٰت,N,وَٱلرَّسُولَ وَتَخُونُو^ا@ أَمَٰنَٰتِكُمْ وَأَنتُمْ تَعْلَمُونَ,8:27:7 8:27:8 8:27:9 8:27:10 8:27:11
8,29,3,8:29:3,ءَامَنُو^ا@,'aAmanuw^A@,'aAmana,ءَامَنَ,V,يَٰ^أَيُّهَا ٱلَّذِينَ ءَامَنُو^ا@ إِن تَتَّقُوا@,8:29:1 8:29:2 8:29:3 8:29:4 8:29:5
8,41,18,8:41:18,ءَامَنتُم,'aAmantum,'aAmana,ءَامَنَ,V,إِن كُنتُمْ ءَامَنتُم بِٱللَّهِ وَمَا^,8:41:16 8:41:17 8:41:18 8:41:19 8:41:20
8,45,3,8:45:3,ءَامَنُو^ا@,'aAmanuw^A@,'aAmana,ءَامَنَ,V,يَٰ^أَيُّهَا ٱلَّذِينَ ءَامَنُو^ا@ إِذَا لَقِيتُمْ,8:45:1 8:45:2 8:45:3 8:45:4 8:45:5
8,55,10,8:55:10,يُؤْمِنُونَ,yu&ominuwna,'aAmana,ءَامَنَ,V,فَهُمْ لَا يُؤْمِنُونَ,8:55:8 8:55:9 8:55:10
8,62,12,8:62:12,وَبِٱلْمُؤْمِنِينَ,wabi{lomu&ominiyna,mu&omin,مُؤْمِن,N,أَيَّدَكَ بِنَصْرِهِ. وَبِٱلْمُؤْمِنِينَ,8:62:10 8:62:11 8:62:12
8,64,8,8:64:8,ٱلْمُؤْمِنِينَ,{lomu&ominiyna,mu&omin,مُؤْمِن,N,ٱتَّبَعَكَ مِنَ ٱلْمُؤْمِنِينَ,8:64:6 8:64:7 8:64:8
8,65,4,8:65:4,ٱلْمُؤْمِنِينَ,{lomu&ominiyna,mu&omin,مُؤْمِن,N,ٱلنَّبِىُّ حَرِّضِ ٱلْمُؤْمِنِينَ عَلَى ٱلْقِتَالِ,8:65:2 8:65:3 8:65:4 8:65:5 8:65:6
8,72,3,8:72:3,ءَامَنُوا@,'aAmanuwA@,'aAmana,ءَامَنَ,V,إِنَّ ٱلَّذِينَ ءَامَنُوا@ وَهَاجَرُوا@ وَجَٰهَدُوا@,8:72:1 8:72:2 8:72:3 8:72:4 8:72:5
8,72,19,8:72:19,ءَامَنُوا@,'aAmanuwA@,'aAmana,ءَامَنَ,V,بَعْضٍ وَٱلَّذِينَ ءَامَنُوا@ وَلَمْ يُهَاجِرُوا@,8:72:17 8:72:18 8:72:19 8:72:20 8:72:21
8,74,2,8:74:2,ءَامَنُوا@,'aAmanuwA@,'aAmana,ءَامَنَ,V,وَٱلَّذِينَ ءَامَنُوا@ وَهَاجَرُوا@ وَجَٰهَدُوا@,8:74:1 8:74:2 8:74:3 8:74:4
8,74,13,8:74:13,ٱلْمُؤْمِنُونَ,{lomu&ominuwna,mu&omin,مُؤْمِن,N,أُو@لَٰ^ئِكَ هُمُ ٱلْمُؤْمِنُونَ حَقًّا لَّهُم,8:74:11 8:74:12 8:74:13 8:74:14 8:74:15
8,75,2,8:75:2,ءَامَنُوا@,'aAmanuwA@,'aAmana,ءَامَنَ,V,وَٱلَّذِينَ ءَامَنُوا@ مِن[ بَعْدُ,8:75:1 8:75:2 8:75:3 8:75:4
9,6,13,9:6:13,"مَأْمَنَهُ,","ma>omanahu,",ma>oman,مَأْمَن,N,"ثُمَّ أَبْلِغْهُ مَأْمَنَهُ, ذَٰلِكَ بِأَنَّهُمْ",9:6:11 9:6:12 9:6:13 9:6:14 9:6:15
9,10,4,9:10:4,مُؤْمِنٍ,mu&ominK,mu&omin,مُؤْمِن,N,يَرْقُبُونَ فِى مُؤْمِنٍ إِلًّا وَلَا,9:10:2 9:10:3 9:10:4 9:10:5 9:10:6
9,13,20,9:13:20,مُّؤْمِنِينَ,m~u&ominiyna,mu&omin,مُؤْمِن,N,إِن كُنتُم مُّؤْمِنِينَ,9:13:18 9:13:19 9:13:20
9,14,11,9:14:11,مُّؤْمِنِينَ,m~u&ominiyna,mu&omin,مُؤْمِن,ADJ,صُدُورَ قَوْمٍ مُّؤْمِنِينَ,9:14:9 9:14:10 9:14:11
9,16,19,9:16:19,ٱلْمُؤْمِنِينَ,{lomu&ominiyna,mu&omin,مُؤْمِن,N,رَسُولِهِ. وَلَا ٱلْمُؤْمِنِينَ وَلِيجَةً وَٱللَّهُ,9:16:17 9:16:18 9:16:19 9:16:20 9:16:21
9,18,6,9:18:6,ءَامَنَ,'aAmana,'aAmana,ءَامَنَ,V,ٱللَّهِ مَنْ ءَامَنَ بِٱللَّهِ وَٱلْيَوْمِ,9:18:4 9:18:5 9:18:6 9:18:7 9:18:8
9,19,8,9:19:8,ءَامَنَ,'aAmana,'aAmana,ءَامَنَ,V,ٱلْحَرَامِ كَمَنْ ءَامَنَ بِٱللَّهِ وَٱلْيَوْمِ,9:19:6 9:19:7 9:19:8 9:19:9 9:19:10
9,20,2,9:20:2,ءَامَنُوا@,'aAmanuwA@,'aAmana,ءَامَنَ,V,ٱلَّذِينَ ءَامَنُوا@ وَهَاجَرُوا@ وَجَٰهَدُوا@,9:20:1 9:20:2 9:20:3 9:20:4
9,23,3,9:23:3,ءَامَنُوا@,'aAmanuwA@,'aAmana,ءَامَنَ,V,يَٰ^أَيُّهَا ٱلَّذِينَ ءَامَنُوا@ لَا تَتَّخِذُو^ا@,9:23:1 9:23:2 9:23:3 9:23:4 9:23:5
9,23,13,9:23:13,ٱلْإِيمَٰنِ,{lo<iyma`ni,<iyma`n,إِيمَٰن,N,ٱلْكُفْرَ عَلَى ٱلْإِيمَٰنِ وَمَن يَتَوَلَّهُم,9:23:11 9:23:12 9:23:13 9:23:14 9:23:15
9,26,8,9:26:8,ٱلْمُؤْمِنِينَ,{lomu&ominiyna,mu&omin,مُؤْمِن,N,رَسُولِهِ. وَعَلَى ٱلْمُؤْمِنِينَ وَأَنزَلَ جُنُودًا,9:26:6 9:26:7 9:26:8 9:26:9 9:26:10
9,28,3,9:28:3,ءَامَنُو^ا@,'aAmanuw^A@,'aAmana,ءَامَنَ,V,يَٰ^أَيُّهَا ٱلَّذِينَ ءَامَنُو^ا@ إِنَّمَا ٱلْمُشْرِكُونَ,9:28:1 9:28:2 9:28:3 9:28:4 9:28:5
9,29,4,9:29:4,يُؤْمِنُونَ,yu&ominuwna,'aAmana,ءَامَنَ,V,ٱلَّذِينَ لَا يُؤْمِنُونَ بِٱللَّهِ وَلَا,9:29:2 9:29:3 9:29:4 9:29:5 9:29:6
9,34,3,9:34:3,ءَامَنُو^ا@,'aAmanuw^A@,'aAmana,ءَامَنَ,V,يَٰ^أَيُّهَا ٱلَّذِينَ ءَامَنُو^ا@ إِنَّ كَثِيرًا,9:34:1 9:34:2 9:34:3 9:34:4 9:34:5
9,38,3,9:38:3,ءَامَنُوا@,'aAmanuwA@,'aAmana,ءَامَنَ,V,يَٰ^أَيُّهَا ٱلَّذِينَ ءَامَنُوا@ مَا لَكُمْ,9:38:1 9:38:2 9:38:3 9:38:4 9:38:5
9,44,4,9:44:4,يُؤْمِنُونَ,yu&ominuwna,'aAmana,ءَامَنَ,V,يَسْتَـ#ْذِنُكَ ٱلَّذِينَ يُؤْمِنُونَ بِٱللَّهِ وَٱلْيَوْمِ,9:44:2 9:44:3 9:44:4 9:44:5 9:44:6
9,45,5,9:45:5,يُؤْمِنُونَ,yu&ominuwna,'aAmana,ءَامَنَ,V,ٱلَّذِينَ لَا يُؤْمِنُونَ بِٱللَّهِ وَٱلْيَوْمِ,9:45:3 9:45:4 9:45:5 9:45:6 9:45:7
9,51,14,9:51:14,ٱلْمُؤْمِنُونَ,{lomu&ominuwna,mu&omin,مُؤْمِن,N,ٱللَّهِ فَلْيَتَوَكَّلِ ٱلْمُؤْمِنُونَ,9:51:12 9:51:13 9:51:14
9,61,12,9:61:12,يُؤْمِنُ,yu&ominu,'aAmana,ءَامَنَ,V,خَيْرٍ لَّكُمْ يُؤْمِنُ بِٱللَّهِ وَيُؤْمِنُ,9:61:10 9:61:11 9:61:12 9:61:13 9:61:14
9,61,14,9:61:14,وَيُؤْمِنُ,wayu&ominu,'aAmana,ءَامَنَ,V,يُؤْمِنُ بِٱللَّهِ وَيُؤْمِنُ لِلْمُؤْمِنِينَ وَرَحْمَةٌ,9:61:12 9:61:13 9:61:14 9:61:15 9:61:16
9,61,15,9:61:15,لِلْمُؤْمِنِينَ,lilomu&ominiyna,mu&omin,مُؤْمِن,N,بِٱللَّهِ وَيُؤْمِنُ لِلْمُؤْمِنِينَ وَرَحْمَةٌ لِّلَّذِينَ,9:61:13 9:61:14 9:61:15 9:61:16 9:61:17
9,61,18,9:61:18,ءَامَنُوا@,'aAmanuwA@,'aAmana,ءَامَنَ,V,وَرَحْمَةٌ لِّلَّذِينَ ءَامَنُوا@ مِنكُمْ وَٱلَّذِينَ,9:61:16 9:61:17 9:61:18 9:61:19 9:61:20
9,62,12,9:62:12,مُؤْمِنِينَ,mu&ominiyna,mu&omin,مُؤْمِن,N,إِن كَانُوا@ مُؤْمِنِينَ,9:62:10 9:62:11 9:62:12
9,66,6,9:66:6,إِيمَٰنِكُمْ,<iyma`nikumo,<iyma`n,إِيمَٰن,N,كَفَرْتُم بَعْدَ إِيمَٰنِكُمْ إِن نَّعْفُ,9:66:4 9:66:5 9:66:6 9:66:7 9:66:8
9,71,1,9:71:1,وَٱلْمُؤْمِنُونَ,wa{lomu&ominuwna,mu&omin,مُؤْمِن,N,وَٱلْمُؤْمِنُونَ وَٱلْمُؤْمِنَٰتُ بَعْضُهُمْ,9:71:1 9:71:2 9:71:3
9,71,2,9:71:2,وَٱلْمُؤْمِنَٰتُ,wa{lomu&omina`tu,m~u&omina`t,مُّؤْمِنَٰت,N,وَٱلْمُؤْمِنُونَ وَٱلْمُؤْمِنَٰتُ بَعْضُهُمْ أَوْلِيَا^ءُ,9:71:1 9:71:2 9:71:3 9:71:4
9,72,3,9:72:3,ٱلْمُؤْمِنِينَ,{lomu&ominiyna,mu&omin,مُؤْمِن,N,وَعَدَ ٱللَّهُ ٱلْمُؤْمِنِينَ وَٱلْمُؤْمِنَٰتِ جَنَّٰتٍ,9:72:1 9:72:2 9:72:3 9:72:4 9:72:5
9,72,4,9:72:4,وَٱلْمُؤْمِنَٰتِ,wa{lomu&omina`ti,m~u&omina`t,مُّؤْمِنَٰت,N,ٱللَّهُ ٱلْمُؤْمِنِينَ وَٱلْمُؤْمِنَٰتِ جَنَّٰتٍ تَجْرِى,9:72:2 9:72:3 9:72:4 9:72:5 9:72:6
9,79,5,9:79:5,ٱلْمُؤْمِنِينَ,{lomu&ominiyna,mu&omin,مُؤْمِن,N,ٱلْمُطَّوِّعِينَ مِنَ ٱلْمُؤْمِنِينَ فِى ٱلصَّدَقَٰتِ,9:79:3 9:79:4 9:79:5 9:79:6 9:79:7
9,86,5,9:86:5,ءَامِنُوا@,'aAminuwA@,'aAmana,ءَامَنَ,V,سُورَةٌ أَنْ ءَامِنُوا@ بِٱللَّهِ وَجَٰهِدُوا@,9:86:3 9:86:4 9:86:5 9:86:6 9:86:7
9,88,4,9:88:4,ءَامَنُوا@,'aAmanuwA@,'aAmana,ءَامَنَ,V,"ٱلرَّسُولُ وَٱلَّذِينَ ءَامَنُوا@ مَعَهُ, جَٰهَدُوا@",9:88:2 9:88:3 9:88:4 9:88:5 9:88:6
9,94,10,9:94:10,نُّؤْمِنَ,n~u&omina,'aAmana,ءَامَنَ,V,تَعْتَذِرُوا@ لَن نُّؤْمِنَ لَكُمْ قَدْ,9:94:8 9:94:9 9:94:10 9:94:11 9:94:12
9,99,4,9:99:4,يُؤْمِنُ,yu&ominu,'aAmana,ءَامَنَ,V,ٱلْأَعْرَابِ مَن يُؤْمِنُ بِٱللَّهِ وَٱلْيَوْمِ,9:99:2 9:99:3 9:99:4 9:99:5 9:99:6
9,105,7,9:105:7,وَٱلْمُؤْمِنُونَ,wa{lomu&ominuwna,mu&omin,مُؤْمِن,N,"عَمَلَكُمْ وَرَسُولُهُ, وَٱلْمُؤْمِنُونَ وَسَتُرَدُّونَ إِلَىٰ",9:105:5 9:105:6 9:105:7 9:105:8 9:105:9
9,107,8,9:107:8,ٱلْمُؤْمِنِينَ,{lomu&ominiyna,mu&omin,مُؤْمِن,N,وَتَفْرِيقً[ا بَيْنَ ٱلْمُؤْمِنِينَ وَإِرْصَادًا لِّمَنْ,9:107:6 9:107:7 9:107:8 9:107:9 9:107:10
9,111,5,9:111:5,ٱلْمُؤْمِنِينَ,{lomu&ominiyna,mu&omin,مُؤْمِن,N,ٱشْتَرَىٰ مِنَ ٱلْمُؤْمِنِينَ أَنفُسَهُمْ وَأَمْوَٰلَهُم,9:111:3 9:111:4 9:111:5 9:111:6 9:111:7
9,112,16,9:112:16,ٱلْمُؤْمِنِينَ,{lomu&ominiyna,mu&omin,مُؤْمِن,N,ٱللَّهِ وَبَشِّرِ ٱلْمُؤْمِنِينَ,9:112:14 9:112:15 9:112:16
9,113,5,9:113:5,ءَامَنُو^ا@,'aAmanuw^A@,'aAmana,ءَامَنَ,V,لِلنَّبِىِّ وَٱلَّذِينَ ءَامَنُو^ا@ أَن يَسْتَغْفِرُوا@,9:113:3 9:113:4 9:113:5 9:113:6 9:113:7
9,119,3,9:119:3,ءَامَنُوا@,'aAmanuwA@,'aAmana,ءَامَنَ,V,يَٰ^أَيُّهَا ٱلَّذِينَ ءَامَنُوا@ ٱتَّقُوا@ ٱللَّهَ,9:119:1 9:119:2 9:119:3 9:119:4 9:119:5
9,122,3,9:122:3,ٱلْمُؤْمِنُونَ,{lomu&ominuwna,mu&omin,مُؤْمِن,N,وَمَا كَانَ ٱلْمُؤْمِنُونَ لِيَنفِرُوا@ كَا^فَّةً,9:122:1 9:122:2 9:122:3 9:122:4 9:122:5
9,123,3,9:123:3,ءَامَنُوا@,'aAmanuwA@,'aAmana,ءَامَنَ,V,يَٰ^أَيُّهَا ٱلَّذِينَ ءَامَنُوا@ قَٰتِلُوا@ ٱلَّذِينَ,9:123:1 9:123:2 9:123:3 9:123:4 9:123:5
9,124,11,9:124:11,إِيمَٰنًا,<iyma`nFA,<iyma`n,إِيمَٰن,N,زَادَتْهُ هَٰذِهِ.^ إِيمَٰنًا فَأَمَّا ٱلَّذِينَ,9:124:9 9:124:10 9:124:11 9:124:12 9:124:13
9,124,14,9:124:14,ءَامَنُوا@,'aAmanuwA@,'aAmana,ءَامَنَ,V,فَأَمَّا ٱلَّذِينَ ءَامَنُوا@ فَزَادَتْهُمْ إِيمَٰنًا,9:124:12 9:124:13 9:124:14 9:124:15 9:124:16
9,124,16,9:124:16,إِيمَٰنًا,<iyma`nFA,<iyma`n,إِيمَٰن,N,ءَامَنُوا@ فَزَادَتْهُمْ إِيمَٰنًا وَهُمْ يَسْتَبْشِرُونَ,9:124:14 9:124:15 9:124:16 9:124:17 9:124:18
9,128,12,9:128:12,بِٱلْمُؤْمِنِينَ,bi{lomu&ominiyna,mu&omin,مُؤْمِن,N,حَرِيصٌ عَلَيْكُم بِٱلْمُؤْمِنِينَ رَءُوفٌ رَّحِيمٌ,9:128:10 9:128:11 9:128:12 9:128:13 9:128:14
10,2,14,10:2:14,ءَامَنُو^ا@,'aAmanuw^A@,'aAmana,ءَامَنَ,V,وَبَشِّرِ ٱلَّذِينَ ءَامَنُو^ا@ أَنَّ لَهُمْ,10:2:12 10:2:13 10:2:14 10:2:15 10:2:16
10,4,14,10:4:14,ءَامَنُوا@,'aAmanuwA@,'aAmana,ءَامَنَ,V,لِيَجْزِىَ ٱلَّذِينَ ءَامَنُوا@ وَعَمِلُوا@ ٱلصَّٰلِحَٰتِ,10:4:12 10:4:13 10:4:14 10:4:15 10:4:16
10,9,3,10:9:3,ءَامَنُوا@,'aAmanuwA@,'aAmana,ءَامَنَ,V,إِنَّ ٱلَّذِينَ ءَامَنُوا@ وَعَمِلُوا@ ٱلصَّٰلِحَٰتِ,10:9:1 10:9:2 10:9:3 10:9:4 10:9:5
10,9,8,10:9:8,بِإِيمَٰنِهِمْ,bi<iyma`nihimo,<iyma`n,إِيمَٰن,N,يَهْدِيهِمْ رَبُّهُم بِإِيمَٰنِهِمْ تَجْرِى مِن,10:9:6 10:9:7 10:9:8 10:9:9 10:9:10
10,13,13,10:13:13,لِيُؤْمِنُوا@,liyu&ominuwA@,'aAmana,ءَامَنَ,V,وَمَا كَانُوا@ لِيُؤْمِنُوا@ كَذَٰلِكَ نَجْزِى,10:13:11 10:13:12 10:13:13 10:13:14 10:13:15
10,33,10,10:33:10,يُؤْمِنُونَ,yu&ominuwna,'aAmana,ءَامَنَ,V,أَنَّهُمْ لَا يُؤْمِنُونَ,10:33:8 10:33:9 10:33:10
10,40,3,10:40:3,يُؤْمِنُ,yu&ominu,'aAmana,ءَامَنَ,V,وَمِنْهُم مَّن يُؤْمِنُ بِهِ. وَمِنْهُم,10:40:1 10:40:2 10:40:3 10:40:4 10:40:5
10,40,8,10:40:8,يُؤْمِنُ,yu&ominu,'aAmana,ءَامَنَ,V,مَّن لَّا يُؤْمِنُ بِهِ. وَرَبُّكَ,10:40:6 10:40:7 10:40:8 10:40:9 10:40:10
10,51,5,10:51:5,ءَامَنتُم,'aAmantum,'aAmana,ءَامَنَ,V,مَا وَقَعَ ءَامَنتُم بِهِ.^ ءَا^لْـ#َٰنَ,10:51:3 10:51:4 10:51:5 10:51:6 10:51:7
10,57,14,10:57:14,لِّلْمُؤْمِنِينَ,l~ilomu&ominiyna,mu&omin,مُؤْمِن,N,وَهُدًى وَرَحْمَةٌ لِّلْمُؤْمِنِينَ,10:57:12 10:57:13 10:57:14
10,63,2,10:63:2,ءَامَنُوا@,'aAmanuwA@,'aAmana,ءَامَنَ,V,ٱلَّذِينَ ءَامَنُوا@ وَكَانُوا@ يَتَّقُونَ,10:63:1 10:63:2 10:63:3 10:63:4
10,74,12,10:74:12,لِيُؤْمِنُوا@,liyu&ominuwA@,'aAmana,ءَامَنَ,V,فَمَا كَانُوا@ لِيُؤْمِنُوا@ بِمَا كَذَّبُوا@,10:74:10 10:74:11 10:74:12 10:74:13 10:74:14
10,78,16,10:78:16,بِمُؤْمِنِينَ,bimu&ominiyna,mu&omin,مُؤْمِن,N,نَحْنُ لَكُمَا بِمُؤْمِنِينَ,10:78:14 10:78:15 10:78:16
10,83,2,10:83:2,ءَامَنَ,'aAmana,'aAmana,ءَامَنَ,V,فَمَا^ ءَامَنَ لِمُوسَىٰ^ إِلَّا,10:83:1 10:83:2 10:83:3 10:83:4
10,84,6,10:84:6,ءَامَنتُم,'aAmantum,'aAmana,ءَامَنَ,V,إِن كُنتُمْ ءَامَنتُم بِٱللَّهِ فَعَلَيْهِ,10:84:4 10:84:5 10:84:6 10:84:7 10:84:8
10,87,16,10:87:16,ٱلْمُؤْمِنِينَ,{lomu&ominiyna,mu&omin,مُؤْمِن,N,ٱلصَّلَوٰةَ وَبَشِّرِ ٱلْمُؤْمِنِينَ,10:87:14 10:87:15 10:87:16
10,88,25,10:88:25,يُؤْمِنُوا@,yu&ominuwA@,'aAmana,ءَامَنَ,V,قُلُوبِهِمْ فَلَا يُؤْمِنُوا@ حَتَّىٰ يَرَوُا@,10:88:23 10:88:24 10:88:25 10:88:26 10:88:27
10,90,15,10:90:15,ءَامَنتُ,'aAmantu,'aAmana,ءَامَنَ,V,"ٱلْغَرَقُ قَالَ ءَامَنتُ أَنَّهُ, لَا^",10:90:13 10:90:14 10:90:15 10:90:16 10:90:17
10,90,21,10:90:21,ءَامَنَتْ,'aAmanato,'aAmana,ءَامَنَ,V,إِلَّا ٱلَّذِى^ ءَامَنَتْ بِهِ. بَنُو^ا@,10:90:19 10:90:20 10:90:21 10:90:22 10:90:23
10,96,8,10:96:8,يُؤْمِنُونَ,yu&ominuwna,'aAmana,ءَامَنَ,V,رَبِّكَ لَا يُؤْمِنُونَ,10:96:6 10:96:7 10:96:8
10,98,4,10:98:4,ءَامَنَتْ,'aAmanato,'aAmana,ءَامَنَ,V,كَانَتْ قَرْيَةٌ ءَامَنَتْ فَنَفَعَهَا^ إِيمَٰنُهَا^,10:98:2 10:98:3 10:98:4 10:98:5 10:98:6
10,98,6,10:98:6,إِيمَٰنُهَا^,<iyma`nuhaA^,<iyma`n,إِيمَٰن,N,ءَامَنَتْ فَنَفَعَهَا^ إِيمَٰنُهَا^ إِلَّا قَوْمَ,10:98:4 10:98:5 10:98:6 10:98:7 10:98:8
10,98,11,10:98:11,ءَامَنُوا@,'aAmanuwA@,'aAmana,ءَامَنَ,V,يُونُسَ لَمَّا^ ءَامَنُوا@ كَشَفْنَا عَنْهُمْ,10:98:9 10:98:10 10:98:11 10:98:12 10:98:13
10,99,4,10:99:4,لَءَامَنَ,la'aAmana,'aAmana,ءَامَنَ,V,شَا^ءَ رَبُّكَ لَءَامَنَ مَن فِى,10:99:2 10:99:3 10:99:4 10:99:5 10:99:6
10,99,15,10:99:15,مُؤْمِنِينَ,mu&ominiyna,mu&omin,مُؤْمِن,N,حَتَّىٰ يَكُونُوا@ مُؤْمِنِينَ,10:99:13 10:99:14 10:99:15
10,100,5,10:100:5,تُؤْمِنَ,tu&omina,'aAmana,ءَامَنَ,V,لِنَفْسٍ أَن تُؤْمِنَ إِلَّا بِإِذْنِ,10:100:3 10:100:4 10:100:5 10:100:6 10:100:7
10,101,14,10:101:14,يُؤْمِنُونَ,yu&ominuwna,'aAmana,ءَامَنَ,V,قَوْمٍ لَّا يُؤْمِنُونَ,10:101:12 10:101:13 10:101:14
10,103,5,10:103:5,ءَامَنُوا@,'aAmanuwA@,'aAmana,ءَامَنَ,V,رُسُلَنَا وَٱلَّذِينَ ءَامَنُوا@ كَذَٰلِكَ حَقًّا,10:103:3 10:103:4 10:103:5 10:103:6 10:103:7
10,103,10,10:103:10,ٱلْمُؤْمِنِينَ,{lomu&ominiyna,mu&omin,مُؤْمِن,N,عَلَيْنَا نُنجِ ٱلْمُؤْمِنِينَ,10:103:8 10:103:9 10:103:10
10,104,26,10:104:26,ٱلْمُؤْمِنِينَ,{lomu&ominiyna,mu&omin,مُؤْمِن,N,أَكُونَ مِنَ ٱلْمُؤْمِنِينَ,10:104:24 10:104:25 10:104:26
11,17,17,11:17:17,يُؤْمِنُونَ,yu&ominuwna,'aAmana,ءَامَنَ,V,وَرَحْمَةً أُو@لَٰ^ئِكَ يُؤْمِنُونَ بِهِ. وَمَن,11:17:15 11:17:16 11:17:17 11:17:18 11:17:19
11,17,39,11:17:39,يُؤْمِنُونَ,yu&ominuwna,'aAmana,ءَامَنَ,V,ٱلنَّاسِ لَا يُؤْمِنُونَ,11:17:37 11:17:38 11:17:39
11,23,3,11:23:3,ءَامَنُوا@,'aAmanuwA@,'aAmana,ءَامَنَ,V,إِنَّ ٱلَّذِينَ ءَامَنُوا@ وَعَمِلُوا@ ٱلصَّٰلِحَٰتِ,11:23:1 11:23:2 11:23:3 11:23:4 11:23:5
11,29,15,11:29:15,ءَامَنُو^ا@,'aAmanuw^A@,'aAmana,ءَامَنَ,V,بِطَارِدِ ٱلَّذِينَ ءَامَنُو^ا@ إِنَّهُم مُّلَٰقُوا@,11:29:13 11:29:14 11:29:15 11:29:16 11:29:17
11,36,6,11:36:6,يُؤْمِنَ,yu&omina,'aAmana,ءَامَنَ,V,"أَنَّهُ, لَن يُؤْمِنَ مِن قَوْمِكَ",11:36:4 11:36:5 11:36:6 11:36:7 11:36:8
11,36,12,11:36:12,ءَامَنَ,'aAmana,'aAmana,ءَامَنَ,V,مَن قَدْ ءَامَنَ فَلَا تَبْتَئِسْ,11:36:10 11:36:11 11:36:12 11:36:13 11:36:14
11,40,21,11:40:21,ءَامَنَ,'aAmana,'aAmana,ءَامَنَ,V,ٱلْقَوْلُ وَمَنْ ءَامَنَ وَمَا^ ءَامَنَ,11:40:19 11:40:20 11:40:21 11:40:22 11:40:23
11,40,23,11:40:23,ءَامَنَ,'aAmana,'aAmana,ءَامَنَ,V,"ءَامَنَ وَمَا^ ءَامَنَ مَعَهُ,^ إِلَّا",11:40:21 11:40:22 11:40:23 11:40:24 11:40:25
11,53,15,11:53:15,بِمُؤْمِنِينَ,bimu&ominiyna,mu&omin,مُؤْمِن,N,نَحْنُ لَكَ بِمُؤْمِنِينَ,11:53:13 11:53:14 11:53:15
11,58,7,11:58:7,ءَامَنُوا@,'aAmanuwA@,'aAmana,ءَامَنَ,V,"هُودًا وَٱلَّذِينَ ءَامَنُوا@ مَعَهُ, بِرَحْمَةٍ",11:58:5 11:58:6 11:58:7 11:58:8 11:58:9
11,66,7,11:66:7,ءَامَنُوا@,'aAmanuwA@,'aAmana,ءَامَنَ,V,"صَٰلِحًا وَٱلَّذِينَ ءَامَنُوا@ مَعَهُ, بِرَحْمَةٍ",11:66:5 11:66:6 11:66:7 11:66:8 11:66:9
11,86,7,11:86:7,مُّؤْمِنِينَ,m~u&ominiyna,mu&omin,مُؤْمِن,N,"إِن كُنتُم مُّؤْمِنِينَ وَمَا^ أَنَا""",11:86:5 11:86:6 11:86:7 11:86:8 11:86:9
11,94,7,11:94:7,ءَامَنُوا@,'aAmanuwA@,'aAmana,ءَامَنَ,V,"شُعَيْبًا وَٱلَّذِينَ ءَامَنُوا@ مَعَهُ, بِرَحْمَةٍ",11:94:5 11:94:6 11:94:7 11:94:8 11:94:9
11,120,17,11:120:17,لِلْمُؤْمِنِينَ,lilomu&ominiyna,mu&omin,مُؤْمِن,N,وَمَوْعِظَةٌ وَذِكْرَىٰ لِلْمُؤْمِنِينَ,11:120:15 11:120:16 11:120:17
11,121,4,11:121:4,يُؤْمِنُونَ,yu&ominuwna,'aAmana,ءَامَنَ,V,لِّلَّذِينَ لَا يُؤْمِنُونَ ٱعْمَلُوا@ عَلَىٰ,11:121:2 11:121:3 11:121:4 11:121:5 11:121:6
12,11,6,12:11:6,تَأْمَ+نَّا,ta>oma+n~aA,>amina,أَمِنَ,V,لَكَ لَا تَأْمَ+نَّا عَلَىٰ يُوسُفَ,12:11:4 12:11:5 12:11:6 12:11:7 12:11:8
12,17,14,12:17:14,بِمُؤْمِنٍ,bimu&ominK,mu&omin,مُؤْمِن,N,وَمَا^ أَنتَ بِمُؤْمِنٍ لَّنَا وَلَوْ,12:17:12 12:17:13 12:17:14 12:17:15 12:17:16
12,37,21,12:37:21,يُؤْمِنُونَ,yu&ominuwna,'aAmana,ءَامَنَ,V,قَوْمٍ لَّا يُؤْمِنُونَ بِٱللَّهِ وَهُم,12:37:19 12:37:20 12:37:21 12:37:22 12:37:23
12,54,14,12:54:14,أَمِينٌ,>amiynN,>amiyn,أَمِين,ADJ,لَدَيْنَا مَكِينٌ أَمِينٌ,12:54:12 12:54:13 12:54:14
12,57,5,12:57:5,ءَامَنُوا@,'aAmanuwA@,'aAmana,ءَامَنَ,V,خَيْرٌ لِّلَّذِينَ ءَامَنُوا@ وَكَانُوا@ يَتَّقُونَ,12:57:3 12:57:4 12:57:5 12:57:6 12:57:7
12,64,3,12:64:3,ءَامَنُكُمْ,'aAmanukumo,>amina,أَمِنَ,V,قَالَ هَلْ ءَامَنُكُمْ عَلَيْهِ إِلَّا,12:64:1 12:64:2 12:64:3 12:64:4 12:64:5
12,64,7,12:64:7,أَمِنتُكُمْ,>amintukumo,>amina,أَمِنَ,V,إِلَّا كَمَا^ أَمِنتُكُمْ عَلَىٰ^ أَخِيهِ,12:64:5 12:64:6 12:64:7 12:64:8 12:64:9
12,99,14,12:99:14,ءَامِنِينَ,'aAminiyna,'aAminiyn,ءَامِنِين,N,شَا^ءَ ٱللَّهُ ءَامِنِينَ,12:99:12 12:99:13 12:99:14
12,103,6,12:103:6,بِمُؤْمِنِينَ,bimu&ominiyna,mu&omin,مُؤْمِن,N,وَلَوْ حَرَصْتَ بِمُؤْمِنِينَ,12:103:4 12:103:5 12:103:6
12,106,2,12:106:2,يُؤْمِنُ,yu&ominu,'aAmana,ءَامَنَ,V,وَمَا يُؤْمِنُ أَكْثَرُهُم بِٱللَّهِ,12:106:1 12:106:2 12:106:3 12:106:4
12,107,1,12:107:1,أَفَأَمِنُو^ا@,>afa>aminuw^A@,>amina,أَمِنَ,V,أَفَأَمِنُو^ا@ أَن تَأْتِيَهُمْ,12:107:1 12:107:2 12:107:3
12,111,23,12:111:23,يُؤْمِنُونَ,yu&ominuwna,'aAmana,ءَامَنَ,V,وَرَحْمَةً لِّقَوْمٍ يُؤْمِنُونَ,12:111:21 12:111:22 12:111:23
13,1,15,13:1:15,يُؤْمِنُونَ,yu&ominuwna,'aAmana,ءَامَنَ,V,ٱلنَّاسِ لَا يُؤْمِنُونَ,13:1:13 13:1:14 13:1:15
13,28,2,13:28:2,ءَامَنُوا@,'aAmanuwA@,'aAmana,ءَامَنَ,V,ٱلَّذِينَ ءَامَنُوا@ وَتَطْمَئِنُّ قُلُوبُهُم,13:28:1 13:28:2 13:28:3 13:28:4
13,29,2,13:29:2,ءَامَنُوا@,'aAmanuwA@,'aAmana,ءَامَنَ,V,ٱلَّذِينَ ءَامَنُوا@ وَعَمِلُوا@ ٱلصَّٰلِحَٰتِ,13:29:1 13:29:2 13:29:3 13:29:4
13,31,22,13:31:22,ءَامَنُو^ا@,'aAmanuw^A@,'aAmana,ءَامَنَ,V,يَا@يْـ#َسِ ٱلَّذِينَ ءَامَنُو^ا@ أَن لَّوْ,13:31:20 13:31:21 13:31:22 13:31:23 13:31:24
14,11,29,14:11:29,ٱلْمُؤْمِنُونَ,{lomu&ominuwna,mu&omin,مُؤْمِن,N,ٱللَّهِ فَلْيَتَوَكَّلِ ٱلْمُؤْمِنُونَ,14:11:27 14:11:28 14:11:29
14,23,3,14:23:3,ءَامَنُوا@,'aAmanuwA@,'aAmana,ءَامَنَ,V,وَأُدْخِلَ ٱلَّذِينَ ءَامَنُوا@ وَعَمِلُوا@ ٱلصَّٰلِحَٰتِ,14:23:1 14:23:2 14:23:3 14:23:4 14:23:5
14,27,4,14:27:4,ءَامَنُوا@,'aAmanuwA@,'aAmana,ءَامَنَ,V,ٱللَّهُ ٱلَّذِينَ ءَامَنُوا@ بِٱلْقَوْلِ ٱلثَّابِتِ,14:27:2 14:27:3 14:27:4 14:27:5 14:27:6
14,31,4,14:31:4,ءَامَنُوا@,'aAmanuwA@,'aAmana,ءَامَنَ,V,لِّعِبَادِىَ ٱلَّذِينَ ءَامَنُوا@ يُقِيمُوا@ ٱلصَّلَوٰةَ,14:31:2 14:31:3 14:31:4 14:31:5 14:31:6
14,35,8,14:35:8,ءَامِنًا,'aAminFA,'aAmin,ءَامِن,N,هَٰذَا ٱلْبَلَدَ ءَامِنًا وَٱجْنُبْنِى وَبَنِىَّ,14:35:6 14:35:7 14:35:8 14:35:9 14:35:10
14,41,5,14:41:5,وَلِلْمُؤْمِنِينَ,walilomu&ominiyna,mu&omin,مُؤْمِن,N,لِى وَلِوَٰلِدَىَّ وَلِلْمُؤْمِنِينَ يَوْمَ يَقُومُ,14:41:3 14:41:4 14:41:5 14:41:6 14:41:7
15,13,2,15:13:2,يُؤْمِنُونَ,yu&ominuwna,'aAmana,ءَامَنَ,V,لَا يُؤْمِنُونَ بِهِ. وَقَدْ,15:13:1 15:13:2 15:13:3 15:13:4
15,46,3,15:46:3,ءَامِنِينَ,'aAminiyna,'aAminiyn,ءَامِنِين,N,ٱدْخُلُوهَا بِسَلَٰمٍ ءَامِنِينَ,15:46:1 15:46:2 15:46:3
15,77,5,15:77:5,لِّلْمُؤْمِنِينَ,l~ilomu&ominiyna,mu&omin,مُؤْمِن,N,ذَٰلِكَ لَءَايَةً لِّلْمُؤْمِنِينَ,15:77:3 15:77:4 15:77:5
15,82,6,15:82:6,ءَامِنِينَ,'aAminiyna,'aAminiyn,ءَامِنِين,N,ٱلْجِبَالِ بُيُوتًا ءَامِنِينَ,15:82:4 15:82:5 15:82:6
15,88,15,15:88:15,لِلْمُؤْمِنِينَ,lilomu&ominiyna,mu&omin,مُؤْمِن,N,وَٱخْفِضْ جَنَاحَكَ لِلْمُؤْمِنِينَ,15:88:13 15:88:14 15:88:15
16,22,6,16:22:6,يُؤْمِنُونَ,yu&ominuwna,'aAmana,ءَامَنَ,V,فَٱلَّذِينَ لَا يُؤْمِنُونَ بِٱلْءَاخِرَةِ قُلُوبُهُم,16:22:4 16:22:5 16:22:6 16:22:7 16:22:8
16,45,1,16:45:1,أَفَأَمِنَ,>afa>amina,>amina,أَمِنَ,V,أَفَأَمِنَ ٱلَّذِينَ مَكَرُوا@,16:45:1 16:45:2 16:45:3
16,60,3,16:60:3,يُؤْمِنُونَ,yu&ominuwna,'aAmana,ءَامَنَ,V,لِلَّذِينَ لَا يُؤْمِنُونَ بِٱلْءَاخِرَةِ مَثَلُ,16:60:1 16:60:2 16:60:3 16:60:4 16:60:5
16,64,14,16:64:14,يُؤْمِنُونَ,yu&ominuwna,'aAmana,ءَامَنَ,V,وَرَحْمَةً لِّقَوْمٍ يُؤْمِنُونَ,16:64:12 16:64:13 16:64:14
16,72,17,16:72:17,يُؤْمِنُونَ,yu&ominuwna,'aAmana,ءَامَنَ,V,ٱلطَّيِّبَٰتِ أَفَبِٱلْبَٰطِلِ يُؤْمِنُونَ وَبِنِعْمَتِ ٱللَّهِ,16:72:15 16:72:16 16:72:17 16:72:18 16:72:19
16,79,18,16:79:18,يُؤْمِنُونَ,yu&ominuwna,'aAmana,ءَامَنَ,V,لَءَايَٰتٍ لِّقَوْمٍ يُؤْمِنُونَ,16:79:16 16:79:17 16:79:18
16,97,9,16:97:9,مُؤْمِنٌ,mu&ominN,mu&omin,مُؤْمِن,N,"أُنثَىٰ وَهُوَ مُؤْمِنٌ فَلَنُحْيِيَنَّهُ, حَيَوٰةً",16:97:7 16:97:8 16:97:9 16:97:10 16:97:11
16,99,7,16:99:7,ءَامَنُوا@,'aAmanuwA@,'aAmana,ءَامَنَ,V,عَلَى ٱلَّذِينَ ءَامَنُوا@ وَعَلَىٰ رَبِّهِمْ,16:99:5 16:99:6 16:99:7 16:99:8 16:99:9
16,102,10,16:102:10,ءَامَنُوا@,'aAmanuwA@,'aAmana,ءَامَنَ,V,لِيُثَبِّتَ ٱلَّذِينَ ءَامَنُوا@ وَهُدًى وَبُشْرَىٰ,16:102:8 16:102:9 16:102:10 16:102:11 16:102:12
16,104,4,16:104:4,يُؤْمِنُونَ,yu&ominuwna,'aAmana,ءَامَنَ,V,ٱلَّذِينَ لَا يُؤْمِنُونَ بِـ#َايَٰتِ ٱللَّهِ,16:104:2 16:104:3 16:104:4 16:104:5 16:104:6
16,105,6,16:105:6,يُؤْمِنُونَ,yu&ominuwna,'aAmana,ءَامَنَ,V,ٱلَّذِينَ لَا يُؤْمِنُونَ بِـ#َايَٰتِ ٱللَّهِ,16:105:4 16:105:5 16:105:6 16:105:7 16:105:8
16,106,6,16:106:6,إِيمَٰنِهِ.^,<iyma`nihi.^,<iyma`n,إِيمَٰن,N,مِن[ بَعْدِ إِيمَٰنِهِ.^ إِلَّا مَنْ,16:106:4 16:106:5 16:106:6 16:106:7 16:106:8
16,106,12,16:106:12,بِٱلْإِيمَٰنِ,bi{lo<iyma`ni,<iyma`n,إِيمَٰن,N,"وَقَلْبُهُ, مُطْمَئِنٌّ[ بِٱلْإِيمَٰنِ وَلَٰكِن مَّن",16:106:10 16:106:11 16:106:12 16:106:13 16:106:14
16,112,6,16:112:6,ءَامِنَةً,'aAminapF,'aAminap,ءَامِنَة,N,قَرْيَةً كَانَتْ ءَامِنَةً مُّطْمَئِنَّةً يَأْتِيهَا,16:112:4 16:112:5 16:112:6 16:112:7 16:112:8
17,9,9,17:9:9,ٱلْمُؤْمِنِينَ,{lomu&ominiyna,mu&omin,مُؤْمِن,N,أَقْوَمُ وَيُبَشِّرُ ٱلْمُؤْمِنِينَ ٱلَّذِينَ يَعْمَلُونَ,17:9:7 17:9:8 17:9:9 17:9:10 17:9:11
17,10,4,17:10:4,يُؤْمِنُونَ,yu&ominuwna,'aAmana,ءَامَنَ,V,ٱلَّذِينَ لَا يُؤْمِنُونَ بِٱلْءَاخِرَةِ أَعْتَدْنَا,17:10:2 17:10:3 17:10:4 17:10:5 17:10:6
17,19,8,17:19:8,مُؤْمِنٌ,mu&ominN,mu&omin,مُؤْمِن,N,سَعْيَهَا وَهُوَ مُؤْمِنٌ فَأُو@لَٰ^ئِكَ كَانَ,17:19:6 17:19:7 17:19:8 17:19:9 17:19:10
17,45,9,17:45:9,يُؤْمِنُونَ,yu&ominuwna,'aAmana,ءَامَنَ,V,ٱلَّذِينَ لَا يُؤْمِنُونَ بِٱلْءَاخِرَةِ حِجَابًا,17:45:7 17:45:8 17:45:9 17:45:10 17:45:11
17,68,1,17:68:1,أَفَأَمِنتُمْ,>afa>amintumo,>amina,أَمِنَ,V,أَفَأَمِنتُمْ أَن يَخْسِفَ,17:68:1 17:68:2 17:68:3
17,69,2,17:69:2,أَمِنتُمْ,>amintumo,>amina,أَمِنَ,V,أَمْ أَمِنتُمْ أَن يُعِيدَكُمْ,17:69:1 17:69:2 17:69:3 17:69:4
17,82,8,17:82:8,لِّلْمُؤْمِنِينَ,l~ilomu&ominiyna,mu&omin,مُؤْمِن,N,شِفَا^ءٌ وَرَحْمَةٌ لِّلْمُؤْمِنِينَ وَلَا يَزِيدُ,17:82:6 17:82:7 17:82:8 17:82:9 17:82:10
17,90,3,17:90:3,نُّؤْمِنَ,n~u&omina,'aAmana,ءَامَنَ,V,وَقَالُوا@ لَن نُّؤْمِنَ لَكَ حَتَّىٰ,17:90:1 17:90:2 17:90:3 17:90:4 17:90:5
17,93,12,17:93:12,نُّؤْمِنَ,n~u&omina,'aAmana,ءَامَنَ,V,ٱلسَّمَا^ءِ وَلَن نُّؤْمِنَ لِرُقِيِّكَ حَتَّىٰ,17:93:10 17:93:11 17:93:12 17:93:13 17:93:14
17,94,5,17:94:5,يُؤْمِنُو^ا@,yu&ominuw^A@,'aAmana,ءَامَنَ,V,ٱلنَّاسَ أَن يُؤْمِنُو^ا@ إِذْ جَا^ءَهُمُ,17:94:3 17:94:4 17:94:5 17:94:6 17:94:7
17,107,2,17:107:2,ءَامِنُوا@,'aAminuwA@,'aAmana,ءَامَنَ,V,قُلْ ءَامِنُوا@ بِهِ.^ أَوْ,17:107:1 17:107:2 17:107:3 17:107:4
17,107,6,17:107:6,تُؤْمِنُو^ا@,tu&ominuw^A@,'aAmana,ءَامَنَ,V,أَوْ لَا تُؤْمِنُو^ا@ إِنَّ ٱلَّذِينَ,17:107:4 17:107:5 17:107:6 17:107:7 17:107:8
18,2,8,18:2:8,ٱلْمُؤْمِنِينَ,{lomu&ominiyna,mu&omin,مُؤْمِن,N,لَّدُنْهُ وَيُبَشِّرَ ٱلْمُؤْمِنِينَ ٱلَّذِينَ يَعْمَلُونَ,18:2:6 18:2:7 18:2:8 18:2:9 18:2:10
18,6,8,18:6:8,يُؤْمِنُوا@,yu&ominuwA@,'aAmana,ءَامَنَ,V,إِن لَّمْ يُؤْمِنُوا@ بِهَٰذَا ٱلْحَدِيثِ,18:6:6 18:6:7 18:6:8 18:6:9 18:6:10
18,13,8,18:13:8,ءَامَنُوا@,'aAmanuwA@,'aAmana,ءَامَنَ,V,إِنَّهُمْ فِتْيَةٌ ءَامَنُوا@ بِرَبِّهِمْ وَزِدْنَٰهُمْ,18:13:6 18:13:7 18:13:8 18:13:9 18:13:10
18,29,7,18:29:7,فَلْيُؤْمِن,faloyu&omin,'aAmana,ءَامَنَ,V,فَمَن شَا^ءَ فَلْيُؤْمِن وَمَن شَا^ءَ,18:29:5 18:29:6 18:29:7 18:29:8 18:29:9
18,30,3,18:30:3,ءَامَنُوا@,'aAmanuwA@,'aAmana,ءَامَنَ,V,إِنَّ ٱلَّذِينَ ءَامَنُوا@ وَعَمِلُوا@ ٱلصَّٰلِحَٰتِ,18:30:1 18:30:2 18:30:3 18:30:4 18:30:5
18,55,5,18:55:5,يُؤْمِنُو^ا@,yu&ominuw^A@,'aAmana,ءَامَنَ,V,ٱلنَّاسَ أَن يُؤْمِنُو^ا@ إِذْ جَا^ءَهُمُ,18:55:3 18:55:4 18:55:5 18:55:6 18:55:7
18,80,5,18:80:5,مُؤْمِنَيْنِ,mu&ominayoni,mu&omin,مُؤْمِن,N,فَكَانَ أَبَوَاهُ مُؤْمِنَيْنِ فَخَشِينَا^ أَن,18:80:3 18:80:4 18:80:5 18:80:6 18:80:7
18,88,3,18:88:3,ءَامَنَ,'aAmana,'aAmana,ءَامَنَ,V,وَأَمَّا مَنْ ءَامَنَ وَعَمِلَ صَٰلِحًا,18:88:1 18:88:2 18:88:3 18:88:4 18:88:5
18,107,3,18:107:3,ءَامَنُوا@,'aAmanuwA@,'aAmana,ءَامَنَ,V,إِنَّ ٱلَّذِينَ ءَامَنُوا@ وَعَمِلُوا@ ٱلصَّٰلِحَٰتِ,18:107:1 18:107:2 18:107:3 18:107:4 18:107:5
19,39,12,19:39:12,يُؤْمِنُونَ,yu&ominuwna,'aAmana,ءَامَنَ,V,وَهُمْ لَا يُؤْمِنُونَ,19:39:10 19:39:11 19:39:12
19,60,4,19:60:4,وَءَامَنَ,wa'aAmana,'aAmana,ءَامَنَ,V,مَن تَابَ وَءَامَنَ وَعَمِلَ صَٰلِحًا,19:60:2 19:60:3 19:60:4 19:60:5 19:60:6
19,73,10,19:73:10,ءَامَنُو^ا@,'aAmanuw^A@,'aAmana,ءَامَنَ,V,كَفَرُوا@ لِلَّذِينَ ءَامَنُو^ا@ أَىُّ ٱلْفَرِيقَيْنِ,19:73:8 19:73:9 19:73:10 19:73:11 19:73:12
19,96,3,19:96:3,ءَامَنُوا@,'aAmanuwA@,'aAmana,ءَامَنَ,V,إِنَّ ٱلَّذِينَ ءَامَنُوا@ وَعَمِلُوا@ ٱلصَّٰلِحَٰتِ,19:96:1 19:96:2 19:96:3 19:96:4 19:96:5
20,16,6,20:16:6,يُؤْمِنُ,yu&ominu,'aAmana,ءَامَنَ,V,مَن لَّا يُؤْمِنُ بِهَا وَٱتَّبَعَ,20:16:4 20:16:5 20:16:6 20:16:7 20:16:8
20,70,5,20:70:5,ءَامَنَّا,'aAman~aA,'aAmana,ءَامَنَ,V,سُجَّدًا قَالُو^ا@ ءَامَنَّا بِرَبِّ هَٰرُونَ,20:70:3 20:70:4 20:70:5 20:70:6 20:70:7
20,71,2,20:71:2,ءَامَنتُمْ,'aAmantumo,'aAmana,ءَامَنَ,V,"قَالَ ءَامَنتُمْ لَهُ, قَبْلَ",20:71:1 20:71:2 20:71:3 20:71:4
20,73,2,20:73:2,ءَامَنَّا,'aAman~aA,'aAmana,ءَامَنَ,V,إِنَّا^ ءَامَنَّا بِرَبِّنَا لِيَغْفِرَ,20:73:1 20:73:2 20:73:3 20:73:4
20,75,3,20:75:3,مُؤْمِنًا,mu&ominFA,mu&omin,مُؤْمِن,N,وَمَن يَأْتِهِ. مُؤْمِنًا قَدْ عَمِلَ,20:75:1 20:75:2 20:75:3 20:75:4 20:75:5
20,82,5,20:82:5,وَءَامَنَ,wa'aAmana,'aAmana,ءَامَنَ,V,لِّمَن تَابَ وَءَامَنَ وَعَمِلَ صَٰلِحًا,20:82:3 20:82:4 20:82:5 20:82:6 20:82:7
20,112,6,20:112:6,مُؤْمِنٌ,mu&ominN,mu&omin,مُؤْمِن,N,ٱلصَّٰلِحَٰتِ وَهُوَ مُؤْمِنٌ فَلَا يَخَافُ,20:112:4 20:112:5 20:112:6 20:112:7 20:112:8
20,127,6,20:127:6,يُؤْمِن[,yu&omin[,'aAmana,ءَامَنَ,V,أَسْرَفَ وَلَمْ يُؤْمِن[ بِـ#َايَٰتِ رَبِّهِ.,20:127:4 20:127:5 20:127:6 20:127:7 20:127:8
21,6,2,21:6:2,ءَامَنَتْ,'aAmanato,'aAmana,ءَامَنَ,V,مَا^ ءَامَنَتْ قَبْلَهُم مِّن,21:6:1 21:6:2 21:6:3 21:6:4
21,6,8,21:6:8,يُؤْمِنُونَ,yu&ominuwna,'aAmana,ءَامَنَ,V,أَهْلَكْنَٰهَا^ أَفَهُمْ يُؤْمِنُونَ,21:6:6 21:6:7 21:6:8
21,30,18,21:30:18,يُؤْمِنُونَ,yu&ominuwna,'aAmana,ءَامَنَ,V,حَىٍّ أَفَلَا يُؤْمِنُونَ,21:30:16 21:30:17 21:30:18
21,88,8,21:88:8,ٱلْمُؤْمِنِينَ,{lomu&ominiyna,mu&omin,مُؤْمِن,N,وَكَذَٰلِكَ نُ!جِى ٱلْمُؤْمِنِينَ,21:88:6 21:88:7 21:88:8
21,94,6,21:94:6,مُؤْمِنٌ,mu&ominN,mu&omin,مُؤْمِن,N,ٱلصَّٰلِحَٰتِ وَهُوَ مُؤْمِنٌ فَلَا كُفْرَانَ,21:94:4 21:94:5 21:94:6 21:94:7 21:94:8
22,14,5,22:14:5,ءَامَنُوا@,'aAmanuwA@,'aAmana,ءَامَنَ,V,يُدْخِلُ ٱلَّذِينَ ءَامَنُوا@ وَعَمِلُوا@ ٱلصَّٰلِحَٰتِ,22:14:3 22:14:4 22:14:5 22:14:6 22:14:7
22,17,3,22:17:3,ءَامَنُوا@,'aAmanuwA@,'aAmana,ءَامَنَ,V,إِنَّ ٱلَّذِينَ ءَامَنُوا@ وَٱلَّذِينَ هَادُوا@,22:17:1 22:17:2 22:17:3 22:17:4 22:17:5
22,23,5,22:23:5,ءَامَنُوا@,'aAmanuwA@,'aAmana,ءَامَنَ,V,يُدْخِلُ ٱلَّذِينَ ءَامَنُوا@ وَعَمِلُوا@ ٱلصَّٰلِحَٰتِ,22:23:3 22:23:4 22:23:5 22:23:6 22:23:7
22,38,6,22:38:6,ءَامَنُو^ا@,'aAmanuw^A@,'aAmana,ءَامَنَ,V,عَنِ ٱلَّذِينَ ءَامَنُو^ا@ إِنَّ ٱللَّهَ,22:38:4 22:38:5 22:38:6 22:38:7 22:38:8
22,50,2,22:50:2,ءَامَنُوا@,'aAmanuwA@,'aAmana,ءَامَنَ,V,فَٱلَّذِينَ ءَامَنُوا@ وَعَمِلُوا@ ٱلصَّٰلِحَٰتِ,22:50:1 22:50:2 22:50:3 22:50:4
22,54,9,22:54:9,فَيُؤْمِنُوا@,fayu&ominuwA@,'aAmana,ءَامَنَ,V,مِن رَّبِّكَ فَيُؤْمِنُوا@ بِهِ. فَتُخْبِتَ,22:54:7 22:54:8 22:54:9 22:54:10 22:54:11
22,54,18,22:54:18,ءَامَنُو^ا@,'aAmanuw^A@,'aAmana,ءَامَنَ,V,لَهَادِ ٱلَّذِينَ ءَامَنُو^ا@ إِلَىٰ صِرَٰطٍ,22:54:16 22:54:17 22:54:18 22:54:19 22:54:20
22,56,7,22:56:7,ءَامَنُوا@,'aAmanuwA@,'aAmana,ءَامَنَ,V,بَيْنَهُمْ فَٱلَّذِينَ ءَامَنُوا@ وَعَمِلُوا@ ٱلصَّٰلِحَٰتِ,22:56:5 22:56:6 22:56:7 22:56:8 22:56:9
22,77,3,22:77:3,ءَامَنُوا@,'aAmanuwA@,'aAmana,ءَامَنَ,V,يَٰ^أَيُّهَا ٱلَّذِينَ ءَامَنُوا@ ٱرْكَعُوا@ وَٱسْجُدُوا@,22:77:1 22:77:2 22:77:3 22:77:4 22:77:5
23,1,3,23:1:3,ٱلْمُؤْمِنُونَ,{lomu&ominuwna,mu&omin,مُؤْمِن,N,قَدْ أَفْلَحَ ٱلْمُؤْمِنُونَ,23:1:1 23:1:2 23:1:3
23,8,3,23:8:3,لِأَمَٰنَٰتِهِمْ,li>ama`na`tihimo,>ama`na`t,أَمَٰنَٰت,N,وَٱلَّذِينَ هُمْ لِأَمَٰنَٰتِهِمْ وَعَهْدِهِمْ رَٰعُونَ,23:8:1 23:8:2 23:8:3 23:8:4 23:8:5
23,38,12,23:38:12,بِمُؤْمِنِينَ,bimu&ominiyna,mu&omin,مُؤْمِن,N,"نَحْنُ لَهُ, بِمُؤْمِنِينَ",23:38:10 23:38:11 23:38:12
23,44,19,23:44:19,يُؤْمِنُونَ,yu&ominuwna,'aAmana,ءَامَنَ,V,لِّقَوْمٍ لَّا يُؤْمِنُونَ,23:44:17 23:44:18 23:44:19
23,47,2,23:47:2,أَنُؤْمِنُ,>anu&ominu,'aAmana,ءَامَنَ,V,فَقَالُو^ا@ أَنُؤْمِنُ لِبَشَرَيْنِ مِثْلِنَا,23:47:1 23:47:2 23:47:3 23:47:4
23,58,5,23:58:5,يُؤْمِنُونَ,yu&ominuwna,'aAmana,ءَامَنَ,V,بِـ#َايَٰتِ رَبِّهِمْ يُؤْمِنُونَ,23:58:3 23:58:4 23:58:5
23,74,4,23:74:4,يُؤْمِنُونَ,yu&ominuwna,'aAmana,ءَامَنَ,V,ٱلَّذِينَ لَا يُؤْمِنُونَ بِٱلْءَاخِرَةِ عَنِ,23:74:2 23:74:3 23:74:4 23:74:5 23:74:6
23,109,8,23:109:8,ءَامَنَّا,'aAman~aA,'aAmana,ءَامَنَ,V,يَقُولُونَ رَبَّنَا^ ءَامَنَّا فَٱغْفِرْ لَنَا,23:109:6 23:109:7 23:109:8 23:109:9 23:109:10
24,2,18,24:2:18,تُؤْمِنُونَ,tu&ominuwna,'aAmana,ءَامَنَ,V,إِن كُنتُمْ تُؤْمِنُونَ بِٱللَّهِ وَٱلْيَوْمِ,24:2:16 24:2:17 24:2:18 24:2:19 24:2:20
24,2,26,24:2:26,ٱلْمُؤْمِنِينَ,{lomu&ominiyna,mu&omin,مُؤْمِن,N,طَا^ئِفَةٌ مِّنَ ٱلْمُؤْمِنِينَ,24:2:24 24:2:25 24:2:26
24,3,18,24:3:18,ٱلْمُؤْمِنِينَ,{lomu&ominiyna,mu&omin,مُؤْمِن,N,ذَٰلِكَ عَلَى ٱلْمُؤْمِنِينَ,24:3:16 24:3:17 24:3:18
24,12,5,24:12:5,ٱلْمُؤْمِنُونَ,{lomu&ominuwna,mu&omin,مُؤْمِن,N,سَمِعْتُمُوهُ ظَنَّ ٱلْمُؤْمِنُونَ وَٱلْمُؤْمِنَٰتُ بِأَنفُسِهِمْ,24:12:3 24:12:4 24:12:5 24:12:6 24:12:7
24,12,6,24:12:6,وَٱلْمُؤْمِنَٰتُ,wa{lomu&omina`tu,m~u&omina`t,مُّؤْمِنَٰت,N,ظَنَّ ٱلْمُؤْمِنُونَ وَٱلْمُؤْمِنَٰتُ بِأَنفُسِهِمْ خَيْرًا,24:12:4 24:12:5 24:12:6 24:12:7 24:12:8
24,17,9,24:17:9,مُّؤْمِنِينَ,m~u&ominiyna,mu&omin,مُؤْمِن,N,إِن كُنتُم مُّؤْمِنِينَ,24:17:7 24:17:8 24:17:9
24,19,9,24:19:9,ءَامَنُوا@,'aAmanuwA@,'aAmana,ءَامَنَ,V,فِى ٱلَّذِينَ ءَامَنُوا@ لَهُمْ عَذَابٌ,24:19:7 24:19:8 24:19:9 24:19:10 24:19:11
24,21,3,24:21:3,ءَامَنُوا@,'aAmanuwA@,'aAmana,ءَامَنَ,V,يَٰ^أَيُّهَا ٱلَّذِينَ ءَامَنُوا@ لَا تَتَّبِعُوا@,24:21:1 24:21:2 24:21:3 24:21:4 24:21:5
24,23,6,24:23:6,ٱلْمُؤْمِنَٰتِ,{lomu&omina`ti,m~u&omina`t,مُّؤْمِنَٰت,ADJ,ٱلْمُحْصَنَٰتِ ٱلْغَٰفِلَٰتِ ٱلْمُؤْمِنَٰتِ لُعِنُوا@ فِى,24:23:4 24:23:5 24:23:6 24:23:7 24:23:8
24,27,3,24:27:3,ءَامَنُوا@,'aAmanuwA@,'aAmana,ءَامَنَ,V,يَٰ^أَيُّهَا ٱلَّذِينَ ءَامَنُوا@ لَا تَدْخُلُوا@,24:27:1 24:27:2 24:27:3 24:27:4 24:27:5
24,30,2,24:30:2,لِّلْمُؤْمِنِينَ,l~ilomu&ominiyna,mu&omin,مُؤْمِن,N,قُل لِّلْمُؤْمِنِينَ يَغُضُّوا@ مِنْ,24:30:1 24:30:2 24:30:3 24:30:4
24,31,2,24:31:2,لِّلْمُؤْمِنَٰتِ,l~ilomu&omina`ti,m~u&omina`t,مُّؤْمِنَٰت,N,وَقُل لِّلْمُؤْمِنَٰتِ يَغْضُضْنَ مِنْ,24:31:1 24:31:2 24:31:3 24:31:4
24,31,76,24:31:76,ٱلْمُؤْمِنُونَ,{lomu&ominuwna,mu&omin,مُؤْمِن,N,جَمِيعًا أَيُّهَ ٱلْمُؤْمِنُونَ لَعَلَّكُمْ تُفْلِحُونَ,24:31:74 24:31:75 24:31:76 24:31:77 24:31:78
24,47,2,24:47:2,ءَامَنَّا,'aAman~aA,'aAmana,ءَامَنَ,V,وَيَقُولُونَ ءَامَنَّا بِٱللَّهِ وَبِٱلرَّسُولِ,24:47:1 24:47:2 24:47:3 24:47:4
24,47,15,24:47:15,بِٱلْمُؤْمِنِينَ,bi{lomu&ominiyna,mu&omin,مُؤْمِن,N,وَمَا^ أُو@لَٰ^ئِكَ بِٱلْمُؤْمِنِينَ,24:47:13 24:47:14 24:47:15
24,51,4,24:51:4,ٱلْمُؤْمِنِينَ,{lomu&ominiyna,mu&omin,مُؤْمِن,N,كَانَ قَوْلَ ٱلْمُؤْمِنِينَ إِذَا دُعُو^ا@,24:51:2 24:51:3 24:51:4 24:51:5 24:51:6
24,55,4,24:55:4,ءَامَنُوا@,'aAmanuwA@,'aAmana,ءَامَنَ,V,ٱللَّهُ ٱلَّذِينَ ءَامَنُوا@ مِنكُمْ وَعَمِلُوا@,24:55:2 24:55:3 24:55:4 24:55:5 24:55:6
24,55,26,24:55:26,أَمْنًا,>amonFA,>amon,أَمْن,N,بَعْدِ خَوْفِهِمْ أَمْنًا يَعْبُدُونَنِى لَا,24:55:24 24:55:25 24:55:26 24:55:27 24:55:28
24,58,3,24:58:3,ءَامَنُوا@,'aAmanuwA@,'aAmana,ءَامَنَ,V,يَٰ^أَيُّهَا ٱلَّذِينَ ءَامَنُوا@ لِيَسْتَـ#ْذِنكُمُ ٱلَّذِينَ,24:58:1 24:58:2 24:58:3 24:58:4 24:58:5
24,62,2,24:62:2,ٱلْمُؤْمِنُونَ,{lomu&ominuwna,mu&omin,مُؤْمِن,N,إِنَّمَا ٱلْمُؤْمِنُونَ ٱلَّذِينَ ءَامَنُوا@,24:62:1 24:62:2 24:62:3 24:62:4
24,62,4,24:62:4,ءَامَنُوا@,'aAmanuwA@,'aAmana,ءَامَنَ,V,ٱلْمُؤْمِنُونَ ٱلَّذِينَ ءَامَنُوا@ بِٱللَّهِ وَرَسُولِهِ.,24:62:2 24:62:3 24:62:4 24:62:5 24:62:6
24,62,22,24:62:22,يُؤْمِنُونَ,yu&ominuwna,'aAmana,ءَامَنَ,V,أُو@لَٰ^ئِكَ ٱلَّذِينَ يُؤْمِنُونَ بِٱللَّهِ وَرَسُولِهِ.,24:62:20 24:62:21 24:62:22 24:62:23 24:62:24
25,70,4,25:70:4,وَءَامَنَ,wa'aAmana,'aAmana,ءَامَنَ,V,مَن تَابَ وَءَامَنَ وَعَمِلَ عَمَلًا,25:70:2 25:70:3 25:70:4 25:70:5 25:70:6
26,3,6,26:3:6,مُؤْمِنِينَ,mu&ominiyna,mu&omin,مُؤْمِن,N,أَلَّا يَكُونُوا@ مُؤْمِنِينَ,26:3:4 26:3:5 26:3:6
26,8,8,26:8:8,مُّؤْمِنِينَ,m~u&ominiyna,mu&omin,مُؤْمِن,N,كَانَ أَكْثَرُهُم مُّؤْمِنِينَ,26:8:6 26:8:7 26:8:8
26,47,2,26:47:2,ءَامَنَّا,'aAman~aA,'aAmana,ءَامَنَ,V,قَالُو^ا@ ءَامَنَّا بِرَبِّ ٱلْعَٰلَمِينَ,26:47:1 26:47:2 26:47:3 26:47:4
26,49,2,26:49:2,ءَامَنتُمْ,'aAmantumo,'aAmana,ءَامَنَ,V,"قَالَ ءَامَنتُمْ لَهُ, قَبْلَ",26:49:1 26:49:2 26:49:3 26:49:4
26,51,11,26:51:11,ٱلْمُؤْمِنِينَ,{lomu&ominiyna,mu&omin,مُؤْمِن,N,كُنَّا^ أَوَّلَ ٱلْمُؤْمِنِينَ,26:51:9 26:51:10 26:51:11
26,67,8,26:67:8,مُّؤْمِنِينَ,m~u&ominiyna,mu&omin,مُؤْمِن,N,كَانَ أَكْثَرُهُم مُّؤْمِنِينَ,26:67:6 26:67:7 26:67:8
26,102,7,26:102:7,ٱلْمُؤْمِنِينَ,{lomu&ominiyna,mu&omin,مُؤْمِن,N,فَنَكُونَ مِنَ ٱلْمُؤْمِنِينَ,26:102:5 26:102:6 26:102:7
26,103,8,26:103:8,مُّؤْمِنِينَ,m~u&ominiyna,mu&omin,مُؤْمِن,N,كَانَ أَكْثَرُهُم مُّؤْمِنِينَ,26:103:6 26:103:7 26:103:8
26,107,4,26:107:4,أَمِينٌ,>amiynN,>amiyn,أَمِين,ADJ,لَكُمْ رَسُولٌ أَمِينٌ,26:107:2 26:107:3 26:107:4
26,111,2,26:111:2,أَنُؤْمِنُ,>anu&ominu,'aAmana,ءَامَنَ,V,قَالُو^ا@ أَنُؤْمِنُ لَكَ وَٱتَّبَعَكَ,26:111:1 26:111:2 26:111:3 26:111:4
26,114,4,26:114:4,ٱلْمُؤْمِنِينَ,{lomu&ominiyna,mu&omin,مُؤْمِن,N,"أَنَا"" بِطَارِدِ ٱلْمُؤْمِنِينَ",26:114:2 26:114:3 26:114:4
26,118,9,26:118:9,ٱلْمُؤْمِنِينَ,{lomu&ominiyna,mu&omin,مُؤْمِن,N,مَّعِىَ مِنَ ٱلْمُؤْمِنِينَ,26:118:7 26:118:8 26:118:9
26,121,8,26:121:8,مُّؤْمِنِينَ,m~u&ominiyna,mu&omin,مُؤْمِن,N,كَانَ أَكْثَرُهُم مُّؤْمِنِينَ,26:121:6 26:121:7 26:121:8
26,125,4,26:125:4,أَمِينٌ,>amiynN,>amiyn,أَمِين,ADJ,لَكُمْ رَسُولٌ أَمِينٌ,26:125:2 26:125:3 26:125:4
26,139,10,26:139:10,مُّؤْمِنِينَ,m~u&ominiyna,mu&omin,مُؤْمِن,N,كَانَ أَكْثَرُهُم مُّؤْمِنِينَ,26:139:8 26:139:9 26:139:10
26,143,4,26:143:4,أَمِينٌ,>amiynN,>amiyn,أَمِين,ADJ,لَكُمْ رَسُولٌ أَمِينٌ,26:143:2 26:143:3 26:143:4
26,146,5,26:146:5,ءَامِنِينَ,'aAminiyna,'aAminiyn,ءَامِنِين,N,مَا هَٰهُنَا^ ءَامِنِينَ,26:146:3 26:146:4 26:146:5
26,158,10,26:158:10,مُّؤْمِنِينَ,m~u&ominiyna,mu&omin,مُؤْمِن,N,كَانَ أَكْثَرُهُم مُّؤْمِنِينَ,26:158:8 26:158:9 26:158:10
26,162,4,26:162:4,أَمِينٌ,>amiynN,>amiyn,أَمِين,ADJ,لَكُمْ رَسُولٌ أَمِينٌ,26:162:2 26:162:3 26:162:4
26,174,8,26:174:8,مُّؤْمِنِينَ,m~u&ominiyna,mu&omin,مُؤْمِن,N,كَانَ أَكْثَرُهُم مُّؤْمِنِينَ,26:174:6 26:174:7 26:174:8
26,178,4,26:178:4,أَمِينٌ,>amiynN,>amiyn,أَمِين,ADJ,لَكُمْ رَسُولٌ أَمِينٌ,26:178:2 26:178:3 26:178:4
26,190,8,26:190:8,مُّؤْمِنِينَ,m~u&ominiyna,mu&omin,مُؤْمِن,N,كَانَ أَكْثَرُهُم مُّؤْمِنِينَ,26:190:6 26:190:7 26:190:8
26,193,4,26:193:4,ٱلْأَمِينُ,{lo>amiynu,>amiyn,أَمِين,ADJ,بِهِ ٱلرُّوحُ ٱلْأَمِينُ,26:193:2 26:193:3 26:193:4
26,199,6,26:199:6,مُؤْمِنِينَ,mu&ominiyna,mu&omin,مُؤْمِن,N,كَانُوا@ بِهِ. مُؤْمِنِينَ,26:199:4 26:199:5 26:199:6
26,201,2,26:201:2,يُؤْمِنُونَ,yu&ominuwna,'aAmana,ءَامَنَ,V,لَا يُؤْمِنُونَ بِهِ. حَتَّىٰ,26:201:1 26:201:2 26:201:3 26:201:4
26,215,6,26:215:6,ٱلْمُؤْمِنِينَ,{lomu&ominiyna,mu&omin,مُؤْمِن,N,ٱتَّبَعَكَ مِنَ ٱلْمُؤْمِنِينَ,26:215:4 26:215:5 26:215:6
26,227,3,26:227:3,ءَامَنُوا@,'aAmanuwA@,'aAmana,ءَامَنَ,V,إِلَّا ٱلَّذِينَ ءَامَنُوا@ وَعَمِلُوا@ ٱلصَّٰلِحَٰتِ,26:227:1 26:227:2 26:227:3 26:227:4 26:227:5
27,2,3,27:2:3,لِلْمُؤْمِنِينَ,lilomu&ominiyna,mu&omin,مُؤْمِن,N,هُدًى وَبُشْرَىٰ لِلْمُؤْمِنِينَ,27:2:1 27:2:2 27:2:3
27,4,4,27:4:4,يُؤْمِنُونَ,yu&ominuwna,'aAmana,ءَامَنَ,V,ٱلَّذِينَ لَا يُؤْمِنُونَ بِٱلْءَاخِرَةِ زَيَّنَّا,27:4:2 27:4:3 27:4:4 27:4:5 27:4:6
27,15,15,27:15:15,ٱلْمُؤْمِنِينَ,{lomu&ominiyna,mu&omin,مُؤْمِن,ADJ,مِّنْ عِبَادِهِ ٱلْمُؤْمِنِينَ,27:15:13 27:15:14 27:15:15
27,39,16,27:39:16,أَمِينٌ,>amiynN,>amiyn,أَمِين,ADJ,عَلَيْهِ لَقَوِىٌّ أَمِينٌ,27:39:14 27:39:15 27:39:16
27,53,3,27:53:3,ءَامَنُوا@,'aAmanuwA@,'aAmana,ءَامَنَ,V,وَأَنجَيْنَا ٱلَّذِينَ ءَامَنُوا@ وَكَانُوا@ يَتَّقُونَ,27:53:1 27:53:2 27:53:3 27:53:4 27:53:5
27,77,4,27:77:4,لِّلْمُؤْمِنِينَ,l~ilomu&ominiyna,mu&omin,مُؤْمِن,N,لَهُدًى وَرَحْمَةٌ لِّلْمُؤْمِنِينَ,27:77:2 27:77:3 27:77:4
27,81,11,27:81:11,يُؤْمِنُ,yu&ominu,'aAmana,ءَامَنَ,V,إِلَّا مَن يُؤْمِنُ بِـ#َايَٰتِنَا فَهُم,27:81:9 27:81:10 27:81:11 27:81:12 27:81:13
27,86,15,27:86:15,يُؤْمِنُونَ,yu&ominuwna,'aAmana,ءَامَنَ,V,لَءَايَٰتٍ لِّقَوْمٍ يُؤْمِنُونَ,27:86:13 27:86:14 27:86:15
27,89,11,27:89:11,ءَامِنُونَ,'aAminuwna,'aAminiyn,ءَامِنِين,N,فَزَعٍ يَوْمَئِذٍ ءَامِنُونَ,27:89:9 27:89:10 27:89:11
28,3,9,28:3:9,يُؤْمِنُونَ,yu&ominuwna,'aAmana,ءَامَنَ,V,بِٱلْحَقِّ لِقَوْمٍ يُؤْمِنُونَ,28:3:7 28:3:8 28:3:9
28,10,17,28:10:17,ٱلْمُؤْمِنِينَ,{lomu&ominiyna,mu&omin,مُؤْمِن,N,لِتَكُونَ مِنَ ٱلْمُؤْمِنِينَ,28:10:15 28:10:16 28:10:17
28,26,10,28:26:10,ٱلْأَمِينُ,{lo>amiynu,>amiyn,أَمِين,ADJ,ٱسْتَـ#ْجَرْتَ ٱلْقَوِىُّ ٱلْأَمِينُ,28:26:8 28:26:9 28:26:10
28,31,19,28:31:19,ٱلْءَامِنِينَ,{lo'aAminiyna,'aAminiyn,ءَامِنِين,N,إِنَّكَ مِنَ ٱلْءَامِنِينَ,28:31:17 28:31:18 28:31:19
28,47,18,28:47:18,ٱلْمُؤْمِنِينَ,{lomu&ominiyna,mu&omin,مُؤْمِن,N,وَنَكُونَ مِنَ ٱلْمُؤْمِنِينَ,28:47:16 28:47:17 28:47:18
28,52,8,28:52:8,يُؤْمِنُونَ,yu&ominuwna,'aAmana,ءَامَنَ,V,هُم بِهِ. يُؤْمِنُونَ,28:52:6 28:52:7 28:52:8
28,53,5,28:53:5,ءَامَنَّا,'aAman~aA,'aAmana,ءَامَنَ,V,عَلَيْهِمْ قَالُو^ا@ ءَامَنَّا بِهِ.^ إِنَّهُ,28:53:3 28:53:4 28:53:5 28:53:6 28:53:7
28,57,13,28:57:13,ءَامِنًا,'aAminFA,'aAmin,ءَامِن,ADJ,لَّهُمْ حَرَمًا ءَامِنًا يُجْبَىٰ^ إِلَيْهِ,28:57:11 28:57:12 28:57:13 28:57:14 28:57:15
28,67,4,28:67:4,وَءَامَنَ,wa'aAmana,'aAmana,ءَامَنَ,V,مَن تَابَ وَءَامَنَ وَعَمِلَ صَٰلِحًا,28:67:2 28:67:3 28:67:4 28:67:5 28:67:6
28,80,10,28:80:10,ءَامَنَ,'aAmana,'aAmana,ءَامَنَ,V,خَيْرٌ لِّمَنْ ءَامَنَ وَعَمِلَ صَٰلِحًا,28:80:8 28:80:9 28:80:10 28:80:11 28:80:12
29,2,7,29:2:7,ءَامَنَّا,'aAman~aA,'aAmana,ءَامَنَ,V,أَن يَقُولُو^ا@ ءَامَنَّا وَهُمْ لَا,29:2:5 29:2:6 29:2:7 29:2:8 29:2:9
29,7,2,29:7:2,ءَامَنُوا@,'aAmanuwA@,'aAmana,ءَامَنَ,V,وَٱلَّذِينَ ءَامَنُوا@ وَعَمِلُوا@ ٱلصَّٰلِحَٰتِ,29:7:1 29:7:2 29:7:3 29:7:4
29,9,2,29:9:2,ءَامَنُوا@,'aAmanuwA@,'aAmana,ءَامَنَ,V,وَٱلَّذِينَ ءَامَنُوا@ وَعَمِلُوا@ ٱلصَّٰلِحَٰتِ,29:9:1 29:9:2 29:9:3 29:9:4
29,10,5,29:10:5,ءَامَنَّا,'aAman~aA,'aAmana,ءَامَنَ,V,مَن يَقُولُ ءَامَنَّا بِٱللَّهِ فَإِذَا^,29:10:3 29:10:4 29:10:5 29:10:6 29:10:7
29,11,4,29:11:4,ءَامَنُوا@,'aAmanuwA@,'aAmana,ءَامَنَ,V,ٱللَّهُ ٱلَّذِينَ ءَامَنُوا@ وَلَيَعْلَمَنَّ ٱلْمُنَٰفِقِينَ,29:11:2 29:11:3 29:11:4 29:11:5 29:11:6
29,12,5,29:12:5,ءَامَنُوا@,'aAmanuwA@,'aAmana,ءَامَنَ,V,كَفَرُوا@ لِلَّذِينَ ءَامَنُوا@ ٱتَّبِعُوا@ سَبِيلَنَا,29:12:3 29:12:4 29:12:5 29:12:6 29:12:7
29,24,20,29:24:20,يُؤْمِنُونَ,yu&ominuwna,'aAmana,ءَامَنَ,V,لَءَايَٰتٍ لِّقَوْمٍ يُؤْمِنُونَ,29:24:18 29:24:19 29:24:20
29,26,1,29:26:1,فَـ#َامَنَ,fa_#aAmana,'aAmana,ءَامَنَ,V,"فَـ#َامَنَ لَهُ, لُوطٌ",29:26:1 29:26:2 29:26:3
29,44,10,29:44:10,لِّلْمُؤْمِنِينَ,l~ilomu&ominiyna,mu&omin,مُؤْمِن,N,ذَٰلِكَ لَءَايَةً لِّلْمُؤْمِنِينَ,29:44:8 29:44:9 29:44:10
29,46,14,29:46:14,ءَامَنَّا,'aAman~aA,'aAmana,ءَامَنَ,V,مِنْهُمْ وَقُولُو^ا@ ءَامَنَّا بِٱلَّذِى^ أُنزِلَ,29:46:12 29:46:13 29:46:14 29:46:15 29:46:16
29,47,8,29:47:8,يُؤْمِنُونَ,yu&ominuwna,'aAmana,ءَامَنَ,V,ءَاتَيْنَٰهُمُ ٱلْكِتَٰبَ يُؤْمِنُونَ بِهِ. وَمِنْ,29:47:6 29:47:7 29:47:8 29:47:9 29:47:10
29,47,13,29:47:13,يُؤْمِنُ,yu&ominu,'aAmana,ءَامَنَ,V,هَٰ^ؤُلَا^ءِ مَن يُؤْمِنُ بِهِ. وَمَا,29:47:11 29:47:12 29:47:13 29:47:14 29:47:15
29,51,15,29:51:15,يُؤْمِنُونَ,yu&ominuwna,'aAmana,ءَامَنَ,V,وَذِكْرَىٰ لِقَوْمٍ يُؤْمِنُونَ,29:51:13 29:51:14 29:51:15
29,52,13,29:52:13,ءَامَنُوا@,'aAmanuwA@,'aAmana,ءَامَنَ,V,وَٱلْأَرْضِ وَٱلَّذِينَ ءَامَنُوا@ بِٱلْبَٰطِلِ وَكَفَرُوا@,29:52:11 29:52:12 29:52:13 29:52:14 29:52:15
29,56,3,29:56:3,ءَامَنُو^ا@,'aAmanuw^A@,'aAmana,ءَامَنَ,V,يَٰعِبَادِىَ ٱلَّذِينَ ءَامَنُو^ا@ إِنَّ أَرْضِى,29:56:1 29:56:2 29:56:3 29:56:4 29:56:5
29,58,2,29:58:2,ءَامَنُوا@,'aAmanuwA@,'aAmana,ءَامَنَ,V,وَٱلَّذِينَ ءَامَنُوا@ وَعَمِلُوا@ ٱلصَّٰلِحَٰتِ,29:58:1 29:58:2 29:58:3 29:58:4
29,67,6,29:67:6,ءَامِنًا,'aAminFA,'aAmin,ءَامِن,N,جَعَلْنَا حَرَمًا ءَامِنًا وَيُتَخَطَّفُ ٱلنَّاسُ,29:67:4 29:67:5 29:67:6 29:67:7 29:67:8
29,67,12,29:67:12,يُؤْمِنُونَ,yu&ominuwna,'aAmana,ءَامَنَ,V,حَوْلِهِمْ أَفَبِٱلْبَٰطِلِ يُؤْمِنُونَ وَبِنِعْمَةِ ٱللَّهِ,29:67:10 29:67:11 29:67:12 29:67:13 29:67:14
30,4,12,30:4:12,ٱلْمُؤْمِنُونَ,{lomu&ominuwna,mu&omin,مُؤْمِن,N,وَيَوْمَئِذٍ يَفْرَحُ ٱلْمُؤْمِنُونَ,30:4:10 30:4:11 30:4:12
30,15,3,30:15:3,ءَامَنُوا@,'aAmanuwA@,'aAmana,ءَامَنَ,V,فَأَمَّا ٱلَّذِينَ ءَامَنُوا@ وَعَمِلُوا@ ٱلصَّٰلِحَٰتِ,30:15:1 30:15:2 30:15:3 30:15:4 30:15:5
30,37,15,30:37:15,يُؤْمِنُونَ,yu&ominuwna,'aAmana,ءَامَنَ,V,لَءَايَٰتٍ لِّقَوْمٍ يُؤْمِنُونَ,30:37:13 30:37:14 30:37:15
30,45,3,30:45:3,ءَامَنُوا@,'aAmanuwA@,'aAmana,ءَامَنَ,V,لِيَجْزِىَ ٱلَّذِينَ ءَامَنُوا@ وَعَمِلُوا@ ٱلصَّٰلِحَٰتِ,30:45:1 30:45:2 30:45:3 30:45:4 30:45:5
30,47,18,30:47:18,ٱلْمُؤْمِنِينَ,{lomu&ominiyna,mu&omin,مُؤْمِن,N,عَلَيْنَا نَصْرُ ٱلْمُؤْمِنِينَ,30:47:16 30:47:17 30:47:18
30,53,11,30:53:11,يُؤْمِنُ,yu&ominu,'aAmana,ءَامَنَ,V,إِلَّا مَن يُؤْمِنُ بِـ#َايَٰتِنَا فَهُم,30:53:9 30:53:10 30:53:11 30:53:12 30:53:13
30,56,5,30:56:5,وَٱلْإِيمَٰنَ,wa{lo<iyma`na,<iyma`n,إِيمَٰن,N,أُوتُوا@ ٱلْعِلْمَ وَٱلْإِيمَٰنَ لَقَدْ لَبِثْتُمْ,30:56:3 30:56:4 30:56:5 30:56:6 30:56:7
31,8,3,31:8:3,ءَامَنُوا@,'aAmanuwA@,'aAmana,ءَامَنَ,V,إِنَّ ٱلَّذِينَ ءَامَنُوا@ وَعَمِلُوا@ ٱلصَّٰلِحَٰتِ,31:8:1 31:8:2 31:8:3 31:8:4 31:8:5
32,15,2,32:15:2,يُؤْمِنُ,yu&ominu,'aAmana,ءَامَنَ,V,إِنَّمَا يُؤْمِنُ بِـ#َايَٰتِنَا ٱلَّذِينَ,32:15:1 32:15:2 32:15:3 32:15:4
32,18,3,32:18:3,مُؤْمِنًا,mu&ominFA,mu&omin,مُؤْمِن,N,أَفَمَن كَانَ مُؤْمِنًا كَمَن كَانَ,32:18:1 32:18:2 32:18:3 32:18:4 32:18:5
32,19,3,32:19:3,ءَامَنُوا@,'aAmanuwA@,'aAmana,ءَامَنَ,V,أَمَّا ٱلَّذِينَ ءَامَنُوا@ وَعَمِلُوا@ ٱلصَّٰلِحَٰتِ,32:19:1 32:19:2 32:19:3 32:19:4 32:19:5
32,29,8,32:29:8,إِيمَٰنُهُمْ,<iyma`nuhumo,<iyma`n,إِيمَٰن,N,ٱلَّذِينَ كَفَرُو^ا@ إِيمَٰنُهُمْ وَلَا هُمْ,32:29:6 32:29:7 32:29:8 32:29:9 32:29:10
33,6,3,33:6:3,بِٱلْمُؤْمِنِينَ,bi{lomu&ominiyna,mu&omin,مُؤْمِن,N,ٱلنَّبِىُّ أَوْلَىٰ بِٱلْمُؤْمِنِينَ مِنْ أَنفُسِهِمْ,33:6:1 33:6:2 33:6:3 33:6:4 33:6:5
33,6,17,33:6:17,ٱلْمُؤْمِنِينَ,{lomu&ominiyna,mu&omin,مُؤْمِن,N,ٱللَّهِ مِنَ ٱلْمُؤْمِنِينَ وَٱلْمُهَٰجِرِينَ إِلَّا^,33:6:15 33:6:16 33:6:17 33:6:18 33:6:19
33,9,3,33:9:3,ءَامَنُوا@,'aAmanuwA@,'aAmana,ءَامَنَ,V,يَٰ^أَيُّهَا ٱلَّذِينَ ءَامَنُوا@ ٱذْكُرُوا@ نِعْمَةَ,33:9:1 33:9:2 33:9:3 33:9:4 33:9:5
33,11,3,33:11:3,ٱلْمُؤْمِنُونَ,{lomu&ominuwna,mu&omin,مُؤْمِن,N,هُنَالِكَ ٱبْتُلِىَ ٱلْمُؤْمِنُونَ وَزُلْزِلُوا@ زِلْزَالًا,33:11:1 33:11:2 33:11:3 33:11:4 33:11:5
33,19,27,33:19:27,يُؤْمِنُوا@,yu&ominuwA@,'aAmana,ءَامَنَ,V,أُو@لَٰ^ئِكَ لَمْ يُؤْمِنُوا@ فَأَحْبَطَ ٱللَّهُ,33:19:25 33:19:26 33:19:27 33:19:28 33:19:29
33,22,3,33:22:3,ٱلْمُؤْمِنُونَ,{lomu&ominuwna,mu&omin,مُؤْمِن,N,وَلَمَّا رَءَا ٱلْمُؤْمِنُونَ ٱلْأَحْزَابَ قَالُوا@,33:22:1 33:22:2 33:22:3 33:22:4 33:22:5
33,22,17,33:22:17,إِيمَٰنًا,<iyma`nFA,<iyma`n,إِيمَٰن,N,زَادَهُمْ إِلَّا^ إِيمَٰنًا وَتَسْلِيمًا,33:22:15 33:22:16 33:22:17 33:22:18
33,23,2,33:23:2,ٱلْمُؤْمِنِينَ,{lomu&ominiyna,mu&omin,مُؤْمِن,N,مِّنَ ٱلْمُؤْمِنِينَ رِجَالٌ صَدَقُوا@,33:23:1 33:23:2 33:23:3 33:23:4
33,25,11,33:25:11,ٱلْمُؤْمِنِينَ,{lomu&ominiyna,mu&omin,مُؤْمِن,N,وَكَفَى ٱللَّهُ ٱلْمُؤْمِنِينَ ٱلْقِتَالَ وَكَانَ,33:25:9 33:25:10 33:25:11 33:25:12 33:25:13
33,35,4,33:35:4,وَٱلْمُؤْمِنِينَ,wa{lomu&ominiyna,mu&omin,مُؤْمِن,N,ٱلْمُسْلِمِينَ وَٱلْمُسْلِمَٰتِ وَٱلْمُؤْمِنِينَ وَٱلْمُؤْمِنَٰتِ وَٱلْقَٰنِتِينَ,33:35:2 33:35:3 33:35:4 33:35:5 33:35:6
33,35,5,33:35:5,وَٱلْمُؤْمِنَٰتِ,wa{lomu&omina`ti,m~u&omina`t,مُّؤْمِنَٰت,N,وَٱلْمُسْلِمَٰتِ وَٱلْمُؤْمِنِينَ وَٱلْمُؤْمِنَٰتِ وَٱلْقَٰنِتِينَ وَٱلْقَٰنِتَٰتِ,33:35:3 33:35:4 33:35:5 33:35:6 33:35:7
33,36,3,33:36:3,لِمُؤْمِنٍ,limu&ominK,mu&omin,مُؤْمِن,N,وَمَا كَانَ لِمُؤْمِنٍ وَلَا مُؤْمِنَةٍ,33:36:1 33:36:2 33:36:3 33:36:4 33:36:5
33,36,5,33:36:5,مُؤْمِنَةٍ,mu&ominapK,m~u&ominap,مُّؤْمِنَة,N,لِمُؤْمِنٍ وَلَا مُؤْمِنَةٍ إِذَا قَضَى,33:36:3 33:36:4 33:36:5 33:36:6 33:36:7
33,37,36,33:37:36,ٱلْمُؤْمِنِينَ,{lomu&ominiyna,mu&omin,مُؤْمِن,N,يَكُونَ عَلَى ٱلْمُؤْمِنِينَ حَرَجٌ فِى^,33:37:34 33:37:35 33:37:36 33:37:37 33:37:38
33,41,3,33:41:3,ءَامَنُوا@,'aAmanuwA@,'aAmana,ءَامَنَ,V,يَٰ^أَيُّهَا ٱلَّذِينَ ءَامَنُوا@ ٱذْكُرُوا@ ٱللَّهَ,33:41:1 33:41:2 33:41:3 33:41:4 33:41:5
33,43,12,33:43:12,بِٱلْمُؤْمِنِينَ,bi{lomu&ominiyna,mu&omin,مُؤْمِن,N,ٱلنُّورِ وَكَانَ بِٱلْمُؤْمِنِينَ رَحِيمًا,33:43:10 33:43:11 33:43:12 33:43:13
33,47,2,33:47:2,ٱلْمُؤْمِنِينَ,{lomu&ominiyna,mu&omin,مُؤْمِن,N,وَبَشِّرِ ٱلْمُؤْمِنِينَ بِأَنَّ لَهُم,33:47:1 33:47:2 33:47:3 33:47:4
33,49,3,33:49:3,ءَامَنُو^ا@,'aAmanuw^A@,'aAmana,ءَامَنَ,V,يَٰ^أَيُّهَا ٱلَّذِينَ ءَامَنُو^ا@ إِذَا نَكَحْتُمُ,33:49:1 33:49:2 33:49:3 33:49:4 33:49:5
33,49,6,33:49:6,ٱلْمُؤْمِنَٰتِ,{lomu&omina`ti,m~u&omina`t,مُّؤْمِنَٰت,N,إِذَا نَكَحْتُمُ ٱلْمُؤْمِنَٰتِ ثُمَّ طَلَّقْتُمُوهُنَّ,33:49:4 33:49:5 33:49:6 33:49:7 33:49:8
33,50,29,33:50:29,مُّؤْمِنَةً,m~u&ominapF,m~u&ominap,مُّؤْمِنَة,N,مَعَكَ وَٱمْرَأَةً مُّؤْمِنَةً إِن وَهَبَتْ,33:50:27 33:50:28 33:50:29 33:50:30 33:50:31
33,50,43,33:50:43,ٱلْمُؤْمِنِينَ,{lomu&ominiyna,mu&omin,مُؤْمِن,N,مِن دُونِ ٱلْمُؤْمِنِينَ قَدْ عَلِمْنَا,33:50:41 33:50:42 33:50:43 33:50:44 33:50:45
33,53,3,33:53:3,ءَامَنُوا@,'aAmanuwA@,'aAmana,ءَامَنَ,V,يَٰ^أَيُّهَا ٱلَّذِينَ ءَامَنُوا@ لَا تَدْخُلُوا@,33:53:1 33:53:2 33:53:3 33:53:4 33:53:5
33,56,9,33:56:9,ءَامَنُوا@,'aAmanuwA@,'aAmana,ءَامَنَ,V,يَٰ^أَيُّهَا ٱلَّذِينَ ءَامَنُوا@ صَلُّوا@ عَلَيْهِ,33:56:7 33:56:8 33:56:9 33:56:10 33:56:11
33,58,3,33:58:3,ٱلْمُؤْمِنِينَ,{lomu&ominiyna,mu&omin,مُؤْمِن,N,وَٱلَّذِينَ يُؤْذُونَ ٱلْمُؤْمِنِينَ وَٱلْمُؤْمِنَٰتِ بِغَيْرِ,33:58:1 33:58:2 33:58:3 33:58:4 33:58:5
33,58,4,33:58:4,وَٱلْمُؤْمِنَٰتِ,wa{lomu&omina`ti,m~u&omina`t,مُّؤْمِنَٰت,N,يُؤْذُونَ ٱلْمُؤْمِنِينَ وَٱلْمُؤْمِنَٰتِ بِغَيْرِ مَا,33:58:2 33:58:3 33:58:4 33:58:5 33:58:6
33,59,7,33:59:7,ٱلْمُؤْمِنِينَ,{lomu&ominiyna,mu&omin,مُؤْمِن,N,وَبَنَاتِكَ وَنِسَا^ءِ ٱلْمُؤْمِنِينَ يُدْنِينَ عَلَيْهِنَّ,33:59:5 33:59:6 33:59:7 33:59:8 33:59:9
33,69,3,33:69:3,ءَامَنُوا@,'aAmanuwA@,'aAmana,ءَامَنَ,V,يَٰ^أَيُّهَا ٱلَّذِينَ ءَامَنُوا@ لَا تَكُونُوا@,33:69:1 33:69:2 33:69:3 33:69:4 33:69:5
33,70,3,33:70:3,ءَامَنُوا@,'aAmanuwA@,'aAmana,ءَامَنَ,V,يَٰ^أَيُّهَا ٱلَّذِينَ ءَامَنُوا@ ٱتَّقُوا@ ٱللَّهَ,33:70:1 33:70:2 33:70:3 33:70:4 33:70:5
33,72,3,33:72:3,ٱلْأَمَانَةَ,{lo>amaAnapa,>ama`nat,أَمَٰنَت,N,إِنَّا عَرَضْنَا ٱلْأَمَانَةَ عَلَى ٱلسَّمَٰوَٰتِ,33:72:1 33:72:2 33:72:3 33:72:4 33:72:5
33,73,10,33:73:10,ٱلْمُؤْمِنِينَ,{lomu&ominiyna,mu&omin,مُؤْمِن,N,ٱللَّهُ عَلَى ٱلْمُؤْمِنِينَ وَٱلْمُؤْمِنَٰتِ وَكَانَ,33:73:8 33:73:9 33:73:10 33:73:11 33:73:12
33,73,11,33:73:11,وَٱلْمُؤْمِنَٰتِ,wa{lomu&omina`ti,m~u&omina`t,مُّؤْمِنَٰت,N,عَلَى ٱلْمُؤْمِنِينَ وَٱلْمُؤْمِنَٰتِ وَكَانَ ٱللَّهُ,33:73:9 33:73:10 33:73:11 33:73:12 33:73:13
34,4,3,34:4:3,ءَامَنُوا@,'aAmanuwA@,'aAmana,ءَامَنَ,V,لِّيَجْزِىَ ٱلَّذِينَ ءَامَنُوا@ وَعَمِلُوا@ ٱلصَّٰلِحَٰتِ,34:4:1 34:4:2 34:4:3 34:4:4 34:4:5
34,8,11,34:8:11,يُؤْمِنُونَ,yu&ominuwna,'aAmana,ءَامَنَ,V,ٱلَّذِينَ لَا يُؤْمِنُونَ بِٱلْءَاخِرَةِ فِى,34:8:9 34:8:10 34:8:11 34:8:12 34:8:13
34,18,17,34:18:17,ءَامِنِينَ,'aAminiyna,'aAminiyn,ءَامِنِين,N,لَيَالِىَ وَأَيَّامًا ءَامِنِينَ,34:18:15 34:18:16 34:18:17
34,20,10,34:20:10,ٱلْمُؤْمِنِينَ,{lomu&ominiyna,mu&omin,مُؤْمِن,N,فَرِيقًا مِّنَ ٱلْمُؤْمِنِينَ,34:20:8 34:20:9 34:20:10
34,21,10,34:21:10,يُؤْمِنُ,yu&ominu,'aAmana,ءَامَنَ,V,لِنَعْلَمَ مَن يُؤْمِنُ بِٱلْءَاخِرَةِ مِمَّنْ,34:21:8 34:21:9 34:21:10 34:21:11 34:21:12
34,31,5,34:31:5,نُّؤْمِنَ,n~u&omina,'aAmana,ءَامَنَ,V,كَفَرُوا@ لَن نُّؤْمِنَ بِهَٰذَا ٱلْقُرْءَانِ,34:31:3 34:31:4 34:31:5 34:31:6 34:31:7
34,31,32,34:31:32,مُؤْمِنِينَ,mu&ominiyna,mu&omin,مُؤْمِن,N,أَنتُمْ لَكُنَّا مُؤْمِنِينَ,34:31:30 34:31:31 34:31:32
34,37,11,34:37:11,ءَامَنَ,'aAmana,'aAmana,ءَامَنَ,V,إِلَّا مَنْ ءَامَنَ وَعَمِلَ صَٰلِحًا,34:37:9 34:37:10 34:37:11 34:37:12 34:37:13
34,37,23,34:37:23,ءَامِنُونَ,'aAminuwna,'aAminiyn,ءَامِنِين,N,فِى ٱلْغُرُفَٰتِ ءَامِنُونَ,34:37:21 34:37:22 34:37:23
34,41,13,34:41:13,مُّؤْمِنُونَ,m~u&ominuwna,mu&omin,مُؤْمِن,N,أَكْثَرُهُم بِهِم مُّؤْمِنُونَ,34:41:11 34:41:12 34:41:13
34,52,2,34:52:2,ءَامَنَّا,'aAman~aA,'aAmana,ءَامَنَ,V,وَقَالُو^ا@ ءَامَنَّا بِهِ. وَأَنَّىٰ,34:52:1 34:52:2 34:52:3 34:52:4
35,7,7,35:7:7,ءَامَنُوا@,'aAmanuwA@,'aAmana,ءَامَنَ,V,شَدِيدٌ وَٱلَّذِينَ ءَامَنُوا@ وَعَمِلُوا@ ٱلصَّٰلِحَٰتِ,35:7:5 35:7:6 35:7:7 35:7:8 35:7:9
36,7,8,36:7:8,يُؤْمِنُونَ,yu&ominuwna,'aAmana,ءَامَنَ,V,فَهُمْ لَا يُؤْمِنُونَ,36:7:6 36:7:7 36:7:8
36,10,8,36:10:8,يُؤْمِنُونَ,yu&ominuwna,'aAmana,ءَامَنَ,V,تُنذِرْهُمْ لَا يُؤْمِنُونَ,36:10:6 36:10:7 36:10:8
36,25,2,36:25:2,ءَامَنتُ,'aAmantu,'aAmana,ءَامَنَ,V,إِنِّى^ ءَامَنتُ بِرَبِّكُمْ فَٱسْمَعُونِ,36:25:1 36:25:2 36:25:3 36:25:4
36,47,12,36:47:12,ءَامَنُو^ا@,'aAmanuw^A@,'aAmana,ءَامَنَ,V,كَفَرُوا@ لِلَّذِينَ ءَامَنُو^ا@ أَنُطْعِمُ مَن,36:47:10 36:47:11 36:47:12 36:47:13 36:47:14
37,29,5,37:29:5,مُؤْمِنِينَ,mu&ominiyna,mu&omin,مُؤْمِن,N,لَّمْ تَكُونُوا@ مُؤْمِنِينَ,37:29:3 37:29:4 37:29:5
37,81,4,37:81:4,ٱلْمُؤْمِنِينَ,{lomu&ominiyna,mu&omin,مُؤْمِن,ADJ,مِنْ عِبَادِنَا ٱلْمُؤْمِنِينَ,37:81:2 37:81:3 37:81:4
37,111,4,37:111:4,ٱلْمُؤْمِنِينَ,{lomu&ominiyna,mu&omin,مُؤْمِن,N,مِنْ عِبَادِنَا ٱلْمُؤْمِنِينَ,37:111:2 37:111:3 37:111:4
37,122,4,37:122:4,ٱلْمُؤْمِنِينَ,{lomu&ominiyna,mu&omin,مُؤْمِن,ADJ,مِنْ عِبَادِنَا ٱلْمُؤْمِنِينَ,37:122:2 37:122:3 37:122:4
37,132,4,37:132:4,ٱلْمُؤْمِنِينَ,{lomu&ominiyna,mu&omin,مُؤْمِن,ADJ,مِنْ عِبَادِنَا ٱلْمُؤْمِنِينَ,37:132:2 37:132:3 37:132:4
37,148,1,37:148:1,فَـ#َامَنُوا@,fa_#aAmanuwA@,'aAmana,ءَامَنَ,V,فَـ#َامَنُوا@ فَمَتَّعْنَٰهُمْ إِلَىٰ,37:148:1 37:148:2 37:148:3
38,24,18,38:24:18,ءَامَنُوا@,'aAmanuwA@,'aAmana,ءَامَنَ,V,إِلَّا ٱلَّذِينَ ءَامَنُوا@ وَعَمِلُوا@ ٱلصَّٰلِحَٰتِ,38:24:16 38:24:17 38:24:18 38:24:19 38:24:20
38,28,4,38:28:4,ءَامَنُوا@,'aAmanuwA@,'aAmana,ءَامَنَ,V,نَجْعَلُ ٱلَّذِينَ ءَامَنُوا@ وَعَمِلُوا@ ٱلصَّٰلِحَٰتِ,38:28:2 38:28:3 38:28:4 38:28:5 38:28:6
39,10,4,39:10:4,ءَامَنُوا@,'aAmanuwA@,'aAmana,ءَامَنَ,V,يَٰعِبَادِ ٱلَّذِينَ ءَامَنُوا@ ٱتَّقُوا@ رَبَّكُمْ,39:10:2 39:10:3 39:10:4 39:10:5 39:10:6
39,45,9,39:45:9,يُؤْمِنُونَ,yu&ominuwna,'aAmana,ءَامَنَ,V,ٱلَّذِينَ لَا يُؤْمِنُونَ بِٱلْءَاخِرَةِ وَإِذَا,39:45:7 39:45:8 39:45:9 39:45:10 39:45:11
39,52,15,39:52:15,يُؤْمِنُونَ,yu&ominuwna,'aAmana,ءَامَنَ,V,لَءَايَٰتٍ لِّقَوْمٍ يُؤْمِنُونَ,39:52:13 39:52:14 39:52:15
40,7,9,40:7:9,وَيُؤْمِنُونَ,wayu&ominuwna,'aAmana,ءَامَنَ,V,بِحَمْدِ رَبِّهِمْ وَيُؤْمِنُونَ بِهِ. وَيَسْتَغْفِرُونَ,40:7:7 40:7:8 40:7:9 40:7:10 40:7:11
40,7,13,40:7:13,ءَامَنُوا@,'aAmanuwA@,'aAmana,ءَامَنَ,V,وَيَسْتَغْفِرُونَ لِلَّذِينَ ءَامَنُوا@ رَبَّنَا وَسِعْتَ,40:7:11 40:7:12 40:7:13 40:7:14 40:7:15
40,10,14,40:10:14,ٱلْإِيمَٰنِ,{lo<iyma`ni,<iyma`n,إِيمَٰن,N,تُدْعَوْنَ إِلَى ٱلْإِيمَٰنِ فَتَكْفُرُونَ,40:10:12 40:10:13 40:10:14 40:10:15
40,12,11,40:12:11,تُؤْمِنُوا@,tu&ominuwA@,'aAmana,ءَامَنَ,V,يُشْرَكْ بِهِ. تُؤْمِنُوا@ فَٱلْحُكْمُ لِلَّهِ,40:12:9 40:12:10 40:12:11 40:12:12 40:12:13
40,25,10,40:25:10,ءَامَنُوا@,'aAmanuwA@,'aAmana,ءَامَنَ,V,"أَبْنَا^ءَ ٱلَّذِينَ ءَامَنُوا@ مَعَهُ, وَٱسْتَحْيُوا@",40:25:8 40:25:9 40:25:10 40:25:11 40:25:12
40,27,11,40:27:11,يُؤْمِنُ,yu&ominu,'aAmana,ءَامَنَ,V,مُتَكَبِّرٍ لَّا يُؤْمِنُ بِيَوْمِ ٱلْحِسَابِ,40:27:9 40:27:10 40:27:11 40:27:12 40:27:13
40,28,3,40:28:3,مُّؤْمِنٌ,m~u&ominN,mu&omin,مُؤْمِن,N,وَقَالَ رَجُلٌ مُّؤْمِنٌ مِّنْ ءَالِ,40:28:1 40:28:2 40:28:3 40:28:4 40:28:5
40,28,8,40:28:8,"إِيمَٰنَهُ,^","<iyma`nahu,^",<iyma`n,إِيمَٰن,N,"فِرْعَوْنَ يَكْتُمُ إِيمَٰنَهُ,^ أَتَقْتُلُونَ رَجُلًا",40:28:6 40:28:7 40:28:8 40:28:9 40:28:10
40,30,3,40:30:3,ءَامَنَ,'aAmana,'aAmana,ءَامَنَ,V,وَقَالَ ٱلَّذِى^ ءَامَنَ يَٰقَوْمِ إِنِّى^,40:30:1 40:30:2 40:30:3 40:30:4 40:30:5
40,35,15,40:35:15,ءَامَنُوا@,'aAmanuwA@,'aAmana,ءَامَنَ,V,وَعِندَ ٱلَّذِينَ ءَامَنُوا@ كَذَٰلِكَ يَطْبَعُ,40:35:13 40:35:14 40:35:15 40:35:16 40:35:17
40,38,3,40:38:3,ءَامَنَ,'aAmana,'aAmana,ءَامَنَ,V,وَقَالَ ٱلَّذِى^ ءَامَنَ يَٰقَوْمِ ٱتَّبِعُونِ,40:38:1 40:38:2 40:38:3 40:38:4 40:38:5
40,40,16,40:40:16,مُؤْمِنٌ,mu&ominN,mu&omin,مُؤْمِن,N,أُنثَىٰ وَهُوَ مُؤْمِنٌ فَأُو@لَٰ^ئِكَ يَدْخُلُونَ,40:40:14 40:40:15 40:40:16 40:40:17 40:40:18
40,51,5,40:51:5,ءَامَنُوا@,'aAmanuwA@,'aAmana,ءَامَنَ,V,رُسُلَنَا وَٱلَّذِينَ ءَامَنُوا@ فِى ٱلْحَيَوٰةِ,40:51:3 40:51:4 40:51:5 40:51:6 40:51:7
40,58,6,40:58:6,ءَامَنُوا@,'aAmanuwA@,'aAmana,ءَامَنَ,V,وَٱلْبَصِيرُ وَٱلَّذِينَ ءَامَنُوا@ وَعَمِلُوا@ ٱلصَّٰلِحَٰتِ,40:58:4 40:58:5 40:58:6 40:58:7 40:58:8
40,59,11,40:59:11,يُؤْمِنُونَ,yu&ominuwna,'aAmana,ءَامَنَ,V,ٱلنَّاسِ لَا يُؤْمِنُونَ,40:59:9 40:59:10 40:59:11
40,84,5,40:84:5,ءَامَنَّا,'aAman~aA,'aAmana,ءَامَنَ,V,"بَأْسَنَا قَالُو^ا@ ءَامَنَّا بِٱللَّهِ وَحْدَهُ,",40:84:3 40:84:4 40:84:5 40:84:6 40:84:7
40,85,4,40:85:4,إِيمَٰنُهُمْ,<iyma`nuhumo,<iyma`n,إِيمَٰن,N,يَكُ يَنفَعُهُمْ إِيمَٰنُهُمْ لَمَّا رَأَوْا@,40:85:2 40:85:3 40:85:4 40:85:5 40:85:6
41,8,3,41:8:3,ءَامَنُوا@,'aAmanuwA@,'aAmana,ءَامَنَ,V,إِنَّ ٱلَّذِينَ ءَامَنُوا@ وَعَمِلُوا@ ٱلصَّٰلِحَٰتِ,41:8:1 41:8:2 41:8:3 41:8:4 41:8:5
41,18,3,41:18:3,ءَامَنُوا@,'aAmanuwA@,'aAmana,ءَامَنَ,V,وَنَجَّيْنَا ٱلَّذِينَ ءَامَنُوا@ وَكَانُوا@ يَتَّقُونَ,41:18:1 41:18:2 41:18:3 41:18:4 41:18:5
41,40,17,41:40:17,ءَامِنًا,'aAminFA,'aAmin,ءَامِن,N,مَّن يَأْتِى^ ءَامِنًا يَوْمَ ٱلْقِيَٰمَةِ,41:40:15 41:40:16 41:40:17 41:40:18 41:40:19
41,44,14,41:44:14,ءَامَنُوا@,'aAmanuwA@,'aAmana,ءَامَنَ,V,هُوَ لِلَّذِينَ ءَامَنُوا@ هُدًى وَشِفَا^ءٌ,41:44:12 41:44:13 41:44:14 41:44:15 41:44:16
41,44,19,41:44:19,يُؤْمِنُونَ,yu&ominuwna,'aAmana,ءَامَنَ,V,وَٱلَّذِينَ لَا يُؤْمِنُونَ فِى^ ءَاذَانِهِمْ,41:44:17 41:44:18 41:44:19 41:44:20 41:44:21
42,15,10,42:15:10,ءَامَنتُ,'aAmantu,'aAmana,ءَامَنَ,V,أَهْوَا^ءَهُمْ وَقُلْ ءَامَنتُ بِمَا^ أَنزَلَ,42:15:8 42:15:9 42:15:10 42:15:11 42:15:12
42,18,5,42:18:5,يُؤْمِنُونَ,yu&ominuwna,'aAmana,ءَامَنَ,V,ٱلَّذِينَ لَا يُؤْمِنُونَ بِهَا وَٱلَّذِينَ,42:18:3 42:18:4 42:18:5 42:18:6 42:18:7
42,18,8,42:18:8,ءَامَنُوا@,'aAmanuwA@,'aAmana,ءَامَنَ,V,بِهَا وَٱلَّذِينَ ءَامَنُوا@ مُشْفِقُونَ مِنْهَا,42:18:6 42:18:7 42:18:8 42:18:9 42:18:10
42,22,10,42:22:10,ءَامَنُوا@,'aAmanuwA@,'aAmana,ءَامَنَ,V,بِهِمْ وَٱلَّذِينَ ءَامَنُوا@ وَعَمِلُوا@ ٱلصَّٰلِحَٰتِ,42:22:8 42:22:9 42:22:10 42:22:11 42:22:12
42,23,7,42:23:7,ءَامَنُوا@,'aAmanuwA@,'aAmana,ءَامَنَ,V,عِبَادَهُ ٱلَّذِينَ ءَامَنُوا@ وَعَمِلُوا@ ٱلصَّٰلِحَٰتِ,42:23:5 42:23:6 42:23:7 42:23:8 42:23:9
42,26,3,42:26:3,ءَامَنُوا@,'aAmanuwA@,'aAmana,ءَامَنَ,V,وَيَسْتَجِيبُ ٱلَّذِينَ ءَامَنُوا@ وَعَمِلُوا@ ٱلصَّٰلِحَٰتِ,42:26:1 42:26:2 42:26:3 42:26:4 42:26:5
42,36,14,42:36:14,ءَامَنُوا@,'aAmanuwA@,'aAmana,ءَامَنَ,V,وَأَبْقَىٰ لِلَّذِينَ ءَامَنُوا@ وَعَلَىٰ رَبِّهِمْ,42:36:12 42:36:13 42:36:14 42:36:15 42:36:16
42,45,13,42:45:13,ءَامَنُو^ا@,'aAmanuw^A@,'aAmana,ءَامَنَ,V,وَقَالَ ٱلَّذِينَ ءَامَنُو^ا@ إِنَّ ٱلْخَٰسِرِينَ,42:45:11 42:45:12 42:45:13 42:45:14 42:45:15
42,52,13,42:52:13,ٱلْإِيمَٰنُ,{lo<iyma`nu,<iyma`n,إِيمَٰن,N,ٱلْكِتَٰبُ وَلَا ٱلْإِيمَٰنُ وَلَٰكِن جَعَلْنَٰهُ,42:52:11 42:52:12 42:52:13 42:52:14 42:52:15
43,69,2,43:69:2,ءَامَنُوا@,'aAmanuwA@,'aAmana,ءَامَنَ,V,ٱلَّذِينَ ءَامَنُوا@ بِـ#َايَٰتِنَا وَكَانُوا@,43:69:1 43:69:2 43:69:3 43:69:4
43,88,7,43:88:7,يُؤْمِنُونَ,yu&ominuwna,'aAmana,ءَامَنَ,V,قَوْمٌ لَّا يُؤْمِنُونَ,43:88:5 43:88:6 43:88:7
44,12,6,44:12:6,مُؤْمِنُونَ,mu&ominuwna,mu&omin,مُؤْمِن,N,ٱلْعَذَابَ إِنَّا مُؤْمِنُونَ,44:12:4 44:12:5 44:12:6
44,18,9,44:18:9,أَمِينٌ,>amiynN,>amiyn,أَمِين,ADJ,لَكُمْ رَسُولٌ أَمِينٌ,44:18:7 44:18:8 44:18:9
44,21,3,44:21:3,تُؤْمِنُوا@,tu&ominuwA@,'aAmana,ءَامَنَ,V,وَإِن لَّمْ تُؤْمِنُوا@ لِى فَٱعْتَزِلُونِ,44:21:1 44:21:2 44:21:3 44:21:4 44:21:5
44,51,5,44:51:5,أَمِينٍ,>amiynK,>amiyn,أَمِين,ADJ,فِى مَقَامٍ أَمِينٍ,44:51:3 44:51:4 44:51:5
44,55,5,44:55:5,ءَامِنِينَ,'aAminiyna,'aAminiyn,ءَامِنِين,N,بِكُلِّ فَٰكِهَةٍ ءَامِنِينَ,44:55:3 44:55:4 44:55:5
45,3,6,45:3:6,لِّلْمُؤْمِنِينَ,l~ilomu&ominiyna,mu&omin,مُؤْمِن,N,وَٱلْأَرْضِ لَءَايَٰتٍ لِّلْمُؤْمِنِينَ,45:3:4 45:3:5 45:3:6
45,6,12,45:6:12,يُؤْمِنُونَ,yu&ominuwna,'aAmana,ءَامَنَ,V,ٱللَّهِ وَءَايَٰتِهِ. يُؤْمِنُونَ,45:6:10 45:6:11 45:6:12
45,14,3,45:14:3,ءَامَنُوا@,'aAmanuwA@,'aAmana,ءَامَنَ,V,قُل لِّلَّذِينَ ءَامَنُوا@ يَغْفِرُوا@ لِلَّذِينَ,45:14:1 45:14:2 45:14:3 45:14:4 45:14:5
45,21,9,45:21:9,ءَامَنُوا@,'aAmanuwA@,'aAmana,ءَامَنَ,V,نَّجْعَلَهُمْ كَٱلَّذِينَ ءَامَنُوا@ وَعَمِلُوا@ ٱلصَّٰلِحَٰتِ,45:21:7 45:21:8 45:21:9 45:21:10 45:21:11
45,30,3,45:30:3,ءَامَنُوا@,'aAmanuwA@,'aAmana,ءَامَنَ,V,فَأَمَّا ٱلَّذِينَ ءَامَنُوا@ وَعَمِلُوا@ ٱلصَّٰلِحَٰتِ,45:30:1 45:30:2 45:30:3 45:30:4 45:30:5
46,10,17,46:10:17,فَـ#َامَنَ,fa_#aAmana,'aAmana,ءَامَنَ,V,عَلَىٰ مِثْلِهِ. فَـ#َامَنَ وَٱسْتَكْبَرْتُمْ إِنَّ,46:10:15 46:10:16 46:10:17 46:10:18 46:10:19
46,11,5,46:11:5,ءَامَنُوا@,'aAmanuwA@,'aAmana,ءَامَنَ,V,كَفَرُوا@ لِلَّذِينَ ءَامَنُوا@ لَوْ كَانَ,46:11:3 46:11:4 46:11:5 46:11:6 46:11:7
46,17,18,46:17:18,ءَامِنْ,'aAmino,'aAmana,ءَامَنَ,V,ٱللَّهَ وَيْلَكَ ءَامِنْ إِنَّ وَعْدَ,46:17:16 46:17:17 46:17:18 46:17:19 46:17:20
46,31,5,46:31:5,وَءَامِنُوا@,wa'aAminuwA@,'aAmana,ءَامَنَ,V,دَاعِىَ ٱللَّهِ وَءَامِنُوا@ بِهِ. يَغْفِرْ,46:31:3 46:31:4 46:31:5 46:31:6 46:31:7
47,2,2,47:2:2,ءَامَنُوا@,'aAmanuwA@,'aAmana,ءَامَنَ,V,وَٱلَّذِينَ ءَامَنُوا@ وَعَمِلُوا@ ٱلصَّٰلِحَٰتِ,47:2:1 47:2:2 47:2:3 47:2:4
47,2,5,47:2:5,وَءَامَنُوا@,wa'aAmanuwA@,'aAmana,ءَامَنَ,V,وَعَمِلُوا@ ٱلصَّٰلِحَٰتِ وَءَامَنُوا@ بِمَا نُزِّلَ,47:2:3 47:2:4 47:2:5 47:2:6 47:2:7
47,3,9,47:3:9,ءَامَنُوا@,'aAmanuwA@,'aAmana,ءَامَنَ,V,وَأَنَّ ٱلَّذِينَ ءَامَنُوا@ ٱتَّبَعُوا@ ٱلْحَقَّ,47:3:7 47:3:8 47:3:9 47:3:10 47:3:11
47,7,3,47:7:3,ءَامَنُو^ا@,'aAmanuw^A@,'aAmana,ءَامَنَ,V,يَٰ^أَيُّهَا ٱلَّذِينَ ءَامَنُو^ا@ إِن تَنصُرُوا@,47:7:1 47:7:2 47:7:3 47:7:4 47:7:5
47,11,6,47:11:6,ءَامَنُوا@,'aAmanuwA@,'aAmana,ءَامَنَ,V,مَوْلَى ٱلَّذِينَ ءَامَنُوا@ وَأَنَّ ٱلْكَٰفِرِينَ,47:11:4 47:11:5 47:11:6 47:11:7 47:11:8
47,12,5,47:12:5,ءَامَنُوا@,'aAmanuwA@,'aAmana,ءَامَنَ,V,يُدْخِلُ ٱلَّذِينَ ءَامَنُوا@ وَعَمِلُوا@ ٱلصَّٰلِحَٰتِ,47:12:3 47:12:4 47:12:5 47:12:6 47:12:7
47,19,9,47:19:9,وَلِلْمُؤْمِنِينَ,walilomu&ominiyna,mu&omin,مُؤْمِن,N,وَٱسْتَغْفِرْ لِذَن[بِكَ وَلِلْمُؤْمِنِينَ وَٱلْمُؤْمِنَٰتِ وَٱللَّهُ,47:19:7 47:19:8 47:19:9 47:19:10 47:19:11
47,19,10,47:19:10,وَٱلْمُؤْمِنَٰتِ,wa{lomu&omina`ti,m~u&omina`t,مُّؤْمِنَٰت,N,لِذَن[بِكَ وَلِلْمُؤْمِنِينَ وَٱلْمُؤْمِنَٰتِ وَٱللَّهُ يَعْلَمُ,47:19:8 47:19:9 47:19:10 47:19:11 47:19:12
47,20,3,47:20:3,ءَامَنُوا@,'aAmanuwA@,'aAmana,ءَامَنَ,V,وَيَقُولُ ٱلَّذِينَ ءَامَنُوا@ لَوْلَا نُزِّلَتْ,47:20:1 47:20:2 47:20:3 47:20:4 47:20:5
47,33,3,47:33:3,ءَامَنُو^ا@,'aAmanuw^A@,'aAmana,ءَامَنَ,V,يَٰ^أَيُّهَا ٱلَّذِينَ ءَامَنُو^ا@ أَطِيعُوا@ ٱللَّهَ,47:33:1 47:33:2 47:33:3 47:33:4 47:33:5
47,36,7,47:36:7,تُؤْمِنُوا@,tu&ominuwA@,'aAmana,ءَامَنَ,V,وَلَهْوٌ وَإِن تُؤْمِنُوا@ وَتَتَّقُوا@ يُؤْتِكُمْ,47:36:5 47:36:6 47:36:7 47:36:8 47:36:9
48,4,7,48:4:7,ٱلْمُؤْمِنِينَ,{lomu&ominiyna,mu&omin,مُؤْمِن,N,فِى قُلُوبِ ٱلْمُؤْمِنِينَ لِيَزْدَادُو^ا@ إِيمَٰنًا,48:4:5 48:4:6 48:4:7 48:4:8 48:4:9
48,4,9,48:4:9,إِيمَٰنًا,<iyma`nFA,<iyma`n,إِيمَٰن,N,ٱلْمُؤْمِنِينَ لِيَزْدَادُو^ا@ إِيمَٰنًا مَّعَ إِيمَٰنِهِمْ,48:4:7 48:4:8 48:4:9 48:4:10 48:4:11
48,4,11,48:4:11,إِيمَٰنِهِمْ,<iyma`nihimo,<iyma`n,إِيمَٰن,N,إِيمَٰنًا مَّعَ إِيمَٰنِهِمْ وَلِلَّهِ جُنُودُ,48:4:9 48:4:10 48:4:11 48:4:12 48:4:13
48,5,2,48:5:2,ٱلْمُؤْمِنِينَ,{lomu&ominiyna,mu&omin,مُؤْمِن,N,لِّيُدْخِلَ ٱلْمُؤْمِنِينَ وَٱلْمُؤْمِنَٰتِ جَنَّٰتٍ,48:5:1 48:5:2 48:5:3 48:5:4
48,5,3,48:5:3,وَٱلْمُؤْمِنَٰتِ,wa{lomu&omina`ti,m~u&omina`t,مُّؤْمِنَٰت,N,لِّيُدْخِلَ ٱلْمُؤْمِنِينَ وَٱلْمُؤْمِنَٰتِ جَنَّٰتٍ تَجْرِى,48:5:1 48:5:2 48:5:3 48:5:4 48:5:5
48,9,1,48:9:1,لِّتُؤْمِنُوا@,l~itu&ominuwA@,'aAmana,ءَامَنَ,V,لِّتُؤْمِنُوا@ بِٱللَّهِ وَرَسُولِهِ.,48:9:1 48:9:2 48:9:3
48,12,7,48:12:7,وَٱلْمُؤْمِنُونَ,wa{lomu&ominuwna,mu&omin,مُؤْمِن,N,يَنقَلِبَ ٱلرَّسُولُ وَٱلْمُؤْمِنُونَ إِلَىٰ^ أَهْلِيهِمْ,48:12:5 48:12:6 48:12:7 48:12:8 48:12:9
48,13,3,48:13:3,يُؤْمِن[,yu&omin[,'aAmana,ءَامَنَ,V,وَمَن لَّمْ يُؤْمِن[ بِٱللَّهِ وَرَسُولِهِ.,48:13:1 48:13:2 48:13:3 48:13:4 48:13:5
48,18,5,48:18:5,ٱلْمُؤْمِنِينَ,{lomu&ominiyna,mu&omin,مُؤْمِن,N,ٱللَّهُ عَنِ ٱلْمُؤْمِنِينَ إِذْ يُبَايِعُونَكَ,48:18:3 48:18:4 48:18:5 48:18:6 48:18:7
48,20,15,48:20:15,لِّلْمُؤْمِنِينَ,l~ilomu&ominiyna,mu&omin,مُؤْمِن,N,وَلِتَكُونَ ءَايَةً لِّلْمُؤْمِنِينَ وَيَهْدِيَكُمْ صِرَٰطًا,48:20:13 48:20:14 48:20:15 48:20:16 48:20:17
48,25,15,48:25:15,مُّؤْمِنُونَ,m~u&ominuwna,mu&omin,مُؤْمِن,N,وَلَوْلَا رِجَالٌ مُّؤْمِنُونَ وَنِسَا^ءٌ مُّؤْمِنَٰتٌ,48:25:13 48:25:14 48:25:15 48:25:16 48:25:17
48,25,17,48:25:17,مُّؤْمِنَٰتٌ,m~u&omina`tN,m~u&omina`t,مُّؤْمِنَٰت,N,مُّؤْمِنُونَ وَنِسَا^ءٌ مُّؤْمِنَٰتٌ لَّمْ تَعْلَمُوهُمْ,48:25:15 48:25:16 48:25:17 48:25:18 48:25:19
48,26,16,48:26:16,ٱلْمُؤْمِنِينَ,{lomu&ominiyna,mu&omin,مُؤْمِن,N,رَسُولِهِ. وَعَلَى ٱلْمُؤْمِنِينَ وَأَلْزَمَهُمْ كَلِمَةَ,48:26:14 48:26:15 48:26:16 48:26:17 48:26:18
48,27,13,48:27:13,ءَامِنِينَ,'aAminiyna,'aAminiyn,ءَامِنِين,N,شَا^ءَ ٱللَّهُ ءَامِنِينَ مُحَلِّقِينَ رُءُوسَكُمْ,48:27:11 48:27:12 48:27:13 48:27:14 48:27:15
48,29,48,48:29:48,ءَامَنُوا@,'aAmanuwA@,'aAmana,ءَامَنَ,V,ٱللَّهُ ٱلَّذِينَ ءَامَنُوا@ وَعَمِلُوا@ ٱلصَّٰلِحَٰتِ,48:29:46 48:29:47 48:29:48 48:29:49 48:29:50
49,1,3,49:1:3,ءَامَنُوا@,'aAmanuwA@,'aAmana,ءَامَنَ,V,يَٰ^أَيُّهَا ٱلَّذِينَ ءَامَنُوا@ لَا تُقَدِّمُوا@,49:1:1 49:1:2 49:1:3 49:1:4 49:1:5
49,2,3,49:2:3,ءَامَنُوا@,'aAmanuwA@,'aAmana,ءَامَنَ,V,يَٰ^أَيُّهَا ٱلَّذِينَ ءَامَنُوا@ لَا تَرْفَعُو^ا@,49:2:1 49:2:2 49:2:3 49:2:4 49:2:5
49,6,3,49:6:3,ءَامَنُو^ا@,'aAmanuw^A@,'aAmana,ءَامَنَ,V,يَٰ^أَيُّهَا ٱلَّذِينَ ءَامَنُو^ا@ إِن جَا^ءَكُمْ,49:6:1 49:6:2 49:6:3 49:6:4 49:6:5
49,7,17,49:7:17,ٱلْإِيمَٰنَ,{lo<iyma`na,<iyma`n,إِيمَٰن,N,"حَبَّبَ إِلَيْكُمُ ٱلْإِيمَٰنَ وَزَيَّنَهُ, فِى",49:7:15 49:7:16 49:7:17 49:7:18 49:7:19
49,9,4,49:9:4,ٱلْمُؤْمِنِينَ,{lomu&ominiyna,mu&omin,مُؤْمِن,N,طَا^ئِفَتَانِ مِنَ ٱلْمُؤْمِنِينَ ٱقْتَتَلُوا@ فَأَصْلِحُوا@,49:9:2 49:9:3 49:9:4 49:9:5 49:9:6
49,10,2,49:10:2,ٱلْمُؤْمِنُونَ,{lomu&ominuwna,mu&omin,مُؤْمِن,N,إِنَّمَا ٱلْمُؤْمِنُونَ إِخْوَةٌ فَأَصْلِحُوا@,49:10:1 49:10:2 49:10:3 49:10:4
49,11,3,49:11:3,ءَامَنُوا@,'aAmanuwA@,'aAmana,ءَامَنَ,V,يَٰ^أَيُّهَا ٱلَّذِينَ ءَامَنُوا@ لَا يَسْخَرْ,49:11:1 49:11:2 49:11:3 49:11:4 49:11:5
49,11,33,49:11:33,ٱلْإِيمَٰنِ,{lo<iyma`ni,<iyma`n,إِيمَٰن,N,ٱلْفُسُوقُ بَعْدَ ٱلْإِيمَٰنِ وَمَن لَّمْ,49:11:31 49:11:32 49:11:33 49:11:34 49:11:35
49,12,3,49:12:3,ءَامَنُوا@,'aAmanuwA@,'aAmana,ءَامَنَ,V,يَٰ^أَيُّهَا ٱلَّذِينَ ءَامَنُوا@ ٱجْتَنِبُوا@ كَثِيرًا,49:12:1 49:12:2 49:12:3 49:12:4 49:12:5
49,14,3,49:14:3,ءَامَنَّا,'aAman~aA,'aAmana,ءَامَنَ,V,قَالَتِ ٱلْأَعْرَابُ ءَامَنَّا قُل لَّمْ,49:14:1 49:14:2 49:14:3 49:14:4 49:14:5
49,14,6,49:14:6,تُؤْمِنُوا@,tu&ominuwA@,'aAmana,ءَامَنَ,V,قُل لَّمْ تُؤْمِنُوا@ وَلَٰكِن قُولُو^ا@,49:14:4 49:14:5 49:14:6 49:14:7 49:14:8
49,14,12,49:14:12,ٱلْإِيمَٰنُ,{lo<iyma`nu,<iyma`n,إِيمَٰن,N,وَلَمَّا يَدْخُلِ ٱلْإِيمَٰنُ فِى قُلُوبِكُمْ,49:14:10 49:14:11 49:14:12 49:14:13 49:14:14
49,15,2,49:15:2,ٱلْمُؤْمِنُونَ,{lomu&ominuwna,mu&omin,مُؤْمِن,N,إِنَّمَا ٱلْمُؤْمِنُونَ ٱلَّذِينَ ءَامَنُوا@,49:15:1 49:15:2 49:15:3 49:15:4
49,15,4,49:15:4,ءَامَنُوا@,'aAmanuwA@,'aAmana,ءَامَنَ,V,ٱلْمُؤْمِنُونَ ٱلَّذِينَ ءَامَنُوا@ بِٱللَّهِ وَرَسُولِهِ.,49:15:2 49:15:3 49:15:4 49:15:5 49:15:6
49,17,16,49:17:16,لِلْإِيمَٰنِ,lilo<iyma`ni,<iyma`n,إِيمَٰن,N,أَنْ هَدَىٰكُمْ لِلْإِيمَٰنِ إِن كُنتُمْ,49:17:14 49:17:15 49:17:16 49:17:17 49:17:18
51,35,6,51:35:6,ٱلْمُؤْمِنِينَ,{lomu&ominiyna,mu&omin,مُؤْمِن,N,فِيهَا مِنَ ٱلْمُؤْمِنِينَ,51:35:4 51:35:5 51:35:6
51,55,5,51:55:5,ٱلْمُؤْمِنِينَ,{lomu&ominiyna,mu&omin,مُؤْمِن,N,ٱلذِّكْرَىٰ تَنفَعُ ٱلْمُؤْمِنِينَ,51:55:3 51:55:4 51:55:5
52,21,2,52:21:2,ءَامَنُوا@,'aAmanuwA@,'aAmana,ءَامَنَ,V,وَٱلَّذِينَ ءَامَنُوا@ وَٱتَّبَعَتْهُمْ ذُرِّيَّتُهُم,52:21:1 52:21:2 52:21:3 52:21:4
52,21,5,52:21:5,بِإِيمَٰنٍ,bi<iyma`nK,<iyma`n,إِيمَٰن,N,وَٱتَّبَعَتْهُمْ ذُرِّيَّتُهُم بِإِيمَٰنٍ أَلْحَقْنَا بِهِمْ,52:21:3 52:21:4 52:21:5 52:21:6 52:21:7
52,33,6,52:33:6,يُؤْمِنُونَ,yu&ominuwna,'aAmana,ءَامَنَ,V,بَل لَّا يُؤْمِنُونَ,52:33:4 52:33:5 52:33:6
53,27,4,53:27:4,يُؤْمِنُونَ,yu&ominuwna,'aAmana,ءَامَنَ,V,ٱلَّذِينَ لَا يُؤْمِنُونَ بِٱلْءَاخِرَةِ لَيُسَمُّونَ,53:27:2 53:27:3 53:27:4 53:27:5 53:27:6
57,7,1,57:7:1,ءَامِنُوا@,'aAminuwA@,'aAmana,ءَامَنَ,V,ءَامِنُوا@ بِٱللَّهِ وَرَسُولِهِ.,57:7:1 57:7:2 57:7:3
57,7,10,57:7:10,ءَامَنُوا@,'aAmanuwA@,'aAmana,ءَامَنَ,V,فِيهِ فَٱلَّذِينَ ءَامَنُوا@ مِنكُمْ وَأَنفَقُوا@,57:7:8 57:7:9 57:7:10 57:7:11 57:7:12
57,8,4,57:8:4,تُؤْمِنُونَ,tu&ominuwna,'aAmana,ءَامَنَ,V,لَكُمْ لَا تُؤْمِنُونَ بِٱللَّهِ وَٱلرَّسُولُ,57:8:2 57:8:3 57:8:4 57:8:5 57:8:6
57,8,8,57:8:8,لِتُؤْمِنُوا@,litu&ominuwA@,'aAmana,ءَامَنَ,V,وَٱلرَّسُولُ يَدْعُوكُمْ لِتُؤْمِنُوا@ بِرَبِّكُمْ وَقَدْ,57:8:6 57:8:7 57:8:8 57:8:9 57:8:10
57,8,15,57:8:15,مُّؤْمِنِينَ,m~u&ominiyna,mu&omin,مُؤْمِن,N,إِن كُنتُم مُّؤْمِنِينَ,57:8:13 57:8:14 57:8:15
57,12,3,57:12:3,ٱلْمُؤْمِنِينَ,{lomu&ominiyna,mu&omin,مُؤْمِن,N,يَوْمَ تَرَى ٱلْمُؤْمِنِينَ وَٱلْمُؤْمِنَٰتِ يَسْعَىٰ,57:12:1 57:12:2 57:12:3 57:12:4 57:12:5
57,12,4,57:12:4,وَٱلْمُؤْمِنَٰتِ,wa{lomu&omina`ti,m~u&omina`t,مُّؤْمِنَٰت,N,تَرَى ٱلْمُؤْمِنِينَ وَٱلْمُؤْمِنَٰتِ يَسْعَىٰ نُورُهُم,57:12:2 57:12:3 57:12:4 57:12:5 57:12:6
57,13,6,57:13:6,ءَامَنُوا@,'aAmanuwA@,'aAmana,ءَامَنَ,V,وَٱلْمُنَٰفِقَٰتُ لِلَّذِينَ ءَامَنُوا@ ٱنظُرُونَا نَقْتَبِسْ,57:13:4 57:13:5 57:13:6 57:13:7 57:13:8
57,16,4,57:16:4,ءَامَنُو^ا@,'aAmanuw^A@,'aAmana,ءَامَنَ,V,يَأْنِ لِلَّذِينَ ءَامَنُو^ا@ أَن تَخْشَعَ,57:16:2 57:16:3 57:16:4 57:16:5 57:16:6
57,19,2,57:19:2,ءَامَنُوا@,'aAmanuwA@,'aAmana,ءَامَنَ,V,وَٱلَّذِينَ ءَامَنُوا@ بِٱللَّهِ وَرُسُلِهِ.^,57:19:1 57:19:2 57:19:3 57:19:4
57,21,13,57:21:13,ءَامَنُوا@,'aAmanuwA@,'aAmana,ءَامَنَ,V,أُعِدَّتْ لِلَّذِينَ ءَامَنُوا@ بِٱللَّهِ وَرُسُلِهِ.,57:21:11 57:21:12 57:21:13 57:21:14 57:21:15
57,27,34,57:27:34,ءَامَنُوا@,'aAmanuwA@,'aAmana,ءَامَنَ,V,فَـ#َاتَيْنَا ٱلَّذِينَ ءَامَنُوا@ مِنْهُمْ أَجْرَهُمْ,57:27:32 57:27:33 57:27:34 57:27:35 57:27:36
57,28,3,57:28:3,ءَامَنُوا@,'aAmanuwA@,'aAmana,ءَامَنَ,V,يَٰ^أَيُّهَا ٱلَّذِينَ ءَامَنُوا@ ٱتَّقُوا@ ٱللَّهَ,57:28:1 57:28:2 57:28:3 57:28:4 57:28:5
57,28,6,57:28:6,وَءَامِنُوا@,wa'aAminuwA@,'aAmana,ءَامَنَ,V,ٱتَّقُوا@ ٱللَّهَ وَءَامِنُوا@ بِرَسُولِهِ. يُؤْتِكُمْ,57:28:4 57:28:5 57:28:6 57:28:7 57:28:8
58,4,18,58:4:18,لِتُؤْمِنُوا@,litu&ominuwA@,'aAmana,ءَامَنَ,V,مِسْكِينًا ذَٰلِكَ لِتُؤْمِنُوا@ بِٱللَّهِ وَرَسُولِهِ.,58:4:16 58:4:17 58:4:18 58:4:19 58:4:20
58,9,3,58:9:3,ءَامَنُو^ا@,'aAmanuw^A@,'aAmana,ءَامَنَ,V,يَٰ^أَيُّهَا ٱلَّذِينَ ءَامَنُو^ا@ إِذَا تَنَٰجَيْتُمْ,58:9:1 58:9:2 58:9:3 58:9:4 58:9:5
58,10,7,58:10:7,ءَامَنُوا@,'aAmanuwA@,'aAmana,ءَامَنَ,V,لِيَحْزُنَ ٱلَّذِينَ ءَامَنُوا@ وَلَيْسَ بِضَا^رِّهِمْ,58:10:5 58:10:6 58:10:7 58:10:8 58:10:9
58,10,17,58:10:17,ٱلْمُؤْمِنُونَ,{lomu&ominuwna,mu&omin,مُؤْمِن,N,ٱللَّهِ فَلْيَتَوَكَّلِ ٱلْمُؤْمِنُونَ,58:10:15 58:10:16 58:10:17
58,11,3,58:11:3,ءَامَنُو^ا@,'aAmanuw^A@,'aAmana,ءَامَنَ,V,يَٰ^أَيُّهَا ٱلَّذِينَ ءَامَنُو^ا@ إِذَا قِيلَ,58:11:1 58:11:2 58:11:3 58:11:4 58:11:5
58,11,21,58:11:21,ءَامَنُوا@,'aAmanuwA@,'aAmana,ءَامَنَ,V,ٱللَّهُ ٱلَّذِينَ ءَامَنُوا@ مِنكُمْ وَٱلَّذِينَ,58:11:19 58:11:20 58:11:21 58:11:22 58:11:23
58,12,3,58:12:3,ءَامَنُو^ا@,'aAmanuw^A@,'aAmana,ءَامَنَ,V,يَٰ^أَيُّهَا ٱلَّذِينَ ءَامَنُو^ا@ إِذَا نَٰجَيْتُمُ,58:12:1 58:12:2 58:12:3 58:12:4 58:12:5
58,22,4,58:22:4,يُؤْمِنُونَ,yu&ominuwna,'aAmana,ءَامَنَ,V,تَجِدُ قَوْمًا يُؤْمِنُونَ بِٱللَّهِ وَٱلْيَوْمِ,58:22:2 58:22:3 58:22:4 58:22:5 58:22:6
58,22,26,58:22:26,ٱلْإِيمَٰنَ,{lo<iyma`na,<iyma`n,إِيمَٰن,N,فِى قُلُوبِهِمُ ٱلْإِيمَٰنَ وَأَيَّدَهُم بِرُوحٍ,58:22:24 58:22:25 58:22:26 58:22:27 58:22:28
59,2,37,59:2:37,ٱلْمُؤْمِنِينَ,{lomu&ominiyna,mu&omin,مُؤْمِن,N,بِأَيْدِيهِمْ وَأَيْدِى ٱلْمُؤْمِنِينَ فَٱعْتَبِرُوا@ يَٰ^أُو@لِى,59:2:35 59:2:36 59:2:37 59:2:38 59:2:39
59,9,4,59:9:4,وَٱلْإِيمَٰنَ,wa{lo<iyma`na,<iyma`n,إِيمَٰن,N,تَبَوَّءُو ٱلدَّارَ وَٱلْإِيمَٰنَ مِن قَبْلِهِمْ,59:9:2 59:9:3 59:9:4 59:9:5 59:9:6
59,10,12,59:10:12,بِٱلْإِيمَٰنِ,bi{lo<iyma`ni,<iyma`n,إِيمَٰن,N,ٱلَّذِينَ سَبَقُونَا بِٱلْإِيمَٰنِ وَلَا تَجْعَلْ,59:10:10 59:10:11 59:10:12 59:10:13 59:10:14
59,10,19,59:10:19,ءَامَنُوا@,'aAmanuwA@,'aAmana,ءَامَنَ,V,غِلًّا لِّلَّذِينَ ءَامَنُوا@ رَبَّنَا^ إِنَّكَ,59:10:17 59:10:18 59:10:19 59:10:20 59:10:21
59,18,3,59:18:3,ءَامَنُوا@,'aAmanuwA@,'aAmana,ءَامَنَ,V,يَٰ^أَيُّهَا ٱلَّذِينَ ءَامَنُوا@ ٱتَّقُوا@ ٱللَّهَ,59:18:1 59:18:2 59:18:3 59:18:4 59:18:5
59,23,11,59:23:11,ٱلْمُؤْمِنُ,{lomu&ominu,mu&omin,مُؤْمِن,ADJ,ٱلْقُدُّوسُ ٱلسَّلَٰمُ ٱلْمُؤْمِنُ ٱلْمُهَيْمِنُ ٱلْعَزِيزُ,59:23:9 59:23:10 59:23:11 59:23:12 59:23:13
60,1,3,60:1:3,ءَامَنُوا@,'aAmanuwA@,'aAmana,ءَامَنَ,V,يَٰ^أَيُّهَا ٱلَّذِينَ ءَامَنُوا@ لَا تَتَّخِذُوا@,60:1:1 60:1:2 60:1:3 60:1:4 60:1:5
60,1,22,60:1:22,تُؤْمِنُوا@,tu&ominuwA@,'aAmana,ءَامَنَ,V,وَإِيَّاكُمْ أَن تُؤْمِنُوا@ بِٱللَّهِ رَبِّكُمْ,60:1:20 60:1:21 60:1:22 60:1:23 60:1:24
60,4,30,60:4:30,تُؤْمِنُوا@,tu&ominuwA@,'aAmana,ءَامَنَ,V,"أَبَدًا حَتَّىٰ تُؤْمِنُوا@ بِٱللَّهِ وَحْدَهُ,^",60:4:28 60:4:29 60:4:30 60:4:31 60:4:32
60,10,3,60:10:3,ءَامَنُو^ا@,'aAmanuw^A@,'aAmana,ءَامَنَ,V,يَٰ^أَيُّهَا ٱلَّذِينَ ءَامَنُو^ا@ إِذَا جَا^ءَكُمُ,60:10:1 60:10:2 60:10:3 60:10:4 60:10:5
60,10,6,60:10:6,ٱلْمُؤْمِنَٰتُ,{lomu&omina`tu,m~u&omina`t,مُّؤْمِنَٰت,N,إِذَا جَا^ءَكُمُ ٱلْمُؤْمِنَٰتُ مُهَٰجِرَٰتٍ فَٱمْتَحِنُوهُنَّ,60:10:4 60:10:5 60:10:6 60:10:7 60:10:8
60,10,11,60:10:11,بِإِيمَٰنِهِنَّ,bi<iyma`nihin~a,<iyma`n,إِيمَٰن,N,ٱللَّهُ أَعْلَمُ بِإِيمَٰنِهِنَّ فَإِنْ عَلِمْتُمُوهُنَّ,60:10:9 60:10:10 60:10:11 60:10:12 60:10:13
60,10,14,60:10:14,مُؤْمِنَٰتٍ,mu&omina`tK,m~u&omina`t,مُّؤْمِنَٰت,N,فَإِنْ عَلِمْتُمُوهُنَّ مُؤْمِنَٰتٍ فَلَا تَرْجِعُوهُنَّ,60:10:12 60:10:13 60:10:14 60:10:15 60:10:16
60,11,21,60:11:21,مُؤْمِنُونَ,mu&ominuwna,mu&omin,مُؤْمِن,N,أَنتُم بِهِ. مُؤْمِنُونَ,60:11:19 60:11:20 60:11:21
60,12,5,60:12:5,ٱلْمُؤْمِنَٰتُ,{lomu&omina`tu,m~u&omina`t,مُّؤْمِنَٰت,N,إِذَا جَا^ءَكَ ٱلْمُؤْمِنَٰتُ يُبَايِعْنَكَ عَلَىٰ^,60:12:3 60:12:4 60:12:5 60:12:6 60:12:7
60,13,3,60:13:3,ءَامَنُوا@,'aAmanuwA@,'aAmana,ءَامَنَ,V,يَٰ^أَيُّهَا ٱلَّذِينَ ءَامَنُوا@ لَا تَتَوَلَّوْا@,60:13:1 60:13:2 60:13:3 60:13:4 60:13:5
61,2,3,61:2:3,ءَامَنُوا@,'aAmanuwA@,'aAmana,ءَامَنَ,V,يَٰ^أَيُّهَا ٱلَّذِينَ ءَامَنُوا@ لِمَ تَقُولُونَ,61:2:1 61:2:2 61:2:3 61:2:4 61:2:5
61,10,3,61:10:3,ءَامَنُوا@,'aAmanuwA@,'aAmana,ءَامَنَ,V,يَٰ^أَيُّهَا ٱلَّذِينَ ءَامَنُوا@ هَلْ أَدُلُّكُمْ,61:10:1 61:10:2 61:10:3 61:10:4 61:10:5
61,11,1,61:11:1,تُؤْمِنُونَ,tu&ominuwna,'aAmana,ءَامَنَ,V,تُؤْمِنُونَ بِٱللَّهِ وَرَسُولِهِ.,61:11:1 61:11:2 61:11:3
61,13,9,61:13:9,ٱلْمُؤْمِنِينَ,{lomu&ominiyna,mu&omin,مُؤْمِن,N,قَرِيبٌ وَبَشِّرِ ٱلْمُؤْمِنِينَ,61:13:7 61:13:8 61:13:9
61,14,3,61:14:3,ءَامَنُوا@,'aAmanuwA@,'aAmana,ءَامَنَ,V,يَٰ^أَيُّهَا ٱلَّذِينَ ءَامَنُوا@ كُونُو^ا@ أَنصَارَ,61:14:1 61:14:2 61:14:3 61:14:4 61:14:5
61,14,22,61:14:22,فَـ#َامَنَت,fa_#aAmanat,'aAmana,ءَامَنَ,V,أَنصَارُ ٱللَّهِ فَـ#َامَنَت طَّا^ئِفَةٌ مِّن[,61:14:20 61:14:21 61:14:22 61:14:23 61:14:24
61,14,31,61:14:31,ءَامَنُوا@,'aAmanuwA@,'aAmana,ءَامَنَ,V,فَأَيَّدْنَا ٱلَّذِينَ ءَامَنُوا@ عَلَىٰ عَدُوِّهِمْ,61:14:29 61:14:30 61:14:31 61:14:32 61:14:33
62,9,3,62:9:3,ءَامَنُو^ا@,'aAmanuw^A@,'aAmana,ءَامَنَ,V,يَٰ^أَيُّهَا ٱلَّذِينَ ءَامَنُو^ا@ إِذَا نُودِىَ,62:9:1 62:9:2 62:9:3 62:9:4 62:9:5
63,3,3,63:3:3,ءَامَنُوا@,'aAmanuwA@,'aAmana,ءَامَنَ,V,ذَٰلِكَ بِأَنَّهُمْ ءَامَنُوا@ ثُمَّ كَفَرُوا@,63:3:1 63:3:2 63:3:3 63:3:4 63:3:5
63,8,13,63:8:13,وَلِلْمُؤْمِنِينَ,walilomu&ominiyna,mu&omin,مُؤْمِن,N,ٱلْعِزَّةُ وَلِرَسُولِهِ. وَلِلْمُؤْمِنِينَ وَلَٰكِنَّ ٱلْمُنَٰفِقِينَ,63:8:11 63:8:12 63:8:13 63:8:14 63:8:15
63,9,3,63:9:3,ءَامَنُوا@,'aAmanuwA@,'aAmana,ءَامَنَ,V,يَٰ^أَيُّهَا ٱلَّذِينَ ءَامَنُوا@ لَا تُلْهِكُمْ,63:9:1 63:9:2 63:9:3 63:9:4 63:9:5
64,2,7,64:2:7,مُّؤْمِنٌ,m~u&ominN,mu&omin,مُؤْمِن,N,كَافِرٌ وَمِنكُم مُّؤْمِنٌ وَٱللَّهُ بِمَا,64:2:5 64:2:6 64:2:7 64:2:8 64:2:9
64,8,1,64:8:1,فَـ#َامِنُوا@,fa_#aAminuwA@,'aAmana,ءَامَنَ,V,فَـ#َامِنُوا@ بِٱللَّهِ وَرَسُولِهِ.,64:8:1 64:8:2 64:8:3
64,9,9,64:9:9,يُؤْمِن[,yu&omin[,'aAmana,ءَامَنَ,V,ٱلتَّغَابُنِ وَمَن يُؤْمِن[ بِٱللَّهِ وَيَعْمَلْ,64:9:7 64:9:8 64:9:9 64:9:10 64:9:11
64,11,9,64:11:9,يُؤْمِن[,yu&omin[,'aAmana,ءَامَنَ,V,ٱللَّهِ وَمَن يُؤْمِن[ بِٱللَّهِ يَهْدِ,64:11:7 64:11:8 64:11:9 64:11:10 64:11:11
64,13,9,64:13:9,ٱلْمُؤْمِنُونَ,{lomu&ominuwna,mu&omin,مُؤْمِن,N,ٱللَّهِ فَلْيَتَوَكَّلِ ٱلْمُؤْمِنُونَ,64:13:7 64:13:8 64:13:9
64,14,3,64:14:3,ءَامَنُو^ا@,'aAmanuw^A@,'aAmana,ءَامَنَ,V,يَٰ^أَيُّهَا ٱلَّذِينَ ءَامَنُو^ا@ إِنَّ مِنْ,64:14:1 64:14:2 64:14:3 64:14:4 64:14:5
65,2,21,65:2:21,يُؤْمِنُ,yu&ominu,'aAmana,ءَامَنَ,V,مَن كَانَ يُؤْمِنُ بِٱللَّهِ وَٱلْيَوْمِ,65:2:19 65:2:20 65:2:21 65:2:22 65:2:23
65,10,11,65:10:11,ءَامَنُوا@,'aAmanuwA@,'aAmana,ءَامَنَ,V,ٱلْأَلْبَٰبِ ٱلَّذِينَ ءَامَنُوا@ قَدْ أَنزَلَ,65:10:9 65:10:10 65:10:11 65:10:12 65:10:13
65,11,9,65:11:9,ءَامَنُوا@,'aAmanuwA@,'aAmana,ءَامَنَ,V,لِّيُخْرِجَ ٱلَّذِينَ ءَامَنُوا@ وَعَمِلُوا@ ٱلصَّٰلِحَٰتِ,65:11:7 65:11:8 65:11:9 65:11:10 65:11:11
65,11,17,65:11:17,يُؤْمِن[,yu&omin[,'aAmana,ءَامَنَ,V,ٱلنُّورِ وَمَن يُؤْمِن[ بِٱللَّهِ وَيَعْمَلْ,65:11:15 65:11:16 65:11:17 65:11:18 65:11:19
66,4,17,66:4:17,ٱلْمُؤْمِنِينَ,{lomu&ominiyna,mu&omin,مُؤْمِن,N,وَجِبْرِيلُ وَصَٰلِحُ ٱلْمُؤْمِنِينَ وَٱلْمَلَٰ^ئِكَةُ بَعْدَ,66:4:15 66:4:16 66:4:17 66:4:18 66:4:19
66,5,11,66:5:11,مُّؤْمِنَٰتٍ,m~u&omina`tK,m~u&omina`t,مُّؤْمِنَٰت,ADJ,مِّنكُنَّ مُسْلِمَٰتٍ مُّؤْمِنَٰتٍ قَٰنِتَٰتٍ تَٰ^ئِبَٰتٍ,66:5:9 66:5:10 66:5:11 66:5:12 66:5:13
66,6,3,66:6:3,ءَامَنُوا@,'aAmanuwA@,'aAmana,ءَامَنَ,V,يَٰ^أَيُّهَا ٱلَّذِينَ ءَامَنُوا@ قُو^ا@ أَنفُسَكُمْ,66:6:1 66:6:2 66:6:3 66:6:4 66:6:5
66,8,3,66:8:3,ءَامَنُوا@,'aAmanuwA@,'aAmana,ءَامَنَ,V,يَٰ^أَيُّهَا ٱلَّذِينَ ءَامَنُوا@ تُوبُو^ا@ إِلَى,66:8:1 66:8:2 66:8:3 66:8:4 66:8:5
66,8,27,66:8:27,ءَامَنُوا@,'aAmanuwA@,'aAmana,ءَامَنَ,V,"ٱلنَّبِىَّ وَٱلَّذِينَ ءَامَنُوا@ مَعَهُ, نُورُهُمْ",66:8:25 66:8:26 66:8:27 66:8:28 66:8:29
66,11,5,66:11:5,ءَامَنُوا@,'aAmanuwA@,'aAmana,ءَامَنَ,V,مَثَلًا لِّلَّذِينَ ءَامَنُوا@ ٱمْرَأَتَ فِرْعَوْنَ,66:11:3 66:11:4 66:11:5 66:11:6 66:11:7
67,16,1,67:16:1,ءَأَمِنتُم,'a>amintum,>amina,أَمِنَ,V,ءَأَمِنتُم مَّن فِى,67:16:1 67:16:2 67:16:3
67,17,2,67:17:2,أَمِنتُم,>amintum,>amina,أَمِنَ,V,أَمْ أَمِنتُم مَّن فِى,67:17:1 67:17:2 67:17:3 67:17:4
67,29,4,67:29:4,ءَامَنَّا,'aAman~aA,'aAmana,ءَامَنَ,V,هُوَ ٱلرَّحْمَٰنُ ءَامَنَّا بِهِ. وَعَلَيْهِ,67:29:2 67:29:3 67:29:4 67:29:5 67:29:6
69,33,4,69:33:4,يُؤْمِنُ,yu&ominu,'aAmana,ءَامَنَ,V,كَانَ لَا يُؤْمِنُ بِٱللَّهِ ٱلْعَظِيمِ,69:33:2 69:33:3 69:33:4 69:33:5 69:33:6
69,41,7,69:41:7,تُؤْمِنُونَ,tu&ominuwna,'aAmana,ءَامَنَ,V,قَلِيلًا مَّا تُؤْمِنُونَ,69:41:5 69:41:6 69:41:7
70,28,5,70:28:5,مَأْمُونٍ,ma>omuwnK,ma>omuwn,مَأْمُون,N,رَبِّهِمْ غَيْرُ مَأْمُونٍ,70:28:3 70:28:4 70:28:5
70,32,3,70:32:3,لِأَمَٰنَٰتِهِمْ,li>ama`na`tihimo,>ama`na`t,أَمَٰنَٰت,N,وَٱلَّذِينَ هُمْ لِأَمَٰنَٰتِهِمْ وَعَهْدِهِمْ رَٰعُونَ,70:32:1 70:32:2 70:32:3 70:32:4 70:32:5
71,28,8,71:28:8,مُؤْمِنًا,mu&ominFA,mu&omin,مُؤْمِن,N,دَخَلَ بَيْتِىَ مُؤْمِنًا وَلِلْمُؤْمِنِينَ وَٱلْمُؤْمِنَٰتِ,71:28:6 71:28:7 71:28:8 71:28:9 71:28:10
71,28,9,71:28:9,وَلِلْمُؤْمِنِينَ,walilomu&ominiyna,mu&omin,مُؤْمِن,N,بَيْتِىَ مُؤْمِنًا وَلِلْمُؤْمِنِينَ وَٱلْمُؤْمِنَٰتِ وَلَا,71:28:7 71:28:8 71:28:9 71:28:10 71:28:11
71,28,10,71:28:10,وَٱلْمُؤْمِنَٰتِ,wa{lomu&omina`ti,m~u&omina`t,مُّؤْمِنَٰت,N,مُؤْمِنًا وَلِلْمُؤْمِنِينَ وَٱلْمُؤْمِنَٰتِ وَلَا تَزِدِ,71:28:8 71:28:9 71:28:10 71:28:11 71:28:12
72,2,4,72:2:4,فَـ#َامَنَّا,fa_#aAman~aA,'aAmana,ءَامَنَ,V,إِلَى ٱلرُّشْدِ فَـ#َامَنَّا بِهِ. وَلَن,72:2:2 72:2:3 72:2:4 72:2:5 72:2:6
72,13,5,72:13:5,ءَامَنَّا,'aAman~aA,'aAmana,ءَامَنَ,V,سَمِعْنَا ٱلْهُدَىٰ^ ءَامَنَّا بِهِ. فَمَن,72:13:3 72:13:4 72:13:5 72:13:6 72:13:7
72,13,8,72:13:8,يُؤْمِن[,yu&omin[,'aAmana,ءَامَنَ,V,بِهِ. فَمَن يُؤْمِن[ بِرَبِّهِ. فَلَا,72:13:6 72:13:7 72:13:8 72:13:9 72:13:10
74,31,20,74:31:20,ءَامَنُو^ا@,'aAmanuw^A@,'aAmana,ءَامَنَ,V,وَيَزْدَادَ ٱلَّذِينَ ءَامَنُو^ا@ إِيمَٰنًا وَلَا,74:31:18 74:31:19 74:31:20 74:31:21 74:31:22
74,31,21,74:31:21,إِيمَٰنًا,<iyma`nFA,<iyma`n,إِيمَٰن,N,ٱلَّذِينَ ءَامَنُو^ا@ إِيمَٰنًا وَلَا يَرْتَابَ,74:31:19 74:31:20 74:31:21 74:31:22 74:31:23
74,31,27,74:31:27,وَٱلْمُؤْمِنُونَ,wa{lomu&ominuwna,mu&omin,مُؤْمِن,N,أُوتُوا@ ٱلْكِتَٰبَ وَٱلْمُؤْمِنُونَ وَلِيَقُولَ ٱلَّذِينَ,74:31:25 74:31:26 74:31:27 74:31:28 74:31:29
77,50,4,77:50:4,يُؤْمِنُونَ,yu&ominuwna,'aAmana,ءَامَنَ,V,"حَدِيثٍ] بَعْدَهُ, يُؤْمِنُونَ",77:50:2 77:50:3 77:50:4
81,21,3,81:21:3,أَمِينٍ,>amiynK,>amiyn,أَمِين,ADJ,مُّطَاعٍ ثَمَّ أَمِينٍ,81:21:1 81:21:2 81:21:3
83,29,7,83:29:7,ءَامَنُوا@,'aAmanuwA@,'aAmana,ءَامَنَ,V,مِنَ ٱلَّذِينَ ءَامَنُوا@ يَضْحَكُونَ,83:29:5 83:29:6 83:29:7 83:29:8
83,34,3,83:34:3,ءَامَنُوا@,'aAmanuwA@,'aAmana,ءَامَنَ,V,فَٱلْيَوْمَ ٱلَّذِينَ ءَامَنُوا@ مِنَ ٱلْكُفَّارِ,83:34:1 83:34:2 83:34:3 83:34:4 83:34:5
84,20,4,84:20:4,يُؤْمِنُونَ,yu&ominuwna,'aAmana,ءَامَنَ,V,لَهُمْ لَا يُؤْمِنُونَ,84:20:2 84:20:3 84:20:4
84,25,3,84:25:3,ءَامَنُوا@,'aAmanuwA@,'aAmana,ءَامَنَ,V,إِلَّا ٱلَّذِينَ ءَامَنُوا@ وَعَمِلُوا@ ٱلصَّٰلِحَٰتِ,84:25:1 84:25:2 84:25:3 84:25:4 84:25:5
85,7,5,85:7:5,بِٱلْمُؤْمِنِينَ,bi{lomu&ominiyna,mu&omin,مُؤْمِن,N,مَا يَفْعَلُونَ بِٱلْمُؤْمِنِينَ شُهُودٌ,85:7:3 85:7:4 85:7:5 85:7:6
85,8,6,85:8:6,يُؤْمِنُوا@,yu&ominuwA@,'aAmana,ءَامَنَ,V,إِلَّا^ أَن يُؤْمِنُوا@ بِٱللَّهِ ٱلْعَزِيزِ,85:8:4 85:8:5 85:8:6 85:8:7 85:8:8
85,10,4,85:10:4,ٱلْمُؤْمِنِينَ,{lomu&ominiyna,mu&omin,مُؤْمِن,N,ٱلَّذِينَ فَتَنُوا@ ٱلْمُؤْمِنِينَ وَٱلْمُؤْمِنَٰتِ ثُمَّ,85:10:2 85:10:3 85:10:4 85:10:5 85:10:6
85,10,5,85:10:5,وَٱلْمُؤْمِنَٰتِ,wa{lomu&omina`ti,m~u&omina`t,مُّؤْمِنَٰت,N,فَتَنُوا@ ٱلْمُؤْمِنِينَ وَٱلْمُؤْمِنَٰتِ ثُمَّ لَمْ,85:10:3 85:10:4 85:10:5 85:10:6 85:10:7
85,11,3,85:11:3,ءَامَنُوا@,'aAmanuwA@,'aAmana,ءَامَنَ,V,إِنَّ ٱلَّذِينَ ءَامَنُوا@ وَعَمِلُوا@ ٱلصَّٰلِحَٰتِ,85:11:1 85:11:2 85:11:3 85:11:4 85:11:5
90,17,5,90:17:5,ءَامَنُوا@,'aAmanuwA@,'aAmana,ءَامَنَ,V,مِنَ ٱلَّذِينَ ءَامَنُوا@ وَتَوَاصَوْا@ بِٱلصَّبْرِ,90:17:3 90:17:4 90:17:5 90:17:6 90:17:7
95,3,3,95:3:3,ٱلْأَمِينِ,{lo>amiyni,>amiyn,أَمِين,ADJ,وَهَٰذَا ٱلْبَلَدِ ٱلْأَمِينِ,95:3:1 95:3:2 95:3:3
95,6,3,95:6:3,ءَامَنُوا@,'aAmanuwA@,'aAmana,ءَامَنَ,V,إِلَّا ٱلَّذِينَ ءَامَنُوا@ وَعَمِلُوا@ ٱلصَّٰلِحَٰتِ,95:6:1 95:6:2 95:6:3 95:6:4 95:6:5
98,7,3,98:7:3,ءَامَنُوا@,'aAmanuwA@,'aAmana,ءَامَنَ,V,إِنَّ ٱلَّذِينَ ءَامَنُوا@ وَعَمِلُوا@ ٱلصَّٰلِحَٰتِ,98:7:1 98:7:2 98:7:3 98:7:4 98:7:5
103,3,3,103:3:3,ءَامَنُوا@,'aAmanuwA@,'aAmana,ءَامَنَ,V,إِلَّا ٱلَّذِينَ ءَامَنُوا@ وَعَمِلُوا@ ٱلصَّٰلِحَٰتِ,103:3:1 103:3:2 103:3:3 103:3:4 103:3:5
106,4,5,106:4:5,وَءَامَنَهُم,wa'aAmanahum,'aAmana,ءَامَنَ,V,مِّن جُوعٍ وَءَامَنَهُم مِّنْ خَوْفٍ],106:4:3 106:4:4 106:4:5 106:4:6 106:4:7
