entry_id	hebrew	translit	pos	definition	etym_type	etym_root	xref_bdb	xref_strong	xref_aug	xref_twot
aaa	א	ʾ			main		a.aa.aa			
aab	אֵב	ʾēb	N	freshness	sub		a.ab.ab	3		1a
aac	אָב	ʾāb	N	father	sub		a.ae.ab	1		4a
aad	אבב	ʾbb			main	אבב	a.ab.aa			1
aae	אֲבַגְתָא	ʾăbagtāʾ	Np	Abagtha			a.ab.ae	5		
aaf	אָבַד	ʾābad	V	perish	main	אבד	a.ac.aa	6		2
aag	אֹבֵד	ʾōbēd	N	destruction	sub		a.ac.ab	8		2a
aah	אֲבֵדָה	ʾăbēdâ	N	a lost thing	sub		a.ac.ac	9		2b
aai	אבדה	ʾbdh	N	Destruction	sub		a.ac.af	10		2d
aaj	אֲבַדּוֹן	ʾăbaddôn	Np	Destruction	sub		a.ac.af	11		2d
aak	אַבְדָ֑ן	ʾabdān	N	destruction	sub		a.ac.ae	12		2c
aal	אׇבְדַן	ʾobdan	N	destruction	sub		a.ac.ae	13		2c
aam	אֵ֫בֶה	ʾēbeh	N	reed	sub		a.ad.ad	16		3c
aan	אָבָה	ʾābâ	V	be willing	main	אבה	a.ad.aa	14		3
aao	אבה	ʾbh			main	אבה	a.ae.aa			4
aap	אֲבוֹי	ʾăbôy	Tj	Oh!	main		a.af.aa	17		3d
aaq	אֵבוּס	ʾēbûs	N	crib	sub		a.an.ab	18		10a
aar	אבח	ʾbḥ			main	אבח	a.ag.aa			
aas	אִבְחָה	ʾibḥâ	N	slaughter	sub		a.ag.ab	19		786b
aat	אֲבַטִּחִים	ʾăbaṭṭiḥîm	N	water-melons	sub		b.bj.ab	20		234a
aau	אֲבִי	ʾăbî	Np	Abi			a.ae.ai	21		
aav	אֲבִי גִבְעוֹן	ʾăbî gibʿôn	Np	father of Gibeon			c.al.aj	25		
aaw	אֲבִי הָעֶזְרִי	ʾăbî hāʿezrî	Ag	Abiezrite			a.ae.au	33		
aax	אֲבִיאֵל	ʾăbîʾēl	Np	Abiel			a.ae.ad	22		
aay	אֲבִיאָסָף	ʾăbîʾāsāp	Np	Abiasaph			a.ae.ae	23		
aaz	אָבִיב	ʾābîb	N	green	sub		a.ab.ac	24		1b
aba	אֲבִיגַ֫יִל	ʾăbîgayil	Np	Abigal			a.ae.af	26		
abb	אֲבִידָן	ʾăbîdān	Np	Abidan			a.ae.ag	27		
abc	אֲבִידָע	ʾăbîdāʿ	Np	Abida			a.ae.ah	28		
abd	אֲבִיָּ֫הוּ	ʾăbîyāhû	Np	Abiah			a.ae.ai	29		
abe	אֲבִיהוּא	ʾăbîhûʾ	Np	Abihu			a.ae.aj	30		
abf	אֲבִיהוּד	ʾăbîhûd	Np	Abihud			a.ae.ak	31		
abg	אֶבְיוֹן	ʾebyôn	A	in want	sub		a.ad.ab	34		3a
abh	אֲבִיּוֹנָה	ʾăbîyônâ	N	caper-berry	sub		a.ad.ac	35		3b
abi	אֲבִיחַ֫יִל	ʾăbîḥayil	Np	Abihail			a.ae.al	32		
abj	אֲבִיטוּב	ʾăbîṭûb	Np	Abitub			a.ae.am	36		
abk	אֲבִיטָ֑ל	ʾăbîṭāl	Np	Abital			a.ae.an	37		
abl	אֲבִיָּם	ʾăbîyām	Np	Abijam			a.ae.ai	38		
abm	אֲבִימָאֵל	ʾăbîmāʾēl	Np	Abimael			a.ae.ao	39		
abn	אֲבִימֶ֫לֶךְ	ʾăbîmelek	Np	Abimelech			a.ae.ap	40		
abo	אֲבִינָדָב	ʾăbînādāb	Np	Abinadab			a.ae.aq	41		
abp	אֲבִינֹ֫עַם	ʾăbînōʿam	Np	Abinoam			a.ae.ar	42		
abq	אֲבִינֵר	ʾăbînēr	Np	Abner			a.ae.as	74		
abr	אֶבְיָסָף	ʾebyāsāp	Np	Ebiasaph			a.ae.ae	43		
abs	אֲבִיעֶ֫זֶר	ʾăbîʿezer	Np	Abiezer			a.ae.at	44		
abt	אֲבִי־עַלְבוֹן	ʾăbî-ʿalbôn	Np	Abialbon			a.ae.ac	45		
abu	אַבִּיר	ʾabbîr	A	mighty	sub		a.aq.af	47		13d
abv	אָבִיר	ʾābîr	A	strong	sub		a.aq.ae	46		13c
abw	אֲבִירָם	ʾăbîrām	Np	Abiram			a.ae.av	48		
abx	אֲבִישַׁג	ʾăbîšag	Np	Abishag			a.ae.ax	49		
aby	אֲבִישׁוּעַ	ʾăbîšûaʿ	Np	Abishua			a.ae.ay	50		
abz	אֲבִישׁוּר	ʾăbîšûr	Np	Abishur			a.ae.az	51		
aca	אֲבִישַׁי	ʾăbîšay	Np	Abishai			a.ae.ba	52		
acb	אֲבִישָׁלוֹם	ʾăbîšālôm	Np	Abishalom			a.ae.bb	53		
acc	אֶבְיָתָר	ʾebyātār	Np	Abiathar			a.ae.bc	54		
acd	אָבַךְ	ʾābak	V	turn	main	אבך	a.ah.aa	55		5
ace	אֲבָל	ʾăbāl	D	nay	main	אבל	a.ak.aa	61		8
acf	אֵ֫בֶל	ʾēbel	N	mourning	sub		a.ai.ab	60		6a
acg	אָבֵל	ʾābēl	Np	Abel	sub		a.aj.ab	59		
ach	אָבֵל	ʾābēl	N	a meadow	sub		a.aj.ab	58		
aci	אָבֵל	ʾābēl	A	mourning	sub		a.ai.ad	57		6b
acj	אָבַל	ʾābal	V	mourn	main	אבל	a.ai.aa	56		6
ack	אבל	ʾbl			main	אבל	a.al.aa			
acl	אבל	ʾbl			main	אבל	a.aj.aa			7
acm	אָבֵל בֵּית־מֲעַכָה	ʾābēl bêt-măʿakâ	Np	Abel-beth-maachah			a.aj.ab	62		
acn	אָבֵל הַשִּׁטִּים	ʾābēl haššiṭṭîm	Np	Abelshittim			a.aj.ab	63		
aco	אָבֵל כְּרָמִים	ʾābēl kĕrāmîm	Np	plain of the vineyards			a.aj.ab	64		
acp	אָבֵל מְחוֹלָה	ʾābēl mĕḥôlâ	Np	Abel-meholah			a.aj.ab	65		
acq	אַבֵל מַיִם	ʾabēl mayim	Np	Abel-maim			a.aj.ab	66		
acr	אָבֵל מִצְרַיִם	ʾābēl miṣrayim	Np	Abel-mizraim			a.aj.ab	67		
acs	אֶ֫בֶן	ʾeben	N	stone	main	אבן	a.am.aa	68		9
act	אֹבֶן	ʾōben	N	wheel	sub		a.am.ab	70		9a
acu	אֶבֶן הָעֵזֶר	ʾeben hāʿēzer	N	Ebenezer	sub		a.am.aa	72		9
acv	אֲבָנָה	ʾăbānâ	Np	Abana			a.dy.aj	71		
acw	אַבְנֵט	ʾabnēṭ	N	girdle	sub		b.cc.ab	73		256a
acx	אָבַס	ʾābas	V	feed	main	אבס	a.an.aa	75		10
acy	אֲבַעְבֻּעֹת	ʾăbaʿbuʿōt	N	blisters	sub		b.at.ab	76		217a
acz	אֶ֫בֶץ	ʾebeṣ	Np	Abez			a.ao.ab	77		
ada	אבץ	ʾbṣ			main	אבץ	a.ao.aa			
adb	אִבְצָן	ʾibṣān	Np	Ibzan			a.ao.ac	78		
adc	אָבַק	ʾābaq	V	wrestle	main	אבק	a.ap.ad	79		12
add	אָבָק	ʾābāq	N	dust	sub		a.ap.ab	80		11a
ade	אבק	ʾbq			main	אבק	a.ap.aa			11
adf	אֲבָקָה	ʾăbāqâ	N	powders	sub		a.ap.ac	81		11b
adg	אֵ֫בֶר	ʾēber	N	pinions	sub		a.aq.ab	83		13a
adh	אָבַר	ʾābar	V	fly	sub		a.aq.ad	82		13b
adi	אבר	ʾbr			main	אבר	a.aq.aa			13
adj	אֶבְרָה	ʾebrâ	N	pinion	sub		a.aq.ac	84		13a
adk	אַבְרָהָם	ʾabrāhām	Np	Abraham	sub		a.ae.aw	85		4b
adl	אַבְרֵךְ	ʾabrēk	V	kneel	main	אברך	a.ar.aa	86		14
adm	אַבְרָם	ʾabrām	Np	Abram	sub		a.ae.aw	87		
adn	אֹבֹת	ʾōbōt	Np	Oboth			a.bp.ac	88		
ado	אָגֵא	ʾāgēʾ	Np	Agee			a.as.ab	89		
adp	אגא	ʾgʾ			main	אגא	a.as.aa			
adq	אֲגָג	ʾăgāg	Np	Agag			a.as.ac	90		
adr	אֲגָגִי	ʾăgāgî	Ag	Agagite			a.as.ad	91		
ads	אגד	ʾgd			main	אגד	a.at.aa			15
adt	אֲגֻדָּה	ʾăguddâ	N	band	sub		a.at.ab	92		15a
adu	אֱגוֹז	ʾĕgôz	N	nuts	single		a.at.ac	93		16
adv	אָגוּר	ʾāgûr	Np	Agur			a.az.ab	94		
adw	אֲגוֹרָה	ʾăgôrâ	N	payment	sub		a.az.ac	95		23a
adx	אֵ֫גֶל	ʾēgel	N	drop	sub		a.au.ab	96		17a
ady	אגל	ʾgl			main	אגל	a.au.aa			17
adz	אֶגְלַ֫יִם	ʾeglayim	Np	Eglaim			a.au.ac	97		
aea	אֲגַם	ʾăgam	N	troubled pool	sub		a.av.ab	98		18a
aeb	אָגֵם	ʾāgēm	A	sad	sub		a.av.ac	99		18b
aec	אגם	ʾgm			main	אגם	a.av.aa			18
aed	אַגְמֹן	ʾagmōn	N	rush	single		a.av.ad	100		19
aee	אַגָּן	ʾaggān	N	bowl	sub		a.aw.ab	101		20a
aef	אגן	ʾgn			main	אגן	a.aw.aa			20
aeg	אֲגַף	ʾăgap	N	band	sub		a.ax.ab	102		21a
aeh	אגף	ʾgp			main	אגף	a.ax.aa			21
aei	אָגַר	ʾāgar	V	gather	main	אגר	a.ay.aa	103		22
aej	אגר	ʾgr			main	אגר	a.az.aa			23
aek	אֲגַרְטָל	ʾăgarṭāl	N	basin	sub		c.cz.ab	105		380a
ael	אֶגְרֹף	ʾegrōp	N	fist	sub		c.de.ab	106		385a
aem	אִגֶּ֫רֶת	ʾiggeret	N	letter	sub		a.az.ad	107		23b
aen	אֵד	ʾēd	N	mist	sub		a.bq.ae	108		38d
aeo	אָדַב	ʾādab	V	grieve	main	אדב	a.ba.aa	109		24
aep	אַדְבְּאֵל	ʾadbĕʾēl	Np	Adbeel			a.ba.ab	110		
aeq	אֲדַד	ʾădad	Np	Hadad			e.an.ad	111		
aer	אדד	ʾdd			main	אדד	a.bb.aa			
aes	אִדּוֹ	ʾiddô	Np	Iddo			a.bb.ab	112		
aet	אֱדוֹם	ʾĕdôm	Np	Edom	sub		a.bd.af	123		26e
aeu	אַדּוֹן	ʾaddôn	Np	Addon			a.be.ae	114		
aev	אָדוֹן	ʾādôn	N	lord	sub		a.be.ac	113		27b
aew	אֲדוֹרַ֫יִם	ʾădôrayim	Np	Adoraim			a.bf.ac	115		
aex	אַדִּיר	ʾaddîr	A	majestic	sub		a.bf.ae	117		28b
aey	אֲדַלְיָא	ʾădalyāʾ	Np	Adalia			a.bb.ad	118		
aez	אֱדֹם	ʾĕdōm	N	rosy	sub		a.bd.ae	122	b	26d
afa	אָדָם	ʾādām	Np	Adam	sub		a.bc.ab	121		25a
afb	אָדָם	ʾādām	N	man	sub		a.bc.ab	120		25a
afc	אָדֹם	ʾādōm	A	red	sub		a.bd.ac	122	a	26b
afd	אָדֹם	ʾādōm	V	be red	sub		a.bd.ab	119		26a
afe	אֹ֫דֶם	ʾōdem	N	carnelian	sub		a.bd.ad	124		26c
aff	אדם	ʾdm			main	אדם	a.bc.aa			25
afg	אדם	ʾdm			main	אדם	a.bd.aa			26
afh	אֲדַמְדָּם	ʾădamdām	A	reddish	sub		a.bd.ah	125		26g
afi	אֲדָמָה	ʾădāmâ	Np	Adamah			a.bc.ac	128		
afj	אֲדָמָה	ʾădāmâ	N	ground	sub		a.bc.ac	127		25b
afk	אַדְמָה	ʾadmâ	Np	Admah			a.bc.ad	126		
afl	אַדְמוֹנִי	ʾadmônî	A	red	sub		a.bd.ai	132		26h
afm	אֲדֹמִי	ʾădōmî	A	Edomite	sub		a.bd.ag	130		26f
afn	אֲדָמִי הַנֶּ֫קֶב	ʾădāmî hanneqeb	Np	Adami			a.bc.ae	129		
afo	אֲדֻמִּים	ʾădummîm	Np	Adummim			p.cs.al	131		
afp	אַדְמָתָא	ʾadmātāʾ	Np	Admatha			a.bd.ak	133		
afq	אֶ֫דֶן	ʾeden	N	base	sub		a.be.ab	134		27a
afr	אַדָּן	ʾaddān	Np	Addan			a.be.ad	135		
afs	אדן	ʾdn			main	אדן	a.be.aa			27
aft	אֲדֹנָי	ʾădōnāy	N	lord	sub		a.be.ac	136		27b
afu	אֲדֹנִי־בֶ֫זֶק	ʾădōnî-bezeq	Np	Adonibezek			a.be.af	137		
afv	אֲדֹנִיָּ֫הוּ	ʾădōnîyāhû	Np	Adonijah			a.be.ah	138		
afw	אֲדֹנִי־צֶ֫דֶק	ʾădōnî-ṣedeq	Np	Adonizedec			a.be.ag	139		
afx	אֲדֹנִיקָם	ʾădōnîqām	Np	Adonikam			a.be.ai	140		
afy	אֲדֹנִירָם	ʾădōnîrām	Np	Adoniram			a.be.aj	141		
afz	אֲדָר	ʾădār	Np	Adar			a.bf.ag	143		
aga	אֶ֫דֶר	ʾeder	N	amplitude	sub		a.bf.ab	145		28a
agb	אַדָּר	ʾaddār	Np	Addar			a.bf.ad	146		
agc	אָדַר	ʾādar	V	wide	main	אדר	a.bf.aa	142		28
agd	אֲדַרְכֹּן	ʾădarkōn	N	drachma	single		d.ci.ad	150		28.1
age	אֲדֹרָם	ʾădōrām	Np	Adoram			a.be.ak	151		
agf	אַדְרַמֶּ֫לֶךְ	ʾadrammelek	Np	Adrammelech			a.bf.ah	152		
agg	אֶדְרֶ֫עִי	ʾedreʿî	Np	Edrei			d.cj.ab	154		
agh	אַדֶּ֫רֶת	ʾadderet	N	glory	sub		a.bf.af	155		28c
agi	אָדַשׁ	ʾādaš	V	tread	main	אדשׁ	a.bg.aa	156		419
agj	אַ֫הַב	ʾahab	N	love	sub		a.bh.ab	158		29a
agk	אָהֵב	ʾāhēb	V	love	main	אהב	a.bh.aa	157		29
agl	אֹ֫הַב	ʾōhab	N	amours	sub		a.bh.ac	159		29b
agm	אַהֲבָה	ʾahăbâ	N	love	sub		a.bh.ad	160		29c
agn	אֹ֫הַד	ʾōhad	Np	Ohad			a.bi.ab	161		
ago	אהד	ʾhd			main	אהד	a.bi.aa			
agp	אֲהָהּ	ʾăhāh	Tj	alas!	main		a.bj.aa	162		30
agq	אַהֲוָא	ʾahăwāʾ	Np	Ahava			a.bj.ab	163		
agr	אֵהוּד	ʾēhûd	Np	Ehud			a.bi.ac	164		
ags	אֱהִי	ʾĕhî	D	where?	main		a.bk.aa	165		31
agt	אָהַל	ʾāhal	V	be clear	main	אהל	a.bm.aa	166		33
agu	אָהַל	ʾāhal	V	tent	sub		a.bl.ac	167		32
agv	אָהָל	ʾāhāl	N	aloe	main	אהל	a.bn.aa	174		34
agw	אֹ֫הֶל	ʾōhel	Np	Ohel			a.bl.ab	169		
agx	אֹ֫הֶל	ʾōhel	N	tent	sub		a.bl.ab	168		32a
agy	אהל	ʾhl			main	אהל	a.bl.aa			
agz	אׇהֳלָה	ʾohŏlâ	Np	Oholah	sub		a.bl.ad	170		32b
aha	אׇהֳלִיאָב	ʾohŏlîʾāb	Np	Oholiab			a.bl.ae	171		
ahb	אׇהֳלִיבָה	ʾohŏlîbâ	Np	Oholibah	sub		a.bl.af	172		32c
ahc	אׇהֳלִיבָמָה	ʾohŏlîbāmâ	Np	Oholibamah			a.bl.ag	173		
ahd	אַהֲרֹן	ʾahărōn	Np	Aaron	single		a.bn.ab	175		35
ahe	אוֹ	ʾô	N	desire	sub		a.bs.ab	176	b	40a
ahf	אוֹ	ʾô	C	or	main		a.bo.aa	176	a	36
ahg	אוּאֵל	ʾûʾēl	Np	Uel			a.bo.ab	177		
ahh	אוֹב	ʾôb	N	skin-bottle	sub		a.bp.ab	178		37a
ahi	אוב	ʾwb			main	אוב	a.bp.aa			37
ahj	אוֹבִיל	ʾôbîl	Np	Obil			a.al.ab	179		
ahk	אוּבַל	ʾûbal	N	stream	sub		j.ah.aj	180		835g
ahl	אוּד	ʾûd	N	brand	sub		a.bq.ab	181		38a
ahm	אוד	ʾwd			main	אוד	a.bq.aa			38
ahn	אוֹדָה	ʾôdâ	N	cause	sub		a.bq.ac	182		38b
aho	אַוָּה	ʾawwâ	N	desire	sub		a.bs.ac	185		40b
ahp	אָוָה	ʾāwâ	V	sign	main	אוה	a.bt.aa	184		41
ahq	אָוָה	ʾāwâ	V	incline	main	אוה	a.bs.aa	183		40
ahr	אוה	ʾwh			main	אוה	a.bv.aa			43
ahs	אוה	ʾwh			main	אוה	a.br.aa			39
aht	אוּזַי	ʾûzay	Np	Uzai			a.bt.ac	186		
ahu	אוּזָל	ʾûzāl	Np	Uzal			a.cf.ac	187		
ahv	אֱוִי	ʾĕwî	Np	Evi			a.bs.ad	189		
ahw	אוֹי	ʾôy	Tj	woe!	main		a.bu.aa	188		42
ahx	אוֹיָה	ʾôyâ	Tj	woe!	sub		a.bu.ab	190		
ahy	אֱוִיל	ʾĕwîl	A	foolish	sub		a.bw.ab	191		44a
ahz	אֱוִיל מְרֹדַךְ	ʾĕwîl mĕrōdak	Np	Evil-merodach			a.bv.ae	192		
aia	אוּל	ʾûl	N	body	sub		a.bx.ab	193	a	45a
aib	אוּל	ʾûl	N	leading man	sub		a.bx.ac	193	b	45b
aic	אול	ʾwl			main	אול	a.bw.aa			44
aid	אול	ʾwl			main	אול	a.bx.aa			45
aie	אֱוִלִי	ʾĕwilî	A	silly	sub		a.bw.ac	196		44b
aif	אוּלַי	ʾûlay	D	if not	main		a.by.aa	194		46
aig	אוּלַי	ʾûlay	Np	Ulai			a.bx.aw	195		
aih	אוּלָם	ʾûlām	D	but	main	אלם	a.bz.aa	199		47
aii	אוּלָם	ʾûlām	Np	Ulam			a.bx.ae	198		
aij	אוּלָם	ʾûlām	N	porch	sub		a.bx.ad	197		45c
aik	אִוֶּ֫לֶת	ʾiwwelet	N	folly	sub		a.bw.ad	200		44c
ail	אוֹמָר	ʾômār	Np	Omar			a.ea.ae	201		
aim	אָ֫וֶן	ʾāwen	Np	Aven			a.ca.ab	206		
ain	אָ֫וֶן	ʾāwen	N	trouble	sub		a.ca.ab	205		48a
aio	אוֹן	ʾôn	Np	On			a.cb.ac	203		
aip	אוֹן	ʾôn	N	vigour	sub		a.cb.ab	202		49a
aiq	און	ʾwn			main	און	a.ca.aa			48
air	און	ʾwn			main	און	a.cb.aa			49
ais	אוֹנוֹ	ʾônô	Np	Ono			a.cb.ad	207		
ait	אוֹנָם	ʾônām	Np	Onam			a.cb.ae	208		
aiu	אוֹנָן	ʾônān	Np	Onan			a.cb.af	209		
aiv	אוּפָז	ʾûpāz	Np	Uphaz			a.cb.ai	210		
aiw	אוֹפִיר	ʾôpîr	Np	Ophir	single		a.cb.aj	211		50
aix	אוֹפָן	ʾôpān	N	wheel	sub		a.fc.ab	212		146a
aiy	אוּץ	ʾûṣ	V	press	main	אוץ	a.cc.aa	213		51
aiz	אוֹצָר	ʾôṣār	N	treasure	sub		a.fl.ac	214		154a
aja	אוֹר	ʾôr	N	light	sub		a.cd.ab	216		52a
ajb	אוֹר	ʾôr	V	be light	main	אור	a.cd.aa	215		52
ajc	אוּר	ʾûr	Np	Ur			a.cd.aq	218	b	
ajd	אוּר	ʾûr	Np	Ur			a.cd.ah	218	a	
aje	אוּר	ʾûr	N	flame	sub		a.cd.ae	217	a	52d
ajf	אֲוֵרָה	ʾăwērâ	N	manger	sub		a.fo.ac	220		158b
ajg	אוֹרָה	ʾôrâ	N	herb	sub		a.cd.ad	219	b	52c
ajh	אוֹרָה	ʾôrâ	N	light	sub		a.cd.ac	219	a	52b
aji	אוּרִי	ʾûrî	Np	Uri			a.cd.ai	221		
ajj	אוּרִיאֵל	ʾûrîʾēl	Np	Uriel			a.cd.aj	222		
ajk	אוּרִיָּה	ʾûrîyâ	Np	Uriah			a.cd.ak	223	a	
ajl	אוּרִיָּ֫הוּ	ʾûrîyāhû	Np	Urijah			a.cd.al	223	b	
ajm	אוּרִים	ʾûrîm	N	Urim	sub		a.cd.ag	224		52e
ajn	אוֹת	ʾôt	N	sign	sub		a.bt.ab	226		41a
ajo	אוּת	ʾût	V	consent	main	אות	a.ce.aa	225		53
ajp	אָז	ʾāz	D	at that time	main		a.ce.ac	227	a	54
ajq	אֶזְבָּ֑י	ʾezbāy	Np	Ezbai			a.ce.af	229		
ajr	אֵזוֹב	ʾēzôb	N	hyssop	single		a.ce.ag	231		55
ajs	אֵזוֹר	ʾēzôr	N	waistcloth	sub		a.ci.ab	232		59a
ajt	אֲזַי	ʾăzay	D	then	sub		a.ce.ae	233		54
aju	אַזְכָּרָה	ʾazkārâ	N	memorial-offering	sub		g.bh.ak	234		551d
ajv	אֶזֶל	ʾezel	Np	Ezel			a.cf.ab	237		
ajw	אָזַל	ʾāzal	V	go	main	אזל	a.cf.aa	235		56
ajx	אָזֵן	ʾāzēn	N	implements	sub		a.cg.ad	240		57b
ajy	אָזַן	ʾāzan	V	weigh	main	אזן	a.ch.aa	239		58
ajz	אָזַן	ʾāzan	V	give ear	sub		a.cg.ac	238		57
aka	אֹ֫זֶן	ʾōzen	N	ear	sub		a.cg.ab	241		57a
akb	אזן	ʾzn			main	אזן	a.cg.aa			
akc	אֻזֵּן שֶׁאֱרָה	ʾuzzēn šeʾĕrâ	Np	Uzzen-sherah			a.ch.ac	242		
akd	אַזְנוֹת תָּבוֹר	ʾaznôt tābôr	Np	Aznoth-tabor			a.cg.ah	243		
ake	אׇזְנִי	ʾoznî	Np	Ozni			a.cg.ae	244	a	
akf	אׇזְנִי	ʾoznî	Ag	Ozni			a.cg.af	244	b	
akg	אֲזַנְיָ֫הוּ	ʾăzanyāhû	Np	Azaniah			a.cg.ag	245		
akh	אֲזֵק	ʾăzēq	N	manacle	sub		g.cg.ac	246		577b
aki	אָזַר	ʾāzar	V	gird	main	אזר	a.ci.aa	247		59
akj	אֶזְרוֹעַ	ʾezrôaʿ	N	arm	sub		g.cm.ac	248		583b
akk	אֶזְרָח	ʾezrāḥ	N	a native	sub		g.cj.af	249		580b
akl	אֶזְרָחִי	ʾezrāḥî	Ag	Ezrachite			g.cj.ag	250		
akm	אָח	ʾāḥ	N	fire-pot	sub		a.cn.ab	254		66a
akn	אָח	ʾāḥ	N	brother	sub		a.ck.ab	251		62a
ako	אָח	ʾāḥ	Tj	ah!	single		a.ci.ah	253		60
akp	אֹחַ	ʾōaḥ	N	jackal	sub		a.cm.ab	255		65a
akq	אַחְאָב	ʾaḥʾāb	Np	Ahab			a.ck.ac	256		
akr	אַחְבָן	ʾaḥbān	Np	Ahban			a.ck.ae	257		
aks	אֶחָד	ʾeḥād	A	one	main	אחד	a.cj.aa	259		61
akt	אָחַד	ʾāḥad	V	be sharp	main	אחד	h.aq.aa	258		605
aku	אחה	ʾḥh			main	אחה	a.ck.aa			62
akv	אָחוּ	ʾāḥû	N	reeds	single		a.ck.bh	260		63
akw	אֵחוּד	ʾēḥûd	Np	Ehud			a.cj.ab	261		
akx	אַחְוָה	ʾaḥwâ	N	declaration	sub		h.bc.ab	262		618a
aky	אַחֲוָה	ʾaḥăwâ	N	brotherhood	sub		a.ck.be	264		62b
akz	אֲחוֹחַ	ʾăḥôaḥ	Np	Ahoah			a.cn.ac	265		
ala	אֲחוֹחִי	ʾăḥôḥî	Ag	Achochite			a.cn.ad	266		
alb	אֲחוּמַי	ʾăḥûmay	Np	Ahumai			a.ck.af	267		
alc	אָחוֹר	ʾāḥôr	N	the hinder side	sub		a.cp.ae	268		68d
ald	אָחוֹת	ʾāḥôt	N	sister	sub		a.ck.bg	269		62c
ale	אָחַז	ʾāḥaz	V	grasp	main	אחז	a.cl.aa	270		64
alf	אָחָז	ʾāḥāz	Np	Ahaz			a.cl.ab	271		
alg	אֲחֻזָּה	ʾăḥuzzâ	N	possession	sub		a.cl.ac	272		64a
alh	אַחְזַי	ʾaḥzay	Np	Ahasai			a.cl.ad	273		
ali	אֲחַזְיָ֫הוּ	ʾăḥazyāhû	Np	Ahaziah			a.cl.ad	274		
alj	אֲחֻזָּם	ʾăḥuzzām	Np	Ahuzam			a.cl.ae	275		
alk	אֲחֻזַּת	ʾăḥuzzat	Np	Ahuzzath			a.cl.af	276		
all	אחח	ʾḥḥ			main	אחח	a.cn.aa			66
alm	אחח	ʾḥḥ			main	אחח	a.cm.aa			65
aln	אֲחִי	ʾăḥî	Np	Ahi			a.ck.ah	277		
alo	אֵחִי	ʾēḥî	Np	Ehi			a.cn.ae	278		
alp	אֲחִיאָם	ʾăḥîʾām	Np	Ahiam			a.ck.ag	279		
alq	אֲחִיָּ֫הוּ	ʾăḥîyāhû	Np	Ahiah			a.ck.ah	281		
alr	אֲחִיהוּד	ʾăḥîhûd	Np	Ahihud			a.ck.ai	282		
als	אַחְיוֹ	ʾaḥyô	Np	Ahio			a.ck.aj	283		
alt	אֲחִיחֻד	ʾăḥîḥud	Np	Ahihud			a.ck.ak	284		
alu	אֲחִיטוּב	ʾăḥîṭûb	Np	Ahitub			a.ck.al	285		
alv	אֲחִילוּד	ʾăḥîlûd	Np	Ahilud			a.ck.am	286		
alw	אֲחִימוֹת	ʾăḥîmôt	Np	Ahimoth			a.ck.an	287		
alx	אֲחִימֶ֫לֶךְ	ʾăḥîmelek	Np	Ahimelech			a.ck.ao	288		
aly	אֲחִימַן	ʾăḥîman	Np	Ahiman			a.ck.ap	289		
alz	אֲחִימַ֫עַץ	ʾăḥîmaʿaṣ	Np	Ahimaaz			a.ck.aq	290		
ama	אַחְיָן	ʾaḥyān	Np	Ahian			a.ck.ar	291		
amb	אֲחִינָדָב	ʾăḥînādāb	Np	Ahinadab			a.ck.as	292		
amc	אֲחִינֹ֫עַם	ʾăḥînōʿam	Np	Ahinoam			a.ck.at	293		
amd	אֲחִיסָמָךְ	ʾăḥîsāmāk	Np	Ahisamach			a.ck.au	294		
ame	אֲחִיעֶ֫זֶר	ʾăḥîʿezer	Np	Ahiezer			a.ck.av	295		
amf	אֲחִיקָם	ʾăḥîqām	Np	Ahikam			a.ck.aw	296		
amg	אֲחִירָם	ʾăḥîrām	Np	Ahiram			a.ck.ax	297		
amh	אֲחִירָמִי	ʾăḥîrāmî	Ag	Achiramite			a.ck.az	298		
ami	אֲחִירַע	ʾăḥîraʿ	Np	Ahira			a.ck.ba	299		
amj	אֲחִישָׁ֑חַר	ʾăḥîšāḥar	Np	Ahishar			a.ck.bb	300		
amk	אֲחִישָׁר	ʾăḥîšār	Np	Ahishar			a.ck.bc	301		
aml	אֲחִיתֹ֫פֶל	ʾăḥîtōpel	Np	Ahithophel			a.ck.bd	302		
amm	אחל	ʾḥl			main	אחל	a.co.aa			67
amn	אַחְלָב	ʾaḥlāb	Np	Ahlab			h.ck.ag	303		
amo	אַחְלָ֑י	ʾaḥlāy	Np	Ahlai			a.co.ab	304		
amp	אַחֲלַי	ʾaḥălay	Tj	ah that!	single		a.ci.ai	305		67a
amq	אַחְלָ֑מָה	ʾaḥlāmâ	N	amethyst	sub		a.co.ad	306		67b
amr	אֲחַסְבַּי	ʾăḥasbay	Np	Ahasbai			a.co.ae	308		
ams	אַחֵר	ʾaḥēr	Np	Aher			a.cp.ai	313		
amt	אַחֵר	ʾaḥēr	A	another	sub		a.cp.ab	312		68a
amu	אַחַר	ʾaḥar	D	the hinder	sub		a.cp.ac	310	a	68b
amv	אָחַר	ʾāḥar	V	to remain behind	main	אחר	a.cp.aa	309		68
amw	אַחֲרוֹן	ʾaḥărôn	A	coming after	sub		a.cp.ag	314		68f
amx	אַחְרַח	ʾaḥraḥ	Np	Aharah			a.cp.aj	315		
amy	אֲחַרְחֵל	ʾăḥarḥēl	Np	Aharhel			a.cp.ak	316		
amz	אַחֲרַי	ʾaḥăray	A	backwards	sub		a.cp.ad	310	b	68c
ana	אַחֲרִית	ʾaḥărît	N	after-part	sub		a.cp.ah	319		68g
anb	אֲחֹרַנִּית	ʾăḥōrannît	D	backwards	sub		a.cp.af	322		68e
anc	אֲחַשְׁדַּרְפַּן	ʾăḥašdarpan	N	satraps	single		a.cp.al	323		69
and	אֲחַשְׁוֵרוֹשׁ	ʾăḥašwērôš	Np	Ahasuerus			a.cp.am	325		
ane	אֲחַשְׁתָּרִי	ʾăḥaštārî	Np	Haakashtari (includ. the article)			a.cp.an	326		
anf	אֲחַשְׁתְּרָן	ʾăḥaštĕrān	A	royal	single		a.cp.ao	327		70
ang	אַט	ʾaṭ	D	gently	sub		a.cr.ac	328	b	72a
anh	אָטָד	ʾāṭād	N	bramble	sub		a.cq.ab	329		71a
ani	אטד	ʾṭd			main	אטד	a.cq.aa			71
anj	אֵטוּן	ʾēṭûn	N	thread	sub		a.cs.ab	330		73b
ank	אטט	ʾṭṭ			main	אטט	a.cr.aa			72
anl	אִטִּי	ʾiṭṭî	N	mutterer	sub		a.cr.ab	328	a	72a
anm	אָטַם	ʾāṭam	V	shut	main	אטם	a.cs.aa	331		73
ann	אִטֵּר	ʾiṭṭēr	A	shut up	sub		a.ct.ac	334		74a
ano	אָטֵר	ʾāṭēr	Np	Ater			a.ct.ab	333		
anp	אָטַר	ʾāṭar	V	shut up	main	אטר	a.ct.aa	332		74
anq	אִי	ʾî	D	not	main		a.cw.aa	336		77
anr	אִי	ʾî	Tj	alas!	main		a.cv.aa	337		76
ans	אִי	ʾî	N	coast	sub		a.br.ab	339		39a
ant	אִי	ʾî	N	jackal	sub		a.bv.ab	338		43a
anu	אַי	ʾay	D	where?	main		a.cu.aa	335		75
anv	אָיַב	ʾāyab	V	be hostile to	main	איב	a.cx.aa	340		78
anw	אָיַב	ʾāyab	N	be hostile to	sub		a.cx.aa	341		78
anx	אֵיבָה	ʾêbâ	N	enmity	sub		a.cx.ab	342		78a
any	אֵיד	ʾêd	N	distress	sub		a.bq.ad	343		38c
anz	אַיֵּה	ʾayyēh	D	where?	sub		a.cu.ab	346		75a
aoa	אַיָּה	ʾayyâ	Np	Aiah			a.bv.ad	345		
aob	אַיָּה	ʾayyâ	N	hawk	sub		a.bv.ac	344		43b
aoc	אִיּוֹב	ʾîyôb	Np	Job	sub		a.cx.ac	347		78b
aod	אִיזֶבֶל	ʾîzebel	Np	Jezebel			a.cw.ac	348		
aoe	אֵיךְ	ʾêk	D	how?	sub		a.cu.ac	349	a	75b
aof	אִי־כָבוֹד	ʾî-kābôd	Np	I-chabod			a.cw.ab	350		
aog	אֵיכָה	ʾêkâ	D	how?	sub		a.cu.ad	349	b	75c
aoh	אֵיכֹה	ʾêkōh	D	where	sub		a.cu.ae	351		75d
aoi	אֵיכָ֫כָה	ʾêkākâ	D	How?	sub		a.cu.af	349	c	75e
aoj	אֱיָל	ʾĕyāl	N	help	main		a.cx.aj	353		79
aok	אַ֫יִל	ʾayil	N	leader	sub		a.bx.ah	352	c	45f
aol	אַ֫יִל	ʾayil	N	terebinth	sub		a.bx.ai	352	d	45g
aom	אַ֫יִל	ʾayil	N	projecting pillar	sub		a.bx.ag	352	b	45e
aon	אַ֫יִל	ʾayil	N	ram	sub		a.bx.af	352	a	45d
aoo	אַיָּל	ʾayyāl	N	hart	sub		a.bx.at	354		45k
aop	אֵיל פָּארָן	ʾêl pāʾrān	Np	El-paran			a.bx.aj	364		
aoq	אַיָּלָה	ʾayyālâ	N	hind	sub		a.bx.au	355		45l
aor	אַיָּלוֹן	ʾayyālôn	Np	Aijalon			a.bx.av	357		
aos	אֵילוֹן בֵּית חָנָן	ʾêlôn bêt ḥānān	Np	Elon-bethhanan			b.bp.au	358		
aot	אֱיָלוּת	ʾĕyālût	N	power	sub		a.cx.ak	360		79a
aou	אֵילוֹת	ʾêlôt	Np	Elath			a.bx.ar	359	b	
aov	אֵילִם	ʾêlim	Np	Elim			a.bx.ak	362		
aow	אֵילָם	ʾêlām	N	porch	sub		a.bx.as	361		45j
aox	אֵילַת	ʾêlat	Np	Elath			a.bx.aq	359	a	
aoy	אַיֶּלֶת	ʾayyelet	N	hind	sub		a.bx.au	365		45l
aoz	אָיֹם	ʾāyōm	A	terrible	sub		a.cy.ab	366		80a
apa	אים	ʾym			main	אים	a.cy.aa			80
apb	אֵימָה	ʾêmâ	N	terror	sub		a.cy.ac	367		80b
apc	אֵימִים	ʾêmîm	Np	Emims			a.cy.ad	368		
apd	אִין	ʾîn	D	is it not?	sub		a.cz.ab	371		81
ape	אַ֫יִן	ʾayin	D	whence?	sub		a.cu.ag	370		75f
apf	אַ֫יִן	ʾayin	D	nothing	main	אין	a.cz.aa	369		81
apg	אִיעֶזֶר	ʾîʿezer	Np	Jeezer			a.ae.at	372		
aph	אִיעֶזְרִי	ʾîʿezrî	A	an Iezrite			a.ae.au	373		
api	אֵיפָה	ʾêpâ	N	ephah	single		a.cz.ac	374		82
apj	אֵיפֹה	ʾêpōh	D	what place?	sub		a.cu.ai	375		75h
apk	אִישׁ	ʾîš	N	man	sub		a.da.ab	376		83a
apl	אישׁ	ʾyš			main	אישׁ	a.da.aa			83
apm	אִישׁ־בֹ֫שֶׁת	ʾîš-bōšet	Np	Ish-bosheth			a.da.ac	378		
apn	אִישְׁהוֹד	ʾîšĕhôd	Np	Ishod			a.da.ad	379		
apo	אִישׁוֹן	ʾîšôn	N	pupil	sub		a.da.ae	380		83b
app	אִישׁ־חַיִל	ʾîš-ḥayil	N	a valiant man			a.da.ab	381		
apq	אִישׁ־טוֹב	ʾîš-ṭôb	Np	Ish-tob			a.da.ab	382		
apr	אִיתוֹן	ʾîtôn	N	entrance	sub		a.go.ab	2978		188a
aps	אִיתִיאֵל	ʾîtîʾēl	Np	Ithiel			a.gn.ad	384		
apt	אִיתָמָר	ʾîtāmār	Np	Ithamar			a.br.ac	385		
apu	אֵיתָן	ʾêtān	A	perennial	sub		j.ee.ab	386		935a
apv	אֵיתָן	ʾêtān	Np	Ethan			j.ee.ac	387		
apw	אֵיתָנִים	ʾêtānîm	Np	Ethanim			j.ee.ab	388		
apx	אַךְ	ʾak	D	surely	single		a.da.ak	389		84
apy	אַכַּד	ʾakkad	Np	Accad	main		a.db.aa	390		
apz	אַכְזָב	ʾakzāb	A	deceptive	sub		k.ba.af	391		970b
aqa	אַכְזִיב	ʾakzîb	Np	Achzib			k.ba.ag	392		
aqb	אַכְזָר	ʾakzār	A	cruel	sub		k.bb.ab	393		971a
aqc	אַכְזָרִי	ʾakzārî	A	cruel	sub		k.bb.ac	394		971b
aqd	אַכְזְרִיּוּת	ʾakzĕrîyût	N	cruelty	sub		k.bb.ad	395		971c
aqe	אֲכִילָה	ʾăkîlâ	N	an eating	sub		a.dc.ae	396		85c
aqf	אָכִישׁ	ʾākîš	Np	Achish			a.db.ad	397		
aqg	אָכַל	ʾākal	V	eat	main	אכל	a.dc.aa	398		85
aqh	אֹ֫כֶל	ʾōkel	N	food	sub		a.dc.ab	400		85a
aqi	אֻכָל	ʾukāl	Np	Ucal			a.dc.ad	401		
aqj	אׇכְלָה	ʾoklâ	N	food	sub		a.dc.ac	402		85b
aqk	אָכֵן	ʾākēn	D	firmly	main	אכן	a.dd.aa	403		86
aql	אֶ֫כֶף	ʾekep	N	pressure	sub		a.de.ab	405		87a
aqm	אָכַף	ʾākap	V	press	main	אכף	a.de.aa	404		87
aqn	אִכָּר	ʾikkār	N	ploughman	sub		a.df.ab	406		88a
aqo	אכר	ʾkr			main	אכר	a.df.aa			88
aqp	אַכְשָׁף	ʾakšāp	Np	Achshaph	sub		k.dl.ab	407		
aqq	אֵל	ʾēl	N	god	sub		a.dl.ab	410		93a
aqr	אֵל	ʾēl	P	these	main	אלה	a.dj.aa	411		92
aqs	אֶל	ʾel	R	motion to	main		a.di.aa	413		91
aqt	אַל	ʾal			main		a.dg.aa			89
aqu	אַל	ʾal	D	not	main		a.dh.aa	408		90
aqv	אֵל אֱלֹהֵי יִשְׂרָאֵל	ʾēl ʾĕlōhê yiśrāʾēl	Np	Elelohe-israel			a.dl.ab	415		
aqw	אֵל בֵּית־אֵל	ʾēl bêt-ʾēl	Np	El-beth-el			a.dl.ab	416		
aqx	אֵל בְּרִית	ʾēl bĕrît	Np	Berith			a.dl.ab	1286		
aqy	אַל תַּשְׁחֵת	ʾal tašḥēt	N	go to ruin	sub		v.cq.aa	516		
aqz	אֵלָא	ʾēlāʾ	Np	Elah			a.dk.ac	414		
ara	אֶלְגָּבִישׁ	ʾelgābîš	N	hail	sub		a.dg.ab	417		89a
arb	אַלְגּוּמִּים	ʾalgûmmîm	N	sandal-wood	sub		a.dg.ac	418		89b
arc	אֶלְדָּד	ʾeldād	Np	Eldad			a.dl.ae	419		
ard	אֶלְדָּעָה	ʾeldāʿâ	Np	Eldaah			a.dl.af	420		
are	אֱלֹהַּ	ʾĕlōah	N	god	sub		a.dl.ac	433		93b
arf	אֵלָה	ʾēlâ	N	terebinth	sub		a.bx.al	424		45h
arg	אֵלָה	ʾēlâ	Np	Elah			a.bx.am	425		
arh	אֵ֫לֶּה	ʾēlleh	P	these	main	אלה	a.dk.aa	428		92
ari	אַלָּה	ʾallâ	N	oak	sub		a.dq.ab	427		100a
arj	אָלָה	ʾālâ	V	wail	main	אלה	a.dn.aa	421		95
ark	אָלָה	ʾālâ	V	swear	main	אלה	a.dm.aa	422		94
arl	אָלָה	ʾālâ	N	oath	sub		a.dm.ab	423		94a
arm	אלה	ʾlh			main	אלה	a.dl.aa			93
arn	אֱלֹהִים	ʾĕlōhîm	N	gods	sub		a.dl.ad	430		93c
aro	אִלּוּ	ʾillû	C	if	single		a.dn.ac	432		96
arp	אֱלוּל	ʾĕlûl	Np	Elul	single		a.dn.ad	435		97
arq	אֱלוּל	ʾĕlûl	A	good for nothing	sub		a.dp.ab	434		99a
arr	אֵלוֹן	ʾēlôn	Np	Elon			a.bx.ao	356		
ars	אֵלוֹן	ʾēlôn	N	terebinth	sub		a.bx.an	436		45i
art	אַלּוֹן	ʾallôn	Np	Allon			a.dq.ad	438		
aru	אַלּוֹן	ʾallôn	N	oak	sub		a.dq.ac	437		100b
arv	אַלּוֹן בָּכוּת	ʾallôn bākût	N	weeping	sub		b.bq.ad	439		243c
arw	אַלּוּף	ʾallûp	A	tame	sub		a.ds.ac	441	a	108b
arx	אַלּוּף	ʾallûp	N	chief	sub		a.dt.ac	441	b	109b
ary	אָלוּשׁ	ʾālûš	Np	Alush			a.dn.ae	442		
arz	אֶלְזָבָד	ʾelzābād	Np	Elzabad			a.dl.ag	443		
asa	אָלַח	ʾālaḥ	V	be corrupt	main	אלח	a.do.aa	444		98
asb	אֶלְחָנָן	ʾelḥānān	Np	Elkanan			a.dl.ah	445		
asc	אֱלִיאָב	ʾĕlîʾāb	Np	Eliab			a.dl.ai	446		
asd	אֱלִיאֵל	ʾĕlîʾēl	Np	Eliel			a.dl.aj	447		
ase	אֳלִיאָ֫תָה	ʾŏlîʾātâ	Np	Eliathah			a.dl.ak	448		
asf	אֱלִידָד	ʾĕlîdād	Np	Elidad			a.dl.al	449		
asg	אֶלְיָדָע	ʾelyādāʿ	Np	Eliada			a.dl.am	450		
ash	אֵלִיָּה	ʾēlîyâ	Np	Elijah			a.dl.an	452		
asi	אַלְיָה	ʾalyâ	N	fat tail	sub		a.dn.ab	451		95a
asj	אֱלִיהוּ	ʾĕlîhû	Np	Elihu			a.dl.ao	453		
ask	אֶלְיְהוֹעֵינַי	ʾelyĕhôʿênay	Np	Elihoenai			a.di.ab	454	a	
asl	אֶלְיוֹעֵינַי	ʾelyôʿênay	Np	Elihoenai			a.di.ac	454	b	
asm	אֶלְיוֹעֵינַי	ʾelyôʿênay	Np	Elienai			a.di.ac	462		
asn	אֶלְיַחְבָּא	ʾelyaḥbāʾ	Np	Eliahbah			a.dl.ap	455		
aso	אֱלִיחֹ֫רֶף	ʾĕlîḥōrep	Np	Elihoreph			a.dl.aq	456		
asp	אֱלִיל	ʾĕlîl	N	insufficiency	sub		a.dp.ac	457		99a
asq	אֱלִימֶ֫לֶךְ	ʾĕlîmelek	Np	Elimelech			a.dl.ar	458		
asr	אֶלְיָסָף	ʾelyāsāp	Np	Eliasaph			a.dl.as	460		
ass	אֱלִיעֶ֫זֶר	ʾĕlîʿezer	Np	Eliezer			a.dl.at	461		
ast	אֱלִיעָם	ʾĕlîʿām	Np	Eliam			a.dl.au	463		
asu	אֱלִיפַז	ʾĕlîpaz	Np	Eliphaz			a.dl.av	464		
asv	אֱלִיפָל	ʾĕlîpāl	Np	Eliphal			a.dl.aw	465		
asw	אֱלִיפְלֵ֫הוּ	ʾĕlîpĕlēhû	Np	Elipheleh			a.dl.ax	466		
asx	אֲלִיפֶ֫לֶט	ʾălîpeleṭ	Np	Eliphalet			a.dl.ay	467		
asy	אֱלִיצוּר	ʾĕlîṣûr	Np	Elizur			a.dl.az	468		
asz	אֱלִיצָפָן	ʾĕlîṣāpān	Np	Elizaphan			a.dl.ba	469		
ata	אֱלִיקָא	ʾĕlîqāʾ	Np	Elika			a.dl.bb	470		
atb	אֶלְיָקִים	ʾelyāqîm	Np	Eliakim			a.dl.bc	471		
atc	אֱלִישֶׁ֫בַע	ʾĕlîšebaʿ	Np	Elisheba			a.dl.bd	472		
atd	אֱלִישָׁה	ʾĕlîšâ	Np	Elishah			a.do.ac	473		
ate	אֱלִישׁוּעַ	ʾĕlîšûaʿ	Np	Elishua			a.dl.be	474		
atf	אֶלְיָשִׁיב	ʾelyāšîb	Np	Eliashib			a.dl.bf	475		
atg	אֱלִישָׁמָע	ʾĕlîšāmāʿ	Np	Elishama			a.dl.bg	476		
ath	אֱלִישָׁע	ʾĕlîšāʿ	Np	Elisha			a.dl.bh	477		
ati	אֱלִישָׁפָט	ʾĕlîšāpāṭ	Np	Elishaphat			a.dl.bi	478		
atj	אלל	ʾll			main	אלל	a.dq.aa			100
atk	אלל	ʾll			main	אלל	a.dp.aa			99
atl	אַלְלַי	ʾalĕlay	Tj	alas!	main		a.dr.aa	480		101
atm	אִלֵּם	ʾillēm	A	dumb	sub		a.dr.ae	483		102c
atn	אֵ֫לֶם	ʾēlem	N	silence	sub		a.dr.ad	482		102b
ato	אָלַם	ʾālam	V	bind	main	אלם	a.dr.ab	481		102
atp	אַלְמֻגִּים	ʾalmuggîm	N	almug	sub		a.dg.ad	484		89c
atq	אֲלֻמָה	ʾălumâ	N	sheaf	sub		a.dr.ac	485		102a
atr	אַלְמוֹדָד	ʾalmôdād	Np	Almodad			a.dg.ae	486		
ats	אַלַּמֶּלֶךְ	ʾallammelek	Np	Alammelech			a.dq.ae	487		
att	אַלְמָן	ʾalmān	A	forsaken	single		a.dr.ah	488		103
atu	אַלְמֹן	ʾalmōn	N	widowhood	single		a.dr.ai	489		104
atv	אַלְמָנָה	ʾalmānâ	N	widow	single		a.dr.aj	490		105
atw	אַלְמָנוּת	ʾalmānût	N	widowhood	single		a.dr.ak	491		106
atx	אַלְמֹנִי	ʾalmōnî	A	some one	single		a.dr.al	492		107
aty	אֵלֹנִי	ʾēlōnî	Ag	Elonite			a.bx.ap	440		
atz	אֶלְנָ֑עַם	ʾelnāʿam	Np	Elnaam			a.dl.bl	493		
aua	אֶלְנָתָן	ʾelnātān	Np	Elnathan			a.dl.bm	494		
aub	אֶלָּסָר	ʾellāsār	Np	Ellasar			a.dr.am	495		
auc	אֶלְעָד	ʾelʿād	Np	Elead			a.dl.bn	496		
aud	אֶלְעָדָה	ʾelʿādâ	Np	Eladah			a.dl.bo	497		
aue	אֶלְעוּזַי	ʾelʿûzay	Np	Eluzai			a.dl.bp	498		
auf	אֶלְעָזָר	ʾelʿāzār	Np	Eleazar			a.dl.bq	499		
aug	אֶלְעָלֵא	ʾelʿālēʾ	Np	Elealeh			a.dl.br	500		
auh	אֶלְעָשָׂה	ʾelʿāśâ	Np	Elasah			a.dl.bs	501		
aui	אֶ֫לֶף	ʾelep	N	thousand	main	אלף	a.dt.aa	505		109a
auj	אֶ֫לֶף	ʾelep	N	cattle	sub		a.ds.ab	504		108a
auk	אֶ֫לֶף	ʾelep	Np	Eleph			a.dt.ab	507		
aul	אָלַף	ʾālap	V	learn	main	אלף	a.ds.aa	502		108
aum	אָלַף	ʾālap	V	thousand	sub		a.dt.aa	503		109
aun	אֶלְפַּ֫עַל	ʾelpaʿal	Np	Elpaal			a.dl.bu	508		
auo	אָלַץ	ʾālaṣ	V	urge	main	אלץ	a.du.aa	509		110
aup	אַלְקוּם	ʾalqûm	N	band of soldiers	sub		a.dg.af	510		89d
auq	אֶלְקָנָה	ʾelqānâ	Np	Elkanah			a.dl.bw	511		
aur	אֶלְקֹשִׁי	ʾelqōšî	Ag	Elkoshite			a.du.ac	512		
aus	אֶלְתּוֹלַד	ʾeltôlad	Np	Eltolad			a.dg.ag	513		
aut	אֶלְתְּקֵא	ʾeltĕqēʾ	Np	Eltekeh			a.du.ad	514		
auu	אֶלְתְּקֹן	ʾeltĕqōn	Np	Eltekon			a.du.ae	515		
auv	אִם	ʾim	T	if	single		a.du.af	518	a	111
auw	אֵם	ʾēm	N	mother	sub		a.dx.ab	517		115a
aux	אַמָּה	ʾammâ	N	foundation	sub		a.dx.ae	520	b	115d
auy	אַמָּה	ʾammâ	N	ell	sub		a.dx.ad	520	a	115c
auz	אַמָּה	ʾammâ	Np	Ammah			a.dx.af	522		
ava	אָמָה	ʾāmâ	N	maid	sub		a.dv.ab	519		112
avb	אֻמָּה	ʾummâ	N	tribe	sub		a.dx.ag	523		115e
avc	אמה	ʾmh			main	אמה	a.dv.aa			
avd	אָמוֹן	ʾāmôn	Np	Amon			a.dy.ao	526		
ave	אָמוֹן	ʾāmôn	Np	multitude	single		a.dv.ac	528		113
avf	אָמוֹן	ʾāmôn	N	artificer	sub		a.dy.an	527		116l
avg	אָמוֹן	ʾāmôn	N	artificer	sub		a.dy.an	525		116l
avh	אֱמוּנָה	ʾĕmûnâ	N	firmness	sub		a.dy.af	530		116e
avi	אָמוֹץ	ʾāmôṣ	Np	Amoz			a.dz.ad	531		
avj	אָמִי	ʾāmî	Np	Ami			a.dv.ad	532		
avk	אַמִּיץ	ʾammîṣ	A	mighty	sub		a.dz.af	533		117d
avl	אָמִיר	ʾāmîr	N	top	sub		a.ea.af	534		118d
avm	אָמַל	ʾāmal	V	be weak	main	אמל	a.dw.aa	535		114
avn	אֲמֵלָל	ʾămēlāl	A	feeble	sub		a.dw.ab	537		114a
avo	אֻמְלַל	ʾumlal	A	sick	sub		a.dw.ac	536		114b
avp	אֲמָם	ʾămām	Np	Amam			a.dx.ah	538		
avq	אמם	ʾmm			main	אמם	a.dx.aa			115
avr	אֵמֻן	ʾēmun	N	trusting	sub		a.dy.ae	529		116d
avs	אָמֵן	ʾāmēn	D	verily	sub		a.dy.ac	543		116b
avt	אָמַן	ʾāman	V	go to	sub		j.bs.ae	541		872
avu	אָמַן	ʾāman	V	confirm	main	אמן	a.dy.aa	539		116
avv	אָמָּן	ʾāmmān	N	master-workman	sub		a.dy.ad	542		116c
avw	אֹ֫מֶן	ʾōmen	N	faithfulness	sub		a.dy.ab	544		116a
avx	אֲמָנָה	ʾămānâ	Np	Amana			a.dy.aj	549		
avy	אֲמָנָה	ʾămānâ	N	faith	sub		a.dy.ai	548		116h
avz	אֹמְנָה	ʾōmĕnâ	N	confirm	sub		a.dy.aa	547		116
awa	אׇמְנָה	ʾomnâ	D	verily	sub		a.dy.ah	546		116g
awb	אׇמְנָה	ʾomnâ	N	bringing up	sub		a.dy.ag	545		116f
awc	אַמְנוֹן	ʾamnôn	Np	Amnon			a.dy.ap	550		
awd	אֻמְנָם	ʾumnām	D	verily	sub		a.dy.ak	552		116i
awe	אׇמְנָם	ʾomnām	D	verily	sub		a.dy.al	551		116j
awf	אָמֵץ	ʾāmēṣ	V	be stout	main	אמץ	a.dz.aa	553		117
awg	אָמֹץ	ʾāmōṣ	A	strong	sub		a.dz.ae	554		117c
awh	אֹ֫מֶץ	ʾōmeṣ	N	strength	sub		a.dz.ab	555		117a
awi	אַמְצָה	ʾamṣâ	N	strength	sub		a.dz.ac	556		117b
awj	אַמְצִי	ʾamṣî	Np	Amzi			a.dz.ag	557		
awk	אֲמַצְיָ֫הוּ	ʾămaṣyāhû	Np	Amaziah			a.dz.ah	558		
awl	אִמֵּר	ʾimmēr	Np	Immer			a.ea.ag	564		
awm	אֵמֶר	ʾēmer	N	utterance	sub		a.ea.ab	561		118a
awn	אָמַר	ʾāmar	V	utter	main	אמר	a.ea.aa	559		118
awo	אֹמֶר	ʾōmer	N	utterance	sub		a.ea.ab	562		118a
awp	אִמְרָה	ʾimrâ	N	utterance	sub		a.ea.ac	565	a	118b
awq	אֶמְרָה	ʾemrâ	N	utterance	sub		a.ea.ad	565	b	118c
awr	אֱמֹרִי	ʾĕmōrî	Np	Amorite	single		a.ea.ah	567		119
aws	אִמְרִי	ʾimrî	Np	Imri			a.ea.ai	566		
awt	אֲמַרְיָ֫הוּ	ʾămaryāhû	Np	Amariah			a.ea.aj	568		
awu	אַמְרָפֶל	ʾamrāpel	Np	Amraphel			a.ea.al	569		
awv	אֶ֫מֶשׁ	ʾemeš	D	yesterday	single		a.ea.am	570		120
aww	אֱמֶת	ʾĕmet	N	firmness	sub		a.dy.am	571		116k
awx	אַמְתַּ֫חַת	ʾamtaḥat	N	sack	sub		m.ec.ab	572		1265a
awy	אֲמִתַּי	ʾămittay	Np	Amittai			a.dy.ar	573		
awz	אָן	ʾān	D	where?	sub		a.cu.ah	575		75g
axa	אֹן	ʾōn	Np	On	single		a.ea.aq	204		121
axb	אָֽנָּ֫א	ʾānnāʾ	Tj	ah	single		a.ea.as	577		122
axc	אנב	ʾnb			main	אנב	a.eb.aa			123
axd	אָנָה	ʾānâ	V	be opportune	main	אנה	a.ee.aa	579		126
axe	אָנָה	ʾānâ	V	mourn	main	אנה	a.ec.aa	578		124
axf	אנה	ʾnh			main	אנה	a.ed.aa			125
axg	אֲנוּ	ʾănû	Pp	we	main		a.eh.aa	580		128
axh	אֱנוֹשׁ	ʾĕnôš	N	man	sub		a.ep.ab	582		136a
axi	אֱנוֹשׁ	ʾĕnôš	Np	Enos			a.ep.ac	583		
axj	אָנַח	ʾānaḥ	V	sigh	main	אנח	a.ef.aa	584		127
axk	אֲנָחָה	ʾănāḥâ	N	sighing	sub		a.ef.ab	585		127a
axl	אֲנַ֫חְנוּ	ʾănaḥnû	Pp	we	main		a.ej.aa	587		128
axm	אֲנָֽחֲרָ֑ת	ʾănāḥărāt	Np	Anaharath			a.ef.ad	588		
axn	אֲנִי	ʾănî	Pp	I	main		a.eg.aa	589		129
axo	אֳנִי	ʾŏnî	N	ships	sub		a.ed.ab	590		125a
axp	אֲנִיָּה	ʾănîyâ	N	mourning	sub		a.ec.ab	592		124a
axq	אֳנִיָּה	ʾŏnîyâ	N	a ship	sub		a.ed.ac	591		125b
axr	אֲנִיעָם	ʾănîʿām	Np	Aniam			a.ec.ad	593		
axs	אֲנָךְ	ʾănāk	N	plummet	single		a.ej.ac	594		129.1
axt	אָֽנֹכִ֫י	ʾānōkî	Pp	I	main		a.ei.aa	595		130
axu	אָנַן	ʾānan	V	complain	main	אנן	a.ek.aa	596		131
axv	אָנַס	ʾānas	V	compel	main	אנס	a.el.aa	597		132
axw	אָנַף	ʾānap	V	be angry	main	אנף	a.em.aa	599		133
axx	אֲנָפָה	ʾănāpâ	N	unclean bird	sub		a.em.ad	601		133b
axy	אָנַק	ʾānaq	V	cry	main	אנק	a.en.aa	602		134
axz	אֲנָקָה	ʾănāqâ	N	crying	sub		a.en.ab	603		134a
aya	אֲנָקָה	ʾănāqâ	N	ferret	sub		a.en.ac	604		134b
ayb	אָנַשׁ	ʾānaš	V	be weak	main	אנשׁ	a.eo.aa	605		135
ayc	אנשׁ	ʾnš			main	אנשׁ	a.eq.aa			137
ayd	אנשׁ	ʾnš			main	אנשׁ	a.ep.aa			136
aye	אנת	ʾnt			main	אנת	a.er.aa			
ayf	אָסָא	ʾāsāʾ	Np	Asa			a.es.ab	609		
ayg	אסה	ʾsh			main	אסה	a.es.aa			
ayh	אסה	ʾsh			main	אסה	a.et.aa			138
ayi	אָסוּךְ	ʾāsûk	N	flask	sub		o.ar.ab	610		1474a
ayj	אָסוֹן	ʾāsôn	N	mischief	sub		a.et.ab	611		138a
ayk	אֵסוּר	ʾēsûr	N	band	sub		a.ew.ab	612		141a
ayl	אָסִיף	ʾāsîp	N	ingathering	sub		a.ev.ad	614		140b
aym	אַסִּיר	ʾassîr	Np	Assir			a.ew.ae	617		
ayn	אַסִּיר	ʾassîr	N	prisoners	sub		a.ew.ad	616		141c
ayo	אָסִיר	ʾāsîr	N	bondman	sub		a.ew.ac	615		141b
ayp	אָסָם	ʾāsām	N	storehouse	sub		a.eu.ab	618		139a
ayq	אסם	ʾsm			main	אסם	a.eu.aa			139
ayr	אַסְנָה	ʾasnâ	Np	Asnah			a.eu.ac	619		
ays	אָֽסְנַת	ʾāsĕnat	Np	Asenath			a.eu.ad	621		
ayt	אָסַף	ʾāsap	V	gather	main	אסף	a.ev.aa	622		140
ayu	אָסָף	ʾāsāp	Np	Asaph			a.ev.ac	623		
ayv	אָסֹף	ʾāsōp	N	store	sub		a.ev.ae	624		140c
ayw	אֹ֫סֵף	ʾōsēp	N	gathering	sub		a.ev.ab	625		140a
ayx	אֲסֵפָה	ʾăsēpâ	N	a collecting	sub		a.ev.af	626		140d
ayy	אֲסֻפָּה	ʾăsuppâ	N	collection	sub		a.ev.ag	627		140e
ayz	אֲסַפְסֻף	ʾăsapsup	N	collection	sub		a.ev.ah	628		140f
aza	אַסְפָּ֑תָא	ʾaspātāʾ	Np	Aspatha			a.ev.ai	630		
azb	אִסָּר	ʾissār	N	bond	sub		a.ew.af	632		141d
azc	אָסַר	ʾāsar	V	tie	main	אסר	a.ew.aa	631		141
azd	אֵסַר־חַדּוֹן	ʾēsar-ḥaddôn	Np	Esar-haddon			a.ew.ak	634		
aze	אֶסְתֵּר	ʾestēr	Np	Esther			a.ew.al	635		
azf	אַף	ʾap	N	nostril	sub		a.em.ab	639		133a
azg	אַף	ʾap	T	also	main		a.ex.aa	637		142
azh	אֵפֹד	ʾēpōd	Np	Ephod			a.ey.ac	641		
azi	אָפַד	ʾāpad	V	gird on ephod	sub		a.ey.ad	640		142.1
azj	אפד	ʾpd			main	אפד	a.ey.aa			
azk	אֲפֻדָּה	ʾăpuddâ	N	ephod	sub		a.ey.ae	642		142.1b?
azl	אַפֶּ֫דֶן	ʾappeden	N	palace	single		a.ey.af	643		142.2
azm	אָפָה	ʾāpâ	V	bake	main	אפה	a.ez.aa	644		143
azn	אֵפוֹ	ʾēpô	T	then	main		a.fa.aa	645		144
azo	אֵפוֹד	ʾēpôd	N	ephod	sub		a.ey.ab	646		142.1a
azp	אֲפִיחַ	ʾăpîaḥ	Np	Aphiah			a.fa.ab	647		
azq	אָפִיל	ʾāpîl	A	late	sub		a.fb.ae	648		145d
azr	אַפַּיִם	ʾappayim	Np	Appaim			a.em.ac	649		
azs	אָפִיק	ʾāpîq	N	channel	sub		a.ff.ab	650		149a
azt	אָפֵל	ʾāpēl	A	gloomy	sub		a.fb.ac	651		145b
azu	אֹ֫פֶל	ʾōpel	N	darkness	sub		a.fb.ab	652		145a
azv	אפל	ʾpl			main	אפל	a.fb.aa			145
azw	אֲפֵלָה	ʾăpēlâ	N	darkness	sub		a.fb.ad	653		145c
azx	אֶפְלָל	ʾeplāl	Np	Ephlal			q.bq.ai	654		
azy	אֹ֫פֶן	ʾōpen	N	circumstance	sub		a.fc.ac	655		146b
azz	אפן	ʾpn			main	אפן	a.fc.aa			146
baa	אֶ֫פֶס	ʾepes	N	ceasing	sub		a.fd.ab	657	a	147a
bab	אָפֵס	ʾāpēs	V	cease	main	אפס	a.fd.aa	656		147
bac	אֹ֫פֶס	ʾōpes	N	the soles	sub		a.fd.ac	657	b	147b
bad	אֶ֫פֶס דַּמִּים	ʾepes dammîm	Np	Ephes-dammim			a.fd.ad	658		
bae	אֶ֫פַע	ʾepaʿ	A	breath	single		a.fd.ae	659		1791a
baf	אֶפְעֶה	ʾepʿeh	N	viper	sub		q.cd.ab	660		1791b
bag	אָפַף	ʾāpap	V	surround	main	אפף	a.fe.aa	661		148
bah	אֲפֵק	ʾăpēq	Np	Aphek			a.ff.ac	663		
bai	אָפַק	ʾāpaq	V	hold	main	אפק	a.ff.aa	662		149
baj	אֲפֵקָה	ʾăpēqâ	Np	Aphekah			a.ff.ad	664		
bak	אֲפֵר	ʾăpēr	N	covering	sub		a.fh.ab	666		151a
bal	אֵ֫פֶר	ʾēper	N	ashes	sub		a.fg.ab	665		150a
bam	אפר	ʾpr			main	אפר	a.fh.aa			151
ban	אפר	ʾpr			main	אפר	a.fg.aa			150
bao	אֶפְרֹחַ	ʾeprōaḥ	N	young one	sub		q.cx.ad	667		1813c
bap	אַפִּרְיוֹן	ʾappiryôn	N	sedan	sub		a.fh.ad	668		151b
baq	אֶפְרַ֫יִם	ʾeprayim	Np	Ephraim			a.fh.ae	669		
bar	אֶפְרָ֫תָה	ʾeprātâ	Np	once (Psalm 132:6) perhaps for Ephraim; also of an Israelitish woman; Ephrath			a.fh.ag	672		
bas	אֶפְרָתִי	ʾeprātî	Ag	Ephrathite			a.fh.ah	673		
bat	אפת	ʾpt			main	אפת	a.fi.aa			152
bau	אֶצְבּוֹן	ʾeṣbôn	Np	Ezbon			a.fi.ac	675		
bav	אֶצְבַּע	ʾeṣbaʿ	N	finger	sub		r.ak.ab	676		1873a
baw	אַצִּיל	ʾaṣṣîl	N	joining	sub		a.fj.ah	679		153c
bax	אָצִיל	ʾāṣîl	N	side	sub		a.fj.ag	678		153b
bay	אֵ֫צֶל	ʾēṣel	R	conjunction	sub		a.fj.ab	681		153a
baz	אָצֵל	ʾāṣēl	Np	Azal			a.fj.ae	682	a	
bba	אָצֵל	ʾāṣēl	Np	Azal			a.fj.af	682	b	
bbb	אָצַל	ʾāṣal	V	lay aside	sub		a.fj.ac	680		153
bbc	אצל	ʾṣl			main	אצל	a.fj.aa			
bbd	אֲצַלְיָ֫הוּ	ʾăṣalyāhû	Np	Azaliah			a.fj.ai	683		
bbe	אֹ֫צֶם	ʾōṣem	Np	Ozem			a.fk.ab	684		
bbf	אצם	ʾṣm			main	אצם	a.fk.aa			
bbg	אֶצְעָדָה	ʾeṣʿādâ	N	step-chain	sub		r.cy.ac	685		1943e
bbh	אֵ֫צֶר	ʾēṣer	Np	Ezer			a.fl.ab	687		
bbi	אָצַר	ʾāṣar	V	lay up	main	אצר	a.fl.aa	686		154
bbj	אֶקְדָּח	ʾeqdāḥ	N	fiery glow	sub		s.ak.ac	688		1987b
bbk	אַקּוֹ	ʾaqqô	N	wild goat	single		a.fl.ae	689		155
bbl	אֲרָא	ʾărāʾ	Np	Ara			a.fl.ag	690		
bbm	אֲרִאֵיל	ʾăriʾêl	N	hearth	sub		a.fp.ab	741		159a
bbn	אֶרְאֵל	ʾerʾēl	N	heroes	sub		a.fo.ah	691		159a
bbo	אַרְאֵלִי	ʾarʾēlî	Np	Areli			a.fo.ag	692		
bbp	אֲרָב	ʾărāb	Np	Arab			a.fm.ac	694		
bbq	אֶ֫רֶב	ʾereb	N	ambuscade	sub		a.fm.ab	695		156a
bbr	אָרַב	ʾārab	V	lie in wait	main	ארב	a.fm.aa	693		156
bbs	אֹ֫רֶב	ʾōreb	N	ambuscade	sub		a.fm.ae	696		156b
bbt	אֲרֻבָּה	ʾărubbâ	N	lattice	sub		a.fm.ag	699		156d
bbu	אַרְבֶּה	ʾarbeh	N	locust	sub		t.ai.ab	697		2103a
bbv	אָרְבָּה	ʾārĕbâ	N	artifice	sub		a.fm.af	698		156c
bbw	אֲרֻבּוֹת	ʾărubbôt	Np	Aruboth			a.fm.ah	700		
bbx	אַרְבִּי	ʾarbî	Ag	Arbite			a.fm.ad	701		
bby	אַרְבַּע	ʾarbaʿ	N	four	sub		t.al.ab	702		2106a
bbz	אַרְבַּע	ʾarbaʿ	Np	Arba			s.dc.ak	704		
bca	אַרְבָּעִים	ʾarbāʿîm	N	forty	sub		t.al.ad	705		2106b
bcb	אַרְבַּעְתַּיִם	ʾarbaʿtayim	D	four	sub		t.al.ab	706		2106a
bcc	אֶ֫רֶג	ʾereg	N	loom	sub		a.fn.ab	708		157a
bcd	אָרַג	ʾārag	V	weave	main	ארג	a.fn.aa	707		157
bce	אַרְגֹּב	ʾargōb	Np	Argob			t.ap.ad	709		
bcf	אַרְגְּוָן	ʾargĕwān	N	purple	sub		a.fn.ae	710		157b
bcg	אַרְגַּז	ʾargaz	N	box	sub		t.aq.ae	712		2112d
bch	אַרְגָּמָן	ʾargāmān	N	purple	sub		a.fn.af	713		157b
bci	אַרְדְּ	ʾard	Np	Ard			a.fn.ag	714		
bcj	אַרְדּוֹן	ʾardôn	Np	Ardon			a.fn.ak	715		
bck	אַרְדִּי	ʾardî	Ag	Ardite			a.fn.ah	716		
bcl	אָרָה	ʾārâ	V	pluck	main	ארה	a.fo.aa	717		158
bcm	ארה	ʾrh			main	ארה	a.fp.aa			159
bcn	אֲרוֹד	ʾărôd	Np	Arod			a.fn.ai	720		
bco	אַרְוַד	ʾarwad	Np	Arvad			a.fn.al	719		
bcp	אֲרוֹדִי	ʾărôdî	Ag	Arodite			a.fn.aj	722		
bcq	אַרְוָדִי	ʾarwādî	Ag	Arvadite			a.fn.am	721		
bcr	אָרוּז	ʾārûz	A	firm	sub		a.fq.ad	729		160c
bcs	אֲרוּכָה	ʾărûkâ	N	healing	sub		a.fs.ae	724		162d
bct	אֲרוּמָה	ʾărûmâ	Np	Arumah			a.fp.ac	725		
bcu	אֲרוֹמִי	ʾărômî	Ag	Edomite			a.bd.ag	726		
bcv	אֲרוֹן	ʾărôn	N	chest	sub		a.fw.ab	727		166a
bcw	אֲרַוְנָה	ʾărawnâ	Np	Araunah			a.fp.ad	728		
bcx	אֶ֫רֶז	ʾerez	N	cedar	sub		a.fq.ab	730		160a
bcy	ארז	ʾrz			main	ארז	a.fq.aa			160
bcz	אַרְזָה	ʾarzâ	N	cedar-panels	sub		a.fq.ac	731		160b
bda	אָרַח	ʾāraḥ	V	wander	main	ארח	a.fr.aa	732		161
bdb	אָרַח	ʾāraḥ	Np	Arah			a.fr.ac	733		
bdc	אֹ֫רַח	ʾōraḥ	N	way	sub		a.fr.ab	734		161a
bdd	אֲרֻחָה	ʾăruḥâ	N	meal	sub		a.fr.ad	737		161b
bde	אֹרְחָה	ʾōrĕḥâ	N	travelling company	sub		a.fr.ae	736		161c
bdf	אֲרִי	ʾărî	N	lion	sub		a.fo.ab	738	a	158a
bdg	אֲרִיאֵל	ʾărîʾēl	Np	Ariel	sub		a.fo.af	740		159a
bdh	אֲרִיאֵל	ʾărîʾēl	N	lion of God	sub		a.fo.af	739		159a
bdi	אֲרִידַי	ʾărîday	Np	Aridai			a.fn.an	742		
bdj	אֲרִידָ֑תָא	ʾărîdātāʾ	Np	Aridatha			a.fn.ao	743		
bdk	אַרְיֵה	ʾaryēh	N	lion	sub		a.fo.ad	738	b	158a
bdl	אַרְיֵה	ʾaryēh	Np	Arieh			a.fo.ae	745		
bdm	אֻרְיָה	ʾuryâ	N	manger	sub		a.fo.ac	723		158b
bdn	אַרְיוֹךְ	ʾaryôk	Np	Arioch			a.fr.ag	746	a	
bdo	אֻרִים	ʾurîm	N	region of light	sub		a.cd.af	217	b	52d
bdp	אֲרִיסַי	ʾărîsay	Np	Arisai			a.fr.ah	747		
bdq	אֶ֫רֶךְ	ʾerek	Np	Erech			a.fs.af	751		
bdr	אָרֵךְ	ʾārēk	A	long	sub		a.fs.ac	750		162b
bds	אָרַךְ	ʾārak	V	be long	main	ארך	a.fs.aa	748		162
bdt	אָרֹךְ	ʾārōk	A	long	sub		a.fs.ad	752		162c
bdu	אֹ֫רֶךְ	ʾōrek	N	length	sub		a.fs.ab	753		162a
bdv	אַרְכִּי	ʾarkî	Ag	Arkite			a.fs.ag	757		
bdw	אֲרָם	ʾărām	Np	Aram	main	ארם	a.ft.aa	758		163
bdx	ארם	ʾrm			main	ארם	a.fu.aa			164
bdy	אֲרַם נַהֲרַיִם	ʾăram nahărayim	Np	Aram-naharaim			a.ft.aa	763		
bdz	אֲרַם צוֹבָה	ʾăram ṣôbâ	Np	Aram-zobah			a.ft.aa	760		
bea	אַרְמוֹן	ʾarmôn	N	citadel	sub		a.fu.ab	759		164a
beb	אֲרַמִּי	ʾărammî	Ag	Aramæan			a.ft.ab	761		
bec	אֲרָמִית	ʾărāmît	D	in Aramaic			a.ft.ac	762		
bed	אַרְמֹנִי	ʾarmōnî	Np	Armoni			a.fu.ac	764		
bee	אֲרָן	ʾărān	Np	Aran			a.fv.ab	765		
bef	אֹ֫רֶן	ʾōren	Np	Oren			a.fv.ad	767		
beg	אֹ֫רֶן	ʾōren	N	fir	sub		a.fv.ac	766		165a
beh	ארן	ʾrn			main	ארן	a.fv.aa			165
bei	ארן	ʾrn			main	ארן	a.fw.aa			166
bej	אַרְנֶבֶת	ʾarnebet	N	hare	sub		a.eb.ab	768		123a
bek	אַרְנוֹן	ʾarnôn	Np	Arnon			a.fv.ah	769		
bel	אַרְנָן	ʾarnān	Np	Arnan			a.fv.af	770		
bem	אׇרְנָן	ʾornān	Np	Ornan. See			a.fv.ag	771		
ben	אַרְפַּד	ʾarpad	Np	Arpad			a.fw.ae	774		
beo	אַרְפַּכְשַׁד	ʾarpakšad	Np	Arphaxad			a.fw.af	775		
bep	אֶ֫רֶץ	ʾereṣ	N	earth	main	ארץ	a.fx.aa	776		167
beq	אַרְצָא	ʾarṣāʾ	Np	Arza			a.fx.ab	777		
ber	אָרַר	ʾārar	V	curse	main	ארר	a.fy.aa	779		168
bes	אֲרָרַט	ʾărāraṭ	Np	Ararat	single		a.fy.ad	780		169
bet	אָרַשׂ	ʾāraś	V	betroth	main	ארשׂ	a.fz.aa	781		170
beu	ארשׁ	ʾrš			main	ארשׁ	a.ga.aa			171
bev	אֲרֶ֫שֶׁת	ʾărešet	N	desire	sub		a.ga.ab	782		171a
bew	אַרְתַּחְשַׁשְׂתָּא	ʾartaḥšaśtāʾ	Np	Artaxerxes			a.ga.ad	783	a	
bex	אִשׁ	ʾiš	D	there is	single		a.gb.ad	786		173
bey	אֵשׁ	ʾēš	N	fire	main	אנש	a.gb.aa	784		172
bez	אַשְׁבֵּל	ʾašbēl	Np	Ashbel			a.gb.ae	788		
bfa	אַשְׁבֵּלִי	ʾašbēlî	Ag	Ashbelite			a.gb.af	789		
bfb	אֶשְׁבָּן	ʾešbān	Np	Eshban			a.gb.ag	790		
bfc	אַשְׁבֵּעַ	ʾašbēaʿ	Np	Ashbea			a.gb.ah	791		
bfd	אֶשְׁבַּעַל	ʾešbaʿal	Np	Eshbaal			a.gb.ai	792		
bfe	אֶ֫שֶׁד	ʾešed	N	foundation	sub		a.gc.ab	793		174a
bff	אשׁד	ʾšd			main	אשׁד	a.gc.aa			174
bfg	אֲשֵׁדָה	ʾăšēdâ	N	foundation	sub		a.gc.ac	794		174b
bfh	אַשְׁדּוֹד	ʾašdôd	Np	Ahdod			a.gc.ad	795		
bfi	אַשְׁדּוֹדִי	ʾašdôdî	Ag	Ashdodite			a.gc.ae	796		
bfj	אַשְׁדּוֹדִית	ʾašdôdît	D	in the language of Ashdod			a.gc.af	797		
bfk	אַשְׁדּוֹת הַפִּסְגָּה	ʾašdôt happisgâ	Np	Ashdoth-pisgah			q.bx.ab	798		
bfl	אֶשְׁדָּת	ʾešdāt	N	fire	sub		a.gb.aa	799		172
bfm	אִשֶּׁה	ʾiššeh	N	an offering made by fire	sub		a.gb.ac	801		172a
bfn	אִשָּׁה	ʾiššâ	N	woman	sub		a.eq.ab	802		137a
bfo	אֶשָּׁה	ʾeššâ	N	from their fire	sub		a.gb.ab	800		172
bfp	אשׁה	ʾšh			main	אשׁה	a.gd.aa			175
bfq	אֲשׁוּר	ʾăšûr	N	step	sub		a.gj.ad	838	a	183c
bfr	אַשּׁוּר	ʾaššûr	Np	Asshur	single		a.gd.af	804		176
bfs	אֲשׁוּרִי	ʾăšûrî	A	an Ashurite			a.gd.ah	805	b	
bft	אַשּׁוּרִם	ʾaššûrim	Np	Asshurim			a.gd.ag	805	a	
bfu	אַשְׁחוּר	ʾašḥûr	Np	Ashur			v.co.af	806		
bfv	אָשְׁיָה	ʾāšĕyâ	N	buttress	sub		a.gd.ab	803		175a
bfw	אֲשִׁימָא	ʾăšîmāʾ	Np	Ashima			a.gd.aj	807		
bfx	אָשִׁישׁ	ʾāšîš	N	raisin-cake	sub		a.gl.ab	808		185a
bfy	אֲשִׁישָׁה	ʾăšîšâ	N	raisin-cake	sub		a.gl.ab	809		185a
bfz	אֶ֫שֶׁךְ	ʾešek	N	testicle	single		a.gd.ak	810		177
bga	אשׁך	ʾšk								
bgb	אֶשְׁכּוֹל	ʾeškôl	N	cluster	single		a.gd.al	811		178
bgc	אֶשְׁכֹּל	ʾeškōl	Np	Eshcol			a.gd.am	812		
bgd	אַשְׁכְּנַז	ʾaškĕnaz	Np	Ashkenaz			a.gd.an	813		
bge	אֶשְׁכָּר	ʾeškār	N	gift	sub		v.dg.ab	814		2389a
bgf	אֵ֫שֶׁל	ʾēšel	N	tamarisk-tree	sub		a.ge.ab	815		179a
bgg	אשׁל	ʾšl			main	אשׁל	a.ge.aa			179
bgh	אָשֵׁם	ʾāšēm	A	guilty	sub		a.gf.ab	818		180a
bgi	אָשַׁם	ʾāšam	V	offend	main	אשׁם	a.gf.aa	816		180
bgj	אָשָׁם	ʾāšām	N	offence	sub		a.gf.ac	817		180b
bgk	אַשְׁמָה	ʾašmâ	N	wrong-doing	sub		a.gf.ad	819		180c
bgl	אַשְׁמוּרָה	ʾašmûrâ	N	watch	sub		v.ef.ap	821		2414e
bgm	אַשְׁמַנִּים	ʾašmannîm	N	among the stout	sub		v.eb.ae	820		2410d
bgn	אשׁן	ʾšn			main	אשׁן	a.gg.aa			
bgo	אֶשְׁנָב	ʾešnāb	N	window-lattice	sub		v.ej.ab	822		2418a
bgp	אַשְׁנָה	ʾašnâ	Np	Ashnah			a.gg.ab	823		
bgq	אֶשְׁעָ֑ן	ʾešʿān	Np	Eshean	sub		v.ex.ab	824		
bgr	אַשָּׁף	ʾaššāp	N	conjurer	main	אשׁף	a.gh.aa	825		181
bgs	אשׁף	ʾšp			main	אשׁף	a.gi.aa			182
bgt	אַשְׁפָּה	ʾašpâ	N	quiver	sub		a.gi.ab	827		182a
bgu	אַשְׁפְּנַז	ʾašpĕnaz	Np	Ashpenaz			a.gi.ac	828		
bgv	אֶשְׁפָּר	ʾešpār	N	cake	single		a.gi.ad	829		182.1
bgw	אַשְׁפֹּת	ʾašpōt	N	ash-heap	sub		v.fe.ac	830		2441b
bgx	אַשְׁקְלוֹן	ʾašqĕlôn	Np	Ashkelon			a.gi.af	831		
bgy	אֶשְׁקְלוֹנִי	ʾešqĕlônî	Ag	Ashkelonite			a.gi.ag	832		
bgz	אֲשֶׁר	ʾăšer	T	who	main	אשׁר	a.gk.aa	834	a	184
bha	אֶ֫שֶׁר	ʾešer	N	happiness	sub		a.gj.ab	835		183a
bhb	אַשֻּׁר	ʾaššur	N	step	sub		a.gj.ae	838	b	183d
bhc	אָשֵׁר	ʾāšēr	Np	Asher	sub		a.gj.af	836		183e
bhd	אָשַׁר	ʾāšar	V	go straight	main	אשׁר	a.gj.aa	833		183
bhe	אֹ֫שֶׁר	ʾōšer	N	happiness	sub		a.gj.ac	837		183b
bhf	אשׁר	ʾšr								176
bhg	אֲשַׂרְאֵל	ʾăśarʾēl	Np	Asareel			a.ga.ae	840		
bhh	אֲשַׂרְאֵ֫לָה	ʾăśarʾēlâ	Np	Asarelah. Compare			a.ga.af	841		
bhi	אֲשֵׁרָה	ʾăšērâ	Np	grove. Compare	sub		a.gj.aj	842		183h
bhj	אָשֵׁרִי	ʾāšērî	Ag	Asherite			a.gj.ag	843		
bhk	אַשְׂרִיאֵל	ʾaśrîʾēl	Np	Ashriel			a.ga.ag	844		
bhl	אַשְׂרִיאֵלִי	ʾaśrîʾēlî	Ag	Asrielite			a.ga.ah	845		
bhm	אֲשֻׁרִים	ʾăšurîm	N	cedar tree	sub		a.gj.ah	839		183f
bhn	אשׁשׁ	ʾšš	V	be a man	main	אשׁשׁ	a.gl.aa	377		185
bho	אֶשְׁתָּאוֹל	ʾeštāʾôl	Np	Eshtaol			a.gl.ad	847		
bhp	אֶשְׁתָּאֻלִי	ʾeštāʾulî	Ag	Eshtaolite			a.gl.ae	848		
bhq	אֶשְׁתּוֹן	ʾeštôn	Np	Eshton			a.gl.af	850		
bhr	אֶשְׁתְּמוֹעַ	ʾeštĕmôaʿ	Np	Eshtemoa			a.gl.ag	851		
bhs	אֵת	ʾēt	R	with	main		a.gn.aa	854		187
bht	אֵת	ʾēt	N	ploughshare	sub		a.gq.ab	855		192a
bhu	אֵת	ʾēt	T	mark of the accusative	main	אות	a.gm.aa	853		186
bhv	אַתְּ	ʾatt	Pp	thou	sub		a.er.ad	859	c	189a
bhw	אֶתְבַּ֫עַל	ʾetbaʿal	Np	Ethbaal			a.gn.ab	856		
bhx	אַתָּ֫ה	ʾattâ	Pp	thou	sub		a.er.ab	859	a	189
bhy	אָתָה	ʾātâ	V	come	main	אתה	a.go.aa	857		188
bhz	אָתוֹן	ʾātôn	N	she-ass	sub		a.gp.ab	860		190a
bia	אתוק	ʾtwq	N	gallery	main		a.gp.ag	862	a	191a
bib	אִתַּי	ʾittay	Np	Ithai			a.gn.ac	863		
bic	אתִּי	ʾty	Pp	thou	sub		a.er.ac	859	b	189a
bid	אַתִּיק	ʾattîq	N	gallery	sub		a.gp.ah	862	b	191b
bie	אֵתָם	ʾētām	Np	Etham			a.go.ad	864		
bif	אַתֶּם	ʾattem	Pp	you	sub		a.er.ae	859	d	189b
big	אֶתְמוֹל	ʾetmôl	D	yesterday	single		w.ay.ab	865		2521
bih	אַתֵּן	ʾattēn	Pp	you	sub		a.er.af	859	e	189c
bii	אתן	ʾtn			main	אתן	a.gp.aa			190
bij	אֶתְנָה	ʾetnâ	N	hire	sub		w.bb.ab	866		2524a
bik	אֶתְנִי	ʾetnî	Np	Ethni			a.gp.ae	867		
bil	אֶתְנַן	ʾetnan	N	hire	sub		w.bf.ab	868		2529a
bim	אֶתְנַן	ʾetnan	Np	Ethnan			w.bf.ac	869		
bin	אתק	ʾtq								191
bio	אֲתָרִים	ʾătārîm	Np	spies			a.gp.ai	871		
bip	אתת	ʾtt			main	אתת	a.gq.aa			192
biq	ב	b			main		b.aa.aa			
bir	בְּ	bĕ			main		b.ab.aa			193
bis	בְּ	bĕ	R	in	sub		b.ab.aa	b		193
bit	בִּאָה	biʾâ	N	entrance	sub		b.ap.ab	872		212a
biu	בְּאֵר	bĕʾēr	Np	Beer			b.ac.ab	876		
biv	בְּאֵר	bĕʾēr	N	well	sub		b.ac.ab	875		194a
biw	בָּאַר	bāʾar	V	make distinct	main	באר	b.ac.aa	874		194
bix	בֹּאר	bōʾr	N	cistern	sub		b.ac.al	877		194d
biy	בְּאֵר אֵלִים	bĕʾēr ʾēlîm	Np	Beer-elim			b.ac.ab	879		
biz	בְּאֵר לַחַי רֹאִי	bĕʾēr laḥay rōʾî	Np	Beer-lahai-roi	sub		b.ac.ad	883		194b
bja	בְּאֵר שֶׁ֫בַע	bĕʾēr šebaʿ	Np	Beer-shebah	sub		b.ac.ae	884		194c
bjb	בְּאֵרָא	bĕʾērāʾ	Np	Beera			b.ac.af	878		
bjc	בְּאֵרָה	bĕʾērâ	Np	Beerah			b.ac.ag	880		
bjd	בְּאֵרוֹת	bĕʾērôt	Np	Beeroth			b.ac.ah	881		
bje	בְּאֵרִי	bĕʾērî	Np	Beeri			b.ac.ak	882		
bjf	בְּאֵרֹת בְּנֵי־יַעֲקָן	bĕʾērōt bĕnê-yaʿăqān	Np	Beeroth of the children of Jaakan			b.ac.aj	885		
bjg	בְּאֵרֹתִי	bĕʾērōtî	Ag	Beerothite			b.ac.ai	886		
bjh	בְּאֹשׁ	bĕʾōš	N	stench	sub		b.ad.ab	889		195a
bji	בָּאַשׁ	bāʾaš	V	have a bad smell	main	באשׁ	b.ad.aa	887		195
bjj	בׇּאְשָׁה	boʾšâ	N	stinking weeds	sub		b.ad.ac	890		195b
bjk	בְּאֻשִׁים	bĕʾušîm	N	stinking	sub		b.ad.ad	891		195c
bjl	בַאֲשֶׁר	baʾăšer	T	in which	sub		a.gk.ab	834	b	184
bjm	בָּבָה	bābâ	N	the apple of his eye	single		b.ad.ae	892		196
bjn	בֵּבַי	bēbay	Np	Bebai			b.ad.af	893		
bjo	בָּבֶ֫ל	bābel	Np	Babel	single		b.ad.ag	894		197
bjp	בַּג	bag	N	spoiling	sub		b.ba.ab	897		225a
bjq	בֶּ֫גֶד	beged	N	garment	sub		b.ae.ae	899	b	198d
bjr	בֶּ֫גֶד	beged	N	treachery	sub		b.ae.ab	899	a	198a
bjs	בָּגַד	bāgad	V	act treacherously	main	בגד	b.ae.aa	898		198
bjt	בֹּגְדוֹת	bōgĕdôt	N	men of treachery	sub		b.ae.ac	900		198b
bju	בָּגוֹד	bāgôd	A	treacherous	sub		b.ae.ad	901		198c
bjv	בִּגְוַי	bigway	Np	Bigvai			b.ae.af	902		
bjw	בִּגְתָא	bigtāʾ	Np	Bigtha			b.ae.ah	903		
bjx	בִּגְתָן	bigtān	Np	Bigthan			b.ae.ai	904		
bjy	בַּד	bad	N	brag	sub		b.ag.ab	907		202a
bjz	בַּד	bad	N	separation	sub		b.af.ab	905		201a
bka	בַּד	bad	N	white linen	single		b.ae.ak	906		199
bkb	בָּדָא	bādāʾ	V	devise	main	בדא	b.ae.am	908		200
bkc	בְּדַד	bĕdad	Np	Bedad			b.ag.ac	911		
bkd	בָּדַד	bādad	V	be separate	main	בדד	b.af.aa	909		201
bke	בָּדָד	bādād	N	isolation	sub		b.af.ac	910		201b
bkf	בדד	bdd			main	בדד	b.ag.aa			202
bkg	בֵּֽדְיָה	bēdĕyâ	Np	Bedeiah			b.ag.ae	912		
bkh	בְּדִיל	bĕdîl	N	alloy	sub		b.ah.ad	913		203c
bki	בָּדַל	bādal	V	be divided	main	בדל	b.ah.aa	914		203
bkj	בָּדָל	bādāl	N	piece	sub		b.ah.ab	915		203a
bkk	בְּדֹ֫לַח	bĕdōlaḥ	N	bdellium	sub		b.ah.ae	916		203d
bkl	בְּדָן	bĕdān	Np	Bedan			b.ah.af	917		
bkm	בֶּ֫דֶק	bedeq	N	fissure	sub		b.ai.ab	919		204a
bkn	בָּדַק	bādaq	V	mend	sub		b.ai.ac	918		204
bko	בדק	bdq			main	בדק	b.ai.aa			
bkp	בִּדְקַר	bidqar	Np	Bidkar			b.ai.ad	920		
bkq	בהה	bhh			main	בהה	b.aj.aa			205
bkr	בֹּהוּ	bōhû	N	emptiness	sub		b.aj.ab	922		205a
bks	בַּ֫הַט	bahaṭ	N	porphyry	single		b.aj.ac	923		206
bkt	בָּהִיר	bāhîr	A	bright	sub		b.ao.ac	925		211b
bku	בָּהַל	bāhal	V	tremble	main	בהל	b.ak.aa	926		207
bkv	בֶּֽהָלָה	behālâ	N	dismay	sub		b.ak.ab	928		207a
bkw	בהם	bhm			main	בהם	b.al.aa			208
bkx	בְּהֵמָה	bĕhēmâ	N	beast	sub		b.al.ab	929		208a
bky	בְּהֵמוֹת	bĕhēmôt	N	behemoth	sub		b.al.ac	930		208b
bkz	בֹּ֫הֶן	bōhen	N	thumb	sub		b.am.ab	931		209a
bla	בֹּ֫הַן	bōhan	Np	Bohan			b.am.ac	932		
blb	בהן	bhn			main	בהן	b.am.aa			209
blc	בֹּ֫הַק	bōhaq	N	white scurf	sub		b.an.ab	933		210a
bld	בהק	bhq			main	בהק	b.an.aa			210
ble	בהר	bhr			main	בהר	b.ao.aa			211
blf	בַּהֶ֫רֶת	baheret	N	brightness	sub		b.ao.ab	934		211a
blg	בּוֹא	bôʾ	V	come in	main	בוא	b.ap.aa	935		212
blh	בּוּז	bûz	Np	Buz			b.aq.ad	938		
bli	בּוּז	bûz	N	contempt	sub		b.aq.ab	937		213a
blj	בּוּז	bûz	V	despise	main	בוז	b.aq.aa	936		213
blk	בּוּזָה	bûzâ	N	contempt	sub		b.aq.ac	939		213b
bll	בּוּזִי	bûzî	Np	Buzi			b.aq.af	941		
blm	בּוּזִי	bûzî	Ag	Buzite			b.aq.ae	940		
bln	בַּוַּי	bawway	Np	Bavai			b.aq.ag	942		
blo	בּוּךְ	bûk	V	perplex	main	בוך	b.ar.aa	943		214
blp	בּוּל	bûl	N	produce	sub		j.ah.ag	944		835d
blq	בּוּל	bûl	N	Bul	single		b.ar.ac	945		215
blr	בּוּנָה	bûnâ	Np	Bunah			b.bo.ab	946		
bls	בּוּס	bûs	V	tread down	main	בוס	b.as.aa	947		216
blt	בוע	bwʿ			main	בוע	b.at.aa			217
blu	בּוּץ	bûṣ	N	byssus	single		b.au.ac	948		219
blv	בוץ	bwṣ			main	בוץ	b.au.aa			218
blw	בּוֹצֵץ	bôṣēṣ	Np	Bozez			b.cn.ad	949		
blx	בוק	bwq			main	בוק	b.av.aa			220
bly	בּוּקָה	bûqâ	N	emptiness	sub		b.av.ab	950		220a
blz	בּוֹקֵר	bôqēr	N	herdsman	sub		b.cu.ac	951		274b
bma	בּוֹר	bôr	N	pit	sub		b.ac.am	953	a	194e
bmb	בּוּר	bûr	V	make clear	main	בור	b.aw.aa	952		221
bmc	בּוֹר הַסִּרָה	bôr hassirâ	Np	Sirah. See also			b.ac.an	5626		
bmd	בּוֹר הַסִּרָה	bôr hassirâ	Np	cistern			b.ac.an	953	b	
bme	בּוֹר עָשָׁן	bôr ʿāšān	Np	Chorashan			b.ac.ao	3565		
bmf	בּוֹשׁ	bôš	V	be ashamed	main	בושׁ	b.ax.aa	954		222
bmg	בּוּשָׁה	bûšâ	N	shame	sub		b.ax.ab	955		222a
bmh	בַּז	baz	N	spoiling	sub		b.ba.ab	957		225a
bmi	בָּזָא	bāzāʾ	V	divide	main	בזא	b.ay.aa	958		223
bmj	בִּזָּה	bizzâ	N	spoil	sub		b.ba.ac	961		225b
bmk	בָּזָה	bāzâ	V	despise	main	בזה	b.az.aa	959		224
bml	בָּזֹה	bāzōh	V	despise	sub		b.az.aa	960		224
bmm	בָּזַז	bāzaz	V	spoil	main	בזז	b.ba.aa	962		225
bmn	בִּזָּיוֹן	bizzāyôn	N	contempt	sub		b.az.ab	963		224a
bmo	בִּזְיוֹתְיָה	bizyôtĕyâ	Np	Bizjothjah			b.ba.ae	964		
bmp	בֶּ֫זֶק	bezeq	Np	Bezek			b.bb.ac	966		
bmq	בָּזָק	bāzāq	N	lightning flash	sub		b.bb.ab	965		226a
bmr	בזק	bzq			main	בזק	b.bb.aa			226
bms	בָּזַר	bāzar	V	scatter	main	בזר	b.bc.aa	967		227
bmt	בִּזְּתָא	bizzĕtāʾ	Np	Biztha			b.bc.ab	968		
bmu	בַחוּן	baḥûn	N	their siege-towers	sub		b.bf.ad	971		230c
bmv	בָּחוֹן	bāḥôn	N	assayer	sub		b.bf.ae	969		230d
bmw	בָּחוּר	bāḥûr	N	young man	sub		b.bg.ab	970		231a
bmx	בְּחוּרִים	bĕḥûrîm	N	youth	sub		b.bg.ac	979		231b
bmy	בָּחִיר	bāḥîr	N	chosen	sub		b.bg.ad	972		231c
bmz	בָּחֵל	bāḥēl	V	gotten by greed	main	בחל	b.be.aa	973	b	229
bna	בָּחֵל	bāḥēl	V	feel loathing	main	בחל	b.bd.aa	973	a	228
bnb	בַּ֫חַן	baḥan	N	watch-tower	sub		b.bf.ac	975		230b
bnc	בָּחַן	bāḥan	V	examine	main	בחן	b.bf.aa	974		230
bnd	בֹּ֫חַן	bōḥan	N	testing	sub		b.bf.ab	976		230a
bne	בָּחַר	bāḥar	V	choose	main	בחר	b.bg.aa	977		231
bnf	בַּחֲרוּמִי	baḥărûmî	Ag	Baharumite			b.bg.aj	978		
bng	בַּחֻרִים	baḥurîm	Np	Bahurim			b.bg.ae	980		
bnh	בָּטָה	bāṭâ	V	speak rashly	main	בטה	b.bh.aa	981		232
bni	בֶּ֫טַח	beṭaḥ	N	security	sub		b.bi.ab	983		233a
bnj	בֶּ֫טַח	beṭaḥ	Np	Betah			b.bi.ag	984		
bnk	בָּטַח	bāṭaḥ	V	trust	main	בטח	b.bi.aa	982		233
bnl	בטח	bṭḥ			main	בטח	b.bj.aa			234
bnm	בִּטְחָה	biṭḥâ	N	trusting	sub		b.bi.ac	985		233b
bnn	בִּטָּחוֹן	biṭṭāḥôn	N	trust	sub		b.bi.ad	986		233c
bno	בַּטֻּחוֹת	baṭṭuḥôt	N	security	sub		b.bi.ae	987		233d
bnp	בָּטַל	bāṭal	V	cease	main	בטל	b.bk.aa	988		235
bnq	בֶּ֫טֶן	beṭen	N	belly	sub		b.bl.ab	990		236a
bnr	בֶּ֫טֶן	beṭen	Np	Beten			b.bl.ac	991		
bns	בטן	bṭn			main	בטן	b.bm.aa			237
bnt	בטן	bṭn			main	בטן	b.bl.aa			236
bnu	בְּטֹנִים	bĕṭōnîm	Np	Betonim			b.bm.ac	993		
bnv	בָּטְנִים	bāṭĕnîm	N	pistachio	sub		b.bm.ab	992		237a
bnw	בִּי	bî	T	I pray	sub		b.bn.ab	994		238a
bnx	בָּיַי	bāyay	Tj	entreat	main	ביי	b.bn.aa	15		238
bny	בִּין	bîn	V	discern	main	בין	b.bo.aa	995		239
bnz	בֵּין	bên	R	interval	sub		b.bo.ac	996		239a
boa	בִּינָה	bînâ	N	understanding	sub		b.bo.ae	998		239b
bob	בֵּיצָה	bêṣâ	N	egg	sub		b.au.ab	1000		218a
boc	בִּירָה	bîrâ	N	castle	main		b.bo.al	1002		240
bod	בִּירָנִית	bîrānît	N	fortress	sub		b.bo.am	1003		240
boe	בֵּית	bêt	N	between	sub		b.bo.ad	1004	a	239a
bof	בַּ֫יִת	bayit	Np	Bajith			b.bp.ab	1006		
bog	בַּ֫יִת	bayit	N	house	main		b.bp.aa	1004	b	241
boh	בֵּית אָ֫וֶן	bêt ʾāwen	Np	Beth-aven			b.bp.ac	1007		
boi	בֵּית אַֽרְבֵֿאל	bêt ʾarbēʾl	Np	Beth-Arbel			b.bp.ag	1009		
boj	בֵּית בַּ֫עַל מְעוֹן	bêt baʿal mĕʿôn	Np	Beth-baal-meon			b.bp.ah	1010		
bok	בֵּית בִּרְאִי	bêt birʾî	Np	Bethbirei			b.bp.ay	1011		
bol	בֵּית בָּרָה	bêt bārâ	Np	Beth-barah			b.bp.aj	1012		
bom	בֵּית גָּמוּל	bêt gāmûl	Np	Beth-gamul			b.bp.am	1014		
bon	בֵּית דִּבְלָתָ֑יִם	bêt diblātāyim	Np	Beth-diblathaim			b.bp.ao	1015		
boo	בֵּית הָאֱלִי	bêt hāʾĕlî	A	the Bethelite			b.bp.ae	1017		
bop	בֵּית הָאֵצֶל	bêt hāʾēṣel	Np	Beth-ezel			a.fj.ad	1018		
boq	בֵּית הַגִּלְגָּל	bêt haggilgāl	Np	Beth-gilgal			c.cd.ar	1019		
bor	בֵּית הַיְשִׁימוֹת	bêt hayšîmôt	Np	Beth-jeshimoth			b.bp.av	1020		
bos	בֵּית הַכֶּ֫רֶם	bêt hakkerem	Np	Beth-haccerem			b.bp.ax	1021		
bot	בֵּית הַלַּחְמִי	bêt hallaḥmî	Ag	Beth-lechemite			b.bp.ba	1022		
bou	בֵּית הַמֶּרְחָק	bêt hammerḥāq	Np	place that was far off			b.bp.bf	1023		
bov	בֵּית הָעֵ֫מֶק	bêt hāʿēmeq	Np	Beth-emek			b.bp.bk	1025		
bow	בֵּית הָֽעֲרָבָה	bêt hāʿărābâ	Np	Beth-arabah			b.bp.bo	1026		
box	בֵּית הָרָם	bêt hārām	Np	Beth-aram			b.bp.aq	1027		
boy	בֵּית הָרָן	bêt hārān	Np	Beth-haran			b.bp.aq	1028		
boz	בֵּית הַשִּׁטָּה	bêt haššiṭṭâ	Np	Beth-shittah			b.bp.bw	1029		
bpa	בֵּית חׇגְלָה	bêt ḥoglâ	Np	Beth-hoglah			b.bp.as	1031		
bpb	בֵּית חוֹרֹן	bêt ḥôrōn	Np	Beth-horon			b.bp.at	1032		
bpc	בֵּית כָּ֑ר	bêt kār	Np	Beth-car			b.bp.aw	1033		
bpd	בֵּית לְבָאוֹת	bêt lĕbāʾôt	Np	Beth-lebaoth. Compare			b.bp.ay	1034		
bpe	בֵּית לֶ֫חֶם	bêt leḥem	Np	Bethlehem	sub		b.bp.az	1035		241b
bpf	בֵּית לְעַפְרָה	bêt lĕʿaprâ	Np	house of Aphrah			b.bp.bb	1036		
bpg	בֵּית מִלּוֹא	bêt millôʾ	Np	house of Millo			m.bz.ag	1037		
bph	בֵּית מַעֲכָה	bêt maʿăkâ	Np	Beth-maachah			b.bp.be	1038		
bpi	בֵּית מַרְכָּבוֹת	bêt markābôt	Np	Bethmarcaboth			b.bp.bg	1024		
bpj	בֵּית נִמְרָה	bêt nimrâ	Np	Beth-Nimrah. Compare			b.bp.bh	1039		
bpk	בֵּית עֶ֑דֶן	bêt ʿeden	Np	Beth-eden			b.bp.bi	1040		
bpl	בֵּית עַשְׁתָּרוֹת	bêt ʿaštārôt	Np	house of Ashtaroth. Compare			p.gh.ae	1045		
bpm	בֵּית פָּ֑לֶט	bêt pāleṭ	Np	Beth-palet			b.bp.bp	1046		
bpn	בֵּית פְּעוֹר	bêt pĕʿôr	Np	Bethpeor			b.bp.bq	1047		
bpo	בֵּית פַּצֵּץ	bêt paṣṣēṣ	Np	Beth-pazzez			b.bp.br	1048		
bpp	בֵּית רָפָא	bêt rāpāʾ	Np	Beth-rapha			b.bp.bu	1051		
bpq	בֵּית שְׁאָן	bêt šĕʾān	Np	Beth-shean			b.bp.bv	1052		
bpr	בֵּית שֶׁ֫מֶשׁ	bêt šemeš	Np	Beth-shemesh			b.bp.bx	1053		
bps	בֵּֽיתְ־אֵל	bēyt-ʾēl	Np	Beth-el	sub		b.bp.ad	1008		241a
bpt	בֵּית־גָּדֵר	bêt-gādēr	Np	Beth-gader			b.bp.ak	1013		
bpu	בֵּית־דָּגוֹן	bêt-dāgôn	Np	Beth-dagon			b.bp.ap	1016		
bpv	בֵּית־הַשִּׁמְשִׁי	bêt-haššimšî	Ag	Beth-shimshite			b.bp.by	1030		
bpw	בִּיתָן	bîtān	N	house	sub		b.bp.ca	1055		241c
bpx	בֵּית־עַזְמָ֫וֶת	bêt-ʿazmāwet	Np	Bethaz-maveth. Compare			b.bp.bj	1041		
bpy	בֵּית־עֲנוֹת	bêt-ʿănôt	Np	Beth-anoth			b.bp.bl	1042		
bpz	בֵּית־עֲנָת	bêt-ʿănāt	Np	Beth-anath			b.bp.bm	1043		
bqa	בֵּית־עֵ֫קֶד	bêt-ʿēqed	Np	shearing house			b.bp.bn	1044		
bqb	בֵּית־עֵ֫קֶד הָרֹעִים	bêt-ʿēqed hārōʿîm	Np	binding-house of the shepherds			b.bp.bn	7462	a	
bqc	בֵּית־צוּר	bêt-ṣûr	Np	Beth-zur			b.bp.bs	1049		
bqd	בֵּית־רְחוֹב	bêt-rĕḥôb	Np	Beth-rehob			b.bp.bt	1050		
bqe	בֵּית־תַּפּוּחַ	bêt-tappûaḥ	Np	Beth-tappuah			b.bp.bz	1054		
bqf	בָּכָא	bākāʾ	N	balsam-tree	single		b.bp.cc	1057		242
bqg	בָּכָא	bākāʾ	Np	Baca			b.bp.cc	1056		
bqh	בֶּ֫כֶה	bekeh	N	a weeping	sub		b.bq.ab	1059		243a
bqi	בָּכָה	bākâ	V	weep	main	בכה	b.bq.aa	1058		243
bqj	בְּכוֹר	bĕkôr	N	first-born	sub		b.br.ab	1060		244a
bqk	בִּכּוּרָה	bikkûrâ	N	first ripe fig	sub		b.br.ak	1063		244f
bql	בִּכּוּרָה	bikkûrâ	N	first ripe fig	sub		b.br.ak	1073		244f
bqm	בִּכּוּרִים	bikkûrîm	N	first-fruits	sub		b.br.al	1061		244e
bqn	בְּכוֹרַת	bĕkôrat	Np	Bechorath			b.br.ai	1064		
bqo	בְּכִי	bĕkî	N	weeping	sub		b.bq.ac	1065		243b
bqp	בֹּכִים	bōkîm	Np	Bochim			b.bq.af	1066		
bqq	בְּכִירָה	bĕkîrâ	N	first-born	sub		b.br.aj	1067		244d
bqr	בְּכִית	bĕkît	N	weeping	sub		b.bq.ae	1068		243d
bqs	בֶּ֫כֶר	beker	Np	Becher			b.br.ac	1071		
bqt	בֶּכֶר	beker	N	young camel	sub		b.br.ag	1070		244b
bqu	בָּכַר	bākar	V	give the birthright	main	בכר	b.br.aa	1069		244
bqv	בְּכֹרָה	bĕkōrâ	N	right of first-born	sub		b.br.ah	1062		244c
bqw	בִּכְרָה	bikrâ	N	young camel	sub		b.br.ag	1072		244b
bqx	בֹּֽכְרוּ	bōkĕrû	Np	Bocheru			b.br.ae	1074		
bqy	בִּכְרִי	bikrî	Np	Bichri			b.br.af	1075		
bqz	בַּכְרִי	bakrî	Ag	Bakrite			b.br.ad	1076		
bra	בֵּל	bēl	Np	Bel	sub		b.ci.av	1078		262c
brb	בַּל	bal	D	not	sub		b.bt.ae	1077		246d
brc	בַּלְאֲדָן	balʾădān	Np	Baladan			b.br.ao	1081		
brd	בֵּֽלְאשַׁצַּר	bēlĕʾšaṣṣar	Np	Belshazzar			b.ci.aw	1112		
bre	בָּלַג	bālag	V	gleam	main	בלג	b.bs.aa	1082		245
brf	בִּלְגָּה	bilgâ	Np	Bilgah			b.bs.ab	1083		
brg	בִּלְגַּי	bilgay	Np	Bilgai			b.bs.ac	1084		
brh	בִּלְדַּד	bildad	Np	Bildad			b.bs.ae	1085		
bri	בָּלֶה	bāleh	A	worn out	sub		b.bt.ab	1087		246a
brj	בָּלַהּ	bālah	V	trouble	main	בלה	b.bu.aa	1089		247
brk	בָּלָה	bālâ	V	become old and worn out	main	בלה	b.bt.aa	1086		246
brl	בָּלָה	bālâ	Np	Balah			b.bs.af	1088		
brm	בִּלְהָה	bilhâ	Np	Bilhah			b.bu.ad	1090	b	
brn	בִּלְהָה	bilhâ	Np	Bilhah			b.bu.ac	1090	a	
bro	בַּלָּהָה	ballāhâ	N	terror	sub		b.bu.ab	1091		247a
brp	בִּלְהָן	bilhān	Np	Bilhan			b.bu.ae	1092		
brq	בְּלוֹא	bĕlôʾ	N	worn out things	sub		b.bt.ac	1094		246b
brr	בֵּלְטְשַׁאצַּר	bēlĕṭšaʾṣṣar	Np	Belteshazzar			b.bu.ag	1095		
brs	בְּלִי	bĕlî	D	wearing out	sub		b.bt.af	1097		246e
brt	בְּלִיל	bĕlîl	N	fodder	sub		b.bv.ab	1098		248a
bru	בְּלִימָה	bĕlîmâ	N	nothingness	sub		b.bt.ag	1099		246f
brv	בְּלִיַּ֫עַל	bĕlîyaʿal	N	worthlessness	sub		b.bt.ah	1100		246g
brw	בָּלַל	bālal	V	to give provender	sub		b.bv.ac	1101	b	248b
brx	בָּלַל	bālal	V	mingle	main	בלל	b.bv.aa	1101	a	248
bry	בָּלַם	bālam	V	curb	main	בלם	b.bw.aa	1102		249
brz	בָּלַס	bālas	V	gather figs	sub		b.bx.ab	1103		250
bsa	בלס	bls			main	בלס	b.bx.aa			
bsb	בֶ֫לַע	belaʿ	N	swallowing	sub		b.by.ab	1105		251a
bsc	בֶּ֫לַע	belaʿ	Np	Bela			b.by.ae	1106	b	
bsd	בֶּ֫לַע	belaʿ	Np	Bela			b.by.ac	1106	a	
bse	בָּלַע	bālaʿ	V	swallow down	main	בלע	b.by.aa	1104		251
bsf	בִּלְעֲדֵי	bilʿădê	R	not unto	sub		b.bt.ai	1107		246h
bsg	בַּלְעִי	balʿî	Ag	Belaite			b.by.ad	1108		
bsh	בִּלְעָם	bilʿām	Np	Balaam	sub		b.by.ag	1109	a	251b
bsi	בִּלְעָם	bilʿām	Np	Bileam	sub		b.by.ah	1109	b	251b
bsj	בָּלַק	bālaq	V	waste	main	בלק	b.bz.aa	1110		252
bsk	בָּלָק	bālāq	Np	Balak			b.bz.ab	1111		
bsl	בִּלְשָׁן	bilšān	Np	Bilshan			b.bz.ad	1114		
bsm	בִּלְתִּי	biltî	T	failure	sub		b.bt.aj	1115		246i
bsn	בָּמָה	bāmâ	Np	Bamah. See also			b.bz.af	1117		
bso	בָּמָה	bāmâ	N	high place	single		b.bz.af	1116		253
bsp	בִּמְהָל	bimhāl	Np	Bimhal			b.bz.ah	1118		
bsq	בְּמוֹ	bĕmô	R	in	sub		b.ab.ab	1119		193
bsr	בָּמוֹת	bāmôt	Np	Bamoth			b.bz.ag	1120		
bss	בֵּן	bēn	N	son	main		b.ca.aa	1121	a	254
bst	בֵּן	bēn	Np	Ben			b.ca.ab	1122		
bsu	בֶּן־אֲבִינָדָב	ben-ʾăbînādāb	Np	the son of Abinadab			b.ca.ac	1125		
bsv	בֶּן־אוֹנִ֑י	ben-ʾônî	Np	Ben-oni			b.ca.ad	1126		
bsw	בֶּן־גֶּ֫בֶר	ben-geber	Np	the son of Geber			b.ca.ae	1127		
bsx	בֶּן־דֶּ֫קֶר	ben-deqer	Np	the son of Dekar			b.ca.af	1128		
bsy	בֶּן־הֲדַד	ben-hădad	Np	Benhadad			b.ca.ag	1130		
bsz	בֶּן־זוֹחֵת	ben-zôḥēt	Np	Ben-zoketh			b.ca.ah	1132		
bta	בֶּן־חוּר	ben-ḥûr	Np	the son of Hur			b.ca.ai	1133		
btb	בֶּן־חַ֫יִל	ben-ḥayil	Np	Ben-hail			b.ca.ak	1134		
btc	בֶּן־חָנָן	ben-ḥānān	Np	Ben-hanan			b.ca.al	1135		
btd	בֶּן־חֶ֫סֶד	ben-ḥesed	Np	the son of Hesed			b.ca.am	1136		
bte	בֶּן־יְמִינִי	ben-yĕmînî	Ag	Benjaminite			b.ca.ar	1145		
btf	בֶּן־עַמִּי	ben-ʿammî	Np	Ben-ammi			b.ca.an	1151		
btg	בָּנָה	bānâ	V	build	main	בנה	b.cb.aa	1129		255
bth	בְּנוֹ	bĕnô	N	his son			b.ca.aj	1121	b	
bti	בִּנּוּי	binnûy	Np	Binnui			b.cb.ac	1131		
btj	בנט	bnṭ			main	בנט	b.cc.aa			256
btk	בָּנִי	bānî	Np	Bani			b.cb.ad	1137		
btl	בֻּנִּי	bunnî	Np	Bunni			b.cb.ae	1138		
btm	בְּנֵי יַעֲקָ֑ן	bĕnê yaʿăqān	Np	Bene-jaakan			b.ca.ap	1142		
btn	בְּנֵי־בְרַק	bĕnê-bĕraq	Np	Bene-barak			b.ca.ao	1139		
bto	בִּנְיָה	binyâ	N	structure	sub		b.cb.af	1140		255a
btp	בְּנָיָ֫הוּ	bĕnāyāhû	Np	Benaiah			b.cb.ag	1141		
btq	בֵּנַיִם	bēnayim	N	interval	sub		b.bo.ac	1143		239a
btr	בִּנְיָמִין	binyāmîn	Np	Benjamin	sub		b.ca.aq	1144		254a
bts	בִּנְיָן	binyān	N	structure	sub		b.cb.ah	1146		255b
btt	בְּנִ֑ינוּ	bĕnînû	Np	Beninu			b.ca.as	1148		
btu	בִּנְעָא	binʿāʾ	Np	Binea			b.cc.ad	1150		
btv	בְּסוֹדְיָ֑ה	bĕsôdĕyâ	Np	Besodeiah			b.cc.ae	1152		
btw	בֵּסַי	bēsay	Np	Besai			b.cc.af	1153		
btx	בֶּסֶר	beser	N	unripe	sub		b.cd.ab	1154		257a
bty	בֹּ֫סֶר	bōser	N	unripe	sub		b.cd.ab	1155		257a
btz	בסר	bsr			main	בסר	b.cd.aa			257
bua	בַּ֫עַד	baʿad	R	separation	sub		b.ce.ab	1157		258a
bub	בעד	bʿd			main	בעד	b.ce.aa			258
buc	בָּעָה	bāʿâ	V	inquire	main	בעה	b.cf.aa	1158		259
bud	בְּעוֹר	bĕʿôr	Np	Beor			b.cj.ah	1160		
bue	בִּעוּתִים	biʿûtîm	N	terrors	sub		b.ck.ac	1161		265b
buf	בֹּ֫עַז	bōʿaz	Np	Boaz	sub		b.cg.ab	1162		260
bug	בעז	bʿz			main	בעז	b.cg.aa			
buh	בָּעַט	bāʿaṭ	V	kick	main	בעט	b.ch.aa	1163		261
bui	בְּעִי	bĕʿî	N	ruin	sub		p.bd.ad	1164		1577d
buj	בְּעִיר	bĕʿîr	N	beasts	sub		b.cj.ad	1165		264a
buk	בַּ֫עַל	baʿal	Np	Baal			b.ci.ac	1168	b	
bul	בַּעַל	baʿal	Np	Baal	sub		b.ci.ab	1168	a	262a
bum	בַּעַל	baʿal	N	owner	sub		b.ci.ab	1167		262a
bun	בָּעַל	bāʿal	V	marry	main	בעל	b.ci.aa	1166		262
buo	בַּעַל בְּרִית	baʿal bĕrît	Np	Baal-berith			b.ci.ab	1170		
bup	בַּ֫עַל גָּד	baʿal gād	Np	Baal-gad			b.ci.ad	1171		
buq	בַּ֫עַל הָמוֹן	baʿal hāmôn	Np	Baal-hamon			b.ci.ae	1174		
bur	בַּעַל זְבוּב	baʿal zĕbûb	Np	Baal-zebub			b.ci.ab	1176		
bus	בַּ֫עַל חָנָן	baʿal ḥānān	Np	Baal-hanan			b.ci.af	1177		
but	בַּ֫עַל חָצוֹר	baʿal ḥāṣôr	Np	Baal-hazor			b.ci.ag	1178		
buu	בַּ֫עַל חֶרְמוֹן	baʿal ḥermôn	Np	Baal-hermon			b.ci.ah	1179		
buv	בַּ֫עַל מְעוֹן	baʿal mĕʿôn	Np	Baal-meon			b.ci.ai	1186		
buw	בַּ֫עַל פְּעוֹר	baʿal pĕʿôr	Np	Baal-peor			b.ci.aj	1187		
bux	בַּ֫עַל פְּרָצִים	baʿal pĕrāṣîm	Np	Baal-perazim			b.ci.ak	1188		
buy	בַּ֫עַל צְפוֹן	baʿal ṣĕpôn	Np	Baal-zephon			b.ci.al	1189		
buz	בַּ֫עַל שָׁלִשָׁה	baʿal šālišâ	Np	Baal-shalisha			b.ci.am	1190		
bva	בַּ֫עַל תָּמָר	baʿal tāmār	Np	Baal-tamar			b.ci.an	1193		
bvb	בַּעֲלָה	baʿălâ	Np	Baalah			b.ci.ap	1173		
bvc	בַּעֲלָה	baʿălâ	N	mistress	sub		b.ci.ao	1172		262b
bvd	בְּעָלוֹת	bĕʿālôt	Np	Bealoth			b.ci.ar	1175		
bve	בַּעֲלִי	baʿălî	N	owner			b.ci.ab	1180		
bvf	בַּעֲלֵי בָּמוֹת	baʿălê bāmôt	N	owner			b.ci.ab	1181		
bvg	בַּעֲלֵי יְהוּדָה	baʿălê yĕhûdâ	Np	Baale of Judah			b.ci.ap	1184		
bvh	בְּעֶלְיָדָע	bĕʿelyādāʿ	Np	Beeliada			b.ci.at	1182		
bvi	בַּעַלְיָה	baʿalyâ	Np	Bealiah			b.ci.au	1183		
bvj	בַּעֲלִיס	baʿălîs	Np	Baalis			b.ci.ax	1185		
bvk	בַּעֲלָת	baʿălāt	Np	Baalath			b.ci.aq	1191		
bvl	בַּעֲלַת בְּאֵר	baʿălat bĕʾēr	Np	Baalath-beer			b.ci.as	1192		
bvm	בְּעֹן	bĕʿōn	Np	Beon			b.bp.ah	1194		
bvn	בַּעֲנָא	baʿănāʾ	Np	Baana			b.ci.az	1195		
bvo	בַּעֲנָה	baʿănâ	Np	Baanah			b.ci.ba	1196		
bvp	בַּ֫עַר	baʿar	N	brutishness	sub		b.cj.af	1198		264b
bvq	בָּעַר	bāʿar	V	be brutish	main	בער	b.cj.ae	1197	b	264
bvr	בָּעַר	bāʿar	V	burn	main	בער	b.cj.aa	1197	a	263
bvs	בַּעֲרָא	baʿărāʾ	Np	Baara			b.cj.ag	1199		
bvt	בְּעֵרָה	bĕʿērâ	N	burning	sub		b.cj.ab	1200		263a
bvu	בַּעְשָׁא	baʿšāʾ	Np	Baasha			b.cj.aj	1201		
bvv	בַּעֲשֵׂיָה	baʿăśêâ	Np	Baaseiah			b.cj.ai	1202		
bvw	בְּעֶשְׁתְּרָה	bĕʿeštĕrâ	Np	Beeshterah			b.cj.ak	1203		
bvx	בָּעַת	bāʿat	V	fall upon	main	בעת	b.ck.aa	1204		265
bvy	בְּעָתָה	bĕʿātâ	N	terror	sub		b.ck.ab	1205		265a
bvz	בֹּץ	bōṣ	N	mire	sub		b.cn.ab	1206		268a
bwa	בִּצָּה	biṣṣâ	N	swamp	sub		b.cn.ac	1207		268b
bwb	בָּצוֹר	bāṣôr	N	vintage	sub		b.cp.ai	1208		270f
bwc	בֵּצָ֑י	bēṣāy	Np	Bezai			b.ck.ae	1209		
bwd	בָּצִיר	bāṣîr	N	vintage	sub		b.cp.ai	1210		270f
bwe	בָּצָל	bāṣāl	N	onion	sub		b.cl.ab	1211		266a
bwf	בצל	bṣl			main	בצל	b.cl.aa			266
bwg	בְּצַלְאֵל	bĕṣalʾēl	Np	Bezaleel			b.cl.ac	1212		
bwh	בַּצְלוּת	baṣlût	Np	Bazlith			b.cl.ad	1213		
bwi	בֶּ֫צַע	beṣaʿ	N	gain made by violence	sub		b.cm.ab	1215		267a
bwj	בָּצַע	bāṣaʿ	V	cut off	main	בצע	b.cm.aa	1214		267
bwk	בצץ	bṣṣ			main	בצץ	b.cn.aa			268
bwl	בָּצֵק	bāṣēq	N	dough	sub		b.co.ab	1217		269a
bwm	בָּצֵק	bāṣēq	V	swell	main	בצק	b.co.aa	1216		269
bwn	בׇּצְקַת	boṣqat	Np	Bozcath			b.co.ac	1218		
bwo	בְּצַר	bĕṣar	N	straits	sub		r.dz.ac	1222		1973b
bwp	בֶּ֫צֶר	beṣer	N	precious ore	sub		b.cp.ab	1220		270a
bwq	בֶּ֫צֶר	beṣer	Np	Bezer			b.cp.ac	1221		
bwr	בָּצַר	bāṣar	V	cut off	main	בצר	b.cp.aa	1219		270
bws	בַּצָּרָה	baṣṣārâ	N	dearth	sub		b.cp.ah	6869	a	270e
bwt	בׇּצְרָה	boṣrâ	N	enclosure	sub		b.cp.ad	1223		270b
bwu	בׇּצְרָה	boṣrâ	Np	Bozrah			b.cp.ae	1224		
bwv	בִּצָּרוֹן	biṣṣārôn	N	stronghold	sub		b.cp.af	1225		270c
bww	בַּצֹּרֶת	baṣṣōret	N	dearth	sub		b.cp.ag	1226		270d
bwx	בַּקְבּוּק	baqbûq	Np	Bakbuk			b.ct.ac	1227		
bwy	בַּקְבֻּק	baqbuq	N	flask	sub		b.ct.ab	1228		273a
bwz	בַּקְבֻּקְיָה	baqbuqyâ	Np	Bakbukiah			b.ct.ad	1229		
bxa	בַּקְבַּקַּר	baqbaqqar	Np	Bakbakkar			b.cp.al	1230		
bxb	בקה	bqh			main	בקה	b.cq.aa			
bxc	בֻּקִּי	buqqî	Np	Bukki			b.cq.ac	1231		
bxd	בֻּקִּיָּ֫הוּ	buqqîyāhû	Np	Bukkiah			b.cq.ab	1232		
bxe	בְּקִיעַ	bĕqîaʿ	N	fissure	sub		b.cr.ad	1233		271c
bxf	בֶּ֫קַע	beqaʿ	N	half	sub		b.cr.ab	1235		271a
bxg	בָּקַע	bāqaʿ	V	cleave	main	בקע	b.cr.aa	1234		271
bxh	בִּקְעָה	biqʿâ	N	valley	sub		b.cr.ac	1237		271b
bxi	בָּקַק	bāqaq	V	empty	main	בקק	b.ct.aa	1238	b	273
bxj	בָּקַק	bāqaq	V	be luxuriant	main	בקק	b.cs.aa	1238	a	272
bxk	בָּקַר	bāqar	V	inquire	main	בקר	b.cu.aa	1239		274
bxl	בָּקָר	bāqār	N	cattle	sub		b.cu.ab	1241		274a
bxm	בֹּ֫קֶר	bōqer	N	morning	sub		b.cu.ad	1242		274c
bxn	בַּקָּרָה	baqqārâ	N	a seeking	sub		b.cu.ae	1243		274d
bxo	בִּקֹּ֫רֶת	biqqōret	N	punishment	sub		b.cu.af	1244		274e
bxp	בָּקַשׁ	bāqaš	V	seek	main	בקשׁ	b.cv.aa	1245		276
bxq	בַּקָּשָׁה	baqqāšâ	N	request	sub		b.cv.ab	1246		276a
bxr	בַּר	bar	A	pure	sub		b.dg.ab	1249		288a
bxs	בַּר	bar	N	grain	sub		b.dg.ac	1250	a	288b
bxt	בַּר	bar	N	son	single		b.cv.ac	1248		277
bxu	בָּר	bār	N	field	sub		b.dg.ag	1250	b	288f
bxv	בֹּר	bōr	N	cleanness	sub		b.dg.ae	1252		288d
bxw	בֹּר	bōr	N	lye	sub		b.dg.ad	1253		288c
bxx	בָּרָא	bārāʾ	V	be fat	main	ברא	b.cx.aa	1254	b	279
bxy	בָּרָא	bārāʾ	V	shape	main	ברא	b.cw.aa	1254	a	278
bxz	בְּרֹאדַךְ בַּלְאֲדָן	bĕrōʾdak balʾădān	Np	Berodach-baladan			m.dj.af	1255		
bya	בְּרָאיָה	bĕrāʾyâ	Np	Beraiah			b.cw.ac	1256		
byb	בַּרְבֻּרִים	barburîm	N	fowl	sub		b.dg.ah	1257		288g
byc	בֶּ֫רֶד	bered	Np	Bered			b.cy.ae	1260		
byd	בָּרַד	bārad	V	hail	sub		b.cy.ac	1258		280
bye	בָּרָד	bārād	N	hail	sub		b.cy.ab	1259		280a
byf	בָּרֹד	bārōd	A	spotted	sub		b.cy.ad	1261		280b
byg	ברד	brd			main	ברד	b.cy.aa			
byh	בָּרָה	bārâ	V	eat	main	ברה	b.cz.aa	1262		281
byi	ברה	brh			main	ברה	b.da.aa			282
byj	בָּרוּךְ	bārûk	Np	Baruch			b.dd.ae	1263		
byk	בְּרוֹשׁ	bĕrôš	N	cypress	sub		b.dh.ab	1265		289a
byl	בְּרוֹת	bĕrôt	N	cypress	sub		b.dh.ac	1266		289a
bym	בָּרוּת	bārût	N	food	sub		b.cz.ac	1267		281b
byn	בֵּר֫וֹתָה	bērôtâ	Np	Berothah			b.ac.ar	1268	a	
byo	ברז	brz			main	ברז	b.db.aa			283
byp	ברזות	brzwt	Np	Birzavith (from the marg.)			b.db.ab	1269		
byq	בַּרְזֶל	barzel	N	iron	sub		b.db.ac	1270		283a
byr	בַּרְזִלַּי	barzillay	Np	Barzillai			b.db.ad	1271		
bys	בָּרַח	bāraḥ	V	go through	main	ברח	b.dc.aa	1272		284
byt	בַּרְחֻמִי	barḥumî	Ag	Barchumite			b.dc.af	1273		
byu	בְּרִי	bĕrî	A	fat	sub		b.cx.ab	1274		279a
byv	בֵּרִי	bērî	Np	Beri			b.ac.aq	1275		
byw	בָּרִיא	bārîʾ	A	fat	sub		b.cx.ab	1277		279a
byx	בְּרִיאָה	bĕrîʾâ	N	a creation	sub		b.cw.ab	1278		278a
byy	בִּרְיָה	biryâ	N	food	sub		b.cz.ab	1279		281a
byz	בְּרִיחַ	bĕrîaḥ	N	bar	sub		b.dc.ad	1280		284b
bza	בָּרִיחַ	bārîaḥ	A	fleeing	sub		b.dc.ab	1281		284a
bzb	בָּרִיחַ	bārîaḥ	Np	Bariah			b.dc.ac	1282		
bzc	בֵּרִים	bērîm	Ag	Berites			b.dc.aj	1276		
bzd	בְּרִיעָה	bĕrîʿâ	Np	Beriah			b.de.ae	1283		
bze	בְּרִיעִי	bĕrîʿî	Ag	Beriite			b.de.af	1284		
bzf	בְּרִית	bĕrît	N	covenant	sub		b.da.ab	1285		282a
bzg	בֹּרִית	bōrît	N	lye	sub		b.dg.af	1287		288e
bzh	בֶּ֫רֶךְ	berek	N	knee	sub		b.dd.ab	1290		285a
bzi	בָּרַךְ	bārak	V	kneel	main	ברך	b.dd.aa	1288		285
bzj	בָּרַכְאֵל	bārakʾēl	Np	Barachel			b.dd.ag	1292		
bzk	בְּרֵכָה	bĕrēkâ	N	pool	sub		b.dd.af	1295		285c
bzl	בְּרָכָה	bĕrākâ	Np	Berachah			b.dd.ad	1294		
bzm	בְּרָכָה	bĕrākâ	N	blessing	sub		b.dd.ac	1293		285b
bzn	בֶּרֶכְיָה	berekyâ	Np	Berachiah			b.dd.ah	1296		
bzo	ברם	brm			main	ברם	b.de.aa			286
bzp	בְּרֹמִים	bĕrōmîm	N	variegated cloth	sub		b.de.ab	1264		286a
bzq	בֶּ֫רַע	beraʿ	Np	Bera			b.de.ad	1298		
bzr	בָּרַק	bāraq	V	flash	main	ברק	b.df.aa	1299		287
bzs	בָּרַק	bāraq	V	flash	sub		b.df.aa	1300	a	287
bzt	בָּרָק	bārāq	N	lightning	sub		b.df.ab	1300	b	287a
bzu	בָּרָק	bārāq	Np	Barak	sub		b.df.ac	1301		287b
bzv	בַּרְקוֹס	barqôs	Np	Barkos			b.df.ag	1302		
bzw	בַּרְקָנִים	barqānîm	N	briers	sub		b.df.ah	1303		287e
bzx	בָּֽרְקַת	bārĕqat	N	gem	sub		b.df.af	1304	b	287d
bzy	בָּרֶ֫קֶת	bāreqet	N	emerald	sub		b.df.ae	1304	a	287c
bzz	בָּרַר	bārar	V	purify	main	ברר	b.dg.aa	1305		288
caa	ברשׁ	brš			main	ברשׁ	b.dh.aa			289
cab	בִּרְשַׁע	biršaʿ	Np	Birsha			b.dh.ad	1306		
cac	בֵּרֹתִי	bērōtî	Ag	Berothite			b.ac.ai	1307		
cad	בֵּרֹתַי	bērōtay	Np	Berothai			b.ac.as	1268	b	
cae	בְּשׂוֹר	bĕśôr	Np	Besor			b.dj.ad	1308		
caf	בָּשֵׁל	bāšēl	A	cooked	sub		b.dk.ab	1311		292a
cag	בָּשַׁל	bāšal	V	boil	main	בשׁל	b.dk.aa	1310		292
cah	בִּשְׁלָם	bišlām	Np	Bishlam			b.dk.ad	1312		
cai	בֶּ֫שֶׂם	beśem	N	spice	sub		b.di.ac	1314		290a
caj	בֹּ֫שֶׂם	bōśem	N	spice	sub		b.di.ac	1313		290a
cak	בשׂם	bśm			main	בשׂם	b.di.aa			290
cal	בָּֽשְׂמַת	bāśĕmat	Np	Bashemath			b.di.ad	1315		
cam	בָּשָׁן	bāšān	Np	Bashan	sub		b.dl.ab	1316		293a
can	בשׁן	bšn			main	בשׁן	b.dl.aa			293
cao	בׇּשְׁנָה	bošnâ	N	shame	sub		b.ax.ac	1317		222b
cap	בָּשַׁס	bāšas	V	your trampling	main	בשׁס	b.dm.aa	1318		294
caq	בָּשַׂר	bāśar	V	bear tidings	main	בשׂר	b.dj.aa	1319		291
car	בָּשָׂר	bāśār	N	flesh	sub		b.dj.ab	1320		291a
cas	בְּשֹׂרָה	bĕśōrâ	N	tidings	sub		b.dj.ac	1309		291b
cat	בֹּ֫שֶׁת	bōšet	N	shame	sub		b.ax.ad	1322		222c
cau	בַּת	bat	N	bath	sub		b.dq.ab	1324		298a
cav	בַּת	bat	N	daughter	sub		b.ca.at	1323		254b
caw	בַּתָּה	battâ	N	precipice	sub		b.dq.ac	1327		298b
cax	בָּתָה	bātâ	N	end	sub		b.dq.ad	1326		298c
cay	בְּתוּאֵל	bĕtûʾēl	Np	Bethuel			b.dm.af	1328	b	
caz	בְּתוּאֵל	bĕtûʾēl	Np	Bethuel			b.dm.ae	1328	a	
cba	בְּתוּל	bĕtûl	Np	Bethuel			b.dm.af	1329		
cbb	בְּתוּלָה	bĕtûlâ	N	virgin	sub		b.dn.ab	1330		295a
cbc	בְּתוּלִים	bĕtûlîm	N	virginity	sub		b.dn.ac	1331		295b
cbd	בִּתְיָה	bityâ	Np	Bithiah			b.ca.ax	1332		
cbe	בתל	btl			main	בתל	b.dn.aa			295
cbf	בָּתַק	bātaq	V	cut	main	בתק	b.do.aa	1333		296
cbg	בֶּ֫תֶר	beter	N	part	sub		b.dp.ab	1335		297a
cbh	בֶּ֫תֶר	beter	Np	Bether			b.dp.ab	1336		
cbi	בָּתַר	bātar	V	cut in two	main	בתר	b.dp.aa	1334		297
cbj	בַּת־רַבִּים	bat-rabbîm	Np	Bath-rabbim			b.ca.au	1337		
cbk	בִּתְרוֹן	bitrôn	Np	Bithron			b.dp.ac	1338		
cbl	בַּת־שֶׁ֫בַע	bat-šebaʿ	Np	Bath-sheba			b.ca.av	1339		
cbm	בַּת־שׁוּעַ	bat-šûaʿ	Np	Bath-shua			b.ca.aw	1340		
cbn	בתת	btt			main	בתת	b.dq.aa			298
cbo	ג	g			main		c.aa.aa			
cbp	גֵּא	gēʾ	A	proud	sub		c.ab.ab	1341		299a
cbq	גֵּאֶה	gēʾeh	A	proud	sub		c.ab.ac	1343		299b
cbr	גֵּאָה	gēʾâ	N	pride	sub		c.ab.ad	1344		299c
cbs	גָּאָה	gāʾâ	V	rise up	main	גאה	c.ab.aa	1342		299
cbt	גְּאוּאֵל	gĕʾûʾēl	Np	Geuel			c.ab.ah	1345		
cbu	גַּאֲוָה	gaʾăwâ	N	majesty	sub		c.ab.ae	1346		299d
cbv	גְּאוּלַי	gĕʾûlay	N	redemption	sub		c.ac.ab	1350	b	300a
cbw	גָּאוֹן	gāʾôn	N	exaltation	sub		c.ab.af	1347		299e
cbx	גֵּאוּת	gēʾût	N	majesty	sub		c.ab.ag	1348		299f
cby	גַּאֲיוֹן	gaʾăyôn	A	proud	sub		c.ab.ai	1349		299g
cbz	גָּאַל	gāʾal	V	defile	main	גאל	c.ad.aa	1351		301
cca	גָּאַל	gāʾal	V	redeem	main	גאל	c.ac.aa	1350	a	300
ccb	גֹּ֫אֶל	gōʾel	N	defiling	sub		c.ad.ab	1352		301a
ccc	גְּאֻלָּה	gĕʾullâ	N	kin	sub		c.ac.ac	1353		300b
ccd	גֵּב	gēb	N	beam	sub		c.ay.ad	1356	b	323b
cce	גֵּב	gēb	N	locust	sub		c.ag.ab	1357		304a
ccf	גֵּב	gēb	N	pit	sub		c.ay.ab	1356	a	323a
ccg	גַּב	gab	N	back	sub		c.af.ab	1354		303a
cch	גֹּב	gōb	Np	Gob			c.af.ac	1359		
cci	גֶּ֫בֶא	gebeʾ	N	cistern	sub		c.ae.ab	1360		302a
ccj	גבא	gbʾ			main	גבא	c.ae.aa			302
cck	גבב	gbb			main	גבב	c.af.aa			303
ccl	גָּבַהּ	gābah	V	be high	main	גבה	c.ah.aa	1361		305
ccm	גָּבֹהַּ	gābōah	A	high	sub		c.ah.ab	1362		305a
ccn	גָּבֹהַּ	gābōah	A	high	sub		c.ah.ab	1364		305a
cco	גֹּ֫בַהּ	gōbah	N	height	sub		c.ah.ac	1363		305b
ccp	גבה	gbh			main	גבה	c.ag.aa			304
ccq	גַּבְהוּת	gabhût	N	haughtiness	sub		c.ah.ad	1365		305c
ccr	גְּבוּל	gĕbûl	N	border	sub		c.aj.ab	1366		307a
ccs	גְּבוּלָה	gĕbûlâ	N	border	sub		c.aj.ac	1367		307b
cct	גִּבּוֹר	gibbôr	A	strong	sub		c.am.af	1368		310b
ccu	גְּבוּרָה	gĕbûrâ	N	strength	sub		c.am.ag	1369		310c
ccv	גִּבֵּחַ	gibbēaḥ	A	having a bald forehead	sub		c.ai.ab	1371		306a
ccw	גבח	gbḥ			main	גבח	c.ai.aa			306
ccx	גַּבַּ֫חַת	gabbaḥat	N	bald forehead	sub		c.ai.ac	1372		306b
ccy	גַּבַּי	gabbay	Np	Gabbai			c.af.ad	1373		
ccz	גֹּבַי	gōbay	N	locusts	sub		c.ag.ad	1462	b	304c
cda	גַּבַּי סַלָּ֑י	gabbay sallāy	Np	Sallai			c.af.ad	5543	a	
cdb	גֵּבִים	gēbîm	Np	Gebim			c.ay.ac	1374		
cdc	גְּבִינָה	gĕbînâ	N	curd	sub		c.ak.ac	1385		308b
cdd	גָּבִיעַ	gābîaʿ	N	cup	sub		c.al.ah	1375		309b
cde	גְּבִיר	gĕbîr	N	lord	sub		c.am.ah	1376		310d
cdf	גְּבִירָה	gĕbîrâ	N	mistress	sub		c.am.ai	1377		310d
cdg	גָּבִישׁ	gābîš	N	crystal	sub		c.an.ab	1378		311a
cdh	גְּבַל	gĕbal	Np	Gebal			c.aj.ag	1380		
cdi	גְּבָל	gĕbāl	Np	Gebal			c.aj.ai	1381		
cdj	גָּבַל	gābal	V	bound	sub		c.aj.af	1379		307
cdk	גבל	gbl			main	גבל	c.aj.aa			
cdl	גִּבְלִי	giblî	Ag	Gebalite			c.aj.ah	1382		
cdm	גַּבְלֻת	gablut	N	twisting	sub		c.aj.ad	1383		307c
cdn	גִּבֵּן	gibbēn	A	crook-backed	sub		c.ak.ab	1384		308a
cdo	גבן	gbn			main	גבן	c.ak.aa			308
cdp	גַּבְנֹן	gabnōn	N	peak	sub		c.ak.ad	1386		308c
cdq	גֶּ֫בַע	gebaʿ	Np	Gaba			c.al.ab	1387		
cdr	גבע	gbʿ			main	גבע	c.al.aa			309
cds	גִּבְעָא	gibʿāʾ	Np	Gibeah			c.al.ac	1388		
cdt	גִּבְעָה	gibʿâ	N	hill	sub		c.al.ad	1389		309a
cdu	גִּבְעָה	gibʿâ	Np	Gibeah			c.al.ae	1390		
cdv	גִּבְעוֹן	gibʿôn	Np	Gibeon			c.al.aj	1391		
cdw	גִּבְעֹל	gibʿōl	N	bud	sub		c.al.al	1392		309d
cdx	גִּבְעֹנִי	gibʿōnî	Ag	Gibonite			c.al.ak	1393		
cdy	גִּבְעַת	gibʿat	Np	Gibeath			c.al.ae	1394		
cdz	גִּבְעָתִי	gibʿātî	Ag	Gibathite			c.al.ag	1395		
cea	גִּבָּר	gibbār	Np	Gibbar			c.am.ae	1402		
ceb	גֶּ֫בֶר	geber	N	man	sub		c.am.ac	1397		310a
cec	גֶּ֫בֶר	geber	N	man	sub		c.am.ac	1399		310a
ced	גֶּ֫בֶר	geber	Np	Geber			c.am.ad	1398		
cee	גָּבַר	gābar	V	be strong	main	גבר	c.am.aa	1396		310
cef	גַּבְרִיאֵל	gabrîʾēl	Np	Garbriel			c.am.ak	1403		
ceg	גְּבֶ֫רֶת	gĕberet	N	mistress	sub		c.am.aj	1404		310e
ceh	גבשׁ	gbš			main	גבשׁ	c.an.aa			311
cei	גִּבְּתוֹן	gibbĕtôn	Np	Gibbethon			c.af.ae	1405		
cej	גָּג	gāg	N	roof	single		c.an.ae	1406		312
cek	גַּד	gad	N	coriander	sub		c.ao.ad	1407		313c
cel	גַּד	gad	Np	that troop	sub		c.ao.ae	1408		313e
cem	גָּד	gād	N	fortune	sub		c.ao.ae	1409		313d
cen	גָּד	gād	Np	Gad			c.ao.af	1410		
ceo	גֻּדְגֹּ֫דָה	gudgōdâ	Np	Gudgodah			c.ao.am	1412		
cep	גָּדַד	gādad	V	penetrate	main	גדד	c.ao.aa	1413		313
ceq	גָּדָה	gādâ	N	bank	sub		c.ap.ab	1415		314a
cer	גדה	gdh			main	גדה	c.ap.aa			314
ces	גְּדוּד	gĕdûd	N	furrow	sub		c.ao.ac	1417		313b
cet	גְּדוּד	gĕdûd	N	band	sub		c.ao.ab	1416		313a
ceu	גְּדוּדָה	gĕdûdâ	N	furrow	sub		c.ao.ac	1418		313b
cev	גָּדוֹל	gādôl	A	great	sub		c.aq.ae	1419	a	315d
cew	גְּדוּלָּה	gĕdûllâ	N	greatness	sub		c.aq.af	1420		315e
cex	גְּדוּפָה	gĕdûpâ	N	taunt	sub		c.as.ab	1422		317a
cey	גִּדּוּפִים	giddûpîm	N	revilings	sub		c.as.ac	1421		317b
cez	גְּדוֹר	gĕdôr	Np	Gedor			c.at.aj	1446		
cfa	גְּדִי	gĕdî	N	kid	sub		c.ap.ad	1423		314b
cfb	גַּדִּי	gaddî	Np	Gaddi			c.ao.aj	1426		
cfc	גָּדִי	gādî	Ag	Gadite			c.ao.ag	1425		
cfd	גָּדִי	gādî	Np	Gadi			c.ao.ah	1424		
cfe	גַּדִּיאֵל	gaddîʾēl	Np	Gaddiel			c.ao.ak	1427		
cff	גְּדִיָּה	gĕdîyâ	N	kids	sub		c.ap.ae	1429		314c
cfg	גִּדְיָה	gidyâ	N	bank	sub		c.ap.ab	1428		314a
cfh	גָּדִישׁ	gādîš	N	tomb	sub		c.av.ab	1430	b	320a
cfi	גָּדִישׁ	gādîš	N	heap	sub		c.au.ab	1430	a	319a
cfj	גִּדֵּל	giddēl	Np	Giddel			c.aq.ah	1435		
cfk	גָּדֵל	gādēl	A	becoming great	sub		c.aq.ab	1432		315a
cfl	גָּדַל	gādal	V	grow up	main	גדל	c.aq.aa	1431		315
cfm	גֹּ֫דֶל	gōdel	N	greatness	sub		c.aq.ac	1433		315b
cfn	גְּדַלְיָה	gĕdalyâ	Np	Gedaliah			c.aq.ai	1436	a	
cfo	גְּדַלְיָ֫הוּ	gĕdalyāhû	Np	Gedaliah			c.aq.aj	1436	b	
cfp	גְּדִלִים	gĕdilîm	N	twisted threads	sub		c.aq.ad	1434		315c
cfq	גִּדַּלְתִּי	giddaltî	Np	Giddalti			c.aq.ak	1437		
cfr	גָּדַע	gādaʿ	V	hew	main	גדע	c.ar.aa	1438		316
cfs	גִּדְעוֹן	gidʿôn	Np	Gideon	sub		c.ar.ab	1439		316a
cft	גִּדְעֹם	gidʿōm	Np	Gidom			c.ar.ad	1440		
cfu	גִּדְעֹנִי	gidʿōnî	Np	Gideoni			c.ar.ac	1441		
cfv	גָּדַף	gādap	V	revile	main	גדף	c.as.aa	1442		317
cfw	גֶּ֫דֶר	geder	Np	Geder			c.at.ac	1445		
cfx	גֶּדֶר	geder	N	wall	sub		c.at.ab	1444		318a
cfy	גָּדֵר	gādēr	N	wall	sub		c.at.ab	1447		318a
cfz	גָּדַר	gādar	V	wall up	main	גדר	c.at.aa	1443		318
cga	גְּדֵרָה	gĕdērâ	Np	Gederah	sub		c.at.af	1449		318b
cgb	גְּדֵרָה	gĕdērâ	N	wall	sub		c.at.ad	1448		318b
cgc	גְּדֵרוֹת	gĕdērôt	Np	Gederoth			c.at.ag	1450		
cgd	גְּדֵרִי	gĕdērî	Ag	Gederite			c.at.ai	1451		
cge	גְּדֵרָתִי	gĕdērātî	Ag	Gederathite			c.at.ae	1452		
cgf	גְּדֵרֹתָ֑יִם	gĕdērōtāyim	Np	Gederothaim			c.at.ah	1453		
cgg	גּדשׁ	gdš			main	גדשׁ	c.av.aa			320
cgh	גדשׁ	gdš			main	גדשׁ	c.au.aa			319
cgi	גֵּה	gēh	Pd	this	single		c.av.ac	1454		528
cgj	גֵּהָה	gēhâ	N	healing	sub		c.aw.ab	1456		321a
cgk	גָּהָה	gāhâ	V	depart	main	גהה	c.aw.aa	1455		321
cgl	גָּהַר	gāhar	V	bend	main	גהר	c.ax.aa	1457		322
cgm	גֵּו	gēw	N	midst	sub		c.ba.ad	1460	b	326b
cgn	גֵּו	gēw	N	back	sub		c.ba.ac	1460	a	326b
cgo	גַּו	gaw	N	back	sub		c.ba.ab	1458		326a
cgp	גּוֹב	gôb	N	locusts	sub		c.ag.ac	1462	a	304b
cgq	גּוּב	gûb	V	dig	main	גוב	c.ay.aa	1461		323
cgr	גּוֹג	gôg	Np	Gog	main		c.ay.ae	1463		324
cgs	גּוּד	gûd	V	invade	main	גוד	c.az.aa	1464		325
cgt	גֵּוָה	gēwâ	N	back	sub		c.ba.ae	1465		326c
cgu	גֵּוָה	gēwâ	N	pride	sub		c.ab.ak	1466		299h
cgv	גוה	gwh			main	גוה	c.ba.aa			326
cgw	גּוּז	gûz	V	pass over	main	גוז	c.bb.aa	1468		327
cgx	גּוֹזָל	gôzāl	N	young of birds			c.bm.ab	1469		337c
cgy	גּוֹזָן	gôzān	Np	Gozan			c.bb.ab	1470		
cgz	גּוֹי	gôy	N	nation	sub		c.ba.ag	1471	a	326e
cha	גְּוִיָּה	gĕwîyâ	N	body	sub		c.ba.af	1472		326d
chb	גּוֹיִם	gôyim	Np	Goim			c.bb.af	1471	b	
chc	גּוֹלָה	gôlâ	N	exiles	sub		c.ca.ab	1473		350a
chd	גּוֹלָן	gôlān	Np	Golan			c.bb.ah	1474		
che	גּוּמָּץ	gûmmāṣ	N	pit	sub		c.cl.ab	1475		362a
chf	גּון	gwn			main	גון	c.bc.aa			
chg	גּוּנִי	gûnî	A	Gunite	sub		c.bc.ac	1477		
chh	גּוּנִי	gûnî	Np	Guni	sub		c.bc.ab	1476		
chi	גָּוַע	gāwaʿ	V	expire	main	גוע	c.bd.aa	1478		328
chj	גּוּף	gûp	V	shut	main	גוף	c.be.aa	1479		329
chk	גּוּפָה	gûpâ	N	body	sub		c.be.ab	1480		329a
chl	גּוֹר	gôr	N	whelp	sub		c.bg.ab	1484		331a
chm	גּוּר	gûr	V	dread	main	גור	c.bh.aa	1481	c	332
chn	גּוּר	gûr	N	whelp	sub		c.bg.ac	1482		331b
cho	גּוּר	gûr	Np	Gur			c.bf.ab	1483		
chp	גּוּר	gûr	V	stir up strife	main	גור	c.bg.aa	1481	b	331
chq	גּוּר	gûr	V	sojourn	main	גור	c.bf.aa	1481	a	330
chr	גּוּר־בָּ֑֫עַל	gûr-bāʿal	Np	Gur-baal			c.bf.ac	1485		
chs	גּוֹרָל	gôrāl	N	lot	sub		c.da.ab	1486		381a
cht	גּוּשׁ	gûš	N	clod	sub		c.bi.ab	1487		333a
chu	גושׁ	gwš			main	גושׁ	c.bi.aa			333
chv	גֵּז	gēz	N	shearing	sub		c.bk.ab	1488		336a
chw	גִּזְבָּר	gizbār	N	treasurer	single		c.bi.ad	1489		334
chx	גִּזָּה	gizzâ	N	fleece	sub		c.bk.ac	1492		336b
chy	גָּזָה	gāzâ	V	cut	main	גזה	c.bj.aa	1491		335
chz	גִּזוֹנִי	gizônî	Ag	Gizonite			c.bj.ad	1493		
cia	גָּזֵז	gāzēz	Np	Gazez			c.bk.ad	1495		
cib	גָּזַז	gāzaz	V	shear	main	גזז	c.bk.aa	1494		336
cic	גָּזִית	gāzît	N	cutting	sub		c.bj.ab	1496		335a
cid	גֵּזֶל	gēzel	N	robbery	sub		c.bl.ab	1499		
cie	גָּזֵל	gāzēl	N	robbery	sub		c.bl.ab	1498		337a
cif	גָּזַל	gāzal	V	tear away	main	גזל	c.bl.aa	1497		337
cig	גזל	gzl			main	גזל	c.bm.aa			
cih	גְּזֵלָה	gĕzēlâ	N	plunder	sub		c.bl.ac	1500		337b
cii	גַּזָּם	gazzām	Np	Gazzam			c.bn.ac	1502		
cij	גָּזָם	gāzām	N	locusts	sub		c.bn.ab	1501		338a
cik	גזם	gzm			main	גזם	c.bn.aa			338
cil	גֶּ֫זַע	gezaʿ	N	stock	sub		c.bo.ab	1503		339a
cim	גזע	gzʿ			main	גזע	c.bo.aa			339
cin	גֶּ֫זֶר	gezer	Np	Gazer			c.bp.ac	1507		
cio	גֶּ֫זֶר	gezer	N	part	sub		c.bp.ab	1506		340a
cip	גָּזַר	gāzar	V	cut	main	גזר	c.bp.aa	1504		340
ciq	גְּזֵרָה	gĕzērâ	N	separation	sub		c.bp.ae	1509		340b
cir	גִּזְרָה	gizrâ	N	cutting	sub		c.bp.af	1508		340c
cis	גִּזְרִי	gizrî	Ag	Grizite			c.bp.ad	1511		
cit	גָּחוֹן	gāḥôn	N	belly	sub		c.bs.ab	1512		342a
ciu	גחל	gḥl			main	גחל	c.bq.aa			341
civ	גַּחֶ֫לֶת	gaḥelet	N	coal	sub		c.bq.ab	1513		341a
ciw	גַּ֫חַם	gaḥam	Np	Gaham			c.br.ab	1514		
cix	גחם	gḥm			main	גחם	c.br.aa			
ciy	גחן	gḥn			main	גחן	c.bs.aa			342
ciz	גַּ֫חַר	gaḥar	Np	Gahar			c.bt.ab	1515		
cja	גחר	gḥr			main	גחר	c.bt.aa			
cjb	גַּיְא	gayʾ	N	valley	sub		c.bt.ac	1516		343
cjc	גִּיד	gîd	N	sinew	sub		c.bu.ab	1517		344a
cjd	גיד	gyd			main	גיד	c.bu.aa			344
cje	גִּיחַ	gîaḥ	V	burst forth	main	גיח	c.bv.aa	1518		345
cjf	גִּיחַ	gîaḥ	Np	Giah			c.bv.ab	1520		
cjg	גִּיחוֹן	gîḥôn	Np	Gihon	sub		c.bv.ac	1521		345a
cjh	גֵּיחֲזִי	gêḥăzî	Np	Gehazi			c.bt.ad	1522		
cji	גִּיל	gîl	V	rejoice	main	גיל	c.bw.aa	1523		346
cjj	גִּיל	gîl	N	circle	sub		c.bw.ac	1524	b	346b
cjk	גִּיל	gîl	N	rejoicing	sub		c.bw.ab	1524	a	346a
cjl	גִּילָה	gîlâ	N	rejoicing	sub		c.bw.ad	1525		346c
cjm	גִּילֹנִי	gîlōnî	Ag	Gilonite			c.bw.af	1526		
cjn	גִּינַ֑ת	gînat	Np	Ginath			c.cp.ad	1527		
cjo	גיר	gyr			main	גיר	c.bx.aa			347
cjp	גֵּישָׁן	gêšān	Np	Geshan			c.bx.ae	1529		
cjq	גֵּל	gēl	N	dung	sub		c.cd.ae	1561		353b
cjr	גַּל	gal	N	heap	sub		c.cd.ab	1530		353a
cjs	גַּלָּב	gallāb	N	barber	sub		c.by.ab	1532		348
cjt	גלב	glb			main	גלב	c.by.aa			
cju	גִּלְבֹּעַ	gilbōaʿ	Np	Gilboa			c.by.ac	1533		
cjv	גִּלְגָּל	gilgāl	N	wheel	sub		c.cd.aq	1536		353j
cjw	גִּלְגָּל	gilgāl	Np	Gilgal	sub		c.cd.ar	1537		353k
cjx	גַּלְגַּל	galgal	N	wheel	sub		c.cd.ap	1534		353i
cjy	גֻּלְגֹּ֫לֶת	gulgōlet	N	skull	sub		c.cd.as	1538		353l
cjz	גֶּ֫לֶד	geled	N	skin	sub		c.bz.ab	1539		349
cka	גלד	gld			main	גלד	c.bz.aa			
ckb	גִּלֹה	gilōh	Np	Giloh			c.bw.ae	1542		
ckc	גָּלָה	gālâ	V	uncover	main	גלה	c.ca.aa	1540		350
ckd	גֻּלָּה	gullâ	N	basin	sub		c.cd.ag	1531		353c
cke	גֻּלָּה	gullâ	N	basin	sub		c.cd.ag	1543		353c
ckf	גִּלּוּל	gillûl	N	idols	sub		c.cd.ao	1544		353h
ckg	גְּלוֹם	gĕlôm	N	wrapping	sub		c.ce.ab	1545		354a
ckh	גָּלוּת	gālût	N	exile	sub		c.ca.ac	1546		350b
cki	גָּלַח	gālaḥ	V	be bald	main	גלח	c.cb.aa	1548		351
ckj	גִּלָּיוֹן	gillāyôn	N	table	sub		c.ca.ad	1549		350c
ckk	גָּלִיל	gālîl	Np	Galilee			c.cd.al	1551		
ckl	גָּלִיל	gālîl	A	turning	sub		c.cd.ak	1550	a	353e
ckm	גָּלִיל	gālîl	N	cylinder	sub		c.cd.al	1550	b	353f
ckn	גְלִילָה	gĕlîlâ	N	circuit	sub		c.cd.am	1552		353g
cko	גְּלִילוֹת	gĕlîlôt	Np	Geliloth	sub		c.cd.an	1553		353g
ckp	גַּלִּים	gallîm	Np	Gallim			c.cd.ac	1554		
ckq	גׇּלְיַת	golyat	Np	Goliath			c.ca.ae	1555		
ckr	גָּלַל	gālal	V	roll	main	גלל	c.cd.aa	1556		353
cks	גָּלָל	gālāl	Np	Galal			c.cd.ai	1559		
ckt	גָּלָל	gālāl	N	account	sub		c.cc.ab	1558		352
cku	גָּלָל	gālāl	N	dung	sub		c.cd.ah	1557		353d
ckv	גלל	gll			main	גלל	c.cc.aa			
ckw	גִּלֲלַי	gilălay	Np	Gilalai			c.cd.aj	1562		
ckx	גָּלַם	gālam	V	wrap up	main	גלם	c.ce.aa	1563		354
cky	גֹּ֫לֶם	gōlem	N	embryo	sub		c.ce.ac	1564		354b
ckz	גַּלְמוּד	galmûd	A	hard	sub		c.ce.ad	1565		354c
cla	גָּלַע	gālaʿ	V	expose	main	גלע	c.cf.aa	1566		355
clb	גִּלְעָד	gilʿād	Np	Gilead	main		c.cf.ac	1568		356
clc	גַּלְעֵד	galʿēd	Np	Galeed			c.cd.ad	1567		
cld	גִּלְעָדִי	gilʿādî	A	Giladite	sub		c.cf.ad	1569		356a
cle	גָּלַשׁ	gālaš	V	sit	main	גלשׁ	c.cg.aa	1570		357
clf	גַּם	gam	D	also	sub		c.ck.ab	1571		361a
clg	גָּמָא	gāmāʾ	V	swallow	main	גמא	c.ch.aa	1572		358
clh	גֹּ֫מֶא	gōmeʾ	N	rush	sub		c.ch.ab	1573		358a
cli	גֹּ֫מֶד	gōmed	N	cubit	sub		c.ci.ab	1574		359a
clj	גמד	gmd			main	גמד	c.ci.aa			359
clk	גַּמָּדִים	gammādîm	N	valorous men			c.ci.ac	1575		
cll	גְּמוּל	gĕmûl	N	dealing	sub		c.cj.ab	1576		360a
clm	גָּמוּל	gāmûl	Np	Gamul. See also			c.cj.ac	1577		
cln	גְּמוּלָה	gĕmûlâ	N	dealing	sub		c.cj.ad	1578		360b
clo	גִּמְזוֹ	gimzô	Np	Gimzo			c.ci.ad	1579		
clp	גָּמַל	gāmal	V	deal fully	main	גמל	c.cj.aa	1580		360
clq	גָּמָל	gāmāl	N	camel	sub		c.cj.ag	1581		360d
clr	גְּמַלִּי	gĕmallî	Np	Gemalli			c.cj.ah	1582		
cls	גַּמְלִיאֵל	gamlîʾēl	Np	Gamaliel			c.cj.af	1583		
clt	גמם	gmm			main	גמם	c.ck.aa			361
clu	גמץ	gmṣ			main	גמץ	c.cl.aa			362
clv	גָּמַר	gāmar	V	end	main	גמר	c.cm.aa	1584		363
clw	גֹּ֫מֶר	gōmer	Np	Gomer	sub		c.cm.ab	1586		363a
clx	גְּמַרְיָ֫הוּ	gĕmaryāhû	Np	Gemariah			c.cm.ac	1587		
cly	גַּן	gan	N	enclosure	sub		c.cp.ab	1588		367a
clz	גַּנָּב	gannāb	N	thief	sub		c.cn.ac	1590		364b
cma	גָּנַב	gānab	V	steal	main	גנב	c.cn.aa	1589		364
cmb	גְּנֵבָה	gĕnēbâ	N	thing stolen	sub		c.cn.ab	1591		364a
cmc	גְּנֻבַת	gĕnubat	Np	Genubath			c.cn.ad	1592		
cmd	גנג	gng								
cme	גִּנָּה	ginnâ	N	garden	sub		c.cp.ac	1594		367b
cmf	גַּנָּה	gannâ	N	garden	sub		c.cp.ac	1593		367b
cmg	גנז	gnz			main	גנז	c.co.aa			365
cmh	גְּנָזִים	gĕnāzîm	N	chests	sub		c.co.ab	1595		365a
cmi	גַּנְזַךְ	ganzak	N	treasury	single		c.co.ac	1597		366
cmj	גָּנַן	gānan	V	cover	main	גנן	c.cp.aa	1598		367
cmk	גִּנְּתוֹן	ginnĕtôn	Np	Ginnetho			c.cp.af	1599		
cml	גָּעָה	gāʿâ	V	low	main	געה	c.cq.aa	1600		368
cmm	גֹּעָה	gōʿâ	Np	Goath			c.cq.ab	1601		
cmn	גַּ֫עַל	gaʿal	Np	Gaal			c.cq.ae	1603		
cmo	גָּעַל	gāʿal	V	abhor	main	געל	c.cq.ac	1602		369
cmp	גֹּ֫עַל	gōʿal	N	loathing	sub		c.cq.ad	1604		369a
cmq	גָּעַר	gāʿar	V	rebuke	main	גער	c.cr.aa	1605		370
cmr	גְּעָרָה	gĕʿārâ	N	rebuke	sub		c.cr.ab	1606		370a
cms	גַּ֫עַשׁ	gaʿaš	Np	Gaash			c.cs.ab	1608		
cmt	גָּעַשׁ	gāʿaš	V	shake	main	געשׁ	c.cs.aa	1607		371
cmu	גַּעְתָּם	gaʿtām	Np	Gatam			c.cs.ac	1609		
cmv	גַּף	gap	N	body	sub		c.cu.ab	1610		373a
cmw	גֶּ֫פֶן	gepen	N	vine	sub		c.ct.ab	1612		372a
cmx	גפן	gpn			main	גפן	c.ct.aa			372
cmy	גפף	gpp			main	גפף	c.cu.aa			373
cmz	גֹּ֫פֶר	gōper	N	gopher	single		c.cu.ac	1613		374
cna	גׇּפְרִית	goprît	N	brimstone	single		c.cu.ad	1614		375
cnb	גִּר	gir	N	chalk	sub		c.bx.ab	1615		347a
cnc	גֵּר	gēr	N	sojourner	sub		c.bf.ad	1616		330a
cnd	גֵּרָא	gērāʾ	Np	Gera			c.cu.ag	1617		
cne	גָּרֵב	gārēb	Np	Gareb			c.cv.ac	1619		
cnf	גָּרָב	gārāb	N	itch	sub		c.cv.ab	1618		376a
cng	גרב	grb			main	גרב	c.cv.aa			376
cnh	גַּרְגַּר	gargar	N	berry	sub		c.df.ad	1620		386c
cni	גַּרְגְּרוֹת	gargĕrôt	N	neck	sub		c.df.ae	1621		386d
cnj	גִּרְגָּשִׁי	girgāšî	Ag	Girgashite			c.cv.ae	1622		
cnk	גָּרַד	gārad	V	scrape	main	גרד	c.cw.aa	1623		377
cnl	גֵּרָה	gērâ	N	cud	sub		c.df.ab	1625		386a
cnm	גֵּרָה	gērâ	N	a weight	sub		c.df.ac	1626		386b
cnn	גָּרָה	gārâ	V	stir up	main	גרה	c.cx.aa	1624		378
cno	גָּרוֹן	gārôn	N	neck	sub		c.cx.ab	1627		378a
cnp	גְרוּשָׁה	gĕrûšâ	N	expulsion	sub		c.di.ac	1646		388b
cnq	גֵּרוּת	gērût	N	lodging	sub		c.bf.ae	1628		330b
cnr	גָּרַז	gāraz	V	cut	main	גרז	c.cy.aa	1629		379
cns	גְּרִזִים	gĕrizîm	Np	Gerizim			c.cy.ad	1630		
cnt	גַּרְזֶן	garzen	N	axe	sub		c.cy.ab	1631		379a
cnu	גרטל	grṭl			main	גרטל	c.cz.aa			380
cnv	גָּרֹל	gārōl	A	harsh	sub		c.da.ac	1632		381a
cnw	גרל	grl			main	גרל	c.da.aa			381
cnx	גֶּ֫רֶם	gerem	N	bone	sub		c.db.ab	1634		382a
cny	גָּרַם	gāram	V	break bones	sub		c.db.ac	1633	b	382b
cnz	גָּרַם	gāram	V	lay aside	main	גרם	c.db.aa	1633	a	382
coa	גַּרְמִי	garmî	Ag	Garmite			c.db.ad	1636		
cob	גֹּ֫רֶן	gōren	N	threshing-floor	sub		c.dc.ab	1637		383a
coc	גרן	grn			main	גרן	c.dc.aa			383
cod	גָּרַס	gāras	V	be crushed	main	גרס	c.dh.aa	1638		387
coe	גָּרַע	gāraʿ	V	diminish	main	גרע	c.dd.aa	1639		384
cof	גָּרַף	gārap	V	sweep away	main	גרף	c.de.aa	1640		385
cog	גְּרָר	gĕrār	Np	Gerar			c.df.ag	1642		
coh	גָּרַר	gārar	V	drag	main	גרר	c.df.aa	1641		386
coi	גֶּ֫רֶשׁ	gereš	N	thing thrust	sub		c.di.ab	1645		388a
coj	גֶּ֫רֶשׂ	gereś	N	a crushing	sub		c.dh.ab	1643		387a
cok	גָּרַשׁ	gāraš	V	drive out	main	גרשׁ	c.di.aa	1644		388
col	גרשׂ	grś			main	גרשׂ	c.dg.aa			
com	גֵּרְשׁוֹן	gērĕšôn	Np	Gershon			c.di.ae	1648		
con	גֵּרְשֹׁם	gērĕšōm	Np	Gershom			c.di.ad	1647		
coo	גֵּרְשֻׁנִּי	gērĕšunnî	Ag	Gereshonite			c.di.af	1649		
cop	גְּשׁוּר	gĕšûr	Np	Geshur	sub		c.dk.ab	1650		
coq	גְּשׁוּרִי	gĕšûrî	A	Geshurite	sub		c.dk.ac	1651		
cor	גֶּ֫שֶׁם	gešem	N	rain	sub		c.dj.ac	1653		389a
cos	גֶּ֫שֶׁם	gešem	Np	Geshem			c.dj.ab	1654		
cot	גָּשַׁם	gāšam	V	shower violently	sub		c.dj.ad	1652		389
cou	גֹּ֫שֶׁם	gōšem	N	rain	sub		c.dj.ae	1656		389
cov	גשׁם	gšm			main	גשׁם	c.dj.aa			
cow	גֹּ֫שֶׁן	gōšen	Np	Goshen	single		c.dj.ag	1657		390
cox	גִּשְׁפָּא	gišpāʾ	Np	Gispa			c.dj.ah	1658		
coy	גשׁר	gšr			main	גשׁר	c.dk.aa			
coz	גָּשַׁשׁ	gāšaš	V	feel with the hand	main	גשׁשׁ	c.dl.aa	1659		391
cpa	גַּת	gat	N	wine-press	sub		j.an.ab	1660		841a
cpb	גַּת	gat	Np	Gath			j.an.ac	1661		
cpc	גַּת הַחֵ֫פֶר	gat haḥēper	Np	Gath-kephr			j.an.ad	1662		
cpd	גִּתִּי	gittî	A	the Gittites			j.an.af	1663		
cpe	גִּתָּ֑יִם	gittāyim	Np	Gittaim			j.an.ah	1664		
cpf	גִּתִּית	gittît	N	Gittite harp			j.an.ag	1665		
cpg	גֶּ֫תֶר	geter	Np	Gether			c.dl.ac	1666		
cph	גַּת־רִמּוֹן	gat-rimmôn	Np	Gath-rimmon.			j.an.ae	1667		
cpi	ד	d			main		d.aa.aa			
cpj	דָּאֵב	dāʾēb	V	become faint	main	דאב	d.ab.aa	1669		392
cpk	דְּאָבָה	dĕʾābâ	N	faintness	sub		d.ab.ab	1670		392a
cpl	דְּאָבוֹן	dĕʾābôn	N	faintness	sub		d.ab.ac	1671		392b
cpm	דָּאַג	dāʾag	V	be anxious	main	דאג	d.ac.aa	1672		393
cpn	דֹּאֵג	dōʾēg	Np	Doeg			d.ac.ab	1673		
cpo	דְּאָגָה	dĕʾāgâ	N	anxiety	sub		d.ac.ac	1674		393a
cpp	דָּאָה	dāʾâ	N	kite	sub		d.ad.ab	1676		394a
cpq	דָּאָה	dāʾâ	V	fly swiftly	main	דאה	d.ad.aa	1675		394
cpr	דֹּאר	dōʾr	Np	Dor			d.az.ad	1756		
cps	דֹּב	dōb	N	bear	sub		d.af.ab	1677		396a
cpt	דֹּ֫בֶא	dōbeʾ	N	rest	sub		d.ae.ab	1679		395a
cpu	דבא	dbʾ			main	דבא	d.ae.aa			395
cpv	דָּבַב	dābab	V	move gently	main	דבב	d.af.aa	1680		396
cpw	דִּבָּה	dibbâ	N	whispering	sub		d.af.ac	1681		396b
cpx	דְּבוֹרָה	dĕbôrâ	Np	Deborah			d.ai.ah	1683		
cpy	דְּבוֹרָה	dĕbôrâ	N	bee	sub		d.ai.ag	1682		399f
cpz	דִּבְיוֹנִים	dibyônîm	N	dove’s dung			d.af.ad	1686		
cqa	דְּבִיר	dĕbîr	Np	Debir	sub		d.ai.ak	1688	a	399h
cqb	דְּבִיר	dĕbîr	N	hindmost chamber	sub		d.ai.aj	1687		399g
cqc	דבל	dbl			main	דבל	d.ag.aa			397
cqd	דְּבֵלָה	dĕbēlâ	N	lump	sub		d.ag.ab	1690		397a
cqe	דִּבְלָה	diblâ	Np	Diblath			d.ag.ac	1689		
cqf	דִּבְלַ֫יִם	diblayim	Np	Diblaim			d.ag.ad	1691		
cqg	דֶּ֫בֶק	debeq	N	joining	sub		d.ah.ac	1694		398a
cqh	דָּבֵק	dābēq	A	clinging	sub		d.ah.ab	1695		398?
cqi	דָּבַק	dābaq	V	cling	main	דבק	d.ah.aa	1692		398
cqj	דָבַר	dābar	V	speak	main	דבר	d.ai.aa	1696		399
cqk	דִּבֵּר	dibbēr	N	speaking	sub		d.ai.al	1699	b	399i
cql	דֶּ֫בֶר	deber	N	pestilence	sub		d.ai.ac	1698		399b
cqm	דָּבָר	dābār	N	speech	sub		d.ai.ab	1697		399a
cqn	דֹּ֫בֶר	dōber	N	pasture	sub		d.ai.ad	1699	a	399c
cqo	דִּבְרָה	dibrâ	N	cause	sub		d.ai.af	1700		399e
cqp	דֹּבְרוֹת	dōbĕrôt	N	floats	sub		d.ai.ae	1702		399d
cqq	דִּבְרִי	dibrî	Np	Dibri			d.ai.an	1704		
cqr	דַּבֶּ֫רֶת	dabberet	N	word	sub		d.ai.am	1703		399j
cqs	דָּֽבְרַת	dābĕrat	Np	Dabareh			d.ai.ai	1705		
cqt	דְּבַשׁ	dĕbaš	N	honey	sub		d.aj.ab	1706		400a
cqu	דבשׁ	dbš			main	דבשׁ	d.aj.aa			400
cqv	דַּבֶּ֫שֶׁת	dabbešet	Np	Dabbesheth			d.aj.ac	1708		
cqw	דַּבֶּ֫שֶׁת	dabbešet	N	mass	sub		d.aj.ac	1707		400b
cqx	דָּג	dāg	N	fish	sub		d.ak.ab	1709		401a
cqy	דָּגָה	dāgâ	V	multiply	main	דגה	d.ak.aa	1711		401
cqz	דָּגָה	dāgâ	N	fish	sub		d.ak.ac	1710		401b
cra	דָּגוֹן	dāgôn	Np	Dagon			d.ak.ag	1712		
crb	דֶּ֫גֶל	degel	N	standard	sub		d.al.ab	1714		402a
crc	דָּגַל	dāgal	V	look	main	דגל	d.al.aa	1713	a	402
crd	דָּגַל	dāgal	V	carry	sub		d.al.ac	1713	b	402b
cre	דָּגָן	dāgān	N	corn	sub		d.am.ab	1715		403a
crf	דגן	dgn			main	דגן	d.am.aa			403
crg	דָּגַר	dāgar	V	gather together as a brood	main	דגר	d.an.aa	1716		404
crh	דַּד	dad	N	breast	single		d.an.ab	1717		405
cri	דָּדָה	dādâ	V	move slowly	main	דדה	d.ao.aa	1718		406
crj	דֹּדָה	dōdâ	N	aunt	sub		d.as.ac	1733		410b
crk	דְּדָן	dĕdān	Np	Dedan			d.ao.ac	1719	a	
crl	דְּדָנִי	dĕdānî	Ag	Dedanites			d.ao.ae	1720		
crm	דָּהַם	dāham	V	astonish	main	דהם	d.ap.aa	1724		407
crn	דָּהַר	dāhar	V	rush	main	דהר	d.aq.aa	1725		408
cro	דַּהֲרָה	dahărâ	N	rushing	sub		d.aq.ab	1726		408a
crp	דּוּב	dûb	V	pine away	main	דוב	d.ar.aa	1727		409
crq	דַּוָּג	dawwāg	N	fisher	sub		d.ak.ae	1728		401d
crr	דּוּגָה	dûgâ	N	fishing	sub		d.ak.af	1729		401e
crs	דָּוִד	dāwid	Np	David	sub		d.as.ag	1732		410c
crt	דּוֹד	dôd	N	beloved	sub		d.as.ab	1730		410a
cru	דּוּד	dûd	N	pot	sub		d.as.ai	1731		410e
crv	דוד	dwd			main	דוד	d.as.aa			410
crw	דּוֹדוֹ	dôdô	Np	Dodo			d.as.ad	1734		
crx	דּוֹדָוָהוּ	dôdāwāhû	Np	Dodavah			d.as.af	1735		
cry	דּוֹדַי	dôday	Np	Dodai			d.as.ae	1737		
crz	דּוּדַי	dûday	N	mandrake	sub		d.as.ah	1736		410d
csa	דָּוֶה	dāweh	A	faint	sub		d.at.ac	1739		411b
csb	דָּוָה	dāwâ	V	be ill	main	דוה	d.at.aa	1738		411
csc	דּוּחַ	dûaḥ	V	rinse	main	דוח	d.au.aa	1740		412
csd	דְּוַי	dĕway	N	illness	sub		d.at.ab	1741		411a
cse	דַּוָּי	dawwāy	A	faint	sub		d.at.ae	1742		411d
csf	דּוּךְ	dûk	V	pound	main	דוך	d.av.aa	1743		413
csg	דּוּכִיפַת	dûkîpat	N	hoopoe	single		d.av.ac	1744		414
csh	דום	dwm			main	דום	d.aw.aa			415
csi	דּוּמָה	dûmâ	N	silence	sub		d.aw.ab	1745		415a
csj	דּוּמָה	dûmâ	Np	Dumah			d.aw.ac	1746		
csk	דּוּמִיָּה	dûmîyâ	N	silence	sub		d.aw.ad	1747		415b
csl	דּוּמָם	dûmām	N	silence	sub		d.aw.ae	1748		415c
csm	דּוֹנַג	dônag	N	wax	sub		d.by.ab	1749		444a
csn	דּוּץ	dûṣ	V	spring	main	דוץ	d.ax.aa	1750		416
cso	דוק	dwq			main	דוק	d.ay.aa			417
csp	דּוֹר	dôr	N	period	sub		d.az.ac	1755		418b
csq	דּוּר	dûr	N	circle	sub		d.az.ab	1754	a	418a
csr	דּוּר	dûr	V	heap up	main	דור	d.az.aa	1752		418
css	דּוּשׁ	dûš	V	tread	main	דושׁ	d.ba.aa	1758		419
cst	דָּחָה	dāḥâ	V	push	main	דחה	d.bb.aa	1760	a	420
csu	דָּחַח	dāḥaḥ	V	they shall be thrust down	main	דחח	d.bc.aa	1760	b	421
csv	דְּחִי	dĕḥî	N	stumbling	sub		d.bb.ab	1762		420a
csw	דֹּ֫חַן	dōḥan	N	millet	sub		d.bd.ab	1764		422a
csx	דחן	dḥn			main	דחן	d.bd.aa			422
csy	דָּחַף	dāḥap	V	drive	main	דחף	d.be.aa	1765		423
csz	דָּחַק	dāḥaq	V	thrust	main	דחק	d.bf.aa	1766		424
cta	דַּי	day	N	sufficiency	main		d.bg.aa	1767		425
ctb	דִּי זָהָב	dî zāhāb	Np	Dizahab			d.bg.ab	1774		
ctc	דִּיבֹן	dîbōn	Np	Dibon. (Als			d.bg.ac	1769		
ctd	דִּיג	dîg	V	fish for	sub		d.ak.ad	1770		401c
cte	דַּיָּג	dayyāg	N	fisher	sub		d.ak.ae	1771		401d
ctf	דַּיָּה	dayyâ	N	falcon	sub		d.ad.ac	1772		394b
ctg	דְּיוֹ	dĕyô	N	ink	sub		d.at.af	1773		411e
cth	דִּימוֹן	dîmôn	Np	Dimon			d.bg.ac	1775		
cti	דִּימוֹנָה	dîmônâ	Np	Dimonah			d.bg.ac	1776		
ctj	דִּין	dîn	V	judge	main	דין	d.bh.aa	1777		426
ctk	דִּין	dîn	N	judgment	sub		d.bh.ab	1779		426a
ctl	דַּיָּן	dayyān	N	judge	sub		d.bh.af	1781		426b
ctm	דִּינָה	dînâ	Np	Dinah			d.bh.ac	1783		
ctn	דִּיפַת	dîpat	Np	Riphath			d.bh.ao	7384	a	
cto	דָּיֵק	dāyēq	N	bulwark	sub		d.ay.ab	1785		417a
ctp	דַּ֫יִשׁ	dayiš	N	threshing	sub		d.ba.ab	1786		419a
ctq	דִּישָׁן	dîšān	Np	Dishan			d.ba.af	1789		
ctr	דִּישֹׁן	dîšōn	Np	Dishon			d.ba.ae	1787		
cts	דִּישֹׁן	dîšōn	N	pygarg	sub		d.ba.ad	1788		419c
ctt	דַּךְ	dak	A	crushed	sub		d.bk.ab	1790		429a
ctu	דַּכָּא	dakkāʾ	N	dust	sub		d.bi.ac	1793	b	427b
ctv	דַּכָּא	dakkāʾ	A	contrite	sub		d.bi.ab	1793	a	427a
ctw	דָּכָא	dākāʾ	V	crush	main	דכא	d.bi.aa	1792		427
ctx	דַּכָּה	dakkâ	N	crushing	sub		d.bk.ac	1795		429b
cty	דָּכָה	dākâ	V	collapse	main	דכה	d.bj.aa	1794		428
ctz	דֳּכִי	dŏkî	N	crushing	sub		d.bj.ab	1796		428a
cua	דכך	dkk			main	דכך	d.bk.aa			429
cub	דַּל	dal	A	low	sub		d.bo.ab	1800		433a
cuc	דָּל	dāl	N	door	sub		d.bm.ab	1817	a	431a
cud	דָּלַג	dālag	V	leap	main	דלג	d.bl.aa	1801		430
cue	דַּלָּה	dallâ	N	hair	sub		d.bo.ac	1803	a	433b
cuf	דַּלָּה	dallâ	N	the poor	sub		d.bo.ad	1803	b	433c
cug	דָּלָה	dālâ	V	draw	main	דלה	d.bm.aa	1802		431
cuh	דָּלָה	dālâ	N	door	sub		d.bm.ac	1817	b	431b
cui	דָּלַח	dālaḥ	V	make turbid	main	דלח	d.bn.aa	1804		432
cuj	דְּלִי	dĕlî	N	bucket	sub		d.bm.ad	1805		431c
cuk	דְּלָיָ֫הוּ	dĕlāyāhû	Np	Dalaiah			d.bm.ag	1806		
cul	דָּלִיּוֹת	dālîyôt	N	branch	sub		d.bm.ae	1808		431d
cum	דְּלִילָה	dĕlîlâ	Np	Delilah			d.bo.ae	1807		
cun	דָּלַל	dālal	V	hang	main	דלל	d.bo.aa	1809		433
cuo	דִּלְעָן	dilʿān	Np	Dilean			d.bo.af	1810		
cup	דֶּ֫לֶף	delep	N	a dropping	sub		d.bp.ab	1812		434a
cuq	דָּלַף	dālap	V	drop	main	דלף	d.bp.aa	1811		434
cur	דַּלְפוֹן	dalpôn	Np	Dalphon			d.bp.ac	1813		
cus	דָּלַק	dālaq	V	burn	main	דלק	d.bq.aa	1814		435
cut	דַּלֶּ֫קֶת	dalleqet	N	inflammation	sub		d.bq.ab	1816		435a
cuu	דֶּ֫לֶת	delet	N	door	sub		d.bm.af	1817	c	431e
cuv	דָּם	dām	N	blood	main		d.br.aa	1818		436
cuw	דָּמָה	dāmâ	V	cease	main	דמה	d.bt.aa	1820		438
cux	דָּמָה	dāmâ	V	be like	main	דמה	d.bs.aa	1819		437
cuy	דֻּמָּה	dummâ	N	one silenced	sub		d.bu.ac	1822		439b
cuz	דְּמוּת	dĕmût	N	likeness	sub		d.bs.ab	1823		437a
cva	דֳּמִי	dŏmî	N	cessation	sub		d.bt.ab	1824		438a
cvb	דִּמְיֹן	dimyōn	N	likeness	sub		d.bs.ac	1825		437b
cvc	דָּמַם	dāmam	V	wail	main	דמם	d.bv.aa	1826	b	440
cvd	דָּמַם	dāmam	V	be dumb	main	דמם	d.bu.aa	1826	a	439
cve	דְּמָמָה	dĕmāmâ	N	whisper	sub		d.bu.ab	1827		439a
cvf	דֹּ֫מֶן	dōmen	N	dung	sub		d.bw.ab	1828		441a
cvg	דמן	dmn			main	דמן	d.bw.aa			441
cvh	דִּמְנָה	dimnâ	Np	Dimnah			d.bw.ac	1829		
cvi	דֶּ֫מַע	demaʿ	N	juice	sub		d.bx.ab	1831		442a
cvj	דָּמַע	dāmaʿ	V	weep	main	דמע	d.bx.aa	1830		442
cvk	דִּמְעָה	dimʿâ	N	tears	sub		d.bx.ac	1832		442b
cvl	דְּמֶשֶׁק	dĕmešeq	N	damask	single		d.bx.ae	1833		443
cvm	דַּמֶּ֫שֶׂק	dammeśeq	Np	Damascus			d.bx.ad	1834		
cvn	דָּן	dān	Np	Daniel			d.bh.ad	1835		
cvo	דָּן יַעַן	dān yaʿan	Np	Dan-jaan			d.bh.ad	1842		
cvp	דָּנִאֵל	dāniʾēl	Np	Daniel			d.bh.ag	1840		
cvq	דנג	dng			main	דנג	d.by.aa			444
cvr	דַּנָּה	dannâ	Np	Dannah			d.by.ac	1837		
cvs	דִּנְהָ֑בָה	dinhābâ	Np	Dinhaban			d.by.ad	1838		
cvt	דָּנִי	dānî	Ag	Danite			d.bh.ae	1839		
cvu	דֵּעַ	dēaʿ	N	knowledge	sub		j.au.ac	1843		848a
cvv	דֵּעָה	dēʿâ	N	knowledge	sub		j.au.ad	1844		848b
cvw	דְּעוּאֵל	dĕʿûʾēl	Np	Deuel			j.au.ai	1845		
cvx	דָּעַךְ	dāʿak	V	go out	main	דעך	d.bz.aa	1846		445
cvy	דַּ֫עַת	daʿat	N	knowledge	sub		j.au.ae	1847		848c
cvz	דפה	dph			main	דפה	d.ca.aa			446
cwa	דֳּפִי	dŏpî	N	blemish	sub		d.ca.ab	1848		446a
cwb	דָּפַק	dāpaq	V	beat	main	דפק	d.cb.aa	1849		447
cwc	דׇּפְקָה	dopqâ	Np	Dophkah			d.cb.ab	1850		
cwd	דַּק	daq	A	thin	sub		d.cd.ab	1851		448a
cwe	דֹּק	dōq	N	veil	sub		d.cd.ac	1852		448b
cwf	דקל	dql			main	דקל	d.cc.aa			
cwg	דִּקְלָה	diqlâ	Np	Diklah			d.cc.ab	1853		
cwh	דָּקַק	dāqaq	V	crush	main	דקק	d.cd.aa	1854		448
cwi	דֶּ֫קֶר	deqer	Np	Dekar			d.ce.ab	1857		
cwj	דָּקַר	dāqar	V	pierce	main	דקר	d.ce.aa	1856		449
cwk	דַּר	dar	N	pearl	sub		d.cl.ab	1858		454a
cwl	דרא	drʾ			main	דרא	d.cf.aa			450
cwm	דֵּרָאוֹן	dērāʾôn	N	aversion	sub		d.cf.ab	1860		450a
cwn	דרב	drb			main	דרב	d.cg.aa			451
cwo	דׇּרְבוֹן	dorbôn	N	goad	sub		d.cg.ab	1861	a	451a
cwp	דָּֽרְבֹנָה	dārĕbōnâ	N	goad	sub		d.cg.ac	1861	b	451b
cwq	דרג	drg			main	דרג	d.ch.aa			452
cwr	דַּרְדַּע	dardaʿ	Np	Darda			d.ch.ac	1862		
cws	דַּרְדַּר	dardar	N	thistles	sub		d.cl.af	1863		454e
cwt	דָּרוֹם	dārôm	N	south	sub		d.cl.ae	1864		454d
cwu	דְּרוֹר	dĕrôr	N	swallow	sub		d.cl.ad	1866		454c
cwv	דְּרוֹר	dĕrôr	N	a flowing	sub		d.cl.ac	1865		454b
cww	דָּֽרְיָ֫וֶשׁ	dārĕyāweš	Np	Darius			d.ch.af	1867		
cwx	דֶּ֫רֶךְ	derek	N	way	sub		d.ci.ab	1870		453a
cwy	דָּרַךְ	dārak	V	tread	main	דרך	d.ci.aa	1869		453
cwz	דַּרְכְּמוֹן	darkĕmôn	N	drachma	sub		d.ci.ad	1871		453c
cxa	דָּרַע	dāraʿ	Np	Dara			d.ch.ac	1873		
cxb	דרע	drʿ			main	דרע	d.cj.aa			
cxc	דרק	drq			main	דרק	d.ck.aa			
cxd	דַּרְקוֹן	darqôn	Np	Darkon			d.ck.ab	1874		
cxe	דרר	drr			main	דרר	d.cl.aa			454
cxf	דָּרַשׁ	dāraš	V	resort to	main	דרשׁ	d.cm.aa	1875		455
cxg	דֶּ֫שֶׁא	dešeʾ	N	grass	sub		d.cn.ab	1877		456a
cxh	דָּשָׁא	dāšāʾ	V	sprout	main	דשׁא	d.cn.aa	1876		456
cxi	דֶּ֫שֶׁן	dešen	N	fatness	sub		d.co.ab	1880		457a
cxj	דָּשֵׁן	dāšēn	V	be fat	main	דשׁן	d.co.aa	1878		457
cxk	דָּשֵׁן	dāšēn	A	fat	sub		d.co.ac	1879		457b
cxl	דָּת	dāt	N	decree	single		d.co.ad	1881		458
cxm	דָּתָן	dātān	Np	Dathan			d.co.ae	1885		
cxn	דֹּתָן	dōtān	Np	Dothan			d.co.af	1886		
cxo	ה	h			main		e.aa.aa			
cxp	הֲ	hă			main		e.ac.aa			460
cxq	הֲ	hă	Ti	interrogative particle	sub		e.ac.aa	i		460
cxr	הֵא	hēʾ	Tj	lo	main		e.ad.aa	1887		461
cxs	הֶאָח	heʾāḥ	Tj	Aha!	main	האח	e.ae.aa	1889		462
cxt	הַבְהָב	habhāb	N	gift	sub		j.av.ac	1890		849b
cxu	הֶ֫בֶל	hebel	N	vapour	main	הבל	e.af.aa	1892		463a
cxv	הֶ֫בֶל	hebel	Np	Abel	main	הבל	e.ag.aa	1893		
cxw	הָבַל	hābal	V	act emptily	sub		e.af.ab	1891		463
cxx	הָבְנִי	hābĕnî	N	ebony	main	הבן	e.ag.ab	1894		464
cxy	הָבַר	hābar	V	divide	main	הבר	e.ah.aa	1895		465
cxz	הֵגֵא	hēgēʾ	Np	Hegai			e.ah.ab	1896		
cya	הגג	hgg			main	הגג	e.ai.aa			466
cyb	הַגְּדוֹלִים	haggĕdôlîm	Np	aloud			c.aq.ag	1419	b	
cyc	הֶ֫גֶה	hegeh	N	a rumbling	sub		e.aj.ab	1899		467a
cyd	הָגָה	hāgâ	V	moan	main	הגה	e.aj.aa	1897		467
cye	הָגָה	hāgâ	V	remove	main	הגה	e.ak.aa	1898		468
cyf	הָגוּת	hāgût	N	meditation	sub		e.aj.ac	1900		467b
cyg	הָגִיג	hāgîg	N	murmuring	sub		e.ai.ab	1901		466a
cyh	הִגָּיוֹן	higgāyôn	N	resounding music	sub		e.aj.ad	1902		467c
cyi	הָגִין	hāgîn	A	appropriate	sub		e.al.ab	1903		469a
cyj	הגן	hgn			main	הגן	e.al.aa			469
cyk	הָגָר	hāgār	Np	Hagar	sub		e.am.ab	1904		470a
cyl	הגר	hgr			main	הגר	e.am.aa			470
cym	הַגְרִי	hagrî	Np	Hagarene			e.am.ac	1905		
cyn	הֵד	hēd	N	joyous	sub		e.an.ac	1906		471b
cyo	הֲדַד	hădad	Np	Hadad	sub		e.an.ad	1908		471c
cyp	הדד	hdd			main	הדד	e.an.aa			471
cyq	הֲדַדְעֶ֫זֶר	hădadʿezer	Np	Hadadezer. Compare			e.an.ae	1909		
cyr	הֲדַדְעֶ֫זֶר	hădadʿezer	Np	Hadarezer			e.an.ae	1928		
cys	הֲדַדְרִמּוֹן	hădadrimmôn	Np	Hadad-rimmon			e.an.af	1910		
cyt	הָדָה	hādâ	V	stretch out	main	הדה	e.ao.aa	1911		472
cyu	הֹ֫דּוּ	hōddû	Np	India			e.ao.ad	1912		
cyv	הֲדוֹרָם	hădôrām	Np	Hadoram			e.ao.ae	1913	a	
cyw	הִדַּי	hidday	Np	Hiddai			e.ao.af	1914		
cyx	הָדַךְ	hādak	V	cast down	main	הדך	e.ap.aa	1915		473
cyy	הֲדֹם	hădōm	N	stool	sub		e.aq.ab	1916		474
cyz	הדם	hdm			main	הדם	e.aq.aa			
cza	הֲדַס	hădas	N	myrtle	single		e.aq.ac	1918		475
czb	הֲדַסָּה	hădassâ	Np	Hadassah			e.aq.ad	1919		
czc	הָדַף	hādap	V	thrust	main	הדף	e.ar.aa	1920		476
czd	הֲדַר	hădar	Np	Hadar			e.as.ae	1924		
cze	הֶ֫דֶר	heder	N	ornament	sub		e.as.ab	1925		477a
czf	הָדַר	hādar	V	swell	main	הדר	e.as.aa	1921		477
czg	הָדָר	hādār	N	ornament	sub		e.as.ac	1926		477b
czh	הֲדָרָה	hădārâ	N	adornment	sub		e.as.ad	1927		477c
czi	הֲדֹרָם	hădōrām	Np	Hadoram			e.as.af	1913	b	
czj	הָהּ	hāh	Tj	alas!	main		e.at.aa	1929		478
czk	הוֹ	hô	Tj	Ah!	main		e.au.aa	1930		479
czl	הוּ	hû			main	הוא	e.av.aa			
czm	הָוָא	hāwāʾ	V	fall	main	הוא	e.ax.aa	1933	a	481
czn	הוּא	hûʾ	Pp	he	main		e.aw.aa	1931		480
czo	הוֹד	hôd	N	splendour	sub		e.ay.ab	1935		482a
czp	הוֹד	hôd	Np	Hod			e.ay.ac	1936		
czq	הוד	hwd			main	הוד	e.ay.aa			482
czr	הוֹדַוְיָה	hôdawyâ	Np	Hodaviah			j.at.ab	1938		
czs	הוֹדְיָה	hôdĕyâ	Np	Hodevah			e.ay.ad	1937		
czt	הוֹדִיָּה	hôdîyâ	Np	Hodijah			e.ay.ae	1941		
czu	הוֹדִיָּה	hôdîyâ	Np	Hodiah			e.ay.ae	1940		
czv	הוֹדַיְוָהוּ	hôdaywāhû	Np	Hodaiah			j.at.ab	1939		
czw	הַוָּה	hawwâ	N	desire	sub		e.az.ab	1942		483a
czx	הָוָה	hāwâ	V	become	main	הוה	e.az.aa	1933	b	484
czy	הֹוָה	hōwâ	N	ruin	sub		e.az.ad	1943		483c
czz	הוֹהָם	hôhām	Np	Hoham			e.az.cb	1944		
daa	הוֹי	hôy	Tj	Ah	main		e.ba.aa	1945		485
dab	הוֹלֵלָה	hôlēlâ	N	madness	sub		e.bp.ad	1947		501a
dac	הוֹלֵלוּת	hôlēlût	N	folly	sub		e.bp.ae	1948		501b
dad	הוּם	hûm	V	murmur	main	הום	e.bb.aa	1949		486
dae	הוֹמָ֑ם	hômām	Np	Homam. Compare			e.bv.ab	1950		
daf	הוֹן	hôn	N	wealth	sub		e.bc.ab	1952		487a
dag	הוּן	hûn	V	be easy	main	הון	e.bc.aa	1951		487
dah	הוֹשֵׁעַ	hôšēaʿ	Np	Hosea			j.dy.ak	1954		
dai	הוֹשַׁעֲיָה	hôšaʿăyâ	Np	Hoshaiah			j.dy.al	1955		
daj	הוּת	hût	V	shout at	main	הות	e.bd.aa	2050		488
dak	הוֹתִיר	hôtîr	Np	Hothir			j.ef.an	1956		
dal	הָזָה	hāzâ	V	dream	main	הזה	e.be.aa	1957		489
dam	הִי	hî	N	lamentation	single		e.be.ab	1958		490
dan	הֵידָד	hêdād	N	shout	sub		e.an.ab	1959		471a
dao	הֻיְּדוֹת	huyyĕdôt	N	songs of praise	sub		j.at.ac	1960		847a
dap	הַיָּה	hayyâ	N	destruction	sub		e.az.ac	1962		483b
daq	הָיָה	hāyâ	V	fall out	main	היה	e.bf.aa	1961		491
dar	הֵיךְ	hêk	D	how?	main	היך	e.bg.aa	1963		492
das	הֵיכָל	hêkāl	N	palace	main		e.bh.aa	1964		493
dat	הֵילֵל	hêlēl	N	shining one	sub		e.bo.ab	1966		499a
dau	הֵימָם	hêmām	Np	Hemam			e.bv.ab	1967		
dav	הֵימָן	hêmān	Np	Heman			a.dy.as	1968		
daw	הִין	hîn	N	hin	single		e.bh.af	1969		494
dax	הָכַר	hākar	V	ye cause me to wonder	main	הכר	e.bi.aa	1970		495
day	הַכָּרָה	hakkārâ	N	look	sub		n.dn.ab	1971		1368e
daz	הָלָא	hālāʾ	V	removed far off	sub		e.bj.ab	1972		496
dba	הָֽ֫לְאָה	hālĕʾâ	D	out there	main	הלא	e.bj.aa	1973		496a
dbb	הִלּוּל	hillûl	N	rejoicing	sub		e.bp.ac	1974		500a
dbc	הַלָּז	hallāz	Pd	this	main		e.bk.aa	1975		497
dbd	הַלָּזֶה	hallāzeh	Pd	this	main		e.bl.aa	1976		497
dbe	הַלֵּ֫זוּ	hallēzû	Pd	that	main		e.bm.aa	1977		497
dbf	הָלִיךְ	hālîk	N	step	sub		e.bn.ac	1978		498b
dbg	הֲלִיכָה	hălîkâ	N	a going	sub		e.bn.ad	1979		498c
dbh	הֵ֫לֶךְ	hēlek	N	traveller	sub		e.bn.ab	1982		498a
dbi	הָלַךְ	hālak	V	go	main	הלך	e.bn.aa	1980		498
dbj	הִלֵּל	hillēl	Np	Hillel			e.bp.ab	1985		
dbk	הָלַל	hālal	V	shine	main	הלל	e.bo.aa	1984	a	499
dbl	הָלַל	hālal	V	be boastful	main	הלל	e.bp.aa	1984	c	501
dbm	הָלַל	hālal	V	be boastful	sub		e.bp.aa	1984	b	500
dbn	הֲלֹם	hălōm	D	hither	main		e.br.aa	1988		503
dbo	הֶ֫לֶם	helem	Np	Helem			e.bq.ab	1987		
dbp	הָלַם	hālam	V	strike	main	הלם	e.bq.aa	1986		502
dbq	הַלְמוּת	halmût	N	hammer	sub		e.bq.ac	1989		502a
dbr	הֵם	hēm	N	of their moaning			e.br.ac	1991		
dbs	הָ֑ם	hām	Np	Ham			e.br.ab	1990		
dbt	הַמְּדָתָא	hammĕdātāʾ	Np	Hammedatha (including the article)			e.br.ad	4099		
dbu	הֵ֫מָּה	hēmmâ	Pp	they	main		e.bs.aa	1992		504
dbv	הָמָה	hāmâ	V	murmur	main	המה	e.bt.aa	1993		505
dbw	הָמוֹן	hāmôn	N	sound	sub		e.bt.ab	1995	a	505a
dbx	הֲמוֹן גּוֹג	hămôn gôg	Np	Hamon-gog			e.bt.ab	1996		
dby	הֲמוֹנָהֿ	hămônâ	Np	Hamonah			e.bt.ad	1997		
dbz	הֶמְיָה	hemyâ	N	sound	sub		e.bt.ac	1998		505b
dca	המל	hml			main	המל	e.bu.aa			506
dcb	הֲמֻלָּה	hămullâ	N	rain-storm	sub		e.bu.ab	1999		506a
dcc	הָמַם	hāmam	V	make a noise	main	המם	e.bv.aa	2000		507
dcd	הָמַן	hāman	V	rage	main	המן	e.bv.ac	1995	b	
dce	הָמָן	hāmān	Np	Haman			e.bv.ad	2001		
dcf	הֶ֫מֶס	hemes	N	brushwood	sub		e.bw.ab	2003		508a
dcg	המס	hms			main	המס	e.bw.aa			508
dch	המר	hmr			main	המר	e.bx.aa			509
dci	הֵן	hēn	Pp	they	main		e.by.aa	2004		504
dcj	הֵן	hēn	Tj	lo!	main		e.bz.aa	2005		510
dck	הִנֵּה	hinnēh	Tm	lo!	sub		e.bz.ab	2009		510a
dcl	הֵ֫נָּה	hēnnâ	D	hither	sub		e.bz.ac	2008		510b
dcm	הֵנָּה	hēnnâ	Pp	themselves	sub		e.by.aa	2004		504
dcn	הֲנָחָה	hănāḥâ	N	a giving of rest	sub		n.by.ah	2010		1323d
dco	הִנֹּם	hinnōm	Np	Hinnom			e.bz.af	2011		
dcp	הֵנַע	hēnaʿ	Np	Hena			e.bz.ag	2012		
dcq	הַס	has	Tj	hush!	main		e.ca.aa	2013		511
dcr	הֲפוּגָה	hăpûgâ	N	relaxation	sub		q.an.ac	2014		1740b
dcs	הֶ֫פֶךְ	hepek	N	the contrary	sub		e.cb.ab	2016		512a
dct	הָפַךְ	hāpak	V	turn	main	הפך	e.cb.aa	2015		512
dcu	הֹפֶךְ	hōpek	N	the contrary	sub		e.cb.ab	2017		512a
dcv	הֲפֵכָה	hăpēkâ	N	overthrow	sub		e.cb.ac	2018		512b
dcw	הֲפַכְפַּךְ	hăpakpak	A	crooked	sub		e.cb.ad	2019		512c
dcx	הַצָּלָה	haṣṣālâ	N	deliverance	sub		n.ev.ab	2020		1404a
dcy	הַצְּלֶלְפּוֹנִי	haṣṣĕlelpônî	Np	Hazelelponi (including the article)			r.cc.ag	6753		
dcz	הֹ֫צֶן	hōṣen	N	weapon of war	single		e.cb.aj	2021		513
dda	הַר	har	N	mountain	sub		e.cf.ab	2022		517a
ddb	הֹר	hōr	Np	Hor			e.cb.al	2023		
ddc	הָרָא	hārāʾ	Np	Hara			e.cb.am	2024		
ddd	הַרְאֵל	harʾēl	N	hearth	sub		a.fp.ab	2025		159a
dde	הֶ֫רֶג	hereg	N	slaughter	sub		e.cc.ab	2027		514a
ddf	הָרַג	hārag	V	kill	main	הרג	e.cc.aa	2026		514
ddg	הֲרֵגָה	hărēgâ	N	slaughter	sub		e.cc.ac	2028		514b
ddh	הָרָה	hārâ	A	pregnant	sub		e.cd.ab	2030	a	515a
ddi	הָרָה	hārâ	V	conceive	main	הרה	e.cd.aa	2029		515
ddj	הֲרוֹרִי	hărôrî	Ag	Harorite			e.cd.af	2033		
ddk	הָרִיָּה	hārîyâ	A	pregnant	sub		e.cd.ad	2030	b	515b
ddl	הֵרָיוֹן	hērāyôn	N	conception	sub		e.cd.ae	2032		515c
ddm	הֲרִיסָה	hărîsâ	N	ruin	sub		e.ce.ac	2034		516b
ddn	הֲרִיסוּת	hărîsût	N	overthrow	sub		e.ce.ad	2035		516c
ddo	הָרֻם	hārum	Np	Harum			e.cd.ah	2037		
ddp	הֹרָם	hōrām	Np	Horam			e.cd.ag	2036		
ddq	הַרְמוֹן	harmôn	N	Harmon			e.cd.aj	2038		
ddr	הָרָן	hārān	Np	Haran			e.cd.al	2039		
dds	הֶ֫רֶס	heres	N	overthrow	sub		e.ce.ab	2041		516a
ddt	הָרַס	hāras	V	throw down	main	הרס	e.ce.aa	2040		516
ddu	הָרָר	hārār	N	mountain	sub		e.cf.ab	2042		517a
ddv	הרר	hrr			main	הרר	e.cf.aa			517
ddw	הֲרָרִי	hărārî	Ag	Hararite			e.cf.ad	2043		
ddx	הָשֵׁם	hāšēm	Np	Hashem			e.cf.ae	2044		
ddy	הַשְׁמָעוּת	hašmāʿût	N	a causing to hear	sub		v.ed.ax	2045		2412e
ddz	הִתּוּךְ	hittûk	N	a melting	sub		n.gf.ab	2046		1442a
dea	הֲתָךְ	hătāk	Np	Hatach			e.cf.aj	2047		
deb	הָתַל	hātal	V	deceive	main	התל	e.cg.aa	2048	a	518
dec	הֲתֻלִֿים	hătulîm	N	mockery	sub		e.cg.ab	2049		518a
ded	התת	htt			main	התת	e.ch.aa			
dee	הַ	ha	Td	the	main		e.ab.aa	d		459
def	הַ	ha			sub		e.ab.aa			459
deg	ו	w			main		f.aa.aa			
deh	וְ	wĕ	C	and	main		f.ab.aa	c		519
dei	וְ	wĕ			sub		f.ab.aa			519
dej	וְדָן	wĕdān	Np	Dan also			f.ab.ab	2051		
dek	וָהֵב	wāhēb	Np	what he did			f.ab.ac	2052		
del	וָו	wāw	N	hook	single		f.ab.ad	2053		520
dem	וָזָר	wāzār	A	criminal	sub		f.ac.ab	2054		521
den	וזר	wzr			main	וזר	f.ac.aa			
deo	וַיְזָתָא	wayzātāʾ	Np	Vajezatha			f.ac.ac	2055		
dep	וָלָד	wālād	N	offspring	sub		j.bn.ab	2056		867a
deq	וַנְיָה	wanyâ	Np	Vaniah			f.ac.ae	2057		
der	וׇפְסִי	wopsî	Np	Vophsi			f.ac.af	2058		
des	ושׁם	wšm								
det	וַשְׁנִי	wašnî	Np	Vashni			f.ac.ag	2059		
deu	וַשְׁתִּי	waštî	Np	Vashti			f.ac.ah	2060		
dev	ז	z			main		g.aa.aa			
dew	זְאֵב	zĕʾēb	N	wolf	sub		g.ab.ab	2061		522
dex	זְאֵב	zĕʾēb	Np	Zeeb			g.ab.ac	2062		
dey	זאב	zʾb			main	זאב	g.ab.aa			
dez	זֹאת	zōʾt	Pd	this	main		g.ah.aa	2063		528
dfa	זבב	zbb			main	זבב	g.ac.aa			523
dfb	זֶ֫בֶד	zebed	N	endowment	sub		g.ad.ab	2065		524a
dfc	זָבַד	zābad	V	bestow upon	main	זבד	g.ad.aa	2064		524
dfd	זָבָד	zābād	Np	Zabad			g.ad.ac	2066		
dfe	זַבְדִּי	zabdî	Np	Zabdi			g.ad.ag	2067		
dff	זַבְדִּיאֵל	zabdîʾēl	Np	Zabdiel			g.ad.ah	2068		
dfg	זְבַדְיָהוּ	zĕbadyāhû	Np	Zebadiah			g.ad.ai	2069		
dfh	זְבוּב	zĕbûb	N	fly	sub		g.ac.ab	2070		523a
dfi	זָבוּד	zābûd	Np	Zabud			g.ad.ad	2071		
dfj	זבוד	zbwd	Np	Zabbud			g.ad.ae	2072		
dfk	זְבוּדָה	zĕbûdâ	Np	Zebudah			g.ad.af	2080		
dfl	זְבוּלֻן	zĕbûlun	Np	Zebulun	sub		g.af.ad	2074		526b
dfm	זְבוּלֹנִי	zĕbûlōnî	A	the Zebulonites			g.af.ae	2075		
dfn	זֶ֫בַח	zebaḥ	Np	Zebah			g.ae.ac	2078		
dfo	זֶ֫בַח	zebaḥ	N	sacrifice	sub		g.ae.ab	2077		525a
dfp	זָבַח	zābaḥ	V	slaughter for sacrifice	main	זבח	g.ae.aa	2076		525
dfq	זַבַּי	zabbay	Np	Zabbai			g.ac.ac	2079		
dfr	זְבִינָא	zĕbînāʾ	Np	Zebina			g.ae.af	2081		
dfs	זְבֻל	zĕbul	Np	Zebul. Compare			g.af.ac	2083		
dft	זְבֻל	zĕbul	N	elevation	sub		g.af.ab	2073		526a
dfu	זָבַל	zābal	V	exalt	main	זבל	g.af.aa	2082		526
dfv	זָג	zāg	N	skin of a grape	sub		g.ag.ab	2085		527a
dfw	זֵד	zēd	A	insolent	sub		g.be.ab	2086		547a
dfx	זָדוֹן	zādôn	N	insolence	sub		g.be.ac	2087		547b
dfy	זֶה	zeh	Pd	this	sub		g.ah.aa	2088		528
dfz	זֶה	zeh	N	one of a flock	single		u.ak.af	2089		2237
dga	זֹה	zōh	Pd	this	main		g.ai.aa	2090		
dgb	זָהָב	zāhāb	N	gold	sub		g.al.ab	2091		529a
dgc	זהב	zhb			main	זהב	g.al.aa			529
dgd	זָ֑הַם	zāham	Np	Zaham			g.am.ab	2093		
dge	זָהַם	zāham	V	be foul	main	זהם	g.am.aa	2092		530
dgf	זָהַר	zāhar	V	be light	main	זהר	g.an.aa	2094	a	531
dgg	זָהַר	zāhar	V	enlighten	main	זהר	g.ao.aa	2094	b	532
dgh	זֹ֫הַר	zōhar	N	shining	sub		g.an.ab	2096		531a
dgi	זִו	ziw	Np	Zif	single		g.ao.ab	2099		533
dgj	זוֹ	zô	Pd	this	main		g.aj.aa	2097		528
dgk	זוֹ	zô			main		g.ap.aa			
dgl	זוּ	zû	P	this	main		g.ak.aa	2098		528
dgm	זוֹב	zôb	N	issue	sub		g.aq.ab	2101		534a
dgn	זוּב	zûb	V	flow	main	זוב	g.aq.aa	2100		534
dgo	זוג	zwg			main	זוג	g.ag.aa			527
dgp	זוה	zwh			main	זוה	g.ar.aa			534.1
dgq	זוז	zwz			main	זוז	g.as.aa			535
dgr	זוז	zwz			main	זוז	g.at.aa			536
dgs	זוּזִים	zûzîm	Np	Zuzims			g.at.ac	2104		
dgt	זוֹחֵת	zôḥēt	Np	Zoheth			g.at.ad	2105		
dgu	זָוִית	zāwît	N	corner	sub		g.ar.ab	2106		534.1a
dgv	זוּל	zûl	V	lavish	main	זול	g.av.aa	2107		538
dgw	זול	zwl			main	זול	g.au.aa			537
dgx	זוּלָה	zûlâ	N	removal	sub		g.au.ab	2108		537a
dgy	זוּן	zûn	V	feed	main	זון	g.aw.aa	2109	a	539
dgz	זוּעַ	zûaʿ	V	tremble	main	זוע	g.ax.aa	2111		540
dha	זְוָעָה	zĕwāʿâ	N	a trembling	sub		g.ax.ab	2113		540a
dhb	זוּר	zûr	V	press down and out	main	זור	g.ba.aa	2115		543
dhc	זוּר	zûr	V	be a stranger	main	זור	g.ay.aa	2114	a	541
dhd	זוּר	zûr	V	be loathsome	main	זור	g.az.aa	2114	b	542
dhe	זוּרֶה	zûreh	V	press down and out	sub		g.ba.aa	2116		543
dhf	זָזָא	zāzāʾ	Np	Zaza			g.as.ae	2117		
dhg	זָחַח	zāḥaḥ	V	remove	main	זחח	g.bb.aa	2118		544
dhh	זָחַל	zāḥal	V	fear	main	זחל	g.bd.aa	2119	b	546
dhi	זָחַל	zāḥal	V	shrink back	main	זחל	g.bc.aa	2119	a	545
dhj	זֹחֶ֫לֶת	zōḥelet	N	crawling thing			g.bc.ab	2120		
dhk	זִיד	zîd	V	boil up	main	זיד	g.be.aa	2102		547
dhl	זֵידוֹן	zêdôn	A	insolent	sub		g.be.ad	2121		547c
dhm	זִיז	zîz	N	moving things	sub		g.as.ab	2123	a	535a
dhn	זִיז	zîz	N	abundance	sub		g.at.ab	2123	b	536a
dho	זִיזָא	zîzāʾ	Np	Ziza			g.as.ac	2124		
dhp	זִיזָה	zîzâ	Np	Zizah			g.as.ad	2125		
dhq	זִינָא	zînāʾ	Np	Zina			g.as.ad	2126		
dhr	זִיעַ	zîaʿ	Np	Zia			g.ax.ac	2127		
dhs	זִיף	zîp	Np	Ziph			g.be.aj	2128		
dht	זִיפָה	zîpâ	Np	Ziphah			g.be.al	2129		
dhu	זִיפִי	zîpî	Ag	Ziphim			g.be.ak	2130		
dhv	זַ֫יִת	zayit	N	olive-tree	single		g.be.ao	2132		548
dhw	זֵיתָן	zêtān	Np	Zethan			g.be.ap	2133		
dhx	זַךְ	zak	A	pure	sub		g.bg.ab	2134		550a
dhy	זָכָה	zākâ	V	be clear	main	זכה	g.bf.aa	2135		549
dhz	זְכוּכִית	zĕkûkît	N	glass	sub		g.bg.ac	2137		550b
dia	זַכּוּר	zakkûr	Np	Zaccur			g.bh.ah	2139		
dib	זָכוּר	zākûr	N	male	sub		g.bh.af	2138		551f
dic	זַכַּי	zakkay	Np	Zaccai			g.bg.ad	2140		
did	זָכַךְ	zākak	V	be bright	main	זכך	g.bg.aa	2141		550
die	זֵ֫כֶר	zēker	N	remembrance	sub		g.bh.ad	2143		551a
dif	זֶ֫כֶר	zeker	Np	Zeker			g.bh.ab	2144		
dig	זָכַר	zākar	V	remember	main	זכר	g.bh.aa	2142		551
dih	זָכָר	zākār	N	male	sub		g.bh.ae	2145		551e
dii	זִכָּרוֹן	zikkārôn	N	memorial	sub		g.bh.ai	2146		551b
dij	זִכְרִי	zikrî	Np	Zichri			g.bh.ag	2147		
dik	זְכַרְיָהוּ	zĕkaryāhû	Np	Zachariah	sub		g.bh.aj	2148	a	551c
dil	זלא	zlʾ			main	זלא	g.bi.aa			
dim	זלג	zlg			main	זלג	g.bj.aa			552
din	זֻלּוּת	zullût	N	worthlessness	sub		g.bl.ab	2149		554a
dio	זַלְזַל	zalzal	N	tendrils	sub		g.bk.ab	2150		553a
dip	זָלַל	zālal	V	shake	main	זלל	g.bk.aa	2151	a	553
diq	זָלַל	zālal	V	be light	main	זלל	g.bl.aa	2151	b	554
dir	זלעף	zlʿp			main	זלעף	g.bm.aa			555
dis	זַלְעָפָה	zalʿāpâ	N	raging heat	sub		g.bm.ab	2152		555a
dit	זלף	zlp			main	זלף	g.bn.aa			
diu	זִלְפָּה	zilpâ	Np	Zilpah			g.bn.ab	2153		
div	זִמָּה	zimmâ	Np	Zimmah			g.bo.ad	2155		
diw	זִמָּה	zimmâ	N	plan	sub		g.bo.ac	2154		556b
dix	זְמוֹרָה	zĕmôrâ	N	branch	sub		g.br.ac	2156		559b
diy	זַמְזֻמִּים	zamzummîm	Np	Zamzummim			g.bo.af	2157		
diz	זָמִיר	zāmîr	N	song	sub		g.bq.ad	2158		558b
dja	זָמִיר	zāmîr	N	trimming	sub		g.br.ab	2159		559a
djb	זְמִירָה	zĕmîrâ	Np	Zemira			g.bs.ag	2160		
djc	זָמַם	zāmam	V	consider	main	זמם	g.bo.aa	2161		556
djd	זָמָם	zāmām	N	plan	sub		g.bo.ab	2162		556a
dje	זְמָ֑ן	zĕmān	N	appointed time	sub		g.bp.ab	2165		557a
djf	זָמַן	zāman	V	be fixed	main	זמן	g.bp.aa	2163		557
djg	זֶ֫מֶר	zemer	N	mountain-sheep	sub		g.bs.ac	2169		560b
djh	זָמַר	zāmar	V	trim	main	זמר	g.br.aa	2168		559
dji	זָמַר	zāmar	V	make music	main	זמר	g.bq.aa	2167		558
djj	זמר	zmr			main	זמר	g.bs.aa			560
djk	זִמְרָה	zimrâ	N	choice products	sub		g.bs.ab	2173		560a
djl	זִמְרָה	zimrâ	N	melody	sub		g.bq.ab	2172		558a
djm	זִמְרִי	zimrî	Np	Zimri			g.bs.ad	2174	a	
djn	זִמְרִי	zimrî	Np	Zimri			g.bs.ae	2174	b	
djo	זִמְרָן	zimrān	Np	Zimran			g.bs.af	2175		
djp	זִמְרָת	zimrāt	N	melody	sub		g.bq.ab	2176		558a
djq	זַן	zan	N	kind	single		g.bs.ah	2177		561
djr	זָנַב	zānab	V	cut off	sub		g.bt.ac	2179		562
djs	זָנָב	zānāb	N	tail	sub		g.bt.ab	2180		562a
djt	זנב	znb			main	זנב	g.bt.aa			
dju	זָנָה	zānâ	V	commit fornication	main	זנה	g.bu.aa	2181		563
djv	זָנוֹחַ	zānôaḥ	Np	Zanoah			g.bw.ab	2182		
djw	זְנוּנִים	zĕnûnîm	N	fornication	sub		g.bu.ab	2183		563a
djx	זְנוּת	zĕnût	N	fornication	sub		g.bu.ac	2184		563b
djy	זֹנוֹת	zōnôt	N	commit fornication	sub		g.bu.aa	2185		563
djz	זָנַח	zānaḥ	V	reject	main	זנח	g.bv.aa	2186	a	564
dka	זָנַח	zānaḥ	V	stink	main	זנח	g.bw.aa	2186	b	565
dkb	זָנַק	zānaq	V	leap	main	זנק	g.bx.aa	2187		566
dkc	זֵעָה	zēʿâ	N	sweat	sub		j.bd.ac	2188		857b
dkd	זַעֲוָה	zaʿăwâ	N	a trembling	sub		g.ax.ab	2189		540a
dke	זַעֲוָן	zaʿăwān	Np	Zaavan			g.bx.ad	2190		
dkf	זְעֵיר	zĕʿêr	N	a little	sub		g.cc.ab	2191		571a
dkg	זָעַךְ	zāʿak	V	extinguish	main	זעך	g.by.aa	2193		567
dkh	זַ֫עַם	zaʿam	N	indignation	sub		g.bz.ab	2195		568a
dki	זָעַם	zāʿam	V	be indignant	main	זעם	g.bz.aa	2194		568
dkj	זַ֫עַף	zaʿap	N	storming	sub		g.ca.ab	2197		569a
dkk	זָעֵף	zāʿēp	A	out of humour	sub		g.ca.ac	2198		569b
dkl	זָעַף	zāʿap	V	be out of humour	main	זעף	g.ca.aa	2196		569
dkm	זָעַק	zāʿaq	V	cry	main	זעק	g.cb.aa	2199		570
dkn	זְעָקָה	zĕʿāqâ	N	cry	sub		g.cb.ab	2201		570a
dko	זער	zʿr			main	זער	g.cc.aa			571
dkp	זִפְרֹן	ziprōn	Np	Ziphron			g.cc.ad	2202		
dkq	זֶ֫פֶת	zepet	N	pitch	single		g.cc.ae	2203		572
dkr	זֵק	zēq	N	fetter	sub		g.cg.ab	2131	b	577a
dks	זֵק	zēq	N	missile	single		g.cc.af	2131	a	573
dkt	זָקֵן	zāqēn	A	old	sub		g.cd.ad	2205		574b
dku	זָקֵן	zāqēn	V	be old	sub		g.cd.ac	2204		574
dkv	זָקָן	zāqān	N	chin	sub		g.cd.ab	2206		574a
dkw	זֹ֫קֶן	zōqen	N	old age	sub		g.cd.ae	2207		574c
dkx	זקן	zqn			main	זקן	g.cd.aa			
dky	זִקְנָה	ziqnâ	N	old age	sub		g.cd.af	2209		574d
dkz	זְקֻנִים	zĕqunîm	N	old age	sub		g.cd.ag	2208		574e
dla	זָקַף	zāqap	V	raise up	main	זקף	g.ce.aa	2210		575
dlb	זָקַק	zāqaq	V	refine	main	זקק	g.cf.aa	2212		576
dlc	זקק	zqq			main	זקק	g.cg.aa			577
dld	זֵר	zēr	N	circlet	sub		g.ba.ab	2213		543a
dle	זָרָא	zārāʾ	N	loathsome thing	sub		g.az.ab	2214		542a
dlf	זָרַב	zārab	V	be burnt	main	זרב	g.ch.aa	2215		578
dlg	זְרֻבָּבֶ֫ל	zĕrubbābel	Np	Zerubbabel	sub		g.ch.ab	2216		578a
dlh	זֶ֫רֶד	zered	Np	Zared			g.ch.ac	2218		
dli	זָרָה	zārâ	V	scatter	main	זרה	g.ci.aa	2219		579
dlj	זְרוֹעַ	zĕrôaʿ	N	arm	sub		g.cm.ab	2220		583a
dlk	זֵרוּעַ	zērûaʿ	N	sowing	sub		g.cl.ac	2221		582b
dll	זַרְזִיף	zarzîp	N	drop	sub		g.cn.ab	2222	b	584a
dlm	זַרְזִיר	zarzîr	N	girded	sub		g.ba.ac	2223		543b
dln	זֶ֫רַח	zeraḥ	Np	Zarah			g.cj.ac	2226		
dlo	זֶ֫רַח	zeraḥ	N	dawning	sub		g.cj.ab	2225		580a
dlp	זָרַח	zāraḥ	V	rise	main	זרח	g.cj.aa	2224		580
dlq	זַרְחִי	zarḥî	Ag	Zarchite			g.cj.ad	2227		
dlr	זְרַחְיָה	zĕraḥyâ	Np	Zerahiah			g.cj.ae	2228		
dls	זֶ֫רֶם	zerem	N	flood of rain	sub		g.ck.ab	2230		581a
dlt	זָרַם	zāram	V	pour forth in floods	main	זרם	g.ck.aa	2229		581
dlu	זִרְמָה	zirmâ	N	issue	sub		g.ck.ac	2231		581b
dlv	זֵרֹעַ	zērōaʿ	N	vegetable	sub		g.cl.ad	2235	a	582c
dlw	זֶ֫רַע	zeraʿ	N	sowing	sub		g.cl.ab	2233		582a
dlx	זָרַע	zāraʿ	V	sow	main	זרע	g.cl.aa	2232		582
dly	זרע	zrʿ			main	זרע	g.cm.aa			583
dlz	זֵֽרְעֹן	zērĕʿōn	N	sown	sub		g.cl.ae	2235	b	582d
dma	זָרַף	zārap	V	drip	main	זרף	g.cn.aa	2222	a	584
dmb	זָרַק	zāraq	V	to toss	main	זרק	g.co.aa	2236		585
dmc	זָרַר	zārar	V	sneeze	main	זרר	g.cp.aa	2237		586
dmd	זֶ֫רֶשׁ	zereš	Np	Zeresh			g.cp.ab	2238		
dme	זֶ֫רֶת	zeret	N	span	single		g.cp.ac	2239		587
dmf	זַתּוּא	zattûʾ	Np	Zattu			g.cp.ad	2240		
dmg	זֵתָם	zētām	Np	Zetham			g.cp.ae	2241		
dmh	זֵתַר	zētar	Np	Zethar			g.cp.af	2242		
dmi	ח	ḥ			main		h.aa.aa			
dmj	חֹב	ḥōb	N	bosom	sub		h.ac.ab	2243		589a
dmk	חָבָא	ḥābāʾ	V	withdraw	main	חבא	h.ab.aa	2244		588
dml	חָבַב	ḥābab	V	love	main	חבב	h.ac.aa	2245		589
dmm	חֹבָב	ḥōbāb	Np	Hobab			h.ac.ac	2246		
dmn	חָבָה	ḥābâ	V	withdraw	main	חבה	h.ad.aa	2247		590
dmo	חֻבָּה	ḥubbâ	Np	Jehubbah			h.ac.ad	3160		
dmp	חָבוֹר	ḥābôr	Np	Habor			h.ai.aq	2249		
dmq	חַבּוּרָה	ḥabbûrâ	N	stripe	sub		h.ai.aj	2250		598g
dmr	חָבַט	ḥābaṭ	V	beat off	main	חבט	h.ae.aa	2251		591
dms	חֲבַיָה	ḥăbayâ	Np	Habaiah			h.ad.ac	2252		
dmt	חֶבְיוֹן	ḥebyôn	N	hiding	sub		h.ad.ab	2253		590a
dmu	חֲבֹל	ḥăbōl	N	pledge	sub		h.af.ad	2258	a	593a
dmv	חִבֵּל	ḥibbēl	N	mast	sub		h.af.af	2260		592d
dmw	חֵ֫בֶל	ḥēbel	N	pain	sub		h.af.ac	2256	b	595a
dmx	חֶ֫בֶל	ḥebel	N	cord	sub		h.af.ab	2256	a	592b
dmy	חֶ֫בֶל	ḥebel	N	destruction	sub		h.ag.ab	2256	d	594a
dmz	חָבַל	ḥābal	V	act (ruinously) corruptly	main	חבל	h.ag.aa	2254	b	594
dna	חָבַל	ḥābal	V	travail	main	חבל	h.af.aa	2254	c	595
dnb	חָבַל	ḥābal	V	bind	sub		h.af.aa	2254	a	593
dnc	חֹבֵל	ḥōbēl	N	sailor	sub		h.af.ag	2259		592c
dnd	חבל	ḥbl								592
dne	חבל	ḥbl								596
dnf	חֲבֹלָה	ḥăbōlâ	N	pledge	sub		h.af.ae	2258	b	593a
dng	חֹבְלִים	ḥōbĕlîm	N	union	sub		h.af.ah	2256	c	592a
dnh	חֲבַצֶּלֶת	ḥăbaṣṣelet	N	meadow-saffron	single		h.ag.ac	2261		596.1
dni	חֲבַצִּנְיָה	ḥăbaṣṣinyâ	Np	Habazaniah			h.ag.ad	2262		
dnj	חִבֻּק	ḥibbuq	N	a clasping	sub		h.ah.ab	2264		597a
dnk	חָבַק	ḥābaq	V	clasp	main	חבק	h.ah.aa	2263		597
dnl	חֲבַקּוּק	ḥăbaqqûq	Np	Habakkuk			h.ah.ac	2265		
dnm	חֶ֫בֶר	ḥeber	Np	Heber			h.ai.ac	2268		
dnn	חֶ֫בֶר	ḥeber	N	company	sub		h.ai.ab	2267		598a
dno	חַבָּר	ḥabbār	N	associate	sub		h.ai.ai	2271		598f
dnp	חָבֵר	ḥābēr	N	united	sub		h.ai.af	2270		598c
dnq	חָבַר	ḥābar	V	unite	main	חבר	h.ai.aa	2266		598
dnr	חֲבַרְבֻּרָה	ḥăbarburâ	N	stripe	sub		h.ai.ak	2272		598h
dns	חֶבְרָה	ḥebrâ	N	association	sub		h.ai.ae	2274		598b
dnt	חֶבְרוֹן	ḥebrôn	Np	Hebron	sub		h.ai.am	2275	b	598i
dnu	חֶבְרוֹן	ḥebrôn	Np	Hebron	sub		h.ai.al	2275	a	598i
dnv	חֶבְרוֹנִי	ḥebrônî	Ag	Hebronites			h.ai.an	2276		
dnw	חֶבְרִי	ḥebrî	Ag	Heberites			h.ai.ad	2277		
dnx	חֲבֶ֫רֶת	ḥăberet	N	consort	sub		h.ai.ag	2278		598d
dny	חֹבֶ֫רֶת	ḥōberet	N	a thing that joins	sub		h.ai.ah	2279		598e
dnz	חָבַשׁ	ḥābaš	V	bind	main	חבשׁ	h.aj.aa	2280		599
doa	חבת	ḥbt			main	חבת	h.ak.aa			600
dob	חֲבִתִּים	ḥăbittîm	N	flat cakes	sub		h.ak.ab	2281		600a
doc	חַג	ḥag	N	festival-gathering	sub		h.am.ab	2282		602a
dod	חָגָּא	ḥāggāʾ	N	reeling	sub		h.am.ac	2283		602b
doe	חָגָב	ḥāgāb	N	locust	sub		h.al.ab	2284		601a
dof	חָגָב	ḥāgāb	Np	Hagab			h.al.ac	2285		
dog	חגב	ḥgb			main	חגב	h.al.aa			601
doh	חֲגָבָא	ḥăgābāʾ	Np	Hagaba			h.al.ad	2286	a	
doi	חֲגָבָה	ḥăgābâ	Np	Hagaba			h.al.ae	2286	b	
doj	חָגַג	ḥāgag	V	make a pilgrimage	main	חגג	h.am.aa	2287		602
dok	חגה	ḥgh			main	חגה	h.an.aa			603
dol	חֲגָוִים	ḥăgāwîm	N	places of concealment	sub		h.an.ab	2288		603a
dom	חֲגוֹר	ḥăgôr	N	belt	sub		h.ap.ab	2290	a	604a
don	חָגוֹר	ḥāgôr	N	girt	sub		h.ap.ac	2289		604b
doo	חֲגוֹרָה	ḥăgôrâ	N	girdle	sub		h.ap.ad	2290	b	604c
dop	חַגִּי	ḥaggî	Np	Haggi			h.am.ae	2291		
doq	חַגַּי	ḥaggay	Np	Haggai			h.am.ad	2292	a	
dor	חַגִּיָּה	ḥaggîyâ	Np	Haggiah			h.am.af	2293		
dos	חַגִּית	ḥaggît	Np	Haggith			h.am.ag	2294		
dot	חגל	ḥgl			main	חגל	h.ao.aa			
dou	חׇגְלָה	ḥoglâ	Np	Hoglah. See also			h.ao.ab	2295		
dov	חָגַר	ḥāgar	V	gird	main	חגר	h.ap.aa	2296		604
dow	חַד	ḥad	A	sharp	sub		h.aq.ab	2299		605a
dox	חַד	ḥad	A	one	sub		a.cj.ac	2297		61
doy	חֲדַד	ḥădad	Np	Hadad			h.aq.ae	2301		
doz	חָדַד	ḥādad	V	be sharp	main	חדד	h.aq.aa	2300	a	605
dpa	חָדַה	ḥādah	V	be sharp	main	חדה	h.ar.aa	2300	b	606
dpb	חָדָה	ḥādâ	V	rejoice	main	חדה	h.as.aa	2302		607
dpc	חַדּוּד	ḥaddûd	A	sharpened	sub		h.aq.ad	2303		605b
dpd	חֶדְוָה	ḥedwâ	N	joy	sub		h.as.ab	2304		607a
dpe	חָדִיד	ḥādîd	Np	Hadid			h.aq.af	2307		
dpf	חֶ֫דֶל	ḥedel	N	cessation	sub		h.at.ac	2309		609a
dpg	חָדֵל	ḥādēl	A	forbearing	sub		h.at.ab	2310		609b
dph	חָדַל	ḥādal	V	cease	main	חדל	h.at.aa	2308		609
dpi	חַדְלָ֑י	ḥadlāy	Np	Hadlai			h.at.ad	2311		
dpj	חֵ֫דֶק	ḥēdeq	N	brier	sub		h.au.ab	2312		611a
dpk	חדק	ḥdq			main	חדק	h.au.aa			611
dpl	חִדֶּ֫קֶל	ḥiddeqel	Np	Hiddekel			h.au.ac	2313		
dpm	חֲדַר	ḥădar	Np	Hadar			h.aq.ae	2316		
dpn	חֶ֫דֶר	ḥeder	N	chamber	sub		h.av.ab	2315		612a
dpo	חָדַר	ḥādar	V	surround	main	חדר	h.av.aa	2314		612
dpp	חַדְרָ֔ךְ	ḥadrāk	Np	Hadrach			h.av.ac	2317		
dpq	חָדַשׁ	ḥādaš	V	renew	main	חדשׁ	h.aw.aa	2318		613
dpr	חָדָשׁ	ḥādāš	A	new	sub		h.aw.ab	2319		613a
dps	חֹ֫דֶשׁ	ḥōdeš	N	newness	sub		h.aw.ac	2320		613b
dpt	חֹ֫דֶשׁ	ḥōdeš	Np	Hodesh			h.aw.ad	2321		
dpu	חֲדָשָׁה	ḥădāšâ	Np	Hadashah			h.aw.ae	2322		
dpv	חוֹב	ḥôb	N	debt	sub		h.ax.ab	2326		614a
dpw	חוּב	ḥûb	V	be guilty	main	חוב	h.ax.aa	2325		614
dpx	חוֹבָה	ḥôbâ	Np	Hobah			h.ax.ac	2327		
dpy	חוּג	ḥûg	V	draw round	main	חוג	h.ay.aa	2328		615
dpz	חוּג	ḥûg	N	vault	sub		h.ay.ab	2329		615a
dqa	חוּד	ḥûd	V	propound a riddle	sub		h.az.ac	2330		616
dqb	חוד	ḥwd			main	חוד	h.az.aa			
dqc	חַוָּה	ḥawwâ	N	tent-village	sub		h.bb.ab	2333		617a
dqd	חַוָּה	ḥawwâ	Np	Eve			h.ba.ab	2332		
dqe	חָוָה	ḥāwâ	V	tell	main	חוה	h.bc.aa	2331		618
dqf	חוה	ḥwh			main	חוה	h.ba.aa			
dqg	חוה	ḥwh			main	חוה	h.bb.aa			617
dqh	חַוּוֹת יָעִיר	ḥawwôt yāʿîr	Np	(Bashan-) Havoth-jair			h.bb.ab	2334		
dqi	חוֹזַי	ḥôzay	N	seer	sub		h.bp.ac	2335		
dqj	חָוָח	ḥāwāḥ	N	brier	sub		h.bd.ab	2337		620a
dqk	חוֹחַ	ḥôaḥ	N	brier	sub		h.bd.ab	2336		620a
dql	חוח	ḥwḥ			main	חוח	h.bd.aa			620
dqm	חוּט	ḥûṭ	N	thread	sub		h.be.ab	2339		621a
dqn	חוט	ḥwṭ			main	חוט	h.be.aa			621
dqo	חִוִּי	ḥiwwî	Ag	Hivite			h.bb.ac	2340		
dqp	חֲוִילָה	ḥăwîlâ	Np	Havilah	single		h.be.ad	2341		622
dqq	חוֹל	ḥôl	N	sand	sub		h.bf.ab	2344		623a
dqr	חוּל	ḥûl	V	whirl	main	חול	h.bf.aa	2342	a	623
dqs	חוּל	ḥûl	Np	Hul			h.bg.ac	2343		
dqt	חוּם	ḥûm	A	darkened	sub		h.bh.ab	2345		625a
dqu	חום	ḥwm			main	חום	h.bh.aa			625
dqv	חוֹמָה	ḥômâ	N	wall	sub		h.df.ad	2346		674c
dqw	חוּס	ḥûs	V	pity	main	חוס	h.bh.ad	2347		626
dqx	חוֹף	ḥôp	N	shore	sub		h.eo.ab	2348		710a
dqy	חוּפָם	ḥûpām	Np	Hupham			h.bh.af	2349		
dqz	חוּפָמִי	ḥûpāmî	Ag	Huphamites			h.bh.ag	2350		
dra	חוּץ	ḥûṣ	N	the outside	sub		h.bi.ab	2351		627a
drb	חוץ	ḥwṣ			main	חוץ	h.bi.aa			627
drc	חוץ	ḥwṣ			main	חוץ	h.bj.aa			628
drd	חוק	ḥwq			main	חוק	h.bk.aa			629
dre	חוּקֹק	ḥûqōq	Np	Hukkok			h.ff.ae	2712	b	
drf	חָוַר	ḥāwar	V	be white	main	חור	h.bl.aa	2357		630
drg	חוּר	ḥûr	Np	Hur			h.bl.ae	2354		
drh	חוּר	ḥûr	N	white stuff	sub		h.bl.ab	2353		630a
dri	חור	ḥwr			main	חור	h.bm.aa			
drj	חוֹרָ֑י	ḥôrāy	N	white stuff	sub		h.bl.ac	2355		630b
drk	חוּרִי	ḥûrî	Np	Huri			h.bl.ah	2359		
drl	חוּרַי	ḥûray	Np	Hurai			h.bl.ag	2360		
drm	חוּרָם	ḥûrām	Np	Huram. Compare			a.ck.ay	2361		
drn	חַוְרָן	ḥawrān	Np	Hauran			h.bm.ad	2362		
dro	חוּשׁ	ḥûš	V	feel	main	חושׁ	h.bo.aa	2363	b	632
drp	חוּשׁ	ḥûš	V	haste	main	חושׁ	h.bn.aa	2363	a	631
drq	חוּשָׁה	ḥûšâ	Np	Hushah			h.bo.ab	2364		
drr	חוּשַׁי	ḥûšay	Np	Hushai			h.bo.ad	2365		
drs	חוּשִׁים	ḥûšîm	Np	Hushim			h.bo.ae	2366	a	
drt	חוֹתָם	ḥôtām	Np	Hotham			h.hb.ac	2369		
dru	חָזֶה	ḥāzeh	N	breast	sub		h.bq.ab	2373		634a
drv	חָזָה	ḥāzâ	V	see	main	חזה	h.bp.aa	2372		633
drw	חֹזֶה	ḥōzeh	N	seer	sub		h.bp.ac	2374		633b
drx	חזה	ḥzh			main	חזה	h.bq.aa			634
dry	חֲזָהאֵל	ḥăzāhʾēl	Np	Hazael			h.bp.ai	2371		
drz	חֲזוֹ	ḥăzô	Np	Hazo			h.bq.ac	2375		
dsa	חָזוֹן	ḥāzôn	N	vision	sub		h.bp.ad	2377		633a
dsb	חָזוֹת	ḥāzôt	N	in the visions	sub		h.bp.ae	2378		633c
dsc	חָזוּת	ḥāzût	N	vision	sub		h.bp.af	2380		633d
dsd	חזז	ḥzz			main	חזז	h.br.aa			635
dse	חֲזִיאֵל	ḥăzîʾēl	Np	Haziel			h.bp.aj	2381		
dsf	חֲזָיָה	ḥăzāyâ	Np	Hazaiah			h.bp.ak	2382		
dsg	חִזָּיוֹן	ḥizzāyôn	N	vision	sub		h.bp.ag	2384		633e
dsh	חֶזְיוֹן	ḥezyôn	Np	Hezion			h.bp.ah	2383		
dsi	חֲזִיז	ḥăzîz	N	bolt	sub		h.br.ab	2385		635a
dsj	חֲזִיר	ḥăzîr	N	swine	sub		h.bt.ab	2386		637a
dsk	חֵזִיר	ḥēzîr	Np	Hezir			h.bt.ac	2387		
dsl	חֵ֫זֶק	ḥēzeq	N	strength	sub		h.bs.ad	2391		636b
dsm	חָזֵק	ḥāzēq	A	powerful	sub		h.bs.ac	2390		636a?
dsn	חָזַק	ḥāzaq	V	be firm	main	חזק	h.bs.aa	2388		636
dso	חָזָק	ḥāzāq	A	strong	sub		h.bs.ab	2389		636a
dsp	חֹ֫זֶק	ḥōzeq	N	strength	sub		h.bs.af	2392		636c
dsq	חֶזְקָה	ḥezqâ	N	strength	sub		h.bs.ae	2393		636b
dsr	חׇזְקָה	ḥozqâ	N	strength	sub		h.bs.ag	2394		636d
dss	חִזְקִי	ḥizqî	Np	Hezeki			h.bs.ah	2395		
dst	חִזְקִיָּהוּ	ḥizqîyāhû	Np	Hezekiah			h.bs.ai	2396		
dsu	חזר	ḥzr			main	חזר	h.bt.aa			637
dsv	חַח	ḥaḥ	N	hook	sub		h.bd.ac	2397		620b
dsw	חֵטְא	ḥēṭĕʾ	N	sin	sub		h.bu.ab	2399		638a
dsx	חַטָּא	ḥaṭṭāʾ	N	sinful	sub		h.bu.ac	2400		638b
dsy	חָטָא	ḥāṭāʾ	V	miss	main	חטא	h.bu.aa	2398		638
dsz	חֲטָאָה	ḥăṭāʾâ	N	sin	sub		h.bu.ae	2401		638d
dta	חַטָּאָה	ḥaṭṭāʾâ	N	sinful thing	sub		h.bu.ad	2403	a	638c
dtb	חַטָּאת	ḥaṭṭāʾt	N	sin	sub		h.bu.af	2403	b	638e
dtc	חָטַב	ḥāṭab	V	cut wood	main	חטב	h.bv.aa	2404		639
dtd	חטב	ḥṭb			main	חטב	h.bw.aa			640
dte	חֲטֻבוֹת	ḥăṭubôt	N	dark-hued	sub		h.bw.ab	2405		640a
dtf	חִטָּה	ḥiṭṭâ	N	wheat	sub		h.dw.ac	2406		691b
dtg	חַטּוּשׁ	ḥaṭṭûš	Np	Hattush	sub		h.cc.ab	2407		
dth	חטט	ḥṭṭ			main	חטט	h.bx.aa			
dti	חֲטִיטָא	ḥăṭîṭāʾ	Np	Hatita			h.bx.ab	2410		
dtj	חַטִּיל	ḥaṭṭîl	Np	Hattil			h.by.ab	2411		
dtk	חֲטִיפָא	ḥăṭîpāʾ	Np	Hatipha			h.ca.ab	2412		
dtl	חטל	ḥṭl			main	חטל	h.by.aa			
dtm	חָטַם	ḥāṭam	V	hold in	main	חטם	h.bz.aa	2413		641
dtn	חָטַף	ḥāṭap	V	catch	main	חטף	h.ca.aa	2414		642
dto	חֹטֵר	ḥōṭēr	N	branch	sub		h.cb.ab	2415		643a
dtp	חטר	ḥṭr			main	חטר	h.cb.aa			643
dtq	חטשׁ	ḥṭš			main	חטשׁ	h.cc.aa			
dtr	חַי	ḥay	N	kinsfolk	sub		h.cd.ac	2416	b	644b
dts	חַי	ḥay	A	alive	sub		h.cd.ab	2416	a	644a
dtt	חִיאֵל	ḥîʾēl	Np	Hiel			h.cd.aj	2419		
dtu	חִידָה	ḥîdâ	N	riddle	sub		h.az.ab	2420		616a
dtv	חַיָּה	ḥayyâ	N	living thing	sub		h.cd.ad	2416	c	644c
dtw	חַיָּה	ḥayyâ	N	community	sub		h.cd.ae	2416	d	644d
dtx	חָיֶה	ḥāyeh	A	having the vigour of life	sub		h.cd.af	2422		644e
dty	חָיָה	ḥāyâ	V	live	main	חיה	h.cd.aa	2421		644
dtz	חַיּוּת	ḥayyût	N	living widows	sub		h.cd.ah	2424		644g
dua	חָיַי	ḥāyay	V	live	sub		h.cd.aa	2425		644
dub	חַיִּים	ḥayyîm	N	life	sub		h.cd.ag	2416	e	644f
duc	חִיל	ḥîl	N	a writhing	sub		h.bf.ac	2427	a	623b
dud	חִיל	ḥîl	V	be firm	main	חול	h.bg.aa	2342	b	624
due	חַ֫יִל	ḥayil	N	strength	sub		h.bg.ab	2428		624a
duf	חִילָה	ḥîlâ	N	anguish	sub		h.bf.ad	2427	b	623c
dug	חֵילָה	ḥêlâ	N	rampart	sub		h.bf.ae	2430		623e
duh	חֵילָם	ḥêlām	Np	Helam			h.bf.ag	2431		
dui	חִילֵן	ḥîlēn	Np	Hilen			h.bf.ah	2432		
duj	חִין	ḥîn	N	grace	sub		h.dz.ae	2433		694c
duk	חַ֫יִץ	ḥayiṣ	N	party-wall	sub		h.bj.ab	2434		628a
dul	חִיצוֹן	ḥîṣôn	A	outer	sub		h.bi.ac	2435		627b
dum	חֵיק	ḥêq	N	bosom	sub		h.bk.ac	2436		629a
dun	חִירָה	ḥîrâ	Np	Hirah			h.bl.ai	2437		
duo	חִירָם	ḥîrām	Np	Hiram			a.ck.ay	2438		
dup	חִישׁ	ḥîš	D	quickly	sub		h.bn.ab	2440		631a
duq	חִישׁ	ḥîš	V	haste	sub		h.bn.aa	2439		631
dur	חֵךְ	ḥēk	N	palate	sub		h.dx.ab	2441		692a
dus	חַכָּה	ḥakkâ	N	hook	sub		h.dy.af	2443		693c
dut	חָכָה	ḥākâ	V	wait	main	חכה	h.ce.aa	2442		645
duu	חֲכִילָה	ḥăkîlâ	Np	Hachilah			h.cf.ab	2444		
duv	חכל	ḥkl			main	חכל	h.cf.aa			646
duw	חֲכַלְיָה	ḥăkalyâ	Np	Hachaliah			h.cf.ae	2446		
dux	חַכְלִילִי	ḥaklîlî	A	dark	sub		h.cf.ac	2447		646a
duy	חַכְלִלוּת	ḥaklilût	N	dulness	sub		h.cf.ad	2448		646b
duz	חָכַם	ḥākam	V	be wise	main	חכם	h.cg.aa	2449		647
dva	חָכָם	ḥākām	A	wise	sub		h.cg.ab	2450		647b
dvb	חׇכְמָה	ḥokmâ	N	wisdom	sub		h.cg.ac	2451		647a
dvc	חַכְמוֹנִי	ḥakmônî	Np	Hachmoni			h.cg.ad	2453		
dvd	חׇכְמוֹת	ḥokmôt	N	wisdom	sub		h.cg.ac	2454		647a
dve	חֵל	ḥēl	N	rampart	sub		h.bf.ae	2426		623d
dvf	חֹל	ḥōl	N	profaneness	sub		h.ct.ab	2455		661a
dvg	חָלָא	ḥālāʾ	V	be sick	main	חלא	h.ch.aa	2456		648
dvh	חלא	ḥlʾ			main	חלא	h.ci.aa			649
dvi	חֶלְאָה	ḥelʾâ	N	rust	sub		h.ci.ab	2457		649a
dvj	חֶלְאָה	ḥelʾâ	Np	Helah			h.ci.ac	2458		
dvk	חֵ֫לֶב	ḥēleb	Np	Heleb			h.ck.ac	2460		
dvl	חֵ֫לֶב	ḥēleb	N	fat	sub		h.ck.ab	2459		651a
dvm	חָלָב	ḥālāb	N	milk	sub		h.cj.ab	2461		650a
dvn	חלב	ḥlb			main	חלב	h.cj.aa			650
dvo	חלב	ḥlb			main	חלב	h.ck.aa			651
dvp	חֶלְבָּה	ḥelbâ	Np	Helbah			h.ck.ad	2462		
dvq	חֶלְבּוֹן	ḥelbôn	Np	Helbah			h.ck.ae	2463		
dvr	חֶלְבְּנָה	ḥelbĕnâ	N	galbanam	single		h.ck.af	2464		652
dvs	חֵ֫לֶד	ḥēled	Np	Heled			h.cm.ab	2466		
dvt	חֶ֫לֶד	ḥeled	N	duration	sub		h.cl.ab	2465		653a
dvu	חֹ֫לֶד	ḥōled	N	weasel	sub		h.cm.ac	2467		654a
dvv	חלד	ḥld			main	חלד	h.cl.aa			653
dvw	חלד	ḥld			main	חלד	h.cm.aa			654
dvx	חֻלְדָּה	ḥuldâ	Np	Huldah			h.cm.ad	2468		
dvy	חֶלְדַּי	ḥelday	Np	Heldai			h.cm.ae	2469		
dvz	חַלָּה	ḥallâ	N	a kind of cake	sub		h.cs.ac	2471		660b
dwa	חָלָה	ḥālâ	V	be weak	main	חלה	h.cn.aa	2470	a	655
dwb	חָלָה	ḥālâ	V	mollify	main	חלה	h.co.aa	2470	b	656
dwc	חלה	ḥlh			main	חלה	h.cp.aa			657
dwd	חֲלוֹם	ḥălôm	N	dream	sub		h.cv.ab	2472		663a
dwe	חַלּוֹן	ḥallôn	N	window	sub		h.cs.ad	2474		660c
dwf	חֹלוֹן	ḥōlôn	Np	Holon			h.bf.ai	2473		
dwg	חֲלוֹף	ḥălôp	N	a passing away	sub		h.cx.ad	2475		666b
dwh	חֲלוּשָׁה	ḥălûšâ	N	weakness	sub		h.dc.ac	2476		671b
dwi	חֲלַח	ḥălaḥ	Np	Halah			h.cp.ae	2477		
dwj	חַלְחוּל	ḥalḥûl	Np	Halhul			h.cp.af	2478		
dwk	חַלְחָלָה	ḥalḥālâ	N	anguish	sub		h.bf.ak	2479		623f
dwl	חָלַט	ḥālaṭ	V	and they snatched it from him	main	חלט	h.cq.aa	2480		658
dwm	חֲלִי	ḥălî	N	ornament	sub		h.cp.ab	2481		657a
dwn	חֲלִי	ḥălî	Np	Hali			h.cp.ac	2482		
dwo	חֳלִי	ḥŏlî	N	sickness	sub		h.cn.ab	2483		655a
dwp	חֶלְיָה	ḥelyâ	N	jewelry	sub		h.cp.ad	2484		657b
dwq	חָלִיל	ḥālîl	N	flute	sub		h.cs.ae	2485		660d
dwr	חָלִ֫ילָה	ḥālîlâ	Tj	ad profanum!	sub		h.ct.ad	2486		661c
dws	חֲלִיפָה	ḥălîpâ	N	a change	sub		h.cx.ae	2487		666c
dwt	חֲלִיצָה	ḥălîṣâ	N	what is stripped off	sub		h.cy.ab	2488		667a
dwu	חלך	ḥlk			main	חלך	h.cr.aa			659
dwv	חֵֽלְכָה	ḥēlĕkâ	A	hapless	sub		h.cr.ab	2489		659a
dww	חָלַל	ḥālal	V	pollute	main	חלל	h.ct.aa	2490	c	661
dwx	חָלַל	ḥālal	V	play the pipe	sub		h.cs.af	2490	b	660e
dwy	חָלַל	ḥālal	V	bore	main	חלל	h.cs.aa	2490	a	660
dwz	חָלָל	ḥālāl	A	profaned	sub		h.ct.ac	2491	b	661b
dxa	חָלָל	ḥālāl	N	pierced	sub		h.cs.ab	2491	a	660a
dxb	חֵ֫לֶם	ḥēlem	Np	Helem. Compare			h.cu.ab	2494		
dxc	חָלַם	ḥālam	V	be healthy	main	חלם	h.cu.aa	2492	a	662
dxd	חָלַם	ḥālam	V	dream	main	חלם	h.cv.aa	2492	b	663
dxe	חַלָּמוּת	ḥallāmût	N	purslain	single		h.cv.ac	2495		664
dxf	חַלָּמִישׁ	ḥallāmîš	N	flint	sub		h.cw.ab	2496		665
dxg	חלמשׁ	ḥlmš			main	חלמשׁ	h.cw.aa			
dxh	חֵלֹן	ḥēlōn	Np	Helon			h.bf.aj	2497		
dxi	חֵ֫לֶף	ḥēlep	N	exchange	sub		h.cx.ab	2500		666a
dxj	חֵ֫לֶף	ḥēlep	Np	Heleph			h.cx.ac	2501		
dxk	חָלַף	ḥālap	V	pass on	main	חלף	h.cx.aa	2498		666
dxl	חֶ֫לֶץ	ḥeleṣ	Np	Helez			h.cz.ac	2503		
dxm	חָלַץ	ḥālaṣ	V	draw off	main	חלץ	h.cy.aa	2502	a	667
dxn	חָלַץ	ḥālaṣ	V	equip	main	חלץ	h.cz.aa	2502	b	668
dxo	חָלָץ	ḥālāṣ	N	loins	sub		h.cz.ab	2504		668b
dxp	חֵ֫לֶק	ḥēleq	N	smoothness	sub		h.db.ab	2506	b	670a
dxq	חֵ֫לֶק	ḥēleq	Np	Helek			h.da.ac	2507		
dxr	חֵ֫לֶק	ḥēleq	N	portion	sub		h.da.ab	2506	a	669a
dxs	חַלָּק	ḥallāq	A	smooth	sub		h.db.ac	2511		670b
dxt	חַלֻּק	ḥalluq	A	smooth	sub		h.db.ae	2512		670d
dxu	חָלַק	ḥālaq	V	be smooth	main	חלק	h.db.aa	2505	b	670
dxv	חָלַק	ḥālaq	V	divide	main	חלק	h.da.aa	2505	a	669
dxw	חָלָק	ḥālāq	Np	Halak			h.db.ac	2510		
dxx	חָלָק	ḥālāq	A	smooth	sub		h.db.ac	2509		670b
dxy	חֲלַקָּה	ḥălaqqâ	N	smoothness	sub		h.db.af	2514		670e
dxz	חֲלֻקָּה	ḥăluqqâ	N	part	sub		h.da.af	2515		669c
dya	חֶלְקָה	ḥelqâ	N	portion	sub		h.da.ae	2513	a	669b
dyb	חֶלְקָה	ḥelqâ	N	smooth part	sub		h.db.ad	2513	b	670c
dyc	חֶלְקִי	ḥelqî	Ag	Helkites			h.da.ad	2516		
dyd	חֶלְקָ֑י	ḥelqāy	Np	Helkai			h.da.ag	2517		
dye	חִלְקִיָּהוּ	ḥilqîyāhû	Np	Hillkiah			h.da.aj	2518		
dyf	חֲלַקְלַקּוֹת	ḥălaqlaqqôt	N	smoothness	sub		h.db.ag	2519		670f
dyg	חֶלְקָת֙	ḥelqāt	Np	Helkath			h.da.ah	2520		
dyh	חֶלְקַת הַצֻּרִים	ḥelqat haṣṣurîm	Np	Helkath-hazzurim			h.da.ai	2521		
dyi	חַלָּשׁ	ḥallāš	A	weak	sub		h.dc.ab	2523		671a
dyj	חָלַשׁ	ḥālaš	V	be weak	main	חלשׁ	h.dc.aa	2522		671
dyk	חָם	ḥām	Np	Ham			h.dc.ad	2526		
dyl	חָם	ḥām	N	husband’s father	sub		h.df.ab	2524		674a
dym	חָם	ḥām	A	hot	sub		h.di.ac	2525		677b
dyn	חֹם	ḥōm	N	heat	sub		h.di.ab	2527		677a
dyo	חמא	ḥmʾ			main	חמא	h.dd.aa			672
dyp	חֶמְאָה	ḥemʾâ	N	curd	sub		h.dd.ab	2529	a	672a
dyq	חֶ֫מֶד	ḥemed	N	desire	sub		h.de.ab	2531		673a
dyr	חָמַד	ḥāmad	V	desire	main	חמד	h.de.aa	2530	a	673
dys	חֶמְדָּה	ḥemdâ	N	desire	sub		h.de.ac	2532	a	673b
dyt	חֶמְדָּן	ḥemdān	Np	Hemdan			h.de.ae	2533		
dyu	חֵמָה	ḥēmâ	N	heat	sub		j.bg.ab	2534		860a
dyv	חֵמָה	ḥēmâ	N	heat	sub		j.bg.ab	2529	b	860a
dyw	חַמָּה	ḥammâ	N	heat	sub		h.di.ad	2535		677c
dyx	חמה	ḥmh			main	חמה	h.df.aa			674
dyy	חַמּוּאֵל	ḥammûʾēl	Np	Hamuel			h.di.aj	2536		
dyz	חֲמוּדָה	ḥămûdâ	N	desirableness	sub		h.de.ad	2532	b	673c
dza	חֲמוּדָה	ḥămûdâ	N	desirableness	sub		h.de.ad	2530	b	673
dzb	חֲמוּטַל	ḥămûṭal	Np	Hamutal			h.df.af	2537		
dzc	חָמוּל	ḥāmûl	Np	Hamul			h.dh.ab	2538		
dzd	חָמוּלִי	ḥāmûlî	Ag	Hamulites			h.dh.ac	2539		
dze	חַמּוֹן	ḥammôn	Np	Hammon			h.di.af	2540		
dzf	חָמוֹץ	ḥāmôṣ	N	the ruthless	sub		h.dm.ab	2541		681a
dzg	חַמּוּק	ḥammûq	N	curving	sub		h.dn.ab	2542		682a
dzh	חֲמוֹר	ḥămôr	N	heap	sub		h.dp.ad	2565		684c
dzi	חֲמוֹר	ḥămôr	Np	Hamor			h.dq.ac	2544		
dzj	חֲמוֹר	ḥămôr	N	(he)-ass	sub		h.dq.ab	2543		685a
dzk	חֲמוֹת	ḥămôt	N	husband’s mother	sub		h.df.ac	2545		674b
dzl	חֹ֫מֶט	ḥōmeṭ	N	lizard	sub		h.dg.ab	2546		675a
dzm	חמט	ḥmṭ			main	חמט	h.dg.aa			675
dzn	חֻמְטָה	ḥumṭâ	Np	Humtah			h.dg.ac	2547		
dzo	חָמִיץ	ḥāmîṣ	A	seasoned	sub		h.dk.ad	2548		679c
dzp	חֲמִישִׁי	ḥămîšî	Ao	fifth	sub		h.dr.af	2549		686d
dzq	חָמַל	ḥāmal	V	spare	main	חמל	h.dh.aa	2550		676
dzr	חֶמְלָה	ḥemlâ	N	compassion	sub		h.dh.ad	2551		676a
dzs	חָמַם	ḥāmam	V	be warm	main	חמם	h.di.aa	2552		677
dzt	חַמָּן	ḥammān	N	sun-pillar	sub		h.di.ae	2553		677d
dzu	חָמַס	ḥāmas	V	treat violently	main	חמס	h.dj.aa	2554		678
dzv	חָמָס	ḥāmās	N	violence	sub		h.dj.ab	2555		678a
dzw	חָמֵץ	ḥāmēṣ	V	be sour	main	חמץ	h.dk.aa	2556	a	679
dzx	חָמֵץ	ḥāmēṣ	N	that which is leavened	sub		h.dk.ab	2557	a	679a
dzy	חָמַץ	ḥāmaṣ	V	be red	main	חמץ	h.dl.aa	2556	b	680
dzz	חָמַץ	ḥāmaṣ	V	be ruthless	main	חמץ	h.dm.aa	2556	c	681
eaa	חֹ֫מֶץ	ḥōmeṣ	N	vinegar	sub		h.dk.ac	2558		679b
eab	חָמַק	ḥāmaq	V	turn away	main	חמק	h.dn.aa	2559		682
eac	חֵמָר	ḥēmār	N	bitumen	sub		h.do.ac	2564		683b
ead	חֶ֫מֶר	ḥemer	N	wine	sub		h.do.ab	2561		683a
eae	חָמַר	ḥāmar	V	ferment	main	חמר	h.do.aa	2560	a	683
eaf	חָמַר	ḥāmar	V	be red	main	חמר	h.dq.aa	2560	c	685
eag	חָמַר	ḥāmar	V	cover with asphalt	sub		h.do.ae	2560	b	683d
eah	חֹ֫מֶר	ḥōmer	N	heap	sub		h.dp.ab	2563	b	684a
eai	חֹ֫מֶר	ḥōmer	N	homer	sub		h.dp.ac	2563	c	684b
eaj	חֹ֫מֶר	ḥōmer	N	cement	sub		h.do.ad	2563	a	683c
eak	חמר	ḥmr			main	חמר	h.dp.aa			684
eal	חַמְרָן	ḥamrān	Np	Amran			h.dq.ad	2566		
eam	חָמֵשׁ	ḥāmēš	N	five	sub		h.dr.ab	2568		686a
ean	חָמַשׁ	ḥāmaš	V	and he shall fifth	sub		h.dr.ad	2567		686
eao	חֹ֫מֶשׁ	ḥōmeš	N	belly	sub		h.ds.ab	2570		687a
eap	חֹ֫מֶשׁ	ḥōmeš	N	fifth part	sub		h.dr.ac	2569		686b
eaq	חמשׁ	ḥmš			main	חמשׁ	h.dt.aa			688
ear	חמשׁ	ḥmš			main	חמשׁ	h.ds.aa			687
eas	חמשׁ	ḥmš			main	חמשׁ	h.dr.aa			
eat	חֲמִשִּׁים	ḥămiššîm	N	fifty	sub		h.dr.ae	2572		686c
eau	חֲמֻשִׁים	ḥămušîm	A	in battle array	sub		h.dt.ab	2571		688a
eav	חֲמָת	ḥămāt	Np	Hamath			h.du.ac	2574		
eaw	חֵ֫מֶת	ḥēmet	N	waterskin	sub		h.du.ab	2573		689a
eax	חַמַּת	ḥammat	Np	Hammath			h.di.ag	2575	a	
eay	חַמַּת	ḥammat	Np	Hammath			h.di.ah	2575	b	
eaz	חמת	ḥmt			main	חמת	h.du.aa			689
eba	חַמֹּת דֹּאר	ḥammōt dōʾr	Np	Hamath-Dor			h.di.ai	2576		
ebb	חֲמַת צוֹבָה	ḥămat ṣôbâ	Np	Hamath-Zobah			r.aw.af	2578		
ebc	חֲמַת רַבָּה	ḥămat rabbâ	Np	Chamath-Rabbah			h.du.ac	2579		
ebd	חֲמָתִי	ḥămātî	Ag	Hamathite			h.du.ad	2577		
ebe	חֵן	ḥēn	Np	Hen			h.dz.ad	2581		
ebf	חֵן	ḥēn	N	favour	sub		h.dz.ab	2580		694a
ebg	חֵנָדָד	ḥēnādād	Np	Henadad			h.dz.am	2582		
ebh	חַנָּה	ḥannâ	Np	Hannah			h.dz.af	2584		
ebi	חָנָה	ḥānâ	V	decline	main	חנה	h.dv.aa	2583		690
ebj	חֲנוֹךְ	ḥănôk	Np	Enoch			h.dy.ab	2585		
ebk	חַנּוּן	ḥannûn	A	gracious	sub		h.dz.ai	2587		694d
ebl	חָנוּן	ḥānûn	Np	Hanun			h.dz.ah	2586		
ebm	חַנּוֹת	ḥannôt	V	shew favour	sub		h.dz.aa	2589		694
ebn	חָנוּת	ḥānût	N	cell	sub		h.dv.ab	2588		690a
ebo	חָנַט	ḥānaṭ	V	spice	main	חנט	h.dw.aa	2590	a	691
ebp	חֲנֻטִים	ḥănuṭîm	N	embalming	sub		h.dw.ab	2590	b	691a
ebq	חַנִּיאֵל	ḥannîʾēl	Np	Hanniel			h.dz.ak	2592		
ebr	חָנִיךְ	ḥānîk	A	trained	sub		h.dy.ad	2593		693a
ebs	חֲנִינָה	ḥănînâ	N	favour	sub		h.dz.aj	2594		694e
ebt	חֲנִית	ḥănît	N	spear	sub		h.dv.ac	2595		690b
ebu	חָנַךְ	ḥānak	V	train up	main	חנך	h.dy.aa	2596		693
ebv	חנך	ḥnk			main	חנך	h.dx.aa			692
ebw	חֲנֻכָּה	ḥănukkâ	N	dedication	sub		h.dy.ae	2598		693b
ebx	חֲנֹכִי	ḥănōkî	Ag	Hanochites			h.dy.ac	2599		
eby	חִנָּם	ḥinnām	D	out of favour	sub		h.dz.ac	2600		694b
ebz	חֲנַמְאֵל	ḥănamʾēl	Np	Hanameel			h.dy.ah	2601		
eca	חֲנָמֵל	ḥănāmēl	N	aphis	single		h.dy.ai	2602		693.1
ecb	חָנַן	ḥānan	V	be loathsome	main	חנן	h.ea.aa	2603	b	695
ecc	חָנַן	ḥānan	V	shew favour	main	חנן	h.dz.aa	2603	a	694
ecd	חָנָן	ḥānān	Np	Canan			h.dz.ag	2605		
ece	חֲנַנְאֵל	ḥănanʾēl	Np	Hananeel			h.dz.al	2606		
ecf	חֲנָנִי	ḥănānî	Np	Hanani			h.dz.an	2607		
ecg	חֲנַנְיָ֫הוּ	ḥănanyāhû	Np	Hananiah			h.dz.ao	2608	a	
ech	חָנֵס	ḥānēs	Np	Hanes			h.ea.ab	2609		
eci	חָנֵף	ḥānēp	V	be polluted	main	חנף	h.eb.aa	2610		696
ecj	חָנֵף	ḥānēp	A	profane	sub		h.eb.ac	2611		696b
eck	חֹ֫נֶף	ḥōnep	N	profaneness	sub		h.eb.ab	2612		696a
ecl	חֲנֻפָּה	ḥănuppâ	N	profaneness	sub		h.eb.ad	2613		696c
ecm	חָנַק	ḥānaq	V	strangle	main	חנק	h.ec.aa	2614		697
ecn	חַנָּתֹן	ḥannātōn	Np	Hannathon			h.dz.ap	2615		
eco	חֶ֫סֶד	ḥesed	N	shame	sub		h.ee.ab	2617	b	699a
ecp	חֶ֫סֶד	ḥesed	N	goodness	sub		h.ed.ab	2617	a	698a
ecq	חֶסֶד	ḥesed	Np	Hesed			b.ca.am	2618		
ecr	חָסַד	ḥāsad	V	be reproached	main	חסד	h.ee.aa	2616	b	699
ecs	חָסַד	ḥāsad	V	be good	main	חסד	h.ed.aa	2616	a	698
ect	חֲסַדְיָה	ḥăsadyâ	Np	Hasadiah			h.ed.ae	2619		
ecu	חָסָה	ḥāsâ	V	seek refuge	main	חסה	h.ef.aa	2620		700
ecv	חֹסָה	ḥōsâ	Np	Hosah			h.ef.ab	2621		
ecw	חָסוּת	ḥāsût	N	refuge	sub		h.ef.ac	2622		700a
ecx	חָסִיד	ḥāsîd	A	kind	sub		h.ed.ac	2623		698b
ecy	חֲסִידָה	ḥăsîdâ	N	stork	sub		h.ed.ad	2624		698c
ecz	חָסִיל	ḥāsîl	N	locust	sub		h.eg.ab	2625		701a
eda	חֲסִין	ḥăsîn	A	strong	sub		h.ei.ad	2626		703c
edb	חָסַל	ḥāsal	V	finish off	main	חסל	h.eg.aa	2628		701
edc	חָסַם	ḥāsam	V	stop up	main	חסם	h.eh.aa	2629		702
edd	חָסַן	ḥāsan	V	be strong	main	חסן	h.ei.aa	2630		703
ede	חָסֹן	ḥāsōn	A	strong	sub		h.ei.ac	2634		703b
edf	חֹ֫סֶן	ḥōsen	N	wealth	sub		h.ei.ab	2633		703a
edg	חסף	ḥsp								
edh	חַסְפַּס	ḥaspas	V	scaled off	main	חסף	h.ei.ae	2636		704
edi	חֶ֫סֶר	ḥeser	N	want	sub		h.ej.ab	2639		705a
edj	חָסֵר	ḥāsēr	A	needy	sub		h.ej.ad	2638		705c
edk	חָסֵר	ḥāsēr	V	lack	main	חסר	h.ej.aa	2637		705
edl	חֹ֫סֶר	ḥōser	N	want	sub		h.ej.ac	2640		705b
edm	חַסְרָה	ḥasrâ	Np	Hasrah			h.ej.ae	2641		
edn	חֶסְרוֹן	ḥesrôn	N	thing lacking	sub		h.ej.af	2642		705d
edo	חַף	ḥap	A	clean	sub		h.ep.ab	2643		711a
edp	חָפָא	ḥāpāʾ	V	do secretly	main	חפא	h.ek.aa	2644		706
edq	חָפָה	ḥāpâ	V	cover	main	חפה	h.el.aa	2645		707
edr	חֻפָּה	ḥuppâ	N	canopy	sub		h.eo.ac	2646		710b
eds	חֻפָּה	ḥuppâ	Np	Huppah			h.eo.ad	2647		
edt	חָפַז	ḥāpaz	V	be in trepidation	main	חפז	h.em.aa	2648		708
edu	חִפָּזוֹן	ḥippāzôn	N	trepidation	sub		h.em.ab	2649		708a
edv	חֻפִּים	ḥuppîm	Np	Huppim			h.eo.ae	2650		
edw	חֹ֫פֶן	ḥōpen	N	hollow of hand	sub		h.en.ab	2651		709a
edx	חפן	ḥpn			main	חפן	h.en.aa			709
edy	חׇפְנִי	ḥopnî	Np	Hophni			h.en.ac	2652		
edz	חׇפַף	ḥopap	V	enclose	main	חפף	h.eo.aa	2653		710
eea	חפף	ḥpp			main	חפף	h.ep.aa			711
eeb	חֵ֫פֶץ	ḥēpeṣ	N	delight	sub		h.eq.ac	2656		712b
eec	חָפֵץ	ḥāpēṣ	A	delighting in	sub		h.eq.ab	2655		712a
eed	חָפֵץ	ḥāpēṣ	V	delight in	main	חפץ	h.eq.aa	2654	a	712
eee	חָפַץ	ḥāpaṣ	V	bend down	main	חפץ	h.er.aa	2654	b	713
eef	חֶפְצִי־בָהּ	ḥepṣî-bāh	Np	Hephzi-bah			h.eq.ad	2657		
eeg	חֲפֹר	ḥăpōr	N	mole	sub		h.es.af	2661		714a
eeh	חֵ֫פֶר	ḥēper	Np	Hepher			h.es.ab	2660	a	
eei	חֵ֫פֶר	ḥēper	Np	Hepher			h.es.ad	2660	b	
eej	חָפֵר	ḥāpēr	V	be abashed	main	חפר	h.et.aa	2659		715
eek	חָפַר	ḥāpar	V	dig	main	חפר	h.es.aa	2658		714
eel	חֶפְרִי	ḥeprî	Ag	Hepherites			h.es.ac	2662		
eem	חֲפָרַיִם	ḥăpārayim	Np	Haphraim			h.es.ae	2663		
een	חָפְרַע	ḥāpĕraʿ	Np	Pharaoh-hophra			h.et.ab	6548		
eeo	חֵ֫פֶשׂ	ḥēpeś	N	a	sub		h.eu.ab	2665		716a
eep	חָפַשׁ	ḥāpaš	V	be free	main	חפשׁ	h.ev.aa	2666		717
eeq	חָפַשׂ	ḥāpaś	V	search	main	חפשׂ	h.eu.aa	2664		716
eer	חֹ֫פֶשׁ	ḥōpeš	N	wide-spread	sub		h.ev.ab	2667		717a
ees	חֻפְֿשָׁה	ḥupšâ	N	freedom	sub		h.ev.ac	2668		717b
eet	חׇפְשִׁי	ḥopšî	A	free	sub		h.ev.ad	2670		717c
eeu	חׇפְשִׁית	ḥopšît	N	freedom	sub		h.ev.ae	2669		717d
eev	חֵץ	ḥēṣ	N	arrow	sub		h.ez.ac	2671		721b
eew	חָצַב	ḥāṣab	V	hew	main	חצב	h.ew.aa	2672		718
eex	חָצָה	ḥāṣâ	V	divide	main	חצה	h.ex.aa	2673		719
eey	חָצוֹר	ḥāṣôr	Np	Hazor			h.fb.ai	2674		
eez	חָצוֹר חֲדַתָּה	ḥāṣôr ḥădattâ	Np	Hazor			h.fb.aj	2675		
efa	חָצוֹת	ḥāṣôt	N	division	sub		h.ex.ab	2676		719a
efb	חֲצִי	ḥăṣî	N	half	sub		h.ex.ac	2677		719b
efc	חֵ֫צִי	ḥēṣî	N	arrow	sub		h.ex.ae	2678		719c
efd	חֲצִי הַמְּנֻחוֹת	ḥăṣî hammĕnuḥôt	Ag	Chatsi-ham-Menuchoth			n.by.ap	2679		
efe	חֲצִי הַמְּנַחְתִּי	ḥăṣî hammĕnaḥtî	Ag	Chatsi-ham-Menachtite			n.by.ap	2680		
eff	חָצִיר	ḥāṣîr	N	settled abode	sub		h.fb.ak	2681		723b
efg	חָצִיר	ḥāṣîr	N	green grass	sub		h.fc.ab	2682	b	725a
efh	חָצִיר	ḥāṣîr	N	green grass	sub		h.fc.ab	2682	a	724a
efi	חֵ֫צֶן	ḥēṣen	N	bosom	sub		h.ey.ab	2683		720a
efj	חֹ֫צֶן	ḥōṣen	N	bosom	sub		h.ey.ac	2684		720b
efk	חצן	ḥṣn			main	חצן	h.ey.aa			720
efl	חָצַץ	ḥāṣaṣ	V	archers	sub		h.ez.ae	2686	b	721c
efm	חָצַץ	ḥāṣaṣ	V	divide	main	חצץ	h.ez.aa	2686	a	721
efn	חָצָץ	ḥāṣāṣ	N	gravel	sub		h.ez.ab	2687		721a
efo	חַצֲצֹן תָּמָר	ḥaṣăṣōn tāmār	Np	Hazezon-tamar			h.ez.ad	2688		
efp	חֲצֹצְרָה	ḥăṣōṣĕrâ	N	clarion	sub		h.fd.ab	2689		726a
efq	חָצֵר	ḥāṣēr	N	settled abode	sub		h.fb.ab	2691	b	723a
efr	חָצֵר	ḥāṣēr	N	enclosure	sub		h.fa.ab	2691	a	722a
efs	חָצַר	ḥāṣar	V	sound a clarion	sub		h.fd.ac	2690		726b
eft	חצר	ḥṣr			main	חצר	h.fc.aa			724
efu	חצר	ḥṣr								725
efv	חצר	ḥṣr			main	חצר	h.fd.aa			726
efw	חצר	ḥṣr			main	חצר	h.fa.aa			722
efx	חצר	ḥṣr			main	חצר	h.fb.aa			723
efy	חֲצַר גַּדָּה	ḥăṣar gaddâ	Np	Hazar-gaddah			h.fb.ad	2693		
efz	חֲצַר הַתִּיכוֹן	ḥăṣar hattîkôn	Np	Hazar-hatticon			h.fb.ah	2694		
ega	חֲצַר סוּסָה	ḥăṣar sûsâ	Np	Hazar-susah			h.fb.ae	2701		
egb	חֲצַר סוּסָה	ḥăṣar sûsâ	Np	Hazar-susim			h.fb.ae	2702		
egc	חֲצַר עֵינוֹן	ḥăṣar ʿênôn	Np	Hazar-enan			h.fb.af	2704		
egd	חֲצַר עֵינוֹן	ḥăṣar ʿênôn	Np	Hazar-enon			h.fb.af	2703		
ege	חֲצַר שׁוּעָל	ḥăṣar šûʿāl	Np	Hazar-shual			h.fb.ag	2705		
egf	חֲצַר־אַדָּר	ḥăṣar-ʾaddār	Np	Hazar-addar			h.fb.ac	2692		
egg	חֶצְרוֹ	ḥeṣrô	Np	Hezro			h.fb.al	2695		
egh	חֶצְרוֹן	ḥeṣrôn	Np	Hezron			h.fb.am	2696		
egi	חֶצְרוֹנִי	ḥeṣrônî	Ag	Hezronites			h.fb.an	2697		
egj	חֲצֵרוֹת	ḥăṣērôt	Np	Hazeroth			h.fb.ao	2698		
egk	חֲצֵרִים	ḥăṣērîm	Np	Hazerim			h.fb.ab	2699		
egl	חֲצַרְמָ֫וֶת	ḥăṣarmāwet	Np	Hazarmaveth			h.fb.ap	2700		
egm	חֹק	ḥōq	N	something prescribed	sub		h.ff.ab	2706		728a
egn	חָקָה	ḥāqâ	V	cut in	main	חקה	h.fe.aa	2707		727
ego	חֻקָּה	ḥuqqâ	N	something prescribed	sub		h.ff.ac	2708		728b
egp	חֲקוּפָא	ḥăqûpāʾ	Np	Hakupha			h.fe.ac	2709		
egq	חֵקֶק	ḥēqeq	N	something prescribed	sub		h.ff.ab	2711		728a
egr	חָקַק	ḥāqaq	V	cut in	main	חקק	h.ff.aa	2710		728
egs	חֻקֹֿק	ḥuqōq	Np	Hukkok			h.ff.ad	2712	a	
egt	חֵ֫קֶר	ḥēqer	N	searching	sub		h.fg.ab	2714		729a
egu	חָקַר	ḥāqar	V	search	main	חקר	h.fg.aa	2713		729
egv	חֹר	ḥōr	N	hole	sub		h.gi.ab	2356		758a
egw	חֹר	ḥōr	N	noble	sub		h.gh.ab	2715		757a
egx	חֻר	ḥur	N	crevice	sub		h.gi.ac	2352		758b
egy	חֹר הַגִּדְגָּד	ḥōr haggidgād	N	hollow	sub		h.bm.ab	2735		
egz	חֶרֶא	ḥereʾ	N	dung	sub		h.fh.ab	2716		730a
eha	חרא	ḥrʾ			main	חרא	h.fh.aa			730
ehb	חֶ֫רֶב	ḥereb	N	sword	sub		h.fk.ab	2719		732a
ehc	חָרֵב	ḥārēb	A	dry	sub		h.fi.ab	2720	a	731a
ehd	חָרֵב	ḥārēb	V	be waste	main	חרב	h.fj.aa	2717	b	731
ehe	חָרֵב	ḥārēb	V	be dry	main	חרב	h.fi.aa	2717	a	731
ehf	חָרֵב	ḥārēb	A	waste	sub		h.fj.ab	2720	b	731a
ehg	חָרַב	ḥārab	V	attack	main	חרב	h.fk.aa	2717	c	732
ehh	חֹרֵב	ḥōrēb	Np	Horeb	sub		h.fj.ad	2722		731c
ehi	חֹ֫רֶב	ḥōreb	N	dryness	sub		h.fi.ac	2721	a	731b
ehj	חֹ֫רֶב	ḥōreb	N	desolation	sub		h.fj.ac	2721	b	731b
ehk	חָֽרָבָה	ḥārābâ	N	dry ground	sub		h.fi.ad	2724		731e
ehl	חׇרְבָּה	ḥorbâ	N	waste	sub		h.fj.ae	2723		731d
ehm	חֵרָבוֹן	ḥērābôn	N	drought	sub		h.fi.ae	2725		731f
ehn	חַרְבוֹנָא	ḥarbônāʾ	Np	Harbona			h.fk.ac	2726		
eho	חָרַג	ḥārag	V	quake	main	חרג	h.fl.aa	2727		733
ehp	חָרְגֹּל	ḥārĕgōl	N	locust	sub		h.fm.ab	2728		734a
ehq	חרגל	ḥrgl			main	חרגל	h.fm.aa			734
ehr	חָרֵד	ḥārēd	A	trembling	sub		h.fn.ab	2730		735a
ehs	חָרַד	ḥārad	V	tremble	main	חרד	h.fn.aa	2729		735
eht	חֲרָדָה	ḥărādâ	Np	Haradah			h.fn.af	2732		
ehu	חֲרָדָה	ḥărādâ	N	trembling	sub		h.fn.ae	2731		735b
ehv	חֲרֹדִי	ḥărōdî	Ag	Harodite			h.fn.ad	2733		
ehw	חָרָה	ḥārâ	V	burn	main	חרה	h.fo.aa	2734		736
ehx	חָרוּז	ḥārûz	N	string of beads	sub		h.fp.ab	2737		737a
ehy	חָרוּל	ḥārûl	N	chickpea	sub		h.fu.ab	2738		743a
ehz	חֲרוּמַף	ḥărûmap	Np	Harumaph			h.fo.ae	2739		
eia	חָרוֹן	ḥārôn	N	anger	sub		h.fo.ab	2740		736a
eib	חָרוּץ	ḥārûṣ	Np	Haruz			h.gc.ae	2743		
eic	חָרוּץ	ḥārûṣ	A	sharp	sub		h.gc.ab	2742	a	752a
eid	חָרוּץ	ḥārûṣ	N	trench	sub		h.gc.ad	2742	c	752b
eie	חָרוּץ	ḥārûṣ	N	gold	sub		h.gd.ab	2742	d	753a
eif	חָרוּץ	ḥārûṣ	N	strict decision	sub		h.gc.ac	2742	b	752a
eig	חרז	ḥrz			main	חרז	h.fp.aa			737
eih	חַרְחוּר	ḥarḥûr	Np	Harhur			h.gg.ad	2744		
eii	חַרְחֲיָה	ḥarḥăyâ	Np	Harhaiah			h.fp.ac	2736		
eij	חַרְחַס	ḥarḥas	Np	Harhas			h.fp.ae	2745		
eik	חַרְחֻר	ḥarḥur	N	violent heat	sub		h.gg.ac	2746		756b
eil	חֶ֫רֶט	ḥereṭ	N	graving-tool	sub		h.fq.ab	2747		738a
eim	חרט	ḥrṭ			main	חרט	h.fr.aa			739
ein	חרט	ḥrṭ			main	חרט	h.fq.aa			738
eio	חַרְטֹם	ḥarṭōm	N	engraver	sub		h.fq.ac	2748		738b
eip	חֳרִי	ḥŏrî	N	burning	sub		h.fo.ac	2750		736b
eiq	חֹרִי	ḥōrî	N	white bread	sub		h.bl.ad	2751		630c
eir	חֹרִי	ḥōrî	Np	Hori	single		h.gi.ad	2753		740
eis	חֹרִי	ḥōrî	Np	Horims	single		h.gi.ad	2752		740
eit	חָרִיט	ḥārîṭ	N	bag	sub		h.fr.ab	2754		739a
eiu	חֲרֵי־יוֹנִים	ḥărê-yônîm	N	dove’s dung	single		d.af.ad	2755		730a
eiv	חָרִיף	ḥārîp	Np	Hariph			h.ga.ae	2756		
eiw	חֲרִיפִי	ḥărîpî	Ag	Haruphite			h.ga.af	2741		
eix	חָרִיץ	ḥārîṣ	N	a cut	sub		h.gc.af	2757		752c
eiy	חָרִישׁ	ḥārîš	N	ploughing	sub		h.gk.ad	2758		760c
eiz	חֲרִישִׁי	ḥărîšî	A	a silent east wind	single		h.gn.ag	2759		760e
eja	חָרַךְ	ḥārak	V	set in motion	main	חרך	h.fs.aa	2760		741
ejb	חרך	ḥrk			main	חרך	h.ft.aa			742
ejc	חֲרַכִּים	ḥărakkîm	N	lattice	sub		h.ft.ab	2762		742a
ejd	חרל	ḥrl			main	חרל	h.fu.aa			743
eje	חֳרֵם	ḥŏrēm	Np	Horem			h.fv.ac	2765		
ejf	חֵ֫רֶם	ḥērem	N	devoted thing	sub		h.fv.ab	2764	a	744a
ejg	חֵ֫רֶם	ḥērem	N	net	sub		h.fw.ab	2764	b	745a
ejh	חָרִם	ḥārim	Np	Harim			h.fv.ad	2766		
eji	חָרַם	ḥāram	V	ban	main	חרם	h.fv.aa	2763	a	744
ejj	חָרַם	ḥāram	V	slit	main	חרם	h.fw.aa	2763	b	745
ejk	חׇרְמָה	ḥormâ	Np	Hormah			h.fv.ae	2767		
ejl	חֶרְמוֹן	ḥermôn	Np	Hermon	sub		h.fv.af	2768		744b
ejm	חֶרְמוֹנִים	ḥermônîm	Np	the Hermonites			h.fv.af	2769		
ejn	חֶרְמֵשׁ	ḥermēš	N	sickle	single		h.fw.ac	2770		746
ejo	חָרָן	ḥārān	Np	Haran	single		h.fw.ad	2771	a	747
ejp	חָרָן	ḥārān	Np	Haran			h.fw.ae	2771	b	
ejq	חֹרֹנִי	ḥōrōnî	Ag	Horonite			b.bp.at	2772		
ejr	חֹרֹנַיִם	ḥōrōnayim	Np	Horonaim			h.fw.ah	2773		
ejs	חַרְנֶ֫פֶר	ḥarneper	Np	Harnepher			h.fw.ai	2774		
ejt	חֶ֫רֶס	ḥeres	N	an eruptive disease	sub		h.gj.ad	2775	b	759b
eju	חֶ֫רֶס	ḥeres	N	sun	sub		h.fx.ab	2775	a	748a
ejv	חֶ֫רֶס	ḥeres	Np	Heres			h.fx.ac	2776		
ejw	חרס	ḥrs			main	חרס	h.fx.aa			748
ejx	חַרְסִית	ḥarsît	N	potsherd	sub		h.gj.ae	2777		759c
ejy	חרע	ḥrʿ			main	חרע	h.fy.aa			
ejz	חָרֵף	ḥārēp	Np	Hareph			h.ga.ad	2780		
eka	חָרַף	ḥārap	V	reproach	main	חרף	h.fz.aa	2778	a	749
ekb	חָרַף	ḥārap	V	acquire	main	חרף	h.gb.aa	2778	c	751
ekc	חָרַף	ḥārap	V	remain in harvest time	sub		h.ga.ac	2778	b	750
ekd	חֹ֫רֶף	ḥōrep	N	harvest-time	sub		h.ga.ab	2779		750a
eke	חרף	ḥrp			main	חרף	h.ga.aa			
ekf	חֶרְפָּה	ḥerpâ	N	reproach	sub		h.fz.ab	2781		749a
ekg	חָרַץ	ḥāraṣ	V	cut	main	חרץ	h.gc.aa	2782		752
ekh	חרץ	ḥrṣ			main	חרץ	h.gd.aa			753
eki	חרצב	ḥrṣb			main	חרצב	h.ge.aa			754
ekj	חַרְצֻבָּה	ḥarṣubbâ	N	bond	sub		h.ge.ab	2784		754a
ekk	חַרְצַנִּים	ḥarṣannîm	N	grape-kernels	sub		h.gc.ag	2785		752d
ekl	חָרַק	ḥāraq	V	gnash	main	חרק	h.gf.aa	2786		755
ekm	חָרֵר	ḥārēr	N	parched place	sub		h.gg.ab	2788		756a
ekn	חָרַר	ḥārar	V	be hot	main	חרר	h.gg.aa	2787		756
eko	חרר	ḥrr			main	חרר	h.gh.aa			757
ekp	חרר	ḥrr			main	חרר	h.gi.aa			758
ekq	חֵרֵשׁ	ḥērēš	A	deaf	sub		h.gl.ab	2795		761a
ekr	חֶ֫רֶשׁ	ḥereš	D	magic art	sub		h.gn.ab	2791	b	763a
eks	חֶ֫רֶשׁ	ḥereš	D	silently	sub		h.gl.ac	2791	a	761b
ekt	חֶ֫רֶשׁ	ḥereš	Np	Heresh			h.gn.ac	2792		
eku	חֶ֫רֶשׂ	ḥereś	N	earthenware	sub		h.gj.ab	2789		759a
ekv	חָרֵשׁ	ḥārēš	V	be silent	main	חרשׁ	h.gl.aa	2790	b	761
ekw	חָרַשׁ	ḥāraš	V	cut in	main	חרשׁ	h.gk.aa	2790	a	760
ekx	חָרָשׁ	ḥārāš	N	graver	sub		h.gk.ab	2796		760a
eky	חֹרֵשׁ	ḥōrēš	V	cut in	sub		h.gk.aa	2794		760
ekz	חֹ֫רֶשׁ	ḥōreš	N	wood	sub		h.gm.ab	2793		762a
ela	חרשׁ	ḥrš			main	חרשׁ	h.gn.aa			763
elb	חרשׁ	ḥrš			main	חרשׁ	h.gm.aa			762
elc	חרשׂ	ḥrś			main	חרשׂ	h.gj.aa			759
eld	חַרְשָׁא	ḥaršāʾ	Np	Harsha			h.gn.ad	2797		
ele	חֲרָשִׁים	ḥărāšîm	N	cut in	sub		h.gk.aa	2798		760
elf	חֲרֹ֫שֶׁת	ḥărōšet	Np	Harosheth			h.gn.ae	2800		
elg	חֲרֹ֫שֶׁת	ḥărōšet	N	carving	sub		h.gk.ac	2799		760b
elh	חֶרֶת	ḥeret	Np	Hereth			h.go.ab	2802		
eli	חָרַת	ḥārat	V	grave	main	חרת	h.go.aa	2801		764
elj	חֵ֫שֶׁב	ḥēšeb	N	ingenious work	sub		h.gr.ab	2805		767a
elk	חָשַׁב	ḥāšab	V	think	main	חשׁב	h.gr.aa	2803		767
ell	חַשְׁבַּדָּנָה	ḥašbaddānâ	Np	Hasbadana			h.gr.al	2806		
elm	חֲשֻׁבָה	ḥăšubâ	Np	Hashubah			h.gr.ac	2807		
eln	חִשָּׁבוֹן	ḥiššābôn	N	device	sub		h.gr.ag	2810		767c
elo	חֶשְׁבּוֹן	ḥešbôn	Np	Heshbon			h.gr.af	2809		
elp	חֶשְׁבּוֹן	ḥešbôn	N	reckoning	sub		h.gr.ae	2808		767b
elq	חֲשַׁבְיָ֫הוּ	ḥăšabyāhû	Np	Hashabiah			h.gr.ah	2811		
elr	חֲשַׁבְנָה	ḥăšabnâ	Np	Hashabnah			h.gr.ai	2812		
els	חֲשַׁבְנְיָה	ḥăšabnĕyâ	Np	Hashabniah			h.gr.aj	2813		
elt	חָשָׁה	ḥāšâ	V	be silent	main	חשׁה	h.gs.aa	2814		768
elu	חַשּׁוּב	ḥaššûb	Np	Hashub			h.gr.ad	2815		
elv	חֲשׂוּפָא	ḥăśûpāʾ	Np	Hashupha			h.gq.ac	2817		
elw	חָשׁוּק	ḥāšûq	N	fillet	sub		h.gw.ac	2838		773b
elx	חֻשִׁים	ḥušîm	Np	Hushim			h.bo.af	2366	b	
ely	חָשַׁךְ	ḥāšak	V	be or grow dark	main	חשׁך	h.gt.aa	2821		769
elz	חָשֹׁךְ	ḥāšōk	A	obscure	sub		h.gt.ac	2823		769b
ema	חָשַׂךְ	ḥāśak	V	withhold	main	חשׂך	h.gp.aa	2820		765
emb	חֹ֫שֶׁךְ	ḥōšek	N	darkness	sub		h.gt.ab	2822		769a
emc	חֲשֵׁכָה	ḥăšēkâ	N	darkness	sub		h.gt.ad	2825		769c
emd	חֶשְׁכָה	ḥeškâ	N	darkness	sub		h.gt.ad	2824		
eme	חָשַׁל	ḥāšal	V	shatter	main	חשׁל	h.gu.aa	2826		770
emf	חָשֻׁם	ḥāšum	Np	Hashum			h.gu.ab	2828		
emg	חֻשָׁם	ḥušām	Np	Husham			h.bo.ag	2367		
emh	חֶשְׁמוֹן	ḥešmôn	Np	Heshmon			h.gu.ae	2829		
emi	חַשְׁמַל	ḥašmal	N	shining	single		h.gu.ac	2830		770.1
emj	חַשְׁמַן	ḥašman	N	ambassadors	single		h.gu.ad	2831		771
emk	חַשְׁמֹנָה	ḥašmōnâ	Np	Hashmonah			h.gu.af	2832		
eml	חֹ֫שֶׁן	ḥōšen	N	breast-piece	sub		h.gv.ab	2833		772a
emm	חשׁן	ḥšn			main	חשׁן	h.gv.aa			772
emn	חָשִׂף	ḥāśip	N	two little flocks of goats	sub		h.gq.ab	2835		766a
emo	חָשַׂף	ḥāśap	V	strip off	main	חשׂף	h.gq.aa	2834		766
emp	חִשֻּׁק	ḥiššuq	N	spoke	sub		h.gw.ae	2839		773d
emq	חֵ֫שֶׁק	ḥēšeq	N	desire	sub		h.gw.ab	2837		773a
emr	חָשַׁק	ḥāšaq	V	furnish with fillets	sub		h.gw.ad	2836	b	773c
ems	חָשַׁק	ḥāšaq	V	be attached to	main	חשׁק	h.gw.aa	2836	a	773
emt	חִשֻּׁר	ḥiššur	N	nave	sub		h.gx.ac	2840		774b
emu	חשׁר	ḥšr			main	חשׁר	h.gx.aa			774
emv	חַשְׁרָה	ḥašrâ	N	collection	sub		h.gx.ab	2841		774a
emw	חֲשַׁשׁ	ḥăšaš	N	chaff	sub		h.gy.ab	2842		775a
emx	חשׁשׁ	ḥšš			main	חשׁשׁ	h.gy.aa			775
emy	חֻשָׁתִי	ḥušātî	Ag	Hushathite			h.bo.ac	2843		
emz	חֵת	ḥēt	Np	Heth			h.gy.ae	2845		776
ena	חַת	ḥat	N	shattered	sub		h.hf.ac	2844	b	784b
enb	חַת	ḥat	N	terror	sub		h.hf.ab	2844	a	784a
enc	חִתָּה	ḥittâ	N	terror	sub		h.hf.ae	2847		784d
end	חָתָה	ḥātâ	V	snatch up	main	חתה	h.gz.aa	2846		777
ene	חִתּוּל	ḥittûl	N	bandage	sub		h.ha.ac	2848		779b
enf	חַתְחַת	ḥatḥat	N	terror	sub		h.hf.ag	2849		784e
eng	חִתִּי	ḥittî	Ag	Hittite			h.gy.af	2850		776a
enh	חִתִּית	ḥittît	N	terror	sub		h.hf.ah	2851		784f
eni	חָתַךְ	ḥātak	V	divide	main	חתך	h.gz.af	2852		778
enj	חָתַל	ḥātal	V	entwine	main	חתל	h.ha.aa	2853		779
enk	חֲתֻלָּה	ḥătullâ	N	swaddling-band	sub		h.ha.ab	2854		779a
enl	חֶתְלֹן	ḥetlōn	Np	Hethlon			h.ha.ad	2855		
enm	חָתַם	ḥātam	V	seal	main	חתם	h.hb.aa	2856		780
enn	חֹתָם	ḥōtām	N	seal	sub		h.hb.ab	2368		780a
eno	חֹתֶ֫מֶת	ḥōtemet	N	signet-ring	sub		h.hb.ad	2858		780b
enp	חָתַן	ḥātan	V	make oneself a daughter’s husband	sub		h.hc.ad	2859	b	781b
enq	חָתָן	ḥātān	N	daughter’s husband	sub		h.hc.ac	2860		781c
enr	חֹתֵן	ḥōtēn	N	give	sub		h.hc.ab	2859	a	781a
ens	חתן	ḥtn			main	חתן	h.hc.aa			781
ent	חֲתֻנָּה	ḥătunnâ	N	marriage	sub		h.hc.ae	2861		781d
enu	חֶ֫תֶף	ḥetep	N	prey	sub		h.hd.ab	2863		782a
env	חָתַף	ḥātap	V	seize	main	חתף	h.hd.aa	2862		782
enw	חָתַר	ḥātar	V	dig	main	חתר	h.he.aa	2864		783
enx	חֲתַת	ḥătat	N	terror	sub		h.hf.ad	2866		784c
eny	חֲתַת	ḥătat	Np	cathath			h.hf.af	2867		
enz	חָתַת	ḥātat	V	be shattered	main	חתת	h.hf.aa	2865		784
eoa	ט	ṭ			main		i.aa.aa			
eob	טֵאטֵא	ṭēʾṭēʾ	V	and I will sweep it with the besom of destruction	main	טאטא	i.ab.aa	2894		785
eoc	טָֽבְאֵל	ṭābĕʾēl	Np	Tabeal			i.ab.ac	2870	a	
eod	טָֽבְאַ֑ל	ṭābĕʾal	Np	Tabeal			i.ab.ad	2870	b	
eoe	טְבוּל	ṭĕbûl	N	turban	sub		i.ae.ab	2871		788a
eof	טַבּוּר	ṭabbûr	N	highest part	sub		i.ag.ab	2872		790a
eog	טֶ֫בַח	ṭebaḥ	Np	Tebah			i.ac.ac	2875		
eoh	טֶ֫בַח	ṭebaḥ	N	slaughtering	sub		i.ac.ab	2874		786a
eoi	טַבָּח	ṭabbāḥ	N	cook	sub		i.ac.ae	2876		786c
eoj	טָבַח	ṭābaḥ	V	slaughter	main	טבח	i.ac.aa	2873		786
eok	טִבְחָה	ṭibḥâ	N	thing slaughtered	sub		i.ac.ad	2878		786b
eol	טַבָּחָה	ṭabbāḥâ	N	female cook	sub		i.ac.af	2879		786d
eom	טִבְחַת	ṭibḥat	Np	Tibhath			i.ac.ah	2880		
eon	טָבַל	ṭābal	V	dip	main	טבל	i.ad.aa	2881		787
eoo	טבל	ṭbl			main	טבל	i.ae.aa			788
eop	טְבַלְיָ֫הוּ	ṭĕbalyāhû	Np	Tebaliah			i.ad.ab	2882		
eoq	טָבַע	ṭābaʿ	V	sink	main	טבע	i.af.aa	2883		789
eor	טַבָּעוֹת	ṭabbāʿôt	Np	Tabaoth			i.af.ac	2884		
eos	טַבַּ֫עַת	ṭabbaʿat	N	signet	sub		i.af.ab	2885		789a
eot	טבר	ṭbr			main	טבר	i.ag.aa			790
eou	טַבְרִמּוֹן	ṭabrimmôn	Np	Tabrimmon			i.ag.ac	2886		
eov	טֵבֶ֑ת	ṭēbet	Np	Tebeth	single		i.ag.ad	2887		791
eow	טַבָּ֑ת	ṭabbāt	Np	Tabbath			i.ag.ae	2888		
eox	טְהוֹר	ṭĕhôr	A	clean	sub		i.ah.ae	2890		792b
eoy	טָהוֹר	ṭāhôr	A	clean	sub		i.ah.ae	2889		792d
eoz	טֳהָר	ṭŏhār	N	clearness	sub		i.ah.ac	2892	b	792a
epa	טָהֵר	ṭāhēr	V	be clean	main	טהר	i.ah.aa	2891		792
epb	טֹ֫הַר	ṭōhar	N	purity	sub		i.ah.ab	2892	a	792a
epc	טׇהֳרָה	ṭohŏrâ	N	purifying	sub		i.ah.ad	2893		792c
epd	טוֹב	ṭôb	N	a good thing	sub		i.ai.ac	2896	b	793a
epe	טוֹב	ṭôb	Np	Tob			i.ai.ah	2897		
epf	טוֹב	ṭôb	V	pleasing	main	טוב	i.ai.aa	2895		793
epg	טוֹב	ṭôb	A	pleasant	sub		i.ai.ab	2896	a	793a
eph	טוּב	ṭûb	N	good things	sub		i.ai.ae	2898		793b
epi	טוֹב אֲדֹנִיָּה	ṭôb ʾădōnîyâ	Np	Tob-adonijah			i.ai.ad	2899		
epj	טוֹבָה	ṭôbâ	N	welfare	sub		i.ai.af	2896	c	793c
epk	טוֹבִיָּ֫הוּ	ṭôbîyāhû	Np	Tobiah			i.ai.ag	2900		
epl	טָוָה	ṭāwâ	V	spin	main	טוה	i.aj.aa	2901		794
epm	טוּחַ	ṭûaḥ	V	over-spread	main	טוח	i.ak.aa	2902	a	795
epn	טוט	ṭwṭ			main	טוט	i.al.aa			796
epo	טוֹטָפוֹת	ṭôṭāpôt	N	bands	sub		i.as.ab	2903		804a
epp	טוּל	ṭûl	V	hurl	main	טול	i.am.aa	2904		797
epq	טוּר	ṭûr			main	טור	i.an.aa			798
epr	טוּר	ṭûr	N	row	sub		i.an.ab	2905		798a
eps	טוּשׂ	ṭûś	V	rush	main	טושׂ	i.ao.aa	2907		799
ept	טָחָה	ṭāḥâ	V	hurl	main	טחה	i.ap.aa	2909		800
epu	טְחוֹן	ṭĕḥôn	N	grinding-mill	sub		i.aq.ac	2911		802a
epv	טֻחוֹת	ṭuḥôt	N	inward parts	sub		i.ak.ac	2910		795b
epw	טָחַח	ṭāḥaḥ	V	be besmeared	main	טחח	i.aq.aa	2902	b	801
epx	טָחַן	ṭāḥan	V	grind	main	טחן	i.aq.ab	2912		802
epy	טַחֲנָה	ṭaḥănâ	N	mill	sub		i.aq.ad	2913		802b
epz	טְחֹר	ṭĕḥōr	N	tumours	sub		i.ar.ab	2914		803a
eqa	טחר	ṭḥr			main	טחר	i.ar.aa			803
eqb	טטף	ṭṭp			main	טטף	i.as.aa			804
eqc	טִיחַ	ṭîaḥ	N	a coating	sub		i.ak.ab	2915		795a
eqd	טִיט	ṭîṭ	N	mud	sub		i.al.ab	2916		796a
eqe	טִירָה	ṭîrâ	N	encampment	sub		i.an.ac	2918		798b
eqf	טַל	ṭal	N	night-mist	sub		i.av.ab	2919		807a
eqg	טְלָא	ṭĕlāʾ	N	lamb	sub		i.au.ab	2922		806a
eqh	טָלָא	ṭālāʾ	V	patch	main	טלא	i.at.aa	2921		805
eqi	טְלָאִים	ṭĕlāʾîm	Np	Telaim			i.at.ab	2923		
eqj	טָלֶה	ṭāleh	N	lamb	sub		i.au.ab	2924		806a
eqk	טלה	ṭlh			main	טלה	i.au.aa			806
eql	טַלְטֵלָה	ṭalṭēlâ	N	a hurling	sub		i.am.ab	2925		797a
eqm	טָלַל	ṭālal	V	cover over	main	טלל	i.aw.aa	2926		808
eqn	טלל	ṭll			main	טלל	i.av.aa			807
eqo	טֶ֫לֶם	ṭelem	Np	Telem			i.ax.ab	2928		
eqp	טלם	ṭlm			main	טלם	i.ax.aa			
eqq	טַלְמוֹן	ṭalmôn	Np	Talmon			i.ax.ac	2929		
eqr	טָמֵא	ṭāmēʾ	V	be unclean	main	טמא	i.ay.aa	2930	a	809
eqs	טָמֵא	ṭāmēʾ	A	unclean	sub		i.ay.ab	2931		809a
eqt	טָמְאָה	ṭāmĕʾâ	N	uncleanness	sub		i.ay.ad	2930	b	809c
equ	טֻמְאָה	ṭumʾâ	N	uncleanness	sub		i.ay.ac	2932		809b
eqv	טָמָה	ṭāmâ	V	we are stopped up	main	טמה	i.az.aa	2933		810
eqw	טָמַן	ṭāman	V	hide	main	טמן	i.ba.aa	2934		811
eqx	טֶ֫נֶא	ṭeneʾ	N	basket	sub		i.bb.ab	2935		812a
eqy	טנא	ṭnʾ			main	טנא	i.bb.aa			812
eqz	טָנַף	ṭānap	V	soil	main	טנף	i.bc.aa	2936		813
era	טָעָה	ṭāʿâ	V	wander	main	טעה	i.bd.aa	2937		814
erb	טַ֫עַם	ṭaʿam	N	taste	sub		i.be.ab	2940		815a
erc	טָעַם	ṭāʿam	V	taste	main	טעם	i.be.aa	2938		815
erd	טָעַן	ṭāʿan	V	pierce	main	טען	i.bg.aa	2944		817
ere	טָעַן	ṭāʿan	V	load	main	טען	i.bf.aa	2943		816
erf	טַף	ṭap	N	children	sub		i.bj.ab	2945		821a
erg	טֶ֫פַח	ṭepaḥ	N	a span	sub		i.bh.ac	2947		818b
erh	טָפַח	ṭāpaḥ	V	extend	main	טפח	i.bh.aa	2946		818
eri	טֹ֫פַח	ṭōpaḥ	N	span	sub		i.bh.ad	2948		818c
erj	טִפֻּחִים	ṭippuḥîm	N	dandling	sub		i.bh.ab	2949		818a
erk	טָפַל	ṭāpal	V	smear	main	טפל	i.bi.aa	2950		819
erl	טִפְסָר	ṭipsār	N	scribe	single		i.bi.ab	2951		820
erm	טָפַף	ṭāpap	V	trip	main	טפף	i.bj.aa	2952		821
ern	טָפַשׁ	ṭāpaš	V	be gross	main	טפשׁ	i.bj.ac	2954		822
ero	טָפַת	ṭāpat	Np	Taphath			i.bj.ad	2955		
erp	טָרַד	ṭārad	V	pursue	main	טרד	i.bk.aa	2956		823
erq	טרה	ṭrh			main	טרה	i.bl.aa			824
err	טְרוֹם	ṭĕrôm	D	not yet	sub		i.bn.aa	2958		826
ers	טָרַח	ṭāraḥ	V	toil	main	טרח	i.bm.aa	2959		825
ert	טֹ֫רַח	ṭōraḥ	N	burden	sub		i.bm.ab	2960		825a
eru	טָרִי	ṭārî	A	fresh	sub		i.bl.ab	2961		824a
erv	טֶ֫רֶם	ṭerem	D	not yet	main	טרם	i.bn.aa	2962		826
erw	טֶ֫רֶף	ṭerep	N	prey	sub		i.bo.ac	2964		827b
erx	טָרַף	ṭārap	V	tear	main	טרף	i.bo.aa	2963		827
ery	טָרָף	ṭārāp	A	fresh-plucked	sub		i.bo.ab	2965		827a
erz	טְרֵפָה	ṭĕrēpâ	N	animal torn	sub		i.bo.ad	2966		827c
esa	י	y			main		j.aa.aa			
esb	יָאַב	yāʾab	V	long	main	יאב	j.ab.aa	2968		828
esc	יָאָה	yāʾâ	V	befit	main	יאה	j.ac.aa	2969		829
esd	יַאֲזַנְיָ֫הוּ	yaʾăzanyāhû	Np	Jaazaniah. Compare			a.cg.ai	2970		
ese	יָאִיר	yāʾîr	Np	Jair			a.cd.am	2971		
esf	יָאַל	yāʾal	V	be foolish	main	יאל	j.ad.aa	2973		830
esg	יָאַל	yāʾal	V	shew willingness	main	יאל	j.ae.aa	2974		831
esh	יְאֹר	yĕʾōr	N	stream of the Nile	single		j.ae.ab	2975		832
esi	יָאִרִי	yāʾirî	Ag	Jairite			a.cd.an	2972		
esj	יָאַשׁ	yāʾaš	V	despair	main	יאשׁ	j.af.aa	2976		833
esk	יֹאשִׁיָּ֫הוּ	yōʾšîyāhû	Np	Josiah			a.gd.ac	2977		
esl	יְאָֽתְרַי	yĕʾātĕray	Np	Jeaterai			j.af.ac	2979		
esm	יָבַב	yābab	V	cry shrilly	main	יבב	j.ag.aa	2980		834
esn	יְבוּל	yĕbûl	N	produce	sub		j.ah.af	2981		835c
eso	יְבוּס	yĕbûs	Np	Jebus			b.as.ab	2982		
esp	יְבוּסִי	yĕbûsî	N	Jebusite	sub		b.as.ac	2983		216a
esq	יִבְחָר	yibḥār	Np	Ibhar			b.bg.af	2984		
esr	יָבִין	yābîn	Np	Jabin			b.bo.af	2985		
ess	יַבָּל	yabbāl	N	running	sub		j.ah.ai	2990		835f
est	יָבַל	yābal	V	conduct	main	יבל	j.ah.aa	2986		835
esu	יָבָל	yābāl	N	watercourse	sub		j.ah.ab	2988		835a
esv	יָבָל	yābāl	Np	Jabal			j.ah.ac	2989		
esw	יִבְלְעָם	yiblĕʿām	Np	Ibleam			j.ah.al	2991		
esx	יָבַם	yābam	V	do duty of	sub		j.ai.ad	2992		836
esy	יָבָם	yābām	N	husband’s brother	sub		j.ai.ab	2993		836a
esz	יבם	ybm			main	יבם	j.ai.aa			
eta	יְבֵ֫מֶת	yĕbēmet	N	sister-in-law	sub		j.ai.ac	2994		836b
etb	יַבְנְאֵל	yabnĕʾēl	Np	Jabneel			b.cb.ai	2995		
etc	יַבְנֶה	yabneh	Np	Jabneh			b.cb.aj	2996		
etd	יִבְנְיָה	yibnĕyâ	Np	Ibneiah			b.cb.ak	2997		
ete	יִבְנִיָּה	yibnîyâ	Np	Ibnijah			b.cb.al	2998		
etf	יַבֹּק	yabbōq	Np	Jabbok			b.ct.ae	2999		
etg	יְבֶרֶכְיָ֫הוּ	yĕberekyāhû	Np	Jeberechiah			b.dd.ah	3000		
eth	יָבֵשׁ	yābēš	V	be dry	main	יבשׁ	j.aj.aa	3001		837
eti	יָבֵשׁ	yābēš	A	dry	sub		j.aj.ab	3002		837a
etj	יָבֵשׁ	yābēš	Np	Jobesh (-Gilead)			j.aj.ac	3003		
etk	יַבָּשָׁה	yabbāšâ	N	dry land	sub		j.aj.ad	3004		837b
etl	יִבְשָׂם	yibśām	Np	Jibsam			b.di.ae	3005		
etm	יַבֶּ֫שֶׁת	yabbešet	N	dry ground	sub		j.aj.ae	3006		837c
etn	יִגְאָל	yigʾāl	Np	Igal			c.ac.ad	3008		
eto	יָגֵב	yāgēb	N	field	sub		j.ak.ab	3010		838a
etp	יָגַב	yāgab	V	till	main	יגב	j.ak.aa	3009		838
etq	יׇגְבְּהָה	yogbĕhâ	Np	Jogbehah			c.ah.ae	3011		
etr	יִגְדַּלְיָ֫הוּ	yigdalyāhû	Np	Igdaliah			c.aq.al	3012		
ets	יָגָה	yāgâ	V	suffer	main	יגה	j.al.aa	3013		839
ett	יָגָה	yāgâ	V	thrust away	main	יגה	j.am.aa	3014		840
etu	יָגוֹן	yāgôn	N	grief	sub		j.al.ab	3015		839a
etv	יָגוֹר	yāgôr	A	fearing	sub		j.ap.ab	3016		843a
etw	יָגוּר	yāgûr	Np	Jagur			c.bf.af	3017		
etx	יְגִיעַ	yĕgîaʿ	N	toil	sub		j.ao.af	3018		842e
ety	יָגִיעַ	yāgîaʿ	A	weary	sub		j.ao.ae	3019		842d
etz	יׇגְלִי	yoglî	Np	Jogli			c.ca.af	3020		
eua	יגן	ygn			main	יגן	j.an.aa			841
eub	יָגֵעַ	yāgēaʿ	V	toil	main	יגע	j.ao.aa	3021		842
euc	יָגֵעַ	yāgēaʿ	A	weary	sub		j.ao.ac	3023		842b
eud	יָגָע	yāgāʿ	N	gain	sub		j.ao.ab	3022		842a
eue	יְגִעָה	yĕgiʿâ	N	wearying	sub		j.ao.ad	3024		842c
euf	יָגֹר	yāgōr	V	be afraid	main	יגר	j.ap.aa	3025		843
eug	יָד	yād	N	hand	main		j.aq.aa	3027		844
euh	יִדְאֲלָה	yidʾălâ	Np	Idalah			j.aq.ab	3030		
eui	יִדְבָּשׁ	yidbāš	Np	Idbash			d.aj.ad	3031		
euj	יָדַד	yādad	V	cast	main	ידד	j.ar.aa	3032		845
euk	ידד	ydd			main	ידד	j.as.aa			846
eul	יְדִדוּת	yĕdidût	N	love	sub		j.as.ac	3033		846c
eum	יָדָה	yādâ	V	throw	main	ידה	j.at.aa	3034		847
eun	יִדּוֹ	yiddô	Np	Iddo			j.as.af	3035		
euo	יָדוֹן	yādôn	Np	Jadon			d.bh.an	3036		
eup	יַדּוּעַ	yaddûaʿ	Np	Jaddua			j.au.ag	3037		
euq	יְדוּתוּן	yĕdûtûn	Np	Jeduthun			j.at.ae	3038		
eur	יָדִיד	yādîd	N	a song of love	sub		j.as.ab	3039	b	846b
eus	יָדִיד	yādîd	A	beloved	sub		j.as.ab	3039	a	846a
eut	יְדִידָה	yĕdîdâ	Np	Jedidah			j.as.ad	3040		
euu	יְדִידְיָה	yĕdîdĕyâ	Np	Jedidiah			j.as.ae	3041		
euv	יְדָיָה	yĕdāyâ	Np	Jedaiah			j.at.af	3042		
euw	יְדִיעֲאֵל	yĕdîʿăʾēl	Np	Jediael			j.au.ah	3043		
eux	יִדְלָ֑ף	yidlāp	Np	Jidlaph			j.at.ak	3044		
euy	יָדַע	yādaʿ	V	know	main	ידע	j.au.aa	3045		848
euz	יָדָע	yādāʿ	Np	Jada			j.au.ab	3047		
eva	יְדַעְיָה	yĕdaʿyâ	Np	Jedaiah			j.au.af	3048		
evb	יִדְּעֹנִי	yiddĕʿōnî	N	familiar spirit	sub		j.au.aj	3049		848d
evc	יָהּ	yāh	Np	Jah	sub		e.az.af	3050		484b
evd	יְהָב	yĕhāb	N	lot	sub		j.av.ab	3053		849a
eve	יָהַב	yāhab	V	give	main	יהב	j.av.aa	3051		849
evf	יְהֻד	yĕhud	Np	Jehud			j.av.af	3055		
evg	יָהַד	yāhad	V	become a Jew	sub		j.av.an	3054		850
evh	יהד	yhd								
evi	יַהְדַּי	yahday	Np	Jehdai			e.ao.ab	3056		
evj	יְהֻדִיָּה	yĕhudîyâ	Ag	Jehudijah	sub		j.av.aj	3057		850a
evk	יֵהוּא	yēhûʾ	Np	Jehu			e.az.ag	3058		
evl	יְהוֹאָחָז	yĕhôʾāḥāz	Np	Jehoahaz. Compare			e.az.ah	3059		
evm	יְהוֹאָשׁ	yĕhôʾāš	Np	Jehoash. Compare			e.az.ai	3060		
evn	יְהוּדָה	yĕhûdâ	Np	Judah	main	יהד	j.av.ai	3063		850c
evo	יְהוּדִי	yĕhûdî	Ag	Jew	sub		j.av.aj	3064		850a
evp	יְהוּדִי	yĕhûdî	Np	Jehudi			j.av.al	3065		
evq	יְהוּדִית	yĕhûdît	A	in Jewish	sub		j.av.ak	3066		850b
evr	יְהוּדִית	yĕhûdît	Np	Judith			j.av.am	3067		
evs	יְהֹוִה	yĕhōwih	Np	God			e.az.ae	3069		
evt	יהוה	yhwh	Np	Jehovah	sub		e.az.ae	3068		484a
evu	יְהֹוָה יִרְאֶה	yĕhōwâ yirʾeh	N	see	sub		t.ab.aa	3070		
evv	יְהֹוָה נִסִּי	yĕhōwâ nissî	Np	standard			n.dy.ab	3071		
evw	יְהֹוָה צִדְקֵנוּ	yĕhōwâ ṣidqēnû	Np	rightness			r.ar.ab	3072		
evx	יְהֹוָה שָׁלוֹם	yĕhōwâ šālôm	Np	completeness			v.ds.ab	3073		
evy	יְהֹוָה שָׁמָּה	yĕhōwâ šāmmâ	N	there	sub		v.dv.aa	3074		
evz	יְהוֹזָבָד	yĕhôzābād	Np	Jehozabad. Compare			e.az.aj	3075		
ewa	יְהוֹחָנָן	yĕhôḥānān	Np	Jehohanan			e.az.ak	3076		
ewb	יְהוֹיָדָע	yĕhôyādāʿ	Np	Jehoiada. Compare			e.az.al	3077		
ewc	יְהוֹיָכִין	yĕhôyākîn	Np	Jehoiachin. Compare			e.az.am	3078		
ewd	יְהוֹיָקִים	yĕhôyāqîm	Np	Jehoiakim. Compare			e.az.an	3079		
ewe	יְהוֹיָרִיב	yĕhôyārîb	Np	Jehoiarib. Compare			e.az.ao	3080		
ewf	יְהוּכַל	yĕhûkal	Np	Jehucal. Compare			e.az.ap	3081		
ewg	יְהוֹנָדָב	yĕhônādāb	Np	Jehonadab			e.az.aq	3082		
ewh	יְהוֹנָתָן	yĕhônātān	Np	Jonathan. Compare			e.az.ar	3083		
ewi	יְהוֹסֵף	yĕhôsēp	Np	Joseph			j.bz.ab	3084		
ewj	יְהוֹעַדָּה	yĕhôʿaddâ	Np	Jehoada			e.az.as	3085		
ewk	יְהוֹעַדָּן	yĕhôʿaddān	Np	Jehoaddan			e.az.au	3086		
ewl	יְהוֹצָדָק	yĕhôṣādāq	Np	Jehozadek			e.az.av	3087		
ewm	יְהוֹרָם	yĕhôrām	Np	Jehoram			e.az.aw	3088		
ewn	יְהוֹשֶׁבַע	yĕhôšebaʿ	Np	Jehosheba. Compare			e.az.ax	3089		
ewo	יְהוֹשַׁבְעַת	yĕhôšabʿat	Np	Jehoshabeath			e.az.ax	3090		
ewp	יְהוֹשׁוּעַ	yĕhôšûaʿ	Np	Jehoshua			e.az.az	3091		
ewq	יְהוֹשָׁמָע	yĕhôšāmāʿ	Np	Hoshama			e.az.ba	1953		
ewr	יְהוֹשָׁפָט	yĕhôšāpāṭ	Np	Jehoshaphat. Compare			e.az.bb	3092		
ews	יָהִיר	yāhîr	A	proud	sub		j.ax.ab	3093		851a
ewt	יְהַלֶּלְאֵל	yĕhallelʾēl	Np	Jehalellel			e.bp.ag	3094		
ewu	יַהֲלֹם	yahălōm	N	jasper	sub		e.bq.ad	3095		502b
ewv	יַ֫הַץ	yahaṣ	Np	Jahaz			j.aw.ab	3096		
eww	יהץ	yhṣ			main	יהץ	j.aw.aa			
ewx	יהר	yhr			main	יהר	j.ax.aa			851
ewy	יוֹאָב	yôʾāb	Np	Joab			e.az.bc	3097		
ewz	יוֹאָח	yôʾāḥ	Np	Joah			e.az.bd	3098		
exa	יוֹאָחָז	yôʾāḥāz	Np	Jehoahaz			e.az.ah	3099		
exb	יוֹאֵל	yôʾēl	Np	Joel			e.az.bf	3100		
exc	יוֹאָשׁ	yôʾāš	Np	Joash			e.az.ai	3101		
exd	יוֹב	yôb	Np	Job			j.ax.ad	3102		
exe	יוֹבָב	yôbāb	Np	Jobab			j.ag.ab	3103		
exf	יוֹבֵל	yôbēl	N	ram	sub		j.ah.ah	3104		835e
exg	יוּבַל	yûbal	N	stream	sub		j.ah.ad	3105		835b
exh	יוּבָ֑ל	yûbāl	Np	Jubal			j.ah.ae	3106		
exi	יוֹזָבָד	yôzābād	Np	Josabad			e.az.aj	3107		
exj	יוֹזָכָר	yôzākār	Np	Jozachar			e.az.bi	3108		
exk	יוֹחָא	yôḥāʾ	Np	Joha			j.ax.ag	3109		
exl	יוֹחָנָן	yôḥānān	Np	Johanan			e.az.ak	3110		
exm	יוֹיָדָע	yôyādāʿ	Np	Jehoiada			e.az.al	3111		
exn	יוֹיָכִין	yôyākîn	Np	Jehoiachin			e.az.am	3112		
exo	יוֹיָקִים	yôyāqîm	Np	Joiakim. Compare			e.az.an	3113		
exp	יוֹיָרִיב	yôyārîb	Np	Joiarib			e.az.ao	3114		
exq	יוֹכֶ֫בֶד	yôkebed	Np	Jochebed			e.az.bo	3115		
exr	יוּכַל	yûkal	Np	Jucal			e.az.ap	3116		
exs	יוֹם	yôm	N	day	main		j.ay.aa	3117		852
ext	יוֹמָם	yômām	D	daytime	sub		j.ay.ab	3119		852a
exu	יָוֵן	yāwēn	N	mire	sub		j.az.ab	3121		853a
exv	יָוָן	yāwān	Np	Javan	single		j.ba.ae	3120		855
exw	יון	ywn			main	יון	j.az.aa			853
exx	יון	ywn			main	יון	j.ba.aa			854
exy	יוֹנָדָב	yônādāb	Np	Jonadab			e.az.aq	3122		
exz	יוֹנָה	yônâ	Np	Jonah			j.ba.ac	3124		
eya	יוֹנָה	yônâ	N	dove	sub		j.ba.ab	3123		854a
eyb	יְוָנִי	yĕwānî	Ag	Jevanite			j.ba.af	3125		
eyc	יוֹנֵק	yônēq	N	young plant	sub		j.bw.ab	3126		874a
eyd	יוֹנֶ֫קֶת	yôneqet	N	young shoot	sub		j.bw.ac	3127		874b
eye	יוֹנַת אֵלֶם רְחֹקִים	yônat ʾēlem rĕḥōqîm	N	dove			j.ba.ab	3128		
eyf	יוֹנָתָן	yônātān	Np	Jonathan			e.az.ar	3129		
eyg	יוֹסֵף	yôsēp	Np	Joseph. Compare			j.bz.ab	3130		
eyh	יוֹסִפְיָה	yôsipyâ	Np	Josiphiah			j.bz.ac	3131		
eyi	יוֹעֵאלָה	yôʿēʾlâ	Np	Joelah			j.cf.ab	3132		
eyj	יוֹעֵד	yôʿēd	Np	Joed			e.az.bs	3133		
eyk	יוֹעֶ֫זֶר	yôʿezer	Np	Joezer			e.az.bt	3134		
eyl	יוֹעָשׁ	yôʿāš	Np	Joash			e.az.bu	3135		
eym	יוֹצָדָק	yôṣādāq	Np	Jozadak			e.az.av	3136	a	
eyn	יוֹקִים	yôqîm	Np	Jokim			e.az.an	3137		
eyo	יוֹרֶה	yôreh	N	early rain	sub		j.di.ac	3138		910a
eyp	יוֹרָה	yôrâ	Np	Jorah			j.di.ab	3139		
eyq	יוֹרַי	yôray	Np	Jorai			j.di.ag	3140		
eyr	יוֹרָם	yôrām	Np	Joram			e.az.aw	3141		
eys	י֥וּשַׁב חֶ֖סֶד	yûšab ḥesed	Np	Jushab-hesed			v.bn.ak	3142		
eyt	יוֹשִׁבְיָה	yôšibyâ	Np	Josibiah			j.ds.ah	3143		
eyu	יוֹשָׁה	yôšâ	Np	Joshah			j.dt.ac	3144		
eyv	יוֹשַׁוְיָה	yôšawyâ	Np	Joshaviah. Compare			j.dt.ad	3145		
eyw	יוֹשָׁפָט	yôšāpāṭ	Np	Joshaphat			e.az.bb	3146		
eyx	יוֹתָם	yôtām	Np	Jotham			e.az.bz	3147		
eyy	יוֹתֵר	yôtēr	N	superiority	sub		j.ef.aj	3148		936d
eyz	יזה	yzh			main	יזה	j.bb.aa			
eza	יְזִיאֵל	yĕzîʾēl	Np	Jeziel (from the margin)			j.bb.ab	3149		
ezb	יִזִּיָּה	yizzîyâ	Np	Jeziah			n.cj.ab	3150		
ezc	יָזִיז	yāzîz	Np	Jaziz			g.as.ag	3151		
ezd	יִזְלִיאָה	yizlîʾâ	Np	Jezliah			g.bi.ab	3152		
eze	יָזַן	yāzan	V	be plump	main	יזן	j.bc.aa	2109	b	856
ezf	יְזַנְיָה	yĕzanyâ	Np	Jezaniah			a.cg.ai	3153		
ezg	יֶ֫זַע	yezaʿ	N	sweat	sub		j.bd.ab	3154		857a
ezh	יזע	yzʿ			main	יזע	j.bd.aa			857
ezi	יִזְרָ֑ח	yizrāḥ	Ag	Jizrach			g.cj.ah	3155		
ezj	יִזְרַחְיָה	yizraḥyâ	Np	Izrahiah			g.cj.ai	3156		
ezk	יִזְרְעֶאל	yizrĕʿeʾl	Np	Jezreel	sub		g.cl.af	3157		582e
ezl	יִזְרְעֵאלִי	yizrĕʿēʾlî	Ag	Jezreelite			g.cl.ag	3158		
ezm	יִזְרְעֵאלִית	yizrĕʿēʾlît	A	a Jezreelitess			g.cl.ag	3159		
ezn	יַ֫חַד	yaḥad	N	unitedness	sub		j.be.ac	3162	a	858b
ezo	יָחַד	yāḥad	V	be united	main	יחד	j.be.aa	3161		858
ezp	יַחְדּוֹ	yaḥdô	Np	Jahdo			j.be.ae	3163		
ezq	יָחְדָּו	yāḥĕdāw	D	together	sub		j.be.ad	3162	b	858c
ezr	יַחְדִּיאֵל	yaḥdîʾēl	Np	Jahdiel			h.as.ac	3164		
ezs	יֶחְדְּיָ֫הוּ	yeḥdĕyāhû	Np	Jehdeiah			h.as.ad	3165		
ezt	יַחֲזִיאֵל	yaḥăzîʾēl	Np	Jahaziel			h.bp.al	3166		
ezu	יַחְזְיָה	yaḥzĕyâ	Np	Jahaziah			h.bp.am	3167		
ezv	יְחֶזְקֵאל	yĕḥezqēʾl	Np	Ezekiel			h.bs.aj	3168		
ezw	יְחִזְקִיָּה	yĕḥizqîyâ	Np	Hezekiah			h.bs.ai	3169		
ezx	יַחְזֵרָה	yaḥzērâ	Np	Jahzerah			j.be.aj	3170		
ezy	יְחִיאֵל	yĕḥîʾēl	Np	Jehiel			h.cd.ak	3171		
ezz	יְחִיאֵלִי	yĕḥîʾēlî	Np	Jehieli			h.cd.al	3172		
faa	יָחִיד	yāḥîd	A	only	sub		j.be.ab	3173		858a
fab	יְחִיָּה	yĕḥîyâ	Np	Jehiah			h.cd.am	3174		
fac	יָחִיל	yāḥîl	A	waiting	sub		j.bf.ab	3175		859a
fad	יָחַל	yāḥal	V	wait	main	יחל	j.bf.aa	3176		859
fae	יַחְלְאֵל	yaḥlĕʾēl	Np	Jahleel			j.bf.ad	3177		
faf	יַחְלְאֵלִי	yaḥlĕʾēlî	Ag	Jachleelite			j.bf.ae	3178		
fag	יָחַם	yāḥam	V	be hot	main	יחם	j.bg.aa	3179		860
fah	יַחְמוּר	yaḥmûr	N	roebuck	sub		h.dq.ae	3180		685b
fai	יַחְמַי	yaḥmay	Np	Jahmai			h.df.ae	3181		
faj	יָחֵף	yāḥēp	A	barefoot	sub		j.bh.ab	3182		861a
fak	יחף	yḥp			main	יחף	j.bh.aa			861
fal	יַחְצְאֵל	yaḥṣĕʾēl	Np	Jahzeel. Compare			h.ex.af	3183		
fam	יַחְצְאֵלִי	yaḥṣĕʾēlî	Ag	Jachtseelite			h.ex.ag	3184		
fan	יַחְצִיאֵל	yaḥṣîʾēl	Np	Jahziel. Compare			h.ex.af	3185		
fao	יָחַר	yāḥar	V	to remain behind	sub		a.cp.aa	3186		68
fap	יַ֫חַשׂ	yaḥaś	N	genealogy	sub		j.bi.ab	3188		862a
faq	יָחַשׂ	yāḥaś	V	enroll oneself	sub		j.bi.ac	3187		862
far	יחשׂ	yḥś			main	יחשׂ	j.bi.aa			
fas	יַ֫חַת	yaḥat	Np	Jahath			h.gz.ab	3189		
fat	יָטַב	yāṭab	V	be good	main	יטב	j.bj.aa	3190		863
fau	יׇטְבָה	yoṭbâ	Np	Jotbah			j.bj.ab	3192		
fav	יׇטְבָ֫תָה	yoṭbātâ	Np	Jotbath			j.bj.ac	3193		
faw	יֻטָּה	yuṭṭâ	Np	Juttah			n.cz.ab	3194		
fax	יְטוּר	yĕṭûr	Np	Jetur			i.an.ad	3195		
fay	יַ֫יִן	yayin	N	wine	sub		j.bk.ab	3196		864
faz	יין	yyn			main	יין	j.bk.aa			
fba	יך	yk	N	a hand			j.bk.ac	3197		
fbb	יְכוֹנְיָה	yĕkônĕyâ	Np	Jeconiah. Compare			k.aw.ag	3204		
fbc	יָכַח	yākaḥ	V	decide	main	יכח	j.bl.aa	3198		865
fbd	יָכִין	yākîn	Np	Jachin			k.aw.ae	3199		
fbe	יָכִינִי	yākînî	Ag	Jakinite			k.aw.af	3200		
fbf	יָכֹל	yākōl	V	be able	main	יכל	j.bm.aa	3201		866
fbg	יְכָלְיָהוּ	yĕkālĕyāhû	Np	Jecholiah			j.bm.ac	3203		
fbh	יֶ֫לֶד	yeled	N	child	sub		j.bn.ac	3206		867b
fbi	יָלַד	yālad	V	bear	main	ילד	j.bn.aa	3205		867
fbj	יַלְדָּה	yaldâ	N	girl	sub		j.bn.ad	3207		867b
fbk	יַלְדוּת	yaldût	N	childhood	sub		j.bn.ae	3208		867c
fbl	יִלּוֹד	yillôd	A	born	sub		j.bn.af	3209		867d
fbm	יָלוֹן	yālôn	Np	Jalon			j.bn.ag	3210		
fbn	יָלִיד	yālîd	A	born	sub		j.bn.ah	3211		867e
fbo	יָלַךְ	yālak	V	go	sub		e.bn.aa	3212		498
fbp	יְלֵל	yĕlēl	N	howling	sub		j.bo.ab	3214		868a
fbq	יָלַל	yālal	V	howl	main	ילל	j.bo.aa	3213		868
fbr	יְלָלָה	yĕlālâ	N	howling	sub		j.bo.ac	3215		868b
fbs	יָלַע	yālaʿ	V	talk wildly	sub		l.bc.aa	3216		1099
fbt	ילף	ylp			main	ילף	j.bp.aa			869
fbu	יַלֶּ֫פֶת	yallepet	N	scab	sub		j.bp.ab	3217		869a
fbv	יֶ֫לֶק	yeleq	N	locust	sub		j.bq.ab	3218		870a
fbw	ילק	ylq			main	ילק	j.bq.aa			870
fbx	יַלְקוּט	yalqûṭ	N	receptacle	sub		l.by.ac	3219		1125b
fby	יָם	yām	N	sea	sub		j.br.ab	3220		871a
fbz	יְמוּאֵל	yĕmûʾēl	Np	Jemuel			j.bq.ad	3223		
fca	יְמִימָה	yĕmîmâ	Np	Jemimah			j.bq.ae	3224		
fcb	יָמִין	yāmîn	N	right hand	sub		j.bs.ab	3225		872a
fcc	יָמִין	yāmîn	Np	Jamin. See also			j.bs.ag	3226		
fcd	יְמִינִי	yĕmînî	A	right	sub		j.bs.ad	3227	b	872b
fce	יְמִינִי	yĕmînî	A	right hand	sub		j.bs.ac	3227	a	872b
fcf	יָֽמִינִי	yāmînî	Ag	Jeminite			j.bs.ah	3228		
fcg	יִמְלָה	yimlâ	Np	Imla			m.bz.ai	3229		
fch	יַמְלֵךְ	yamlēk	Np	Jamlech			m.cd.av	3230		
fci	יֵמִם	yēmim	N	hot springs	sub		j.br.ac	3222		871b
fcj	ימם	ymm			main	ימם	j.br.aa			871
fck	יָמַן	yāman	V	go to	sub		j.bs.ae	3231		872c
fcl	ימן	ymn			main	ימן	j.bs.aa			
fcm	יִמְנָה	yimnâ	Np	Imna			j.bs.ai	3232		
fcn	יְמָנִי	yĕmānî	A	right hand	sub		j.bs.af	3233		872d
fco	יִמְנָע	yimnāʿ	Np	Imna			m.cp.ab	3234		
fcp	יָמַר	yāmar	V	exchange	main	ימר	j.bt.aa	3235		118
fcq	יִמְרָה	yimrâ	Np	Imrah			m.dk.ac	3236		
fcr	יָמַשׁ	yāmaš	V	touch	main	ימשׁ	j.bu.aa	3237		
fcs	יָנָה	yānâ	V	suppress	main	ינה	j.bv.aa	3238		873
fct	יָנוֹחַ	yānôaḥ	Np	Janoah			n.by.ai	3239	a	
fcu	יָנ֫וֹחָה	yānôḥâ	Np	Janoah			n.by.aj	3239	b	
fcv	יָנוּם	yānûm	Np	Janum (from the margin)			n.ca.ad	3241		
fcw	יָנַח	yānaḥ	V	rest	sub		n.by.aa	3240		1323
fcx	יְנִיקָה	yĕnîqâ	N	sucker	sub		j.bw.ad	3242		874c
fcy	יָנַק	yānaq	V	suck	main	ינק	j.bw.aa	3243		874
fcz	יַנְשׁוּף	yanšûp	N	strident	sub		n.fy.ac	3244		1434b
fda	יְסֻד	yĕsud	N	foundation	sub		j.bx.ab	3246		875a
fdb	יָסַד	yāsad	V	establish	main	יסד	j.bx.aa	3245		875
fdc	יְסוֹד	yĕsôd	N	foundation	sub		j.bx.ac	3247		875b
fdd	יְסוּדָה	yĕsûdâ	N	foundation	sub		j.bx.ad	3248		875c
fde	יִסּוֹר	yissôr	N	one who reproves	sub		j.ca.ab	3250		877a
fdf	יסור	yswr	A	departing	sub		o.au.af	3249		1480
fdg	יָסַךְ	yāsak	V	pour	sub		o.ar.aa	3251		1474
fdh	יסך	ysk			main	יסך	j.by.aa			
fdi	יִסְכָּה	yiskâ	Np	Iscah			j.by.ab	3252		
fdj	יִסְמַכְיָהוּ	yismakyāhû	Np	Ismachiah			o.bt.ac	3253		
fdk	יָסַף	yāsap	V	add	main	יסף	j.bz.aa	3254		876
fdl	יָסַר	yāsar	V	discipline	main	יסר	j.ca.aa	3256		877
fdm	יָע	yāʿ	N	shovel	sub		j.cc.ab	3257		879a
fdn	יַעְבֵּץ	yaʿbēṣ	Np	Jabez			p.ag.ab	3258		
fdo	יָעַד	yāʿad	V	appoint	main	יעד	j.cb.aa	3259		878
fdp	יֶעְדּוֹ	yeʿdô	Np	Iddo (from the margin) See			j.cb.ag	3260		
fdq	יָעָה	yāʿâ	V	sweep together	main	יעה	j.cc.aa	3261		879
fdr	יְעוּאֵל	yĕʿûʾēl	Np	Jehiel			j.cc.ac	3262		
fds	יְעוּץ	yĕʿûṣ	Np	Jeuz			p.bm.ac	3263		
fdt	יְעוּשׁ	yĕʿûš	Np	Jehush			p.bs.ab	3266		
fdu	יָעַז	yāʿaz	V	a barbarous	main	יעז	j.cd.aa	3267		880
fdv	יַעֲזִיאֵל	yaʿăzîʾēl	Np	Jaaziel			p.bx.ap	3268		
fdw	יַעֲזִיָּ֫הוּ	yaʿăzîyāhû	Np	Jaaziah			p.bx.aq	3269		
fdx	יַעְזֵר	yaʿzēr	Np	Jaazer			p.bz.an	3270		
fdy	יָעַט	yāʿaṭ	V	cover	main	יעט	j.ce.aa	3271		881
fdz	יְעִיאֵל	yĕʿîʾēl	Np	Jeiel			j.cc.ac	3273		
fea	יָעִיר	yāʿîr	Np	Jair(from the margin)			p.bp.ah	3265		
feb	יְעִישׁ	yĕʿîš	Np	Jeush (from the margin). Compare			p.bs.ab	3274		
fec	יַעְכָּן	yaʿkān	Np	Jachan			p.co.ac	3275		
fed	יָעֵל	yāʿēl	N	mountain-goat	sub		j.cg.ab	3277		883a
fee	יָעֵל	yāʿēl	Np	Jael			j.cg.ac	3278		
fef	יָעַל	yāʿal	V	profit	main	יעל	j.cf.aa	3276		882
feg	יעל	yʿl			main	יעל	j.cg.aa			883
feh	יַעֲלָא	yaʿălāʾ	Np	Jaala			j.cg.ae	3279		
fei	יַעֲלָה	yaʿălâ	N	mountain-goat	sub		j.cg.ad	3280		883b
fej	יַעְלָם	yaʿlām	Np	Jalam			p.cx.ag	3281		
fek	יַעַן	yaʿan	C	purpose	sub		p.dt.ah	3282		1650e
fel	יָעֵן	yāʿēn	N	ostrich	sub		j.ch.ab	3283		884a
fem	יען	yʿn			main	יען	j.ch.aa			884
fen	יַעֲנָה	yaʿănâ	N	greed	sub		j.ch.ac	3284		884b
feo	יַעֲנַי	yaʿănay	Np	Jaanai			j.ch.ad	3285		
fep	יְעָף	yĕʿāp	N	weariness	sub		j.ci.ac	3288		885b
feq	יָעֵף	yāʿēp	A	weary	sub		j.ci.ab	3287		885a
fer	יָעֵף	yāʿēp	V	be weary	main	יעף	j.ci.aa	3286		885
fes	יעף	yʿp			main	יעף	j.cj.aa			886
fet	יָעַץ	yāʿaṣ	V	advise	main	יעץ	j.ck.aa	3289		887
feu	יַעֲקֹב	yaʿăqōb	Np	Jacob	sub		p.eu.aj	3290		1676f
fev	יַעֲקֹ֫בָה	yaʿăqōbâ	Np	Jaakobah			p.eu.ak	3291		
few	יַעֲקָן	yaʿăqān	Np	Jaakan. Compare			p.ey.ad	3292		
fex	יַ֫עַר	yaʿar	N	honeycomb	sub		j.cm.ab	3293	b	889a
fey	יַ֫עַר	yaʿar	N	wood	sub		j.cl.ab	3293	a	888a
fez	יַ֫עַר	yaʿar	N	wood	sub		j.cl.ab	3264		888a
ffa	יער	yʿr			main	יער	j.cl.aa			888
ffb	יער	yʿr			main	יער	j.cm.aa			889
ffc	יַעְרָה	yaʿrâ	N	honeycomb	sub		j.cm.ac	3295		889b
ffd	יַעְרָה	yaʿrâ	Np	Jarah			j.cm.ad	3294		
ffe	יַעֲרֵי אֹרְגִים	yaʿărê ʾōrĕgîm	Np	Jaare-oregim			j.cm.ae	3296		
fff	יְעָרִים	yĕʿārîm	Np	Jearim. Compare			j.cm.af	3297		
ffg	יַעֲרֶשְׁיָה	yaʿărešyâ	Np	Jaresiah	sub		p.fw.ab	3298		
ffh	יַעֲשָׂ֑י	yaʿăśāy	Np	Jaasau			p.fy.ae	3299		
ffi	יַעֲשִׂיאֵל	yaʿăśîʾēl	Np	Jaasiel			p.fy.af	3300		
ffj	יִפְדְּיָה	yipdĕyâ	Np	Iphedeiah			j.cm.ai	3301		
ffk	יָפֶה	yāpeh	A	fair	sub		j.cn.ab	3303		890a
ffl	יָפָה	yāpâ	V	be fair	main	יפה	j.cn.aa	3302		890
ffm	יְפֵה־פִיָּה	yĕpēh-pîyâ	A	pretty	sub		j.cn.ac	3304		890b
ffn	יָפוֹ	yāpô	Np	Japha			j.cn.af	3305		
ffo	יָפֵחַ	yāpēaḥ	A	breathing out	sub		j.co.ab	3307		891a
ffp	יָפַח	yāpaḥ	V	breathe	main	יפח	j.co.aa	3306		891
ffq	יֳפִי	yŏpî	N	beauty	sub		j.cn.ae	3308		890c
ffr	יָפִיעַ	yāpîaʿ	Np	Japhia			j.cp.ac	3309		
ffs	יַפְלֵט	yaplēṭ	Np	Japhlet			q.bo.al	3310		
fft	יַפְלֵטִי	yaplēṭî	Ag	Japhletite			q.bo.am	3311		
ffu	יְפֻנֶּה	yĕpunneh	Np	Jephunneh			q.bu.ag	3312		
ffv	יָפַע	yāpaʿ	V	shine out	main	יפע	j.cp.aa	3313		892
ffw	יִפְעָה	yipʿâ	N	brightness	sub		j.cp.ab	3314		892a
ffx	יֶ֫פֶת	yepet	Np	Japheth			q.dz.af	3315		
ffy	יִפְתָּח	yiptāḥ	Np	Jephthah			q.ea.ag	3316		
ffz	יִפְתַּח־אֵל	yiptaḥ-ʾēl	Np	Jiphthah-el			q.ea.ah	3317		
fga	יָצָא	yāṣāʾ	V	go out	main	יצא	j.cq.aa	3318		893
fgb	יָצַב	yāṣab	V	set oneself	main	יצב	j.cr.aa	3320		894
fgc	יָצַג	yāṣag	V	set	main	יצג	j.cs.aa	3322		895
fgd	יִצְהָר	yiṣhār	N	fresh oil	sub		r.av.ad	3323		1883c
fge	יִצְהָר	yiṣhār	Np	Izhar			r.av.af	3324		
fgf	יִצְהָרִי	yiṣhārî	Ag	Jitsharite			r.av.ag	3325		
fgg	יָצוּעַ	yāṣûaʿ	N	couch	sub		j.ct.ab	3326	a	896a
fgh	יִצְחָק	yiṣḥāq	Np	Isaac. Compare	sub		r.br.ac	3327		1905b
fgi	יִצְחַר	yiṣḥar	Np	and Zehoar (from the margin)			r.bs.ad	3328		
fgj	יָצִיא	yāṣîʾ	A	coming forth	sub		j.cq.ab	3329		893a
fgk	יָצִיעַ	yāṣîaʿ	N	flat surface	sub		j.ct.ac	3326	b	896b
fgl	יָצַע	yāṣaʿ	V	lay	main	יצע	j.ct.aa	3331		896
fgm	יָצַק	yāṣaq	V	pour	main	יצק	j.cu.aa	3332		897
fgn	יְצֻקָה	yĕṣuqâ	N	a casting	sub		j.cu.ab	3333		897a
fgo	יֵ֫צֶר	yēṣer	N	form	sub		j.cv.ab	3336		898a
fgp	יֵ֫צֶר	yēṣer	Np	Jezer			j.cv.ac	3337		
fgq	יָצַר	yāṣar	V	form	main	יצר	j.cv.aa	3335		898
fgr	יָצַר	yāṣar	V	bind	sub		r.dz.aa	3334		1973
fgs	יִצְרִי	yiṣrî	Np	Jezerites			j.cv.ad	3340		
fgt	יִצְרִי	yiṣrî	Np	Isri			j.cv.ad	3339		
fgu	יְצֻרִים	yĕṣurîm	N	forms	sub		j.cv.ae	3338		898b
fgv	יָצַת	yāṣat	V	kindle	main	יצת	j.cw.aa	3341		899
fgw	יֶ֫קֶב	yeqeb	N	wine-vat	sub		j.cx.ab	3342		900a
fgx	יקב	yqb			main	יקב	j.cx.aa			900
fgy	יְקַבְצְאֵל	yĕqabṣĕʾēl	Np	Jekabzeel. Compare			s.ag.ad	3343		
fgz	יָקַד	yāqad	V	be kindled	main	יקד	j.cy.aa	3344		901
fha	יׇקְדְעָם	yoqdĕʿām	Np	Jokdeam			j.cy.ae	3347		
fhb	יָקֶה	yāqeh	Np	Jakeh			j.cz.ab	3348		
fhc	יקה	yqh			main	יקה	j.cz.aa			
fhd	יקהּ	yqh			main	יקה	j.da.aa			902
fhe	יִקְּהָה	yiqqĕhâ	N	obedience	sub		j.da.ab	3349		902a
fhf	יְקוֹד	yĕqôd	N	a burning	sub		j.cy.ab	3350		901a
fhg	יְקוּם	yĕqûm	N	substance	sub		s.av.ai	3351		1999f
fhh	יָקוֹשׁ	yāqôš	N	bait-layer	sub		j.de.ab	3352		906a
fhi	יָקוּשׁ	yāqûš	N	entangled	sub		j.de.ac	3353		906b
fhj	יְקוּתִיאֵל	yĕqûtîʾēl	Np	Jekuthiel			j.cz.ac	3354		
fhk	יׇקְטָן	yoqṭān	Np	Joktan			j.da.af	3355		
fhl	יָקִים	yāqîm	Np	Jakim. Compare			s.av.aj	3356		
fhm	יַקִּיר	yaqqîr	A	very precious	sub		j.dd.ad	3357		905c
fhn	יְקַמְיָה	yĕqamyâ	Np	Jekamiah. Compare			s.av.an	3359		
fho	יְקַמְעָם	yĕqamʿām	Np	Jekameam. Compare			s.av.ao	3360		
fhp	יׇקְמְעָם	yoqmĕʿām	Np	Jokmeam. Compare			s.av.ap	3361		
fhq	יׇקְנְעָם	yoqnĕʿām	Np	Jokneam			j.da.ag	3362		
fhr	יָקַע	yāqaʿ	V	be dislocated	main	יקע	j.db.aa	3363		903
fhs	יָקַץ	yāqaṣ	V	awake	main	יקץ	j.dc.aa	3364		904
fht	יְקָר	yĕqār	N	preciousness	sub		j.dd.ac	3366		905b
fhu	יָקַר	yāqar	V	be precious	main	יקר	j.dd.aa	3365		905
fhv	יָקָר	yāqār	A	precious	sub		j.dd.ab	3368		905a
fhw	יָקֹשׁ	yāqōš	V	lay a bait	main	יקשׁ	j.de.aa	3369		906
fhx	יׇקְשָׁן	yoqšān	Np	Jokshan			j.de.ae	3370		
fhy	יׇקְתְאֵל	yoqtĕʾēl	Np	Joktheel			j.de.af	3371		
fhz	יָרֵא	yārēʾ	V	fear	main	ירא	j.df.aa	3372		907
fia	יָרֵא	yārēʾ	A	fearing	sub		j.df.ab	3373		907a
fib	יָרָא	yārāʾ	V	shoot	main	ירא	j.dg.aa	3384	a	908
fic	יִרְאָה	yirʾâ	N	fear	sub		j.df.ac	3374		907b
fid	יִרְאוֹן	yirʾôn	Np	Iron			j.df.ad	3375		
fie	יִרְאִיָּיה	yirʾîyāyh	Np	Irijah			t.ab.an	3376		
fif	יָרֵב	yārēb	N	Jareb	sub		t.cm.ad	3377		
fig	יְרֻבַּ֫עַל	yĕrubbaʿal	Np	Jerubbaal			t.cm.aj	3378		
fih	יָֽרָבְעָם	yārābĕʿām	Np	Jeroboam			t.ae.aj	3379		
fii	יְרֻבֶּשֶׁת	yĕrubbešet	Np	Jerubbesheth			t.cm.aj	3380		
fij	יֶ֫רֶד	yered	Np	Jared			j.dh.ab	3382		
fik	יָרַד	yārad	V	come down	main	ירד	j.dh.aa	3381		909
fil	יַרְדֵּן	yardēn	Np	Jordan			j.dh.ad	3383		
fim	יָרַהּ	yārah			main	ירה	j.dj.aa			911
fin	יָרָה	yārâ	V	throw	main	ירה	j.di.aa	3384	b	910
fio	יְרוּאֵל	yĕrûʾēl	Np	Jeruel			j.di.ah	3385		
fip	יָרוֹחַ	yārôaḥ	Np	Jaroah			j.dk.ae	3386		
fiq	יָרוֹק	yārôq	N	green thing	sub		j.do.ae	3387		918c
fir	יְרוּשָׁא	yĕrûšāʾ	Np	Jerusha			j.dq.ac	3388		
fis	יְרוּשָׁלִַ֫͏ם	yĕrûšālaim	Np	Jerusalem	single		j.dj.ab	3389		912
fit	יֶ֫רַח	yeraḥ	Np	Jerah			j.dk.ad	3392		
fiu	יֶ֫רַח	yeraḥ	N	month	sub		j.dk.ac	3391		913b
fiv	יָרֵחַ	yārēaḥ	N	moon	sub		j.dk.ab	3394		913a
fiw	ירח	yrḥ			main	ירח	j.dk.aa			913
fix	יְרֹחָם	yĕrōḥām	Np	Jeroham			t.bz.aj	3395		
fiy	יְרַחְמְאֵל	yĕraḥmĕʾēl	Np	Jerahmeel			t.bz.ak	3396		
fiz	יְרַחְמְאֵלִי	yĕraḥmĕʾēlî	A	the Negeb of the Yeraḥmeelites			t.bz.al	3397		
fja	יַרְחָע	yarḥāʿ	Np	Jarha			j.dk.ah	3398		
fjb	יָרַט	yāraṭ	V	be precipitate	main	ירט	j.dl.aa	3399	a	914
fjc	יְרִיאֵל	yĕrîʾēl	Np	Jeriel. Compare			j.di.ai	3400		
fjd	יָרִיב	yārîb	N	opponent	sub		t.cm.ae	3401		2159b
fje	יָרִיב	yārîb	Np	Jarib			t.cm.af	3402		
fjf	יְרִיבַי	yĕrîbay	Np	Jeribai			t.cm.ag	3403		
fjg	יְרִיָּהוּ	yĕrîyāhû	Np	Jeriah			j.di.aj	3404		
fjh	יְרִיחוֹ	yĕrîḥô	Np	Jericho	single		j.dl.ab	3405		915
fji	יְרֵימוֹת	yĕrêmôt	Np	Jermoth			j.dm.af	3406		
fjj	יְרִיעָה	yĕrîʿâ	N	curtain	sub		j.dn.ab	3407		917a
fjk	יְרִיעוֹת	yĕrîʿôt	Np	Jerioth			j.dn.ac	3408		
fjl	יָרֵךְ	yārēk	N	thigh	sub		j.dm.ab	3409		916a
fjm	ירך	yrk			main	ירך	j.dm.aa			916
fjn	יַרְכָה	yarkâ	N	flank	sub		j.dm.ac	3411		916b
fjo	יַרְמוּת	yarmût	Np	Jarmuth			j.dm.ad	3412		
fjp	יְרֵמַי	yĕrēmay	Np	Jeremai			j.dm.ae	3413		
fjq	יִרְמְיָ֫הוּ	yirmĕyāhû	Np	Jeremiah			t.cx.ac	3414		
fjr	יָרַע	yāraʿ	V	quiver	main	ירע	j.dn.aa	3415		917
fjs	יִרְפְּאֵל	yirpĕʾēl	Np	Irpeel			t.dv.al	3416		
fjt	יֶ֫רֶק	yereq	N	green	sub		j.do.ab	3418		918a
fju	יָרַק	yāraq	V	spit	main	ירק	j.dp.aa	3417		919
fjv	יָרָק	yārāq	N	herbs	sub		j.do.ac	3419		918b
fjw	ירק	yrq			main	ירק	j.do.aa			918
fjx	יֵרָקוֹן	yērāqôn	N	mildew	sub		j.do.af	3420		918d
fjy	יׇרְקְעָ֑ם	yorqĕʿām	Np	Jorkeam			j.do.ah	3421		
fjz	יְרַקְרַק	yĕraqraq	A	greenish	sub		j.do.ag	3422		918e
fka	יָרַשׁ	yāraš	V	take possession of	main	ירשׁ	j.dq.aa	3423		920
fkb	יְרֵשָׁה	yĕrēšâ	N	a possession	sub		j.dq.ab	3424		920a
fkc	יְרֻשָּׁה	yĕruššâ	N	a possession	sub		j.dq.ad	3425		920b
fkd	יֵשׁ	yēš	T	being	sub		j.dr.ae	3426		921
fke	יָשַׁב	yāšab	V	sit	main	ישׁב	j.ds.aa	3427		922
fkf	יֹשֵׁב בַּשֶּׁ֫בֶת	yōšēb baššebet	Np	that sat in the seat			j.ds.ae	3429		
fkg	יֶֽשֶׁבְאָב	yešebʾāb	Np	Jeshebeab			j.ds.ad	3428		
fkh	יִשְׁבּוֹ בְּנֹב	yišbô bĕnōb	Np	Ishbi-benob (from the margin)			j.ds.af	3430		
fki	יִשְׁבַּח	yišbaḥ	Np	Ishbah			v.aq.ab	3431		
fkj	יָשֻׁבִי	yāšubî	Ag	Jashubite			v.bn.ah	3432		
fkk	יָשֻׁ֫בִי לָ֑חֶם	yāšubî lāḥem	Np	Jashubi-lehem			v.bn.ai	3433		
fkl	יָשׇׁבְעָם	yāšobʿām	Np	Jashobeam			v.bn.aj	3434		
fkm	יִשְׁבָּק	yišbāq	Np	Ishbak	sub		v.ax.ac	3435		
fkn	יׇשְׁבְּקָ֫שָׁה	yošbĕqāšâ	Np	Joshbekashah			j.ds.ag	3436		
fko	ישׁה	yšh			main	ישׁה	j.dt.aa			923
fkp	יָשׁוּב	yāšûb	Np	Jashub			v.bn.ag	3437		
fkq	יִשְׁוָה	yišwâ	Np	Ishvah			v.bp.ad	3438		
fkr	יְשׁוֹחָיָה	yĕšôḥāyâ	Np	Jeshoaiah			v.ch.ac	3439		
fks	יִשְׁוִי	yišwî	Ag	Jishvite			v.bp.af	3441		
fkt	יִשְׁוִי	yišwî	Np	Ishuai			v.bp.ae	3440		
fku	יֵשׁוּעַ	yēšûaʿ	Np	Jeshua			e.az.az	3442		
fkv	יְשׁוּעָה	yĕšûʿâ	N	salvation	sub		j.dy.ac	3444		929b
fkw	יֶ֫שַׁח	yešaḥ	N	emptiness	sub		j.du.ab	3445		924
fkx	ישׁח	yšḥ			main	ישׁח	j.du.aa			
fky	יִשְׂחָק	yiśḥāq	Np	Isaac. Compare	sub		r.br.ac	3446		1905e
fkz	יָשַׁט	yāšaṭ	V	extend	main	ישׁט	j.dv.aa	3447		925
fla	יִשַׁי	yišay	Np	Jesse	single		j.dv.ab	3448		926
flb	יִשִּׁיָּהוּ	yiššîyāhû	Np	Ishiah			n.fu.ac	3449		
flc	יְשִׁימִאֵל	yĕšîmiʾēl	Np	Jesimael			u.ap.ab	3450		
fld	יְשִׁימָה	yĕšîmâ	N	desolation	sub		j.dw.ab	3451		927a
fle	יְשִׁימוֹן	yĕšîmôn	N	waste	sub		j.dw.ac	3452		927b
flf	יָשִׁישׁ	yāšîš	A	aged	sub		j.ea.ac	3453		931b
flg	יְשִׁישַׁי	yĕšîšay	Np	Jeshishai			j.ea.ad	3454		
flh	יָשַׁם	yāšam	V	be desolate	main	ישׁם	j.dw.aa	3456		927
fli	יָשַׂם	yāśam	V	place	main	ישׂם	j.dr.aa	3455		
flj	יִשְׁמָא	yišmāʾ	Np	Ishma			j.dw.ad	3457		
flk	יִשְׁמָעֵאל	yišmāʿēʾl	Np	Ishmael			v.ed.au	3458		
fll	יִשְׁמְעֵאלִי	yišmĕʿēʾlî	Ag	Ishmaelites			v.ed.av	3459		
flm	יִשְׁמַעְיָ֫הוּ	yišmaʿyāhû	Np	Ishmaiah			v.ed.aw	3460		
fln	יִשְׁמְרַי	yišmĕray	Np	Ishmerai			v.ef.aq	3461		
flo	יָשֵׁן	yāšēn	Np	Jashen			j.dx.ac	3464		
flp	יָשֵׁן	yāšēn	V	sleep	main	ישׁן	j.dx.aa	3462		928
flq	יָשֵׁן	yāšēn	A	sleeping	sub		j.dx.ab	3463		928a
flr	יָשָׁן	yāšān	A	old	sub		j.dx.ad	3465		928b
fls	יְשָׁנָה	yĕšānâ	Np	Jeshanah			j.dx.ae	3466		
flt	יֵ֫שַׁע	yēšaʿ	N	deliverance	sub		j.dy.ab	3468		929a
flu	יָשַׁע	yāšaʿ	V	deliver	main	ישׁע	j.dy.aa	3467		929
flv	יִשְׁעִי	yišʿî	Np	Ishi			j.dy.ah	3469		
flw	יְשַׁעְיָה	yĕšaʿyâ	Np	Isaiah			j.dy.aj	3470	b	
flx	יְשַׁעְיָ֫הוּ	yĕšaʿyāhû	Np	Isaiah			j.dy.ai	3470	a	
fly	יִשְׁפָּה	yišpâ	Np	Ispah			v.fd.af	3472		
flz	יָֽשְׁפֶה	yāšĕpeh	N	jasper	single		j.dy.ar	3471		929.1
fma	יִשְׁפָּן	yišpān	Np	Ishpan			v.fj.ae	3473		
fmb	יֶ֫שֶׁר	yešer	Np	Jesher			j.dz.ad	3475		
fmc	יָשַׁר	yāšar	V	be smooth	main	ישׁר	j.dz.aa	3474		930
fmd	יָשָׁר	yāšār	A	straight	sub		j.dz.ab	3477		930a
fme	יֹ֫שֶׁר	yōšer	N	straightness	sub		j.dz.ac	3476		930b
fmf	יִשְׂרָאֵל	yiśrāʾēl	Np	Israel	sub		u.ce.ab	3478		2287a
fmg	יְשַׂרְאֵ֫לָה	yĕśarʾēlâ	Np	Jesharelah			j.dr.ac	3480		
fmh	יִשְׂרְאֵלִי	yiśrĕʾēlî	A	a Jisreelite			u.ce.ac	3481		
fmi	יִשְׂרְאֵלִית	yiśrĕʾēlît	Ag	Jisreelitess			u.ce.ac	3482		
fmj	יְשָׁרָה	yĕšārâ	N	uprightness	sub		j.dz.ae	3483		930c
fmk	יְשֻׁרוּן	yĕšurûn	Np	Jeshurun	sub		j.dz.af	3484		930d
fml	יָשֵׁשׁ	yāšēš	A	aged	sub		j.ea.ab	3486		931a
fmm	ישׁשׁ	yšš			main	ישׁשׁ	j.ea.aa			931
fmn	יִשָּׂשכָר	yiśśāśkār	Np	Issachar			j.dr.ad	3485		
fmo	יָתֵד	yātēd	N	pin	sub		j.eb.ab	3489		932a
fmp	יתד	ytd			main	יתד	j.eb.aa			932
fmq	יָתוֹם	yātôm	N	orphan	sub		j.ed.ab	3490		934a
fmr	יְתוּר	yĕtûr	N	searching	sub		w.al.ac	3491		2500b
fms	יתח	ytḥ			main	יתח	j.ec.aa			933
fmt	יַתִּיר	yattîr	Np	Jattir			j.ef.aq	3492		
fmu	יִתְלָה	yitlâ	Np	Jethlah			w.as.ad	3494		
fmv	יתם	ytm			main	יתם	j.ed.aa			934
fmw	יִתְמָה	yitmâ	Np	Ithmah			j.ed.ac	3495		
fmx	יתן	ytn			main	יתן	j.ee.aa			935
fmy	יַתְנִיאֵל	yatnîʾēl	Np	Jathniel			w.bb.ac	3496		
fmz	יִתְנָ֑ן	yitnān	Np	Ithnan			j.ee.ae	3497		
fna	יֶ֫תֶר	yeter	N	remainder	sub		j.ef.ac	3499	a	936a
fnb	יֶ֫תֶר	yeter	N	cord	sub		j.ef.ad	3499	b	936b
fnc	יֶ֫תֶר	yeter	Np	Jether			j.ef.ae	3500		
fnd	יָתַר	yātar	V	remain over	main	יתר	j.ef.aa	3498		936
fne	יִתְרָא	yitrāʾ	Np	Ithra			j.ef.af	3501		
fnf	יִתְרָה	yitrâ	N	abundance	sub		j.ef.ag	3502		936c
fng	יִתְרוֹ	yitrô	Np	Jethro. Compare			j.ef.ah	3503		
fnh	יִתְרוֹן	yitrôn	N	advantage	sub		j.ef.al	3504		936f
fni	יִתְרִי	yitrî	Ag	Jithrite			j.ef.ai	3505		
fnj	יִתְרָן	yitrān	Np	Ithran			j.ef.am	3506		
fnk	יִתְרְעָם	yitrĕʿām	Np	Ithream			j.ef.ar	3507		
fnl	יֹתֶ֫רֶת	yōteret	N	appendage	sub		j.ef.ak	3508		936e
fnm	יְתֵת	yĕtēt	Np	Jetheth			j.ef.as	3509		
fnn	כ	k			main		k.aa.aa			
fno	כְּ	kĕ			main		k.ab.aa			937
fnp	כְּ	kĕ	R	like	sub		k.ab.aa	k		937
fnq	כְּאֵב	kĕʾēb	N	pain	sub		k.ac.ab	3511		940a
fnr	כָּאַב	kāʾab	V	be in pain	main	כאב	k.ac.aa	3510		940
fns	כָּאֶה	kāʾeh	A	cowed	sub		k.ad.ab	3512	b	941a
fnt	כָּאָה	kāʾâ	V	be disheartened	main	כאה	k.ad.aa	3512	a	941
fnu	כַּאֲשֶׁר	kaʾăšer	T	according as	single		k.ab.ab	834	d	939
fnv	כבב	kbb			main	כבב	k.ae.aa			942
fnw	כָּבֵד	kābēd	V	be heavy	main	כבד	k.af.aa	3513		943
fnx	כָּבֵד	kābēd	N	liver	sub		k.af.ac	3516		943b
fny	כָּבֵד	kābēd	A	heavy	sub		k.af.ab	3515		943a
fnz	כֹּ֫בֶד	kōbed	N	weight	sub		k.af.ad	3514		943c
foa	כְּבֵדֻת	kĕbēdut	N	heaviness	sub		k.af.ah	3517		943g
fob	כָּבָה	kābâ	V	be quenched	main	כבה	k.ag.aa	3518		944
foc	כָּבוֹד	kābôd	N	abundance	sub		k.af.af	3519		943e
fod	כָּבוֹד	kābôd	A	glorious	sub		k.af.ae	3520	a	943d
foe	כְּבוּדָּ֯ה	kĕbûddâ	N	abundance	sub		k.af.ag	3520	b	943f
fof	כָּבוּל	kābûl	Np	Cabul			k.ag.ab	3521		
fog	כַּבּוֹן	kabbôn	Np	Cabbon			k.ai.ab	3522		
foh	כַּבִּיר	kabbîr	A	great	sub		k.ak.ab	3524		947a
foi	כָּבִיר	kābîr	N	netted	sub		k.al.ab	3523		948a
foj	כֶּ֫בֶל	kebel	N	fetter	sub		k.ah.ab	3525		945a
fok	כבל	kbl			main	כבל	k.ah.aa			945
fol	כבן	kbn			main	כבן	k.ai.aa			
fom	כָּבַס	kābas	V	tread	main	כבס	k.aj.aa	3526		946
fon	כְּבָר	kĕbār	Np	Chebar. Compare	sub		k.ak.ae	3529		947d
foo	כְּבָר	kĕbār	D	already	sub		k.ak.ad	3528		947c
fop	כָּבַר	kābar	V	be much	main	כבר	k.ak.aa	3527		947
foq	כבר	kbr			main	כבר	k.al.aa			948
for	כְּבָרָה	kĕbārâ	N	a sieve	sub		k.al.ac	3531		948b
fos	כִּבְרָה	kibrâ	N	distance	sub		k.ak.ac	3530		947b
fot	כֶּ֫בֶשׁ	kebeš	N	footstool	sub		k.am.ab	3534		951a
fou	כֶּ֫בֶשׂ	kebeś	N	lamb	main		k.al.af	3532		949
fov	כָּבַשׁ	kābaš	V	subdue	main	כבשׁ	k.am.aa	3533		951
fow	כבשׂ	kbś								
fox	כִּבְשָׂה	kibśâ	N	ewe-lamb	sub		k.al.ag	3535		950
foy	כִּבְשָׁן	kibšān	N	kiln	single		k.am.ac	3536		952
foz	כַּד	kad	N	jar	sub		k.an.ab	3537		953a
fpa	כדד	kdd			main	כדד	k.an.aa			953
fpb	כַּדּוּר	kaddûr	N	ball	single		k.ao.ac	1754	b	418a
fpc	כַּדְכֹּד	kadkōd	N	ruby	sub		k.an.ad	3539		953c
fpd	כדר	kdr			main	כדר	k.ao.aa			954
fpe	כְּדׇרְלָעֹמֶר	kĕdorlāʿōmer	Np	Chedorlaomer			k.ao.ad	3540		
fpf	כֹּה	kōh	D	thus	main		k.ap.aa	3541		955
fpg	כֵּהֶה	kēheh	A	dim	sub		k.aq.ab	3544		957a
fph	כֵּהָה	kēhâ	N	dimming	sub		k.aq.ac	3545		957b
fpi	כָּהָה	kāhâ	V	rebuke	main	כהה	k.ar.aa	3543	b	958
fpj	כָּהָה	kāhâ	V	be dim	main	כהה	k.aq.aa	3543	a	957
fpk	כָּהַן	kāhan	V	act as priest	sub		k.as.ac	3547		959
fpl	כֹּהֵן	kōhēn	N	priest	sub		k.as.ab	3548		959a
fpm	כהן	khn			main	כהן	k.as.aa			
fpn	כְּהֻנָּה	kĕhunnâ	N	priesthood	sub		k.as.ad	3550		959b
fpo	כּוּב	kûb	Np	Chub			k.as.ae	3552		
fpp	כּוֹבַע	kôbaʿ	N	helmet	single		k.as.af	3553		960
fpq	כָּוָה	kāwâ	V	burn	main	כוה	k.at.aa	3554		961
fpr	כְּוִיָּה	kĕwîyâ	N	branding	sub		k.at.ac	3555		961b
fps	כּוֹכָב	kôkāb	N	star	sub		k.ae.ab	3556		942a
fpt	כּוּל	kûl	V	comprehend	main	כול	k.au.aa	3557		962
fpu	כום	kwm			main	כום	k.av.aa			963
fpv	כּוּמָז	kûmāz	N	jewel	sub		k.br.ab	3558		990a
fpw	כַּוָּן	kawwān	N	cake	sub		k.aw.al	3561		964f
fpx	כּוּן	kûn	Np	Chun			k.aw.ac	3560		
fpy	כּוּן	kûn	V	be firm	main	כון	k.aw.aa	3559	a	964
fpz	כון	kwn								
fqa	כּוֹנַנְיָ֫הוּ	kônanyāhû	Np	Conaniah			k.aw.ad	3562		
fqb	כּוֹס	kôs	N	owl	single		k.aw.an	3563	b	966
fqc	כּוֹס	kôs	N	cup	single		k.aw.am	3563	a	965
fqd	כּוּר	kûr	N	smelting-pot	sub		k.ax.ac	3564		967b
fqe	כוּר	kûr	V	bore	main	כור	k.ay.aa	3738	a	968
fqf	כור	kwr			main	כור	k.ax.aa			967
fqg	כּ֫וֹרֶשׁ	kôreš	Np	Cyrus			k.ay.ad	3566		
fqh	כּוּשׁ	kûš	Np	Cush	main	כושׁ	k.az.aa	3568	a	969
fqi	כּוּשׁ	kûš	Np	Cush	main	כושׁ	k.az.ab	3568	b	
fqj	כּוּשִׁי	kûšî	Np	Cushi			k.az.ad	3570		
fqk	כּוּשִׁי	kûšî	A	Cushite	sub		k.az.ac	3569		969a
fql	כּוּשִׁית	kûšît	A	a Cushite woman	sub		k.az.ac	3571		969a
fqm	כּוּשָׁן	kûšān	Np	Cushan			k.az.ae	3572		
fqn	כּוּשַׁן רִשְׁעָתַ֫יִם	kûšan rišʿātayim	Np	Chushan-rishathayim			k.az.af	3573		
fqo	כּוֹשָׁרָה	kôšārâ	N	prosperity	sub		k.dm.ac	3574		1052a
fqp	כּוּתָה	kûtâ	Np	Cuth			k.az.ah	3575		
fqq	כָּזַב	kāzab	V	lie	main	כזב	k.ba.aa	3576		970
fqr	כָּזָב	kāzāb	N	lie	sub		k.ba.ab	3577		970a
fqs	כֹּֽזֵבָ֗א	kōzēbāʾ	Np	Choseba			k.ba.ad	3578		
fqt	כָּזְבִי	kāzĕbî	Np	Cozbi			k.ba.ae	3579		
fqu	כְּזִיב	kĕzîb	Np	Chezib			k.ba.ac	3580		
fqv	כזר	kzr			main	כזר	k.bb.aa			971
fqw	כֹּחַ	kōaḥ	N	chameleon	single		k.bb.ae	3581	a	971.1
fqx	כֹּחַ	kōaḥ	N	strength	sub		k.bd.ab	3581	b	973a
fqy	כָּחַד	kāḥad	V	hide	main	כחד	k.bc.aa	3582		972
fqz	כחח	kḥḥ			main	כחח	k.bd.aa			973
fra	כָּחַל	kāḥal	V	paint	main	כחל	k.be.aa	3583		974
frb	כֶּחָשׁ	keḥāš	A	deceptive	sub		k.bf.ac	3586		975b
frc	כַּ֫חַשׁ	kaḥaš	N	lying	sub		k.bf.ab	3585		975a
frd	כָּחַשׁ	kāḥaš	V	be disappointing	main	כחשׁ	k.bf.aa	3584		975
fre	כִּי	kî	N	burning	sub		k.at.ab	3587		961a
frf	כִּי	kî	C	that	main		k.bg.aa	3588	a	976
frg	כִּי אם־		C	relative conjunction	sub		k.bg.ab	3588	b	976
frh	כִּי אם־		T	that if			k.bg.ab	518	b	111
fri	כִּי עַל כֵּן	kî ʿal kēn	D	forasmuch as			k.bg.ac	3651	b	
frj	כִּי עַל כֵּן	kî ʿal kēn	R	forasmuch as			k.bg.ac	5921	b	1624p
frk	כִּי עַל כֵּן	kî ʿal kēn	C	forasmuch as	sub		k.bg.ac	3588	c	976
frl	כִּיד	kîd	N	his misfortune	single		k.bg.ae	3589		977a
frm	כיד	kyd			main	כיד	k.bh.aa			977
frn	כִּידוֹד	kîdôd	N	spark	sub		k.an.ac	3590		953b
fro	כִּידוֹן	kîdôn	N	dart	sub		k.bh.ab	3591		977b
frp	כִּידוֹר	kîdôr	N	onset	sub		k.ao.ab	3593		954a
frq	כִּידֹן	kîdōn	Np	Chidon			k.bh.ac	3592		
frr	כִּיּוּן	kîyûn	Np	Chiun	single		k.bh.af	3594		978
frs	כִּילַי	kîlay	N	knave	sub		n.dm.ac	3596		1366b
frt	כֵּילַפּוֹת	kêlappôt	N	axe	single		k.bh.ai	3597		978.1
fru	כִּימָה	kîmâ	N	Pleiades	sub		k.av.ab	3598		963a
frv	כִּיס	kîs	N	bag	single		k.bh.ak	3599		979
frw	כִּיֹּר	kîyōr	N	pot	sub		k.ax.af	3595		967d
frx	כִּיר	kîr	N	cooking-furnace	sub		k.ax.ae	3600		967c
fry	כִּישׁוֹר	kîšôr	N	distaff	sub		k.dm.ad	3601		1052c
frz	כָּ֫כָה	kākâ	D	thus	single		k.ap.ab	3602		956
fsa	כִּכָּר	kikkār	N	a round			k.df.ad	3603		
fsb	כֹּל	kōl	N	the whole	sub		k.bn.ab	3605		985a
fsc	כֶּ֫לֶא	keleʾ	N	confinement	sub		k.bi.ab	3608		980a
fsd	כָּלָא	kālāʾ	V	shut up	main	כלא	k.bi.aa	3607		980
fse	כִּלְאָב	kilʾāb	Np	Chileab			k.bi.af	3609		
fsf	כִּלְאַיִם	kilʾayim	N	two kinds	sub		k.bi.ae	3610		980d
fsg	כֶּ֫לֶב	keleb	N	dog	sub		k.bj.ab	3611		981a
fsh	כָּלֵב	kālēb	Np	Caleb			k.bj.ac	3612		
fsi	כלב	klb			main	כלב	k.bj.aa			981
fsj	כָּלֵב אֶפְרָתָה	kālēb ʾeprātâ	Np	Caleb-ephrathah			a.fh.ag	3613		
fsk	כָּלִבִּי	kālibbî	Ag	Calebite			k.bj.ad	3614		
fsl	כַּלָּה	kallâ	N	daughter-in-law	sub		k.bo.ab	3618		986a
fsm	כָּלֶה	kāleh	A	failing	sub		k.bk.ac	3616		982b
fsn	כָּלָה	kālâ	V	be complete	main	כלה	k.bk.aa	3615		982
fso	כָּלָה	kālâ	N	completion	sub		k.bk.ab	3617		982a
fsp	כלה	klh			main	כלה	k.bl.aa			983
fsq	כְּלוּב	kĕlûb	Np	Chelub			k.bj.ae	3620		
fsr	כְּלוּב	kĕlûb	N	basket	sub		k.bj.ag	3619		981b
fss	כְּלוּבָ֑י	kĕlûbāy	Np	Chelubai			k.bj.af	3621		
fst	כְּלוּהוּ	kĕlûhû	Np	Chelluh			k.bk.ad	3622		
fsu	כְּלוּלָה	kĕlûlâ	N	betrothal	sub		k.bo.ac	3623		986b
fsv	כֶּ֫לַח	kelaḥ	N	firm strength	sub		k.bm.ab	3624		984a
fsw	כֶּ֫לַח	kelaḥ	Np	Calah			k.bm.ac	3625		
fsx	כלח	klḥ			main	כלח	k.bm.aa			984
fsy	כׇּל־חֹזֶה	kol-ḥōzeh	Np	Col-hozeh			k.bm.ad	3626		
fsz	כְּלִי	kĕlî	N	article	sub		k.bk.aj	3627		982g
fta	כְּלִיא	kĕlîʾ	N	prison	sub		k.bi.ac	3628		980b
ftb	כִּלְיָה	kilyâ	N	kidneys	sub		k.bl.ab	3629		983a
ftc	כִּלְיוֹן	kilyôn	Np	Chilion			k.bk.af	3630		
ftd	כִּלָּיוֹן	killāyôn	N	failing	sub		k.bk.ae	3631		982c
fte	כָּלִיל	kālîl	A	entire	sub		k.bn.ac	3632		985b
ftf	כַּלְכֹּל	kalkōl	Np	Calcol			k.au.ab	3633		
ftg	כְּלָ֑ל	kĕlāl	Np	Chelal			k.bo.ad	3636		
fth	כָּלַל	kālal	V	complete	main	כלל	k.bn.aa	3634		985
fti	כלל	kll			main	כלל	k.bo.aa			986
ftj	כָּלַם	kālam	V	be humiliated	main	כלם	k.bp.aa	3637		987
ftk	כִּלְמָד	kilmād	Np	Chilmad			k.bp.ad	3638		
ftl	כְּלִמָּה	kĕlimmâ	N	insult	sub		k.bp.ab	3639		987a
ftm	כְּלִמּוּת	kĕlimmût	N	ignominy	sub		k.bp.ac	3640		987b
ftn	כַּלְנֵ֑ה	kalnēh	Np	Calneh			k.bp.ae	3641	a	
fto	כַּלְנֶה	kalneh	Np	Calneh			k.bp.af	3641	b	
ftp	כָּמַהּ	kāmah	V	faint	main	כמה	k.bq.aa	3642		988
ftq	כִּמְהָם	kimhām	Np	Chimham			k.bq.ab	3643		
ftr	כְּמוֹ	kĕmô	D	like	single		k.ab.ac	3644		938
fts	כְּמוֹשׁ	kĕmôš	Np	Chemosh	single		k.bq.ag	3645		989
ftt	כמז	kmz			main	כמז	k.br.aa			990
ftu	כַּמֹּן	kammōn	N	cummin	sub		k.bs.ac	3646		991b
ftv	כמן	kmn			main	כמן	k.bs.aa			991
ftw	כָּמַס	kāmas	V	store up	main	כמס	k.bt.aa	3647		992
ftx	כָּמַר	kāmar	V	grow warm	main	כמר	k.bu.aa	3648		993
fty	כֹּ֫מֶר	kōmer	N	idol-	single		k.bw.af	3649		996
ftz	כמר	kmr			main	כמר	k.bw.aa			995
fua	כמר	kmr			main	כמר	k.bv.aa			994
fub	כִּמְרִיר	kimrîr	N	darkness	sub		k.bv.ab	3650		994a
fuc	כמת	kmt			main	כמת	k.bx.aa			
fud	כֵּן	kēn	A	right	sub		k.aw.ab	3651	a	964a
fue	כֵּן	kēn	N	gnat	sub		k.cb.ab	3654		999a
fuf	כֵּן	kēn	N	base	sub		k.ca.ab	3653		998a
fug	כֵּן	kēn	D	so	main		k.by.aa	3651	c	964b
fuh	כַּנֶּה	kanneh	Np	Canneh			k.bz.ac	3656		
fui	כַּנָּה	kannâ	N	support	sub		k.cb.ac	3657		999b
fuj	כָּנָה	kānâ	V	betitle	main	כנה	k.bz.aa	3655		997
fuk	כִּנּוֹר	kinnôr	N	lyre	sub		k.cf.ab	3658		1004a
ful	כׇּנְיָהוּ	konyāhû	Np	Coniah			e.az.am	3659		
fum	כָּנַן	kānan	N	support	sub		k.cb.ac	3661		999b
fun	כנן	knn			main	כנן	k.cb.aa			999
fuo	כנן	knn			main	כנן	k.ca.aa			998
fup	כְּנָנִי	kĕnānî	Np	Chenani			k.ca.ad	3662		
fuq	כְּנַנְיָ֫הוּ	kĕnanyāhû	Np	Chenaniah			k.ca.ac	3663		
fur	כָּנַס	kānas	V	gather	main	כנס	k.cc.aa	3664		1000
fus	כָּנַע	kānaʿ	V	be humble	main	כנע	k.cd.aa	3665		1001
fut	כִּנְעָה	kinʿâ	N	bundle	sub		k.cd.ab	3666		1001a
fuu	כְּנַ֫עַן	kĕnaʿan	N	merchant	sub		k.cd.ad	3667	b	1002b
fuv	כְּנַ֫עַן	kĕnaʿan	Np	Canaan	main		k.cd.ac	3667	a	1002
fuw	כְּנַעֲנָה	kĕnaʿănâ	Np	Chenaanah			k.cd.ag	3668		
fux	כְּנַעֲנִי	kĕnaʿănî	N	Kenaanite	sub		k.cd.ae	3669	a	1002a
fuy	כְּנַעֲנִי	kĕnaʿănî	N	trader	sub		k.cd.af	3669	b	1002a
fuz	כָּנַף	kānap	V	be cornered	sub		k.ce.ac	3670		1003
fva	כָּנָף	kānāp	N	wing	sub		k.ce.ab	3671		1003a
fvb	כנף	knp			main	כנף	k.ce.aa			
fvc	כנר	knr			main	כנר	k.cf.aa			1004
fvd	כִּנֶּ֫רֶת	kinneret	Np	Chinnereth			k.cf.ac	3672		
fve	כְּנָת	kĕnāt	N	associate	single		k.cf.ad	3674		1005
fvf	כֵּס	kēs	N	seat	single		k.cf.ag	3676		1007
fvg	כִּסֵּא	kissēʾ	N	seat	single		k.cf.ag	3678		1007
fvh	כֶּ֫סֶא	keseʾ	N	full moon	single		k.cf.af	3677		1006
fvi	כָּסָה	kāsâ	V	cover	main	כסה	k.cg.aa	3680		1008
fvj	כסה	ksh			main	כסה	k.ch.aa			1009
fvk	כָּסוּי	kāsûy	N	covering	sub		k.cg.ab	3681		1008a
fvl	כְּסוּת	kĕsût	N	covering	sub		k.cg.ac	3682		1008b
fvm	כָּסַח	kāsaḥ	V	cut off	main	כסח	k.ci.aa	3683		1010
fvn	כְּסִיל	kĕsîl	Np	Chesil			k.cj.ag	3686		
fvo	כְּסִיל	kĕsîl	N	stupid fellow	sub		k.cj.ad	3684		1011c
fvp	כְּסִיל	kĕsîl	N	Orion	sub		k.cj.af	3685		1011e
fvq	כְּסִילוּת	kĕsîlût	N	stupidity	sub		k.cj.ae	3687		1011d
fvr	כֶּ֫סֶל	kesel	N	loins	sub		k.cj.ab	3689		1011a
fvs	כָּסַל	kāsal	V	be stupid	main	כסל	k.cj.aa	3688		1011
fvt	כִּסְלָה	kislâ	N	trust	sub		k.cj.ac	3690		1011b
fvu	כִּסְלֵו	kislēw	Np	Chisleu	single		k.cj.ak	3691		1012
fvv	כְּסָלוֹן	kĕsālôn	Np	Chesalon			k.cj.ah	3693		
fvw	כִּסְלוֹן	kislôn	Np	Chislon			k.cj.ai	3692		
fvx	כְּסֻלּוֹת	kĕsullôt	Np	Chesulloth			k.cj.aj	3694		
fvy	כַּסְלֻחִים	kasluḥîm	Np	Casluhim			k.cj.al	3695		
fvz	כִּסְלֹת תָּבֹר	kislōt tābōr	Np	Chisloth-tabor			k.cj.aj	3696		
fwa	כָּסַם	kāsam	V	shear	main	כסם	k.ck.aa	3697		1013
fwb	כֻּסֶּ֫מֶת	kussemet	N	spelt	sub		k.ck.ab	3698		1013a
fwc	כָּסַס	kāsas	V	compute	main	כסס	k.cl.aa	3699		1014
fwd	כֶּ֫סֶף	kesep	N	silver	sub		k.cm.ab	3701		1015a
fwe	כָּסַף	kāsap	V	long	main	כסף	k.cm.aa	3700		1015
fwf	כָּסִפְיָא	kāsipyāʾ	Np	Casiphia			k.cm.ac	3703		
fwg	כֶּ֫סֶת	keset	N	band	sub		k.ch.ab	3704		1009a
fwh	כַּ֫עַס	kaʿas	N	vexation	sub		k.cn.ab	3708	a	1016a
fwi	כָּעַס	kāʿas	V	be vexed	main	כעס	k.cn.aa	3707		1016
fwj	כַּ֫עַשׂ	kaʿaś	N	vexation	sub		k.cn.ac	3708	b	1016b
fwk	כֵּף	kēp	N	rock	single		k.cn.ae	3710		1017
fwl	כַּף	kap	N	hollow	sub		k.cs.ab	3709		1022a
fwm	כִּפָּה	kippâ	N	branch	sub		k.cs.ac	3712		1022b
fwn	כָּפָה	kāpâ	V	subdue	main	כפה	k.co.aa	3711		1018
fwo	כְּפוֹר	kĕpôr	N	bowl	sub		k.cw.ab	3713	a	1026a
fwp	כְּפוֹר	kĕpôr	N	hoar frost	sub		k.cw.ac	3713	b	1026b
fwq	כָּפִיס	kāpîs	N	rafter	sub		k.cr.ab	3714		1021a
fwr	כְּפִיר	kĕpîr	N	young lion	sub		k.cv.ab	3715	a	1025a
fws	כְּפִירָה	kĕpîrâ	Np	Chephirah			k.cv.ag	3716		
fwt	כְּפִירִים	kĕpîrîm	N	villages	sub		k.cv.ah	3715	b	1025d
fwu	כֶּ֫פֶל	kepel	N	the double	sub		k.cp.ab	3718		1019a
fwv	כָּפַל	kāpal	V	double	main	כפל	k.cp.aa	3717		1019
fww	כָּפַן	kāpan	V	be hungry	main	כפן	k.cq.aa	3719		1020
fwx	כָּפָן	kāpān	N	hunger	sub		k.cq.ab	3720		1020a
fwy	כפס	kps			main	כפס	k.cr.aa			1021
fwz	כָּפַף	kāpap	V	bend	main	כפף	k.cs.aa	3721		1022
fxa	כִּפֶּר	kipper	V	cover over	sub		k.ct.ac	3722	a	1023
fxb	כָּפַר	kāpar	V	and thou shalt pitch it with pitch	sub		k.cu.ac	3722	b	1024
fxc	כָּפָר	kāpār	N	village	sub		k.cv.ad	3723		1025c
fxd	כֹּ֫פֶר	kōper	N	pitch	sub		k.cu.ab	3724	b	1024a
fxe	כֹּ֫פֶר	kōper	N	El Ḥenna	sub		k.cv.ac	3724	c	1025b
fxf	כֹּפֶר	kōper	N	the price of a life	sub		k.ct.ab	3724	a	1023a
fxg	כֹּפֶר	kōper	N	village	sub		k.cv.ae	3724	d	1025d
fxh	כפר	kpr			main	כפר	k.cw.aa			1026
fxi	כפר	kpr			main	כפר	k.ct.aa			
fxj	כפר	kpr			main	כפר	k.cu.aa			
fxk	כפר	kpr			main	כפר	k.cv.aa			1025
fxl	כְּפַר הָעַמּוֹנִי	kĕpar hāʿammônî	N	village			k.cv.ad	3726		
fxm	כִּפֻּרִים	kippurîm	N	atonement	sub		k.ct.ad	3725		1023b
fxn	כַּפֹּרֶת	kappōret	N	propitiatory	sub		k.ct.ae	3727		1023c
fxo	כָּפַשׁ	kāpaš	V	make bent	main	כפשׁ	k.cx.aa	3728		1027
fxp	כַּפְתּוֹר	kaptôr	N	capital	single		k.cx.ab	3730		1029
fxq	כַּפְתּוֹר	kaptôr	Np	Caphtor	single		k.cx.ac	3731		1028
fxr	כַּפְתֹּרִי	kaptōrî	Ag	Cretans			k.cx.ad	3732		
fxs	כַּר	kar	N	pasture	single		k.cx.af	3733	b	1030
fxt	כַּר	kar	N	he-lamb	sub		k.df.ab	3733	c	1046a
fxu	כָּר	kār	N	basket-saddle	sub		k.ax.ab	3733	a	967a
fxv	כֹּר	kōr	N	kōr	single		k.cx.ag	3734	a	1031
fxw	כרבל	krbl	V	be-mantle	main	כבל	k.cx.ah	3736		1032
fxx	כֵּרָה	kērâ	N	a feast	sub		k.da.ab	3740		1035a
fxy	כָּרָה	kārâ	V	dig	main	כרה	k.cy.aa	3738	b	1033
fxz	כָּרָה	kārâ	N	cistern	sub		k.cy.ab	3741		1033a
fya	כָּרָה	kārâ	V	give a feast	main	כרה	k.da.aa	3739	b	1035
fyb	כָּרָה	kārâ	V	get by trade	main	כרה	k.cz.aa	3739	a	1034
fyc	כְּרוּב	kĕrûb	Np	Cherub	single		k.da.ac	3743		1036
fyd	כְּרוּב	kĕrûb	N	cherub	single		k.da.ac	3742		1036
fye	כָּרִי	kārî	Ag	Carian			k.da.ad	3746		
fyf	כְּרִית	kĕrît	Np	Cherith			k.dh.ac	3747		
fyg	כְּרִיתוּת	kĕrîtût	N	divorcement	sub		k.dh.ab	3748		1048a
fyh	כרך	krk			main	כרך	k.db.aa			1037
fyi	כַּרְכֹּב	karkōb	N	border	sub		k.dc.ab	3749		1038a
fyj	כרכב	krkb			main	כרכב	k.dc.aa			1038
fyk	כַּרְכֹּם	karkōm	N	saffron	single		k.dc.ac	3750		1039
fyl	כַּרְכְּמִישׁ	karkĕmîš	Np	Carchemish			k.dc.ad	3751		
fym	כַּרְכַּס	karkas	Np	Carcas			k.dc.ae	3752		
fyn	כִּרְכָּרָה	kirkārâ	N	dromedary	sub		k.df.ac	3753		1046b
fyo	כֶּרֶם	kerem	N	vineyard	main	כרם	k.dd.aa	3754		1040a
fyp	כָּרַם	kāram	V	tend vineyards	sub		k.dd.ab	3755		1040
fyq	כרם	krm								
fyr	כַּרְמִי	karmî	Np	Carmi			k.dd.ac	3756		
fys	כַּרְמִי	karmî	Ag	Karmite			k.dd.ad	3757		
fyt	כַּרְמִיל	karmîl	N	crimson	single		k.dd.ah	3758		1043
fyu	כַּרְמֶל	karmel	Np	Carmel	single		k.dd.af	3760		1042
fyv	כַּרְמֶל	karmel	N	plantation	single		k.dd.ae	3759		1041
fyw	כַּרְמְלִי	karmĕlî	A	the Carmelite			k.dd.ag	3761		
fyx	כַּרְמְלִית	karmĕlît	A	the Carmelite			k.dd.ag	3762		
fyy	כְּרָ֑ן	kĕrān	Np	Cheran			k.dd.ai	3763		
fyz	כִּרְסֵם	kirsēm	V	tear off	sub		k.ck.ac	3765		1013b
fza	כֶּ֫רַע	keraʿ	N	leg	sub		k.de.ab	3767		1044a
fzb	כָּרַע	kāraʿ	V	bow down	main	כרע	k.de.aa	3766		1044
fzc	כַּרְפַּס	karpas	N	cotton	single		k.de.ac	3768		1045
fzd	כָּרַר	kārar	V	dancing	main	כרר	k.df.aa	3769		1046
fze	כְּרֵשׂ	kĕrēś	N	belly	sub		k.dg.ab	3770		1047a
fzf	כרשׂ	krś			main	כרשׂ	k.dg.aa			1047
fzg	כַּרְשְׁנָא	karšĕnāʾ	Np	Carshena			k.dg.ad	3771		
fzh	כָּרַת	kārat	V	cut off	main	כרת	k.dh.aa	3772		1048
fzi	כָּרֻתָה	kārutâ	N	cut off	sub		k.dh.aa	3773		1048b
fzj	כְּרֵתִי	kĕrētî	Ag	Kerethites			k.dh.ae	3774		
fzk	כֶּ֫שֶׂב	keśeb	N	lamb	sub		k.al.ah	3775		949
fzl	כִּשְׂבָּה	kiśbâ	N	ewe-lamb	sub		k.al.ai	3776		949
fzm	כֶּ֫שֶׂד	keśed	Np	Chesed			k.dh.ag	3777		
fzn	כַּשְׂדִּים	kaśdîm	Np	Chaldeans			k.dh.ah	3778		
fzo	כָּשָׂה	kāśâ	V	be sated	main	כשׂה	k.di.aa	3780		1049
fzp	כַּשִּׁיל	kaššîl	N	axe	sub		k.dj.ab	3781		1050a
fzq	כָּשַׁל	kāšal	V	stumble	main	כשׁל	k.dj.aa	3782		1050
fzr	כִּשָּׁלוֹן	kiššālôn	N	a stumbling	sub		k.dj.ac	3783		1050b
fzs	כֶּ֫שֶׁף	kešep	N	sorcery	sub		k.dk.ab	3785		1051a
fzt	כַּשָּׁף	kaššāp	N	sorcerer	sub		k.dk.ad	3786		1051b
fzu	כָּשַׁף	kāšap	V	practice sorcery	sub		k.dk.ac	3784		1051
fzv	כשׁף	kšp			main	כשׁף	k.dk.aa			
fzw	כשׁף	kšp			main	כשׁף	k.dl.aa			
fzx	כָּשֵׁר	kāšēr	V	be advantageous	main	כשׁר	k.dm.aa	3787		1052
fzy	כִּשְׁרוֹן	kišrôn	N	skill	sub		k.dm.ab	3788		1052b
fzz	כְּתָב	kĕtāb	N	writing	sub		k.dn.ab	3791		1053a
gaa	כָּתַב	kātab	V	write	main	כתב	k.dn.aa	3789		1053
gab	כְּתֹ֫בֶת	kĕtōbet	N	a writing	sub		k.dn.ac	3793		1053b
gac	כִּתִּי	kittî	Ag	Cypriotes			k.dn.ae	3794		
gad	כָּתִית	kātît	A	beaten	sub		k.dv.ab	3795		1062a
gae	כֹּ֫תֶל	kōtel	N	wall	sub		k.do.ab	3796		1054a
gaf	כתל	ktl			main	כתל	k.do.aa			1054
gag	כִּתְלִישׁ	kitlîš	Np	Kithlish			k.do.ac	3798		
gah	כֶּ֫תֶם	ketem	N	gold	single		k.dq.ac	3800		1057
gai	כָּתַם	kātam	V	be stained	main	כתם	k.dp.aa	3799		1055
gaj	כתם	ktm			main	כתם	k.dq.aa			1056
gak	כתן	ktn			main	כתן	k.dr.aa			1058
gal	כֻּתֹּ֫נֶת	kuttōnet	N	tunic	sub		k.dr.ab	3801		1058a
gam	כָּתֵף	kātēp	N	shoulder	sub		k.ds.ab	3802		1059
gan	כתף	ktp			main	כתף	k.ds.aa			
gao	כֶּ֫תֶר	keter	N	crown	sub		k.dt.ab	3804		1060a
gap	כָּתַר	kātar	V	surround	main	כתר	k.dt.aa	3803		1060
gaq	כֹּתֶ֫רֶת	kōteret	N	capital	sub		k.dt.ac	3805		1060c
gar	כָּתַשׁ	kātaš	V	pound	main	כתשׁ	k.du.aa	3806		1061
gas	כָּתַת	kātat	V	beat	main	כתת	k.dv.aa	3807		1062
gat	ל	l			main		l.aa.aa			1063
gau	לְ	lĕ	R	to	sub		l.aa.ab	l		1063
gav	לֹא	lōʾ	D	not	main		l.ab.aa	3808		1064
gaw	לֹא דְבָר	lōʾ dĕbār	Np	Debir			l.ab.ab	3810		
gax	לֹא עַמִּי	lōʾ ʿammî	Np	Lo-ammi			l.ab.ac	3818		
gay	לֹא רֻחָ֫מָה	lōʾ ruḥāmâ	Np	Lo-ruhamah			l.ab.ad	3819		
gaz	לאב	lʾb			main	לאב	l.ac.aa			1065
gba	לֵאָה	lēʾâ	Np	Leah			l.ad.ac	3812		
gbb	לָאָה	lāʾâ	V	be weary	main	לאה	l.ad.aa	3811		1066
gbc	לָאַט	lāʾaṭ	V	cover	main	לאט	l.ae.aa	3813		1067
gbd	לָאט	lāʾṭ	N	secrecy	sub		l.ax.ab	3814		1092a
gbe	לאך	lʾk			main	לאך	l.af.aa			1068
gbf	לָאֵל	lāʾēl	Np	Lael			l.af.af	3815		
gbg	לְאֹם	lĕʾōm	N	people	sub		l.ag.ab	3816		1069a
gbh	לאם	lʾm			main	לאם	l.ag.aa			1069
gbi	לְאֻמִּ֑ים	lĕʾummîm	Np	Leummim			l.ag.ac	3817		
gbj	לֵב	lēb	N	inner man	sub		l.ai.ac	3820	a	1071a
gbk	לֵב קָמָי	lēb qāmāy	Np	Leb Qamay	sub		l.ai.ae	3820	b	1071a
gbl	לֵב קָמָי	lēb qāmāy	Np	Leb Qamay			l.ai.ae	6965	a	
gbm	לבא	lbʾ			main	לבא	l.ah.aa			1070
gbn	לְבָאוֹת	lĕbāʾôt	Np	Lebaoth. See also			l.ah.ae	3822		
gbo	לִבֵּב	libbēb	V	make cakes	sub		l.ai.ah	3823	b	1071d
gbp	לֵבָב	lēbāb	N	inner man	sub		l.ai.ab	3824		1071a
gbq	לָבַב	lābab	V	encourage	sub		l.ai.af	3823	a	1071
gbr	לבב	lbb			main	לבב	l.ai.aa			
gbs	לְבִבָה	lĕbibâ	N	cakes	sub		l.ai.ag	3834		1071c
gbt	לִבָּה	libbâ	N	heart	sub		l.ai.ad	3826		1071b
gbu	לַבָּה	labbâ	N	flame	sub		l.am.ac	3827		1077b
gbv	לְבוֹנָה	lĕbônâ	Np	Lebonah			l.ak.ai	3829		
gbw	לְבוּשׁ	lĕbûš	N	garment	sub		l.al.ab	3830		1075a
gbx	לָבַט	lābaṭ	V	thrust down	main	לבט	l.aj.aa	3832		1072
gby	לְבִי	lĕbî	N	lion	sub		l.ah.ab	3833	a	1070a
gbz	לְבִיָּא	lĕbîyāʾ	N	lioness	sub		l.ah.ac	3833	b	1070b
gca	לָבִיא	lābîʾ	N	lion	sub		l.ah.ad	3833	c	1070c
gcb	לָבֵן	lābēn	V	be white	main	לבן	l.ak.aa	3835	a	1074b
gcc	לָבַן	lāban	V	make brick	sub		l.ak.ao	3835	b	1074h
gcd	לָבָן	lābān	Np	Laban			l.ak.ae	3837	b	
gce	לָבָן	lābān	A	white	sub		l.ak.ab	3836		1074a
gcf	לָבָן	lābān	Np	Laban			l.ak.ad	3837	a	
gcg	לבן	lbn								1074
gch	לְבָנָא	lĕbānāʾ	Np	Lebana			l.ak.af	3838		
gci	לְבֵנָה	lĕbēnâ	N	brick	sub		l.ak.an	3843		1074g
gcj	לְבֵנָה	lĕbēnâ	N	brick	sub		l.ak.an	3840		1074g
gck	לְבָנָה	lĕbānâ	N	moon	sub		l.ak.ac	3842		1074c
gcl	לְבֹנָה	lĕbōnâ	N	frankincense	sub		l.ak.ah	3828		1074d
gcm	לִבְנֶה	libneh	N	poplar	sub		l.ak.am	3839		1074f
gcn	לִבְנָה	libnâ	Np	Libnah			l.ak.ag	3841		
gco	לְבָנוֹן	lĕbānôn	Np	Lebanon	sub		l.ak.al	3844		1074e
gcp	לִבְנִי	libnî	Ag	Libnite			l.ak.ak	3846		
gcq	לִבְנִי	libnî	Np	Libni			l.ak.aj	3845		
gcr	לָבֵשׁ	lābēš	V	put on	main	לבשׁ	l.al.aa	3847		1075
gcs	לֹג	lōg	N	log	single		l.al.ae	3849		1076
gct	לֹד	lōd	Np	Lod			l.al.af	3850		
gcu	לִדְבִר	lidbir	Np	Debir			l.al.ag	1688	b	
gcv	לַ֫הַב	lahab	N	flame	sub		l.am.ab	3851		1077a
gcw	להב	lhb			main	להב	l.am.aa			1077
gcx	לֶהָבָה	lehābâ	N	flame	sub		l.am.ac	3852		1077b
gcy	לְהָבִים	lĕhābîm	Np	Lehabim			l.am.af	3853		
gcz	לַ֫הַג	lahag	N	study	sub		l.an.ab	3854		1078a
gda	להג	lhg			main	להג	l.an.aa			1078
gdb	לָ֑הַד	lāhad	Np	Lahad			l.an.ac	3855		
gdc	לָהַה	lāhah	V	languish	main	להה	l.ao.aa	3856	a	1079
gdd	לַ֫הַט	lahaṭ	N	flame	sub		l.ap.ab	3858		1081a
gde	לָהַט	lāhaṭ	V	blaze up	main	להט	l.ap.aa	3857		1081
gdf	לִהְלֵהַּ	lihlēah	V	amaze	main	להלה	l.ao.ab	3856	b	1080
gdg	לָהַם	lāham	V	swallow greedily	main	להם	l.aq.aa	3859		1082
gdh	לָהֵן	lāhēn	C	on this account	single		l.aq.ab	3860		1083
gdi	לַהֲקָה	lahăqâ	N	band	single		l.aq.ac	3862		1084
gdj	לוּ	lû	C	if	main		l.ar.aa	3863		1085
gdk	לוּב	lûb	Ng	Lybians			l.ar.ad	3864		
gdl	לוּד	lûd	Np	Lud			l.ar.ae	3865		
gdm	לוּדִי	lûdî	Ag	Ludim. Lydians			l.ar.ae	3866		
gdn	לָוָה	lāwâ	V	borrow	main	לוה	l.at.aa	3867	b	1088
gdo	לָוָה	lāwâ	V	join	main	לוה	l.as.aa	3867	a	1087
gdp	לוה	lwh			main	לוה	l.au.aa			1089
gdq	לוּז	lûz	N	almond-tree	sub		l.av.ac	3869		1090b
gdr	לוּז	lûz	V	turn aside	main	לוז	l.av.aa	3868		1090
gds	לוּז	lûz	Np	Luz			l.av.ad	3870		
gdt	לוּחַ	lûaḥ	N	tablet	sub		l.aw.ab	3871		1091a
gdu	לוח	lwḥ			main	לוח	l.aw.aa			1091
gdv	לוּחִית	lûḥît	Np	Luhith			l.aw.ac	3872		
gdw	לוֹחֵשׁ	lôḥēš	Np	Hallohesh			l.bk.ac	3873		
gdx	לוֹט	lôṭ	N	envelope	sub		l.ax.ac	3875		1092b
gdy	לוֹט	lôṭ	Np	Lot			l.ax.ad	3876		
gdz	לוּט	lûṭ	V	wrap closely	main	לוט	l.ax.aa	3874		1092
gea	לוֹטָן	lôṭān	Np	Lotan			l.ax.ae	3877		
geb	לֵוִי	lēwî	Np	Levi	single		l.ax.af	3878		1093
gec	לֵוִי	lēwî	Ag	Levite			l.ax.ag	3881		
ged	לִוְיָה	liwyâ	N	wreath	sub		l.au.ab	3880		1089a
gee	לִוְיָתָן	liwyātān	N	serpent	sub		l.au.ad	3882		1089b
gef	לוּל	lûl	N	shaft	single		l.ax.ah	3883		1094
geg	לוּלֵא	lûlēʾ	C	if not	sub		l.ar.ab	3884		1085a
geh	לולו	lwlw			main	לולו	l.ay.aa			1095
gei	לוּלַי	lûlay	N	loop	sub		l.ay.ab	3924		1095a
gej	לוּן	lûn	V	murmur	main	לון	l.ba.aa	3885	b	1097
gek	לוּן	lûn	V	lodge	main	לון	l.az.aa	3885	a	1096
gel	לוּעַ	lûaʿ	V	swallow	main	לוע	l.bb.aa	3886	a	1098
gem	לוּעַ	lûaʿ	V	talk wildly	main	לוע	l.bc.aa	3886	b	1099
gen	לוּשׁ	lûš	Np	Laish (from the margin). Compare			l.bo.ad	3889		
geo	לוּשׁ	lûš	V	knead	main	לושׁ	l.bd.aa	3888		1100
gep	לָזוּת	lāzût	N	deviation	sub		l.av.ab	3891		1090a
geq	לֵחַ	lēaḥ	N	moisture	sub		l.bf.ac	3893		1102b
ger	לַח	laḥ	A	moist	sub		l.bf.ab	3892		1102a
ges	לחה	lḥh			main	לחה	l.be.aa			1101
get	לְחוּם	lĕḥûm	N	intestines	sub		l.bh.ac	3894		1104b
geu	לחח	lḥḥ			main	לחח	l.bf.aa			1102
gev	לְחִי	lĕḥî	N	jaw	sub		l.be.ab	3895		1101a
gew	לֶחִי	leḥî	Np	Lehi. Compare also			l.be.ac	3896		
gex	לָחַךְ	lāḥak	V	lick	main	לחך	l.bg.aa	3897		1103
gey	לֶ֫חֶם	leḥem	N	bread	sub		l.bi.ab	3899		1105a
gez	לָחֶם	lāḥem	N	then	sub		l.bh.ab	3901		1104a
gfa	לָחַם	lāḥam	V	use as food	main	לחם	l.bi.aa	3898	b	1105
gfb	לָחַם	lāḥam	V	fight	main	לחם	l.bh.aa	3898	a	1104
gfc	לַחְמִי	laḥmî	Np	Lahmi. See also			l.bi.ac	3902		
gfd	לַחְמָס	laḥmās	Np	Lahmam			l.bi.ad	3903		
gfe	לַ֫חַץ	laḥaṣ	N	oppression	sub		l.bj.ab	3906		1106a
gff	לָחַץ	lāḥaṣ	V	squeeze	main	לחץ	l.bj.aa	3905		1106
gfg	לַ֫חַשׁ	laḥaš	N	a whispering	sub		l.bk.ab	3908		1107a
gfh	לָחַשׁ	lāḥaš	V	whisper	main	לחשׁ	l.bk.aa	3907		1107
gfi	לָט	lāṭ	N	secrecy	sub		l.ax.ab	3909		1092a
gfj	לֹט	lōṭ	N	myrrh	single		l.bk.ae	3910		1108
gfk	לטא	lṭʾ			main	לטא	l.bl.aa			1109
gfl	לְטָאָה	lĕṭāʾâ	N	lizard	sub		l.bl.ab	3911		1109a
gfm	לְטוּשִׁם	lĕṭûšim	Np	Letushim			l.bm.ab	3912		
gfn	לָטַשׁ	lāṭaš	V	hammer	main	לטשׁ	l.bm.aa	3913		1110
gfo	לֹיָה	lōyâ	N	wreath	sub		l.au.ac	3914		1089a
gfp	לַ֫יְלָה	laylâ	N	night	single		l.bm.ad	3915		1111
gfq	לִילִית	lîlît	N	Lilith	single		l.bm.ae	3917		1112
gfr	לִיץ	lîṣ	V	scorn	main	ליץ	l.bn.aa	3887		1113
gfs	לַ֫יִשׁ	layiš	Np	Laish			l.bo.ac	3919	a	
gft	לַ֫יִשׁ	layiš	Np	Laish			l.bo.ad	3919	b	
gfu	לַ֫יִשׁ	layiš	N	lion	sub		l.bo.ab	3918		1114a
gfv	לישׁ	lyš			main	לישׁ	l.bo.aa			1114
gfw	לַ֫יְשָׁה	layšâ	Np	Laish			l.bo.ae	3919	c	
gfx	לֶ֫כֶד	leked	N	a taking	sub		l.bp.ab	3921		1115a
gfy	לָכַד	lākad	V	capture	main	לכד	l.bp.aa	3920		1115
gfz	לֵכָה	lēkâ	Np	Lecah			l.bp.ae	3922		
gga	לָכִישׁ	lākîš	Np	Lachish			l.bp.af	3923		
ggb	לִמֻּד	limmud	A	taught	sub		l.bq.ab	3928		1116a
ggc	לָמַד	lāmad	V	exercise in	main	למד	l.bq.aa	3925		1116
ggd	לְמוֹ	lĕmô	R	to	sub		l.aa.ac	3926		1063
gge	לְמוּאֵל	lĕmûʾēl	Np	Lemuel			l.bq.ag	3927		
ggf	לֶ֫מֶךְ	lemek	Np	Lamech			l.bq.ai	3929		
ggg	לֹעַ	lōaʿ	N	throat	sub		l.bb.ab	3930		1098a
ggh	לָעַב	lāʿab	V	jest	main	לעב	l.br.aa	3931		1117
ggi	לַ֫עַג	laʿag	N	mocking	sub		l.bs.ab	3933		1118a
ggj	לָעֵג	lāʿēg	A	mocking	sub		l.bs.ac	3934		1118b
ggk	לָעַג	lāʿag	V	mock	main	לעג	l.bs.aa	3932		1118
ggl	לַעְדָּה	laʿdâ	Np	Laadah			l.bs.ad	3935		
ggm	לַעְדָּן	laʿdān	Np	Laadan			l.bs.ae	3936		
ggn	לָעַז	lāʿaz	V	talk indistinctly	main	לעז	l.bt.aa	3937		1119
ggo	לָעַט	lāʿaṭ	V	swallow	main	לעט	l.bu.aa	3938		1120
ggp	לַעֲנָה	laʿănâ	N	wormwood	single		l.bu.ab	3939		1121
ggq	לפד	lpd			main	לפד	l.bv.aa			1122
ggr	לַפִּיד	lappîd	N	torch	sub		l.bv.ab	3940		1122a
ggs	לַפִּידוֹת	lappîdôt	Np	Lappidoth			l.bv.ac	3941		
ggt	לִפְנָ֑י	lipnāy	R	anterior	sub		q.bu.ae	3942		1782b
ggu	לָפַת	lāpat	V	twist	main	לפת	l.bw.aa	3943		1123
ggv	לָצוֹן	lāṣôn	N	scorning	sub		l.bn.ab	3944		1113a
ggw	לָצַץ	lāṣaṣ	V	scorn	sub		l.bn.aa	3945		1113
ggx	לַקּוּם	laqqûm	Np	Lakum			l.bw.ac	3946		
ggy	לֶ֫קַח	leqaḥ	N	learning	sub		l.bx.ab	3948		1124a
ggz	לָקַח	lāqaḥ	V	take	main	לקח	l.bx.aa	3947		1124
gha	לִקְחִי	liqḥî	Np	Likhi			l.bx.ac	3949		
ghb	לֶ֫קֶט	leqeṭ	N	gleaning	sub		l.by.ab	3951		1125a
ghc	לָקַט	lāqaṭ	V	pick	main	לקט	l.by.aa	3950		1125
ghd	לָקַק	lāqaq	V	lap	main	לקק	l.bz.aa	3952		1126
ghe	לֶ֫קֶשׁ	leqeš	N	after-growth	sub		l.ca.ab	3954		1127a
ghf	לָקַשׁ	lāqaš	V	take the aftermath	sub		l.ca.ad	3953		1127c
ghg	לקשׁ	lqš			main	לקשׁ	l.ca.aa			1127
ghh	לָשָׁד	lāšād	N	juice	sub		l.cb.ab	3955		1128a
ghi	לשׁד	lšd			main	לשׁד	l.cb.aa			1128
ghj	לָשׁוֹן	lāšôn	N	tongue	sub		l.cd.ab	3956		1131a
ghk	לשׁך	lšk			main	לשׁך	l.cc.aa			1129
ghl	לִשְׁכָּה	liškâ	N	room	sub		l.cc.ab	3957		1129a
ghm	לֶ֫שֶׁם	lešem	Np	Leshem			l.cc.ad	3959		
ghn	לֶ֫שֶׁם	lešem	N	gem	single		l.cc.ac	3958		1130
gho	לשׁם	lšm								
ghp	לָשַׁן	lāšan	V	use the tongue	sub		l.cd.ac	3960		1131
ghq	לשׁן	lšn			main	לשׁן	l.cd.aa			
ghr	לֶ֫שַׁע	lešaʿ	Np	Lasha			l.cd.ad	3962		
ghs	לתח	ltḥ			main	לתח	l.ce.aa			1132
ght	לֶ֫תֶךְ	letek	N	a barley-measure	sub		l.cf.ab	3963		1133a
ghu	לתך	ltk			main	לתך	l.cf.aa			1133
ghv	מ	m			main		m.aa.aa			
ghw	מַאֲבוּס	maʾăbûs	N	granary	sub		a.an.ac	3965		10b
ghx	מְאֹד	mĕʾōd	D	muchness	sub		m.ab.ab	3966		1134
ghy	מאד	mʾd			main	מאד	m.ab.aa			
ghz	מֵאָה	mēʾâ	N	hundred	main	מאה	m.ac.aa	3967		1135
gia	מֵאָה	mēʾâ	N	Meah	sub		m.ac.ab	3968		
gib	מַאֲוַי	maʾăway	N	desire	sub		a.bs.ae	3970		40c
gic	מאוּם	mʾûm	N	blemish	sub		m.ad.ab	3971	a	1137a
gid	מְא֫וּמָה	mĕʾûmâ	Pf	anything	single		m.ad.ad	3972		1136
gie	מָאוֹס	māʾôs	N	refuse	sub		m.af.ab	3973		1139a
gif	מָאוֹר	māʾôr	N	luminary	sub		a.cd.ao	3974		52f
gig	מְאוּרָה	mĕʾûrâ	N	light-hole	sub		a.cd.ap	3975		52g
gih	מֵאָז	mēʾāz	D	from that time	sub		a.ce.ad	227	b	54a
gii	מֹאזֵן	mōʾzēn	N	balances	sub		a.ch.ab	3976		58a
gij	מַאֲכָל	maʾăkāl	N	food	sub		a.dc.af	3978		85d
gik	מַאֲכֶ֫לֶת	maʾăkelet	N	knife	sub		a.dc.ag	3979		85e
gil	מַאֲכֹ֫לֶת	maʾăkōlet	N	fuel	sub		a.dc.ah	3980		85f
gim	מאם	mʾm			main	מאם	m.ad.aa			1137
gin	מַאֲמָץ	maʾămāṣ	N	power	sub		a.dz.ai	3981		117e
gio	מַאֲמַר	maʾămar	N	word	sub		a.ea.ak	3982		118e
gip	מֵאֵן	mēʾēn	A	refractory	sub		m.ae.ac	3987		1138b
giq	מָאֵן	māʾēn	A	refusing	sub		m.ae.ab	3986		1138a
gir	מָאֵן	māʾēn	V	refuse	main	מאן	m.ae.aa	3985		1138
gis	מָאַס	māʾas	V	flow	main	מאס	m.ag.aa	3988	b	1140
git	מָאַס	māʾas	V	reject	main	מאס	m.af.aa	3988	a	1139
giu	מַאֲפֶה	maʾăpeh	N	thing baked	sub		a.ez.ab	3989		143a
giv	מַאֲפֵל	maʾăpēl	N	darkness	sub		a.fb.af	3990		145e
giw	מַאְפֵּלְיָה	maʾpēlĕyâ	N	deep darkness	sub		a.fb.ag	3991		145f
gix	מאץ	mʾṣ			main	מאץ	m.ah.aa			
giy	מָאַר	māʾar	V	excite hostility	main	מאר	m.ai.aa	3992		1141
giz	מַאֲרָב	maʾărāb	N	ambush	sub		a.fm.ai	3993		156e
gja	מְאֵרָה	mĕʾērâ	N	a curse	sub		a.fy.ab	3994		168a
gjb	מֵאֲשֶׁר	mēʾăšer	T	who	sub		a.gk.ad	834	c	184
gjc	מִבְדָּלָה	mibdālâ	N	separate place	sub		b.ah.ac	3995		203b
gjd	מָבוֹא	mābôʾ	N	entrance	sub		b.ap.ac	3996		212b
gje	מְבוֹאָה	mĕbôʾâ	N	entrance	sub		b.ap.ac	3997		212b
gjf	מְבוּכָה	mĕbûkâ	N	confusion	sub		b.ar.ab	3998		214a
gjg	מַבּוּל	mabbûl	N	flood	single		m.ai.ag	3999		1142
gjh	מָבוֹן	mābôn	N	discern	sub		b.bo.aa	4000		239
gji	מְבוּסָה	mĕbûsâ	N	down-treading	sub		b.as.ad	4001		216b
gjj	מַבּוּעַ	mabbûaʿ	N	spring	sub		n.ap.ab	4002		1287a
gjk	מְבוּקָה	mĕbûqâ	N	emptiness	sub		b.av.ac	4003		220b
gjl	מָבוֹשׁ	mābôš	N	his privates	sub		b.ax.ae	4016		222d
gjm	מִבְחוֹר	mibḥôr	N	choice	sub		b.bg.ah	4004		231e
gjn	מִבְחָר	mibḥār	N	choicest	sub		b.bg.ag	4005		231d
gjo	מִבְחָר	mibḥār	Np	Mibhar			b.bg.ai	4006		
gjp	מַבָּט	mabbāṭ	N	expectation	sub		n.al.ab	4007		1282a
gjq	מִבְטָא	mibṭāʾ	N	rash utterance	sub		b.bh.ab	4008		232a
gjr	מִבְטָח	mibṭāḥ	N	confidence	sub		b.bi.af	4009		233e
gjs	מַבְלִיגִית	mablîgît	N	smiling	sub		b.bs.ad	4010		245a
gjt	מִבְנֶה	mibneh	N	structure	sub		b.cb.am	4011		255c
gju	מְבֻנַּי	mĕbunnay	Np	Mebunnai			b.cb.an	4012		
gjv	מִבְצָר	mibṣār	N	fortification	sub		b.cp.aj	4013		270g
gjw	מִבְצָר	mibṣār	Np	Mibzar			m.ai.av	4014		
gjx	מִבְרָח	mibrāḥ	N	flight	sub		b.dc.ae	4015		284c
gjy	מְבַשְּׁלוֹת	mĕbaššĕlôt	N	cooking-places	sub		b.dk.ac	4018		292b
gjz	מִבְשָׂם	mibśām	Np	Mibsam			b.di.af	4017		
gka	מַגְבִּישׁ	magbîš	Np	Magbish			c.an.ac	4019		
gkb	מִגְבָּלֹת	migbālōt	N	twisted	sub		c.aj.ae	4020		307d
gkc	מִגְבָּעוֹת	migbāʿôt	N	head-gear	sub		c.al.ai	4021		309c
gkd	מֶ֫גֶד	meged	N	excellence	sub		m.aj.ab	4022		1144a
gke	מגד	mgd			main	מגד	m.aj.aa			1144
gkf	מְגִדּוֹ	mĕgiddô	Np	Megiddo			c.ao.an	4023		
gkg	מִגְדּוֹל	migdôl	N	tower	sub		c.aq.aq	4024	a	315g
gkh	מַגְדִּיאֵל	magdîʾēl	Np	Magdiel			m.aj.ad	4025		
gki	מִגְדָּל	migdāl	N	tower	sub		c.aq.am	4026		315f
gkj	מִגְדֹּל	migdōl	Np	Migdol			c.aq.ar	4024	b	
gkk	מִגְדַּל־אֵל	migdal-ʾēl	Np	Migdal-el			c.aq.an	4027		
gkl	מִגְדַּל־גַּד	migdal-gad	Np	Migdal-gad			c.aq.ao	4028		
gkm	מִגְדַּל־עֵ֫דֶר	migdal-ʿēder	Np	Migdal-eder			c.aq.ap	4029		
gkn	מִגְדָּנָה	migdānâ	N	choice thing	sub		m.aj.ac	4030		1144b
gko	מָגוֹג	māgôg	Np	Magog	sub		c.ay.af	4031		324a
gkp	מָגוֹר	māgôr	N	sojourning-place	sub		c.bf.ag	4033		330c
gkq	מָגוֹר	māgôr	N	fear	sub		c.bh.ab	4032		332a
gkr	מָגוֹר מִסָּבִיב	māgôr missābîb	Np	Magormissabib			o.ad.ac	4036		
gks	מְגוֹרָה	mĕgôrâ	N	fear	sub		c.bh.ac	4034		332b
gkt	מְגוּרָה	mĕgûrâ	N	store-house	sub		c.bf.ah	4035		330d
gku	מַגְזֵרָה	magzērâ	N	cutting instrument	sub		c.bp.ag	4037		340d
gkv	מַגָּל	maggāl	N	sickle	sub		n.au.ab	4038		1292a
gkw	מְגִלָּה	mĕgillâ	N	roll	sub		c.cd.at	4039		353m
gkx	מְגַמָּה	mĕgammâ	N	accumulation	sub		c.ck.ac	4041		361b
gky	מָגֵן	māgēn	N	shield	sub		c.cp.ag	4043		367c
gkz	מָגַן	māgan	V	deliver up	sub		c.cp.ai	4042		367e
gla	מְגִנָּה	mĕginnâ	N	covering	sub		c.cp.ah	4044		367d
glb	מִגְעֶ֫רֶת	migʿeret	N	rebuke	sub		c.cr.ac	4045		370b
glc	מַגֵּפָה	maggēpâ	N	blow	sub		n.ax.ac	4046		1294b
gld	מַגְפִּיעָשׁ	magpîʿāš	Np	Magpiash			m.aj.ap	4047		
gle	מָגַר	māgar	V	cast	main	מגר	m.ak.aa	4048		1145
glf	מְגֵרָה	mĕgērâ	N	saw	sub		c.df.af	4050		386e
glg	מִגְרוֹן	migrôn	Np	Migron			m.ak.ab	4051		
glh	מִגְרָעָה	migrāʿâ	N	recess	sub		c.dd.ab	4052		384a
gli	מֶגְרָפָה	megrāpâ	N	shovel	sub		c.de.ac	4053		385b
glj	מִגְרָשׁ	migrāš	N	common	sub		c.di.ag	4054		388c
glk	מַד	mad	N	measure	sub		m.al.ab	4055		1146a
gll	מִדְבָּר	midbār	N	mouth	sub		d.ai.ao	4057	a	399k
glm	מִדְבָּר	midbār	N	wilderness	sub		d.ai.ap	4057	b	399l
gln	מָדַד	mādad	V	measure	main	מדד	m.al.aa	4058		1146
glo	מָדַד	mādad	V	measure	sub		m.al.aa	4059		1146
glp	מִדָּה	middâ	N	tribute	single		m.al.af	4060	b	1147
glq	מִדָּה	middâ	N	measure	sub		m.al.ac	4060	a	1146b
glr	מדה	mdh			main	מדה	m.am.aa			1148
gls	מַדְהֵבָה	madhēbâ	N	boisterous	sub		t.bd.ae	4062		2125d
glt	מָ֫דוּ	mādû	N	garment	sub		m.am.ab	4063		1148a
glu	מַדְוֶה	madweh	N	sickness	sub		d.at.ad	4064		411c
glv	מַדּוּחַ	maddûaḥ	N	a thing to draw aside	sub		n.bh.ab	4065		1304a
glw	מָדוֹן	mādôn	N	measure	sub		m.al.ab	4067		1146d
glx	מָדוֹן	mādôn	N	strife	sub		d.bh.ah	4066		426c
gly	מָדוֹן	mādôn	Np	Madon			d.bh.ai	4068		
glz	מָדוֹן	mādôn	N	strife	sub		d.bh.ah	4079		426c
gma	מַדּוּעַ	maddûaʿ	D	wherefore?	sub		j.au.an	4069		848h
gmb	מְדוּרָה	mĕdûrâ	N	pile	sub		d.az.ae	4071		418c
gmc	מִדְחֶה	midḥeh	N	means of stumbling	sub		d.bb.ac	4072		420b
gmd	מַדְחֵפָה	madḥēpâ	N	thrust	sub		d.be.ab	4073		423a
gme	מַדַּי	madday	D	sufficiency	sub		d.bg.aa	4078		425
gmf	מָדִי	mādî	Ag	Mede			m.am.am	4075		
gmg	מָדַי	māday	Np	Madai			m.am.al	4074		
gmh	מִדְיָן	midyān	Np	Midian			d.bh.ak	4080		
gmi	מִדִּין	middîn	Np	Middin			m.al.ae	4081		
gmj	מְדִינָה	mĕdînâ	N	province	sub		d.bh.am	4082		426d
gmk	מִדְיָנִי	midyānî	Ag	Midianite			d.bh.al	4084		
gml	מִדְיָנִי	midyānî	Ag	Midianite			d.bh.al	4092		
gmm	מְדֹכָה	mĕdōkâ	N	mortar	sub		d.av.ab	4085		413a
gmn	מַדְמֵן	madmēn	Np	Madmen			d.bw.ad	4086		
gmo	מַדְמֵנָה	madmēnâ	Np	Madmenah			d.bw.af	4088		
gmp	מַדְמֵנָה	madmēnâ	N	dung-place	sub		d.bw.ae	4087		441b
gmq	מַדְמַנָּה	madmannâ	Np	Madmannah			d.bw.ag	4089		
gmr	מְדָן	mĕdān	Np	Medan			d.bh.aj	4091		
gms	מְדָן	mĕdān	N	strife	sub		d.bh.ah	4090		426c
gmt	מַדָּע	maddāʿ	N	knowledge	sub		j.au.am	4093		848g
gmu	מֹדַ֫עַת	mōdaʿat	N	kindred	sub		j.au.al	4130		848f
gmv	מַדְקָרָה	madqārâ	N	piercing	sub		d.ce.ac	4094		449a
gmw	מַדְרֵגָה	madrēgâ	N	steep place	sub		d.ch.ab	4095		452a
gmx	מִדְרָךְ	midrāk	N	treading-	sub		d.ci.ac	4096		453b
gmy	מִדְרָשׁ	midrāš	N	study	sub		d.cm.ab	4097		455a
gmz	מְדֻשָֿׁה	mĕdušâ	N	that which is threshed	sub		d.ba.ac	4098		419b
gna	מָה	mâ	Pi	what?	main		m.an.aa	4100		1149
gnb	מָהַהּ	māhah	V	linger	main	מהה	m.ao.aa	4102		1150
gnc	מְהוּמָה	mĕhûmâ	N	tumult	sub		e.bb.ab	4103		486a
gnd	מְהוּמָן	mĕhûmān	Np	Mehuman			a.dy.at	4104		
gne	מְהֵיטַבְאֵל	mĕhêṭabʾēl	Np	Mehetabeel			j.bj.ad	4105		
gnf	מָהִיר	māhîr	A	quick	sub		m.aq.ad	4106		1152c
gng	מָהַל	māhal	V	circumcise	main	מהל	m.ap.aa	4107		1151
gnh	מַהֲלָךְ	mahălāk	N	walk	sub		e.bn.ae	4109		498d
gni	מַהֲלָךְ	mahălāk	N	walk	sub		e.bn.ae	4108		498d
gnj	מַהֲלָל	mahălāl	N	praise	sub		e.bp.ah	4110		500b
gnk	מַהֲלַלְאֵל	mahălalʾēl	Np	Mahalaleel			e.bp.ai	4111		
gnl	מַהֲלֻמֿוֹת	mahălumôt	N	strokes	sub		e.bq.ae	4112		502c
gnm	מַהֲמֹרָה	mahămōrâ	N	flood	sub		e.bx.ab	4113		509a
gnn	מַהְפֵּכָה	mahpēkâ	N	overthrow	sub		e.cb.ae	4114		512d
gno	מַהְפֶּ֫כֶת	mahpeket	N	stocks	sub		e.cb.af	4115		512e
gnp	מַהֵר	mahēr	D	quickly	sub		m.aq.ac	4118	b	1152b
gnq	מַהֵר	mahēr	A	hastening	sub		m.aq.ab	4118	a	1152a
gnr	מָהַר	māhar	V	hasten	main	מהר	m.aq.aa	4116	a	1152
gns	מָהַר	māhar	V	acquire by paying purchase-price	sub		m.ar.ac	4116	b	1153
gnt	מָהַר	māhar	V	acquire by paying purchase-price	sub		m.ar.ac	4117		1153
gnu	מֹ֫הַר	mōhar	N	purchase-price	sub		m.ar.ab	4119		1153a
gnv	מהר	mhr			main	מהר	m.ar.aa			
gnw	מַהֵר שָׁלָל חָשׁ בַּז	mahēr šālāl ḥāš baz	Np	Maher-sha-lal-bash-baz			m.aq.ag	4122		
gnx	מְהֵרָה	mĕhērâ	N	haste	sub		m.aq.ae	4120		1152d
gny	מַהֲרַי	mahăray	Np	Maharai			m.aq.af	4121		
gnz	מַֽהֲתַלּוֹת	mahătallôt	N	illusions	sub		w.au.ab	4123		2514a
goa	מו	mw			main		m.as.aa			1154
gob	מוֹאָב	môʾāb	Np	Moab	main	מאב	m.as.ac	4124		1155
goc	מוֹאָבִי	môʾābî	A	Moabitish	sub		m.as.ad	4125		1155a
god	מוֹבָא	môbāʾ	N	in-coming	sub		b.ap.ad	4126		212b
goe	מוּג	mûg	V	melt	main	מוג	m.at.aa	4127		1156
gof	מוד	mwd			main	מוד	m.au.aa			
gog	מוד	mwd	V	shake	main	מוד	m.av.aa	4128		1157
goh	מוֹדַע	môdaʿ	N	kinsman	sub		j.au.ak	4129		848e
goi	מוֹט	môṭ	N	shaking	sub		m.aw.ab	4132		1158a
goj	מוֹט	môṭ	V	totter	main	מוט	m.aw.aa	4131		1158
gok	מוֹטָה	môṭâ	N	pole	sub		m.aw.ac	4133		1158b
gol	מוּךְ	mûk	V	be low	main	מוך	m.ax.aa	4134		1159
gom	מוּל	mûl	Np	(over) against	main		m.ay.aa	4136		1160
gon	מוּל	mûl	V	circumcise	main	מול	m.az.aa	4135	a	1161
goo	מוֹלָדָה	môlādâ	Np	Moladah			j.bn.aj	4137		
gop	מוֹלֶ֫דֶת	môledet	N	kindred	sub		j.bn.ai	4138		867f
goq	מוּלָה	mûlâ	N	circumcision	sub		m.az.ab	4139		1161a
gor	מוֹלִיד	môlîd	Np	Molid			j.bn.ak	4140		
gos	מוּם	mûm	N	blemish	sub		m.ad.ac	3971	b	1137a
got	מוּסָב	mûsāb	N	encompassing	sub		o.ad.ae	4141		1456b
gou	מוּסַבָּה	mûsabbâ	A	turn about	sub		o.ad.aa	4142		1456
gov	מוֹסָד	môsād	N	foundation	sub		j.bx.ag	4144		875f
gow	מוּסָד	mûsād	N	foundation	sub		j.bx.ae	4143		875d
gox	מוֹסָדָה	môsādâ	N	foundation	sub		j.bx.ag	4146		875f
goy	מוּסָדָה	mûsādâ	N	foundation	sub		j.bx.af	4145		875e
goz	מוּסָךְ	mûsāk	N	covered	sub		o.ba.ad	4329		1492b
gpa	מוֹסֵר	môsēr	N	band	sub		a.ew.ah	4147		141f
gpb	מוּסָר	mûsār	N	discipline	sub		j.ca.ac	4148		877b
gpc	מוֹסֵרָה	môsērâ	Np	Mosera			a.ew.ai	4149	a	
gpd	מוֹעֵד	môʿēd	N	appointed time	sub		j.cb.ac	4150		878b
gpe	מוֹעָד	môʿād	N	appointed place	sub		j.cb.ad	4151		878c
gpf	מוּעָדָה	mûʿādâ	N	cities appointed	sub		j.cb.ae	4152		878d
gpg	מוֹעַדְיָה	môʿadyâ	Np	Moadiah. Compare			m.cu.ac	4153		
gph	מוּעֶדֶת	mûʿedet	N	slip	sub		m.cu.aa	4154		1226
gpi	מוּעָף	mûʿāp	N	gloom	sub		p.bl.ad	4155		1583a
gpj	מוֹעֵצָה	môʿēṣâ	N	counsel	sub		j.ck.ac	4156		887b
gpk	מוּעָקָה	mûʿāqâ	N	compression	sub		p.bn.ac	4157		1585b
gpl	מוֹפֵת	môpēt	N	wonder	sub		a.fi.ab	4159		152a
gpm	מוֹץ	môṣ	N	chaff	sub		m.ba.ab	4671		1162a
gpn	מוץ	mwṣ			main	מוץ	m.ba.aa			1162
gpo	מוֹצָא	môṣāʾ	Np	Moza			j.cq.ae	4162		
gpp	מוֹצָא	môṣāʾ	N	place of going forth	sub		j.cq.ad	4161		893c
gpq	מוֹצָאָה	môṣāʾâ	N	family descent	sub		j.cq.af	4163		893d
gpr	מוּצָק	mûṣāq	N	a casting	sub		j.cu.ac	4165		897b
gps	מוּצָק	mûṣāq	N	constraint	sub		r.bh.ad	4164		1895c
gpt	מוּצֶ֫קֶת	mûṣeqet	N	poured	sub		j.cu.ad	4166		897c
gpu	מוּק	mûq	V	mock	main	מוק	m.bb.aa	4167		1163
gpv	מוֹקֵד	môqēd	N	burning mass	sub		j.cy.ac	4168		901b
gpw	מוֹקְדָה	môqĕdâ	N	hearth	sub		j.cy.ad	4169		901c
gpx	מוֹקֵשׁ	môqēš	N	a bait	sub		j.de.ad	4170		906c
gpy	מוּר	mûr	V	change	main	מור	m.bc.aa	4171		1164
gpz	מוֹרָא	môrāʾ	N	fear	sub		j.df.ae	4172	a	907c
gqa	מוֹרַג	môrag	N	threshing-sledge	single		m.bc.ae	4173		1165
gqb	מוֹרָד	môrād	N	descent	sub		j.dh.ac	4174		909a
gqc	מוֹרֶה	môreh	N	rain	sub		j.di.ad	4175		910b
gqd	מוֹרֶה	môreh	N	teacher	sub		j.di.ae	4176		910c
gqe	מוֹרָה	môrâ	N	appoint terror	sub		j.df.af	4172	b	907d
gqf	מוֹרָה	môrâ	N	razor	single		m.bc.ah	4177		1166
gqg	מוֹרָט	môrāṭ	V	make smooth	sub		m.dm.aa	4178		1244
gqh	מוֹרָשׁ	môrāš	N	a possession	sub		j.dq.af	4180		920d
gqi	מוֹרָשָׁה	môrāšâ	N	a possession	sub		j.dq.ag	4181		920e
gqj	מוֹרֶ֫שֶׁת גַּת	môrešet gat	Np	Moresheth-gath			j.dq.ah	4182		
gqk	מוֹרַשְׁתִּי	môraštî	Ag	Morashtite			j.dq.ai	4183		
gql	מוּשׁ	mûš	V	feel	main	מושׁ	m.bd.aa	4184		1168
gqm	מוּשׁ	mûš	V	depart	main	מושׁ	m.bc.al	4185		1167
gqn	מוֹשָׁב	môšāb	N	seat	sub		j.ds.ai	4186		922c
gqo	מוּשִׁי	mûšî	Ag	Mushite			m.bd.ad	4188		
gqp	מוּשִׁי	mûšî	Np	Mushi			m.bd.ac	4187		
gqq	מוֹשָׁעָה	môšāʿâ	N	saving acts	sub		j.dy.an	4190		929d
gqr	מָ֫וֶת	māwet	N	death	sub		m.be.ab	4194		1169a
gqs	מוּת	mût	V	die	main	מות	m.be.aa	4191		1169
gqt	מוּת לַבֵּן	mût labbēn	N	‘To die for the son’			l.ak.aq	4192		
gqu	מוֹתָר	môtār	N	abundance	sub		j.ef.ao	4195		936g
gqv	מִזְבֵּחַ	mizbēaḥ	N	altar	sub		g.ae.ad	4196		525b
gqw	מֶ֫זֶג	mezeg	N	mixture	sub		m.bf.ab	4197		1170a
gqx	מזג	mzg			main	מזג	m.bf.aa			1170
gqy	מִזָּה	mizzâ	Np	Mizzah			m.bg.ac	4199		
gqz	מָזֶה	māzeh	A	sucked out	sub		m.bg.ab	4198		1171a
gra	מזה	mzh			main	מזה	m.bg.aa			1171
grb	מָ֫זוּ	māzû	N	garner	sub		g.ar.ac	4200		534.1b
grc	מְזוּזָה	mĕzûzâ	N	door-post	sub		g.as.af	4201		535b
grd	מָזוֹן	māzôn	N	food	sub		g.aw.ab	4202		539a
gre	מָזוֹר	māzôr	N	net	sub		m.bj.ab	4204		1175a
grf	מָזוֹר	māzôr	N	wound	sub		g.ba.ad	4205		543c
grg	מֵ֫זַח	mēzaḥ	N	girdle	main		m.bh.aa	4206	a	1172
grh	מזח	mzḥ								
gri	מְזִיחַ	mĕzîaḥ	N	belt	sub		m.bh.ab	4206	b	1172a
grj	מזל	mzl								
grk	מַזְלֵג	mazlēg	N	fork	sub		g.bj.ab	4207	a	552a
grl	מִזְלָגָה	mizlāgâ	N	fork	sub		g.bj.ac	4207	b	552b
grm	מַזָּלוֹת	mazzālôt	N	constellations	single		m.bh.ad	4208		1173
grn	מְזִמָּה	mĕzimmâ	N	purpose	sub		g.bo.ae	4209		556c
gro	מִזְמוֹר	mizmôr	N	melody	sub		g.bq.ae	4210		558c
grp	מַזְמֵרָה	mazmērâ	N	pruning-knife	sub		g.br.ad	4211		559c
grq	מְזַמֶּרֶת	mĕzammeret	N	snuffers	sub		g.br.ae	4212		559d
grr	מִזְעָר	mizʿār	N	a little	sub		g.cc.ac	4213		571b
grs	מזר	mzr			main	מזר	m.bi.aa			1174
grt	מזר	mzr			main	מזר	m.bj.aa			1175
gru	מְזָרֶה	mĕzāreh	N	scatter	sub		g.ci.aa	4215		579
grv	מִזְרֶה	mizreh	N	pitch-fork	sub		g.ci.ab	4214		579a
grw	מַזָּרוֹת	mazzārôt	N	some noted constellation	single		m.bj.ad	4216		1176
grx	מִזְרָח	mizrāḥ	N	place of sunrise	sub		g.cj.aj	4217		580c
gry	מִזְרָע	mizrāʿ	N	place of sowing	sub		g.cl.ah	4218		582f
grz	מִזְרָק	mizrāq	N	bowl	sub		g.co.ab	4219		585a
gsa	מֵחַ	mēaḥ	N	fatling	sub		m.bn.ab	4220		1181a
gsb	מֹחַ	mōaḥ	N	marrow	sub		m.bn.ac	4221		1181b
gsc	מָחָא	māḥāʾ	V	strike	main	מחא	m.bk.aa	4222		1177
gsd	מַחֲבֵא	maḥăbēʾ	N	hiding-place	sub		h.ab.ab	4224	a	588a
gse	מַחֲבֹא	maḥăbōʾ	N	refuge	sub		h.ab.ac	4224	b	588b
gsf	מְחַבְּרָה	mĕḥabbĕrâ	N	binder	sub		h.ai.ap	4226		598k
gsg	מַחְבֶּ֫רֶת	maḥberet	N	thing joined	sub		h.ai.ao	4225		598j
gsh	מַחֲבַת	maḥăbat	N	flat plate	sub		h.ak.ac	4227		600b
gsi	מַחֲגֹ֫רֶת	maḥăgōret	N	girding	sub		h.ap.ae	4228		604d
gsj	מָחָה	māḥâ	V	full of marrow	sub		m.bn.ad	4229	c	1181c
gsk	מָחָה	māḥâ	V	wipe	main	מחה	m.bl.aa	4229	a	1178
gsl	מָחָה	māḥâ	V	strike	main	מחה	m.bm.aa	4229	b	1179
gsm	מְחוּגָה	mĕḥûgâ	N	circle-instrument	sub		h.ay.ac	4230		615b
gsn	מָחוֹז	māḥôz	N	city	single		m.bm.ae	4231		1180
gso	מְחוּיָאֵל	mĕḥûyāʾēl	Np	Mehujael			m.bm.af	4232		
gsp	מַחֲוִים	maḥăwîm	Ag	Machavite			h.bb.ad	4233		
gsq	מָחוֹל	māḥôl	Np	Mahol			m.bm.ai	4235		
gsr	מָחוֹל	māḥôl	N	dance	sub		h.bf.al	4234		623g
gss	מְחוֹלָה	mĕḥôlâ	N	dancing	sub		h.bf.am	4246		623h
gst	מֶחֱזָה	meḥĕzâ	N	light	sub		h.bp.ao	4237		633g
gsu	מַחֲזֶה	maḥăzeh	N	vision	sub		h.bp.an	4236		633f
gsv	מַחֲזִיאֹת	maḥăzîʾōt	Np	Mahazioth			h.bp.ap	4238		
gsw	מחח	mḥḥ			main	מחח	m.bn.aa			1181
gsx	מְחִי	mĕḥî	N	the stroke of his battering ram	sub		m.bm.ab	4239		1179a
gsy	מְחִידָא	mĕḥîdāʾ	Np	Mehida			m.bn.af	4240		
gsz	מִחְיָה	miḥyâ	N	preservation of life	sub		h.cd.ai	4241		644h
gta	מְחִיר	mĕḥîr	N	price	sub		m.bq.ad	4242		1185c
gtb	מְחִיר	mĕḥîr	Np	Mehir			m.bq.ae	4243		
gtc	מְחִלָּה	mĕḥillâ	N	hole	sub		h.cs.ag	4247		660f
gtd	מַחְלָה	maḥlâ	Np	Mahlah			m.bn.ai	4244		
gte	מַחֲלֶה	maḥăleh	N	sickness	sub		h.cn.ac	4245	a	655b
gtf	מַחֲלָה	maḥălâ	N	sickness	sub		h.cn.ad	4245	b	655c
gtg	מַחֲלוּי	maḥălûy	N	sickness	sub		h.cn.ae	4251		655d
gth	מַחְלוֹן	maḥlôn	Np	Mahlon			m.bn.am	4248		
gti	מַחְלִי	maḥlî	Np	Mahli			m.bn.an	4249		
gtj	מַחְלִי	maḥlî	Ag	Machlite			m.bn.ao	4250		
gtk	מַחֲלָף	maḥălāp	N	knife	sub		h.cx.af	4252		666d
gtl	מַחֲלָפָה	maḥălāpâ	N	plait	sub		h.cx.ag	4253		666e
gtm	מַחֲלָצָה	maḥălāṣâ	N	robe of state	sub		h.cy.ac	4254		667b
gtn	מַחֲלֹ֫קֶת	maḥălōqet	N	division	sub		h.da.ak	4256		669d
gto	מַחֲלַת	maḥălat	Np	Mahalath			m.bn.av	4258		
gtp	מַחֲלַת	maḥălat	N	‘Machalath’	sub		h.co.ab	4257		656a
gtq	מְחֹלָתִי	mĕḥōlātî	A	the Mĕḥolathite			m.bn.ax	4259		
gtr	מַחֲמָאֹת	maḥămāʾōt	N	curd-like	single		m.bn.ay	4260		1182
gts	מַחְמָד	maḥmād	N	desire	sub		h.de.af	4261		673d
gtt	מַחְמֹד	maḥmōd	N	desirable	sub		h.de.ag	4262		673e
gtu	מַחְמָל	maḥmāl	N	thing pitied	sub		h.dh.af	4263		676b
gtv	מַחְמֶ֫צֶת	maḥmeṣet	N	anything leavened			h.dk.af	2557	b	
gtw	מַחֲנֶה	maḥăneh	N	encampment	sub		h.dv.ad	4264		690c
gtx	מַחֲנֵה־דָ֑ן	maḥănēh-dān	Np	Mahaneh-dan			h.dv.ae	4265		
gty	מַחֲנַיִם	maḥănayim	Np	Mahanaim			h.dv.af	4266		
gtz	מַחֲנָק	maḥănāq	N	strangling	sub		h.ec.ab	4267		697a
gua	מַחְסֶּה	maḥsseh	N	refuge	sub		h.ef.ad	4268		700b
gub	מַחְסוֹם	maḥsôm	N	muzzle	sub		h.eh.ab	4269		702a
guc	מַחְסוֹר	maḥsôr	N	need	sub		h.ej.ag	4270		705e
gud	מַחְסֵיָה	maḥsêâ	Np	Maaseiah			h.ef.ae	4271		
gue	מַ֫חַץ	maḥaṣ	N	severe wound	sub		m.bo.ab	4273		1183a
guf	מָחַץ	māḥaṣ	V	smite through	main	מחץ	m.bo.aa	4272		1183
gug	מַחְצֵב	maḥṣēb	N	hewing	sub		h.ew.ab	4274		718a
guh	מֶחֱצָה	meḥĕṣâ	N	half	sub		h.ex.ah	4275		719d
gui	מַחֲצִית	maḥăṣît	N	half	sub		h.ex.ai	4276		719e
guj	מָחַק	māḥaq	V	utterly destroy	main	מחק	m.bp.aa	4277		1184
guk	מֶחְקָר	meḥqār	N	range	sub		h.fg.ac	4278		729b
gul	מָחָר	māḥār	N	to-morrow	sub		m.bq.ab	4279		1185a
gum	מחר	mḥr			main	מחר	m.bq.aa			1185
gun	מַחֲרָאָה	maḥărāʾâ	N	draught house	sub		h.fh.ac	4280		730b
guo	מַחֲרֵשָׁה	maḥărēšâ	N	ploughshare	sub		h.gk.ae	4281		760d
gup	מַחֲרֶ֫שֶׁת	maḥărešet	N	ploughshare	sub		h.gk.ae	4282		760d
guq	מׇחֳרָת	moḥŏrāt	N	the morrow	sub		m.bq.ac	4283		1185b
gur	מַחֲשָׁבָה	maḥăšābâ	N	thought	sub		h.gr.ak	4284		767d
gus	מַחְשָׁךְ	maḥšāk	N	dark place	sub		h.gt.ae	4285		769d
gut	מַחְשֹׂף	maḥśōp	N	a laying bare	sub		h.gq.ae	4286		766b
guu	מַ֫חַת	maḥat	Np	Mahath			h.gz.ac	4287		
guv	מְחִתָּה	mĕḥittâ	N	terror	sub		h.hf.ai	4288		784g
guw	מַחְתָּה	maḥtâ	N	fire-holder	sub		h.gz.ad	4289		777a
gux	מַחְתֶּ֫רֶת	maḥteret	N	breaking in	sub		h.he.ab	4290		783a
guy	מַטְאֲטֵא	maṭʾăṭēʾ	N	broom	sub		i.ab.ab	4292		785a
guz	מַטְבֵּחַ	maṭbēaḥ	N	slaughtering-place	sub		i.ac.ag	4293		786e
gva	מִטָּה	miṭṭâ	N	couch	sub		n.cz.ae	4296		1352c
gvb	מַטֶּה	maṭṭeh	N	branch	sub		n.cz.ad	4294		1352b
gvc	מַ֫טָּה	maṭṭâ	D	downwards	sub		n.cz.ac	4295		1352a
gvd	מֻטֶּה	muṭṭeh	N	that which is perverted	sub		n.cz.ag	4297		1352e
gve	מֻטָּה	muṭṭâ	N	spreading	sub		n.cz.af	4298		1352d
gvf	מַטְוֶה	maṭweh	N	that which is spun	sub		i.aj.ab	4299		794a
gvg	מְטִיל	mĕṭîl	N	wrought-metal rod	sub		m.br.ab	4300		1186a
gvh	מטל	mṭl			main	מטל	m.br.aa			1186
gvi	מַטְמוֹן	maṭmôn	N	hidden treasure	sub		i.ba.ab	4301		811a
gvj	מַטָּע	maṭṭāʿ	N	place	sub		n.db.ae	4302		1354c
gvk	מַטְעָם	maṭʿām	N	tasty food	sub		i.be.ac	4303		815b
gvl	מִטְפַּ֫חַת	miṭpaḥat	N	cloak	sub		i.bh.ae	4304		818d
gvm	מָטַר	māṭar	V	rain	sub		m.bs.ab	4305		1187
gvn	מָטַר	māṭar	N	rain	main	מטר	m.bs.aa	4306		1187a
gvo	מַטְרֵד	maṭrēd	Np	Matred			i.bk.ab	4308		
gvp	מַטָּרָה	maṭṭārâ	N	guard	sub		n.dd.ab	4307		1356a
gvq	מַטְרִי	maṭrî	Ag	Matri			m.bs.ac	4309		
gvr	מִי	mî	Pi	who?	main		m.bu.aa	4310		1189
gvs	מַי	may	N	waters	main		m.bt.aa	4325		1188
gvt	מֵי הַיַּרְקוֹן	mê hayyarqôn	Np	Me-jarkon			m.bt.ac	4313		
gvu	מֵי זָהָב	mê zāhāb	Np	Mezahab			m.bt.ab	4314		
gvv	מֵידְבָא	mêdĕbāʾ	Np	Medeba			m.bu.ai	4311		
gvw	מֵידָד	mêdād	Np	Medad			j.as.ah	4312		
gvx	מֵיטָב	mêṭāb	N	the best	sub		j.bj.ae	4315		863a
gvy	מִיכָא	mîkāʾ	Np	Micha			m.bu.ag	4316		
gvz	מִיכָאֵל	mîkāʾēl	Np	Michael			m.bu.ab	4317		
gwa	מִיכָה	mîkâ	Np	Micah			m.bu.af	4318		
gwb	מִיכָהוּ	mîkāhû	Np	Micaiah (2 Chronicles 18:8)			m.bu.ad	4319		
gwc	מִיכָיָה	mîkāyâ	Np	Micah			m.bu.ae	4320		
gwd	מִיכָֽיְהוּ	mîkāyĕhû	Np	Micah			m.bu.ad	4321		
gwe	מִיכָיָ֫הוּ	mîkāyāhû	Np	Michaiah			m.bu.ac	4322		
gwf	מִיכַל	mîkal	Np	Michal			m.bu.aq	4324		
gwg	מִיכָל	mîkāl	N	brook	single		m.bu.ap	4323		1190
gwh	מִיָּמִן	mîyāmin	Np	Miamin			m.bu.as	4326		
gwi	מִין	mîn	N	kind	sub		m.bv.ab	4327		1191a
gwj	מין	myn			main	מין	m.bv.aa			1191
gwk	מְיֻסָּדָה	mĕyussādâ	N	foundation	sub		j.bx.af	4328		875
gwl	מֵיפַ֫עַת	mêpaʿat	Np	Mephaath			j.cp.ad	4158		
gwm	מִיץ	mîṣ	N	squeezing	sub		m.bw.ac	4330		1192b
gwn	מיץ	myṣ			main	מיץ	m.bw.aa			1192
gwo	מֵישָׁא	mêšāʾ	Np	Mesha			m.bw.ae	4331		
gwp	מִישָׁאֵל	mîšāʾēl	Np	Mishael			m.bu.ah	4332		
gwq	מִישׁוֹר	mîšôr	N	level place	sub		j.dz.ah	4334		930f
gwr	מֵישַׁךְ	mêšak	Np	Meshak			m.bw.ah	4335		
gws	מֵישַׁע	mêšaʿ	Np	Mesha			j.dy.ao	4338		
gwt	מֵישָׁע	mêšāʿ	Np	Mesha			j.dy.ap	4337		
gwu	מֵישָׁר	mêšār	N	evenness	sub		j.dz.ag	4339		930e
gwv	מֵיתָר	mêtār	N	cord	sub		j.ef.ap	4340		936h
gww	מַכְאוֹב	makʾôb	N	pain	sub		k.ac.ac	4341		940b
gwx	מַכְבִּיר	makbîr	V	be much	sub		k.ak.aa	4342		947
gwy	מַכְבֵּנָה	makbēnâ	Np	Machbenah			k.ai.ac	4343		
gwz	מַכְבַּנַּי	makbannay	Np	Machbanai			k.ai.ad	4344		
gxa	מִכְבָּר	mikbār	N	grating	sub		k.al.ae	4345		948d
gxb	מַכְבֵּר	makbēr	N	a netted cloth	sub		k.al.ad	4346		948c
gxc	מַכָּה	makkâ	N	blow	sub		n.dk.ae	4347		1364d
gxd	מִכְוָה	mikwâ	N	burnt-spot	sub		k.at.ad	4348		961c
gxe	מָכוֹן	mākôn	N	fixed place	sub		k.aw.ah	4349		964c
gxf	מְכוֹנָה	mĕkônâ	N	fixed resting-place	sub		k.aw.ai	4350		964d
gxg	מָכִי	mākî	Np	Machi			m.bw.as	4352		
gxh	מָכִיר	mākîr	Np	Machir			m.by.ac	4353		
gxi	מָכִירִי	mākîrî	A	the Machirites			m.by.ad	4354		
gxj	מָכַךְ	mākak	V	be low	main	מכך	m.bx.aa	4355		1193
gxk	מִכְלָה	miklâ	N	completeness	sub		k.bk.ag	4357		982d
gxl	מִכְלָה	miklâ	N	enclosure	sub		k.bi.ad	4356		980c
gxm	מִכְלוֹל	miklôl	N	perfection	sub		k.bn.ad	4358		985c
gxn	מִכְלָל	miklāl	N	completeness	sub		k.bn.af	4359		985e
gxo	מַכְלֻל	maklul	N	a thing made perfect	sub		k.bn.ae	4360		985d
gxp	מַכֹּ֫לֶת	makkōlet	N	food-stuff	sub		a.dc.ai	4361		85g
gxq	מִכְמָן	mikmān	N	hidden stores	sub		k.bs.ab	4362		991a
gxr	מִכְמָס	mikmās	Np	Mikmas			k.bt.ab	4363		
gxs	מִכְמָר	mikmār	N	net	sub		k.bw.ab	4364	a	995a
gxt	מַכְמֹר	makmōr	N	net	sub		k.bw.ac	4364	b	995b
gxu	מִכְמֶ֫רֶת	mikmeret	N	net	sub		k.bw.ad	4365	a	995c
gxv	מִכְמֹ֫רֶת	mikmōret	N	net	sub		k.bw.ae	4365	b	995d
gxw	מִכְמְתָת	mikmĕtāt	Np	Michmethath			k.bx.ab	4366		
gxx	מַכְנַדְבַי	maknadbay	Np	Machnadebai			m.bx.aj	4367		
gxy	מְכֹנָה	mĕkōnâ	Np	Mekonah			m.bx.ak	4368		
gxz	מְכֻנָה	mĕkunâ	N	fixed resting-place	sub		k.aw.ai	4369		964d
gya	מִכְנָס	miknās	N	drawers	sub		k.cc.ab	4370		1000a
gyb	מֶ֫כֶס	mekes	N	computation	sub		k.cl.ab	4371		1014a
gyc	מְכַסֶּה	mĕkasseh	N	covering	sub		k.cg.ae	4374		1008d
gyd	מִכְסֶה	mikseh	N	covering	sub		k.cg.ad	4372		1008c
gye	מִכְסָה	miksâ	N	computation	sub		k.cl.ac	4373		1014b
gyf	מַכְפֵּלָה	makpēlâ	Np	Machpelah	sub		k.cp.ac	4375		1019b
gyg	מֶ֫כֶר	meker	N	merchandise	sub		m.by.ab	4377		1194a
gyh	מַכָּר	makkār	N	acquaintance	sub		n.dn.ac	4378		1368f
gyi	מָכַר	mākar	V	sell	main	מכר	m.by.aa	4376		1194
gyj	מְכֵרָה	mĕkērâ	N	sword	sub		k.ay.ac	4380		968b
gyk	מְכֹרָה	mĕkōrâ	N	origin	sub		k.ay.ab	4351		968a
gyl	מִכְרֶה	mikreh	N	pit	sub		k.cy.ac	4379		1033b
gym	מִכְרִי	mikrî	Np	Michri			m.by.ae	4381		
gyn	מְכֵרָתִי	mĕkērātî	Ag	Mekerathite			m.by.ak	4382		
gyo	מִכְשׁוֹל	mikšôl	N	a stumbling	sub		k.dj.ad	4383		1050c
gyp	מַכְשֵׁלָה	makšēlâ	N	overthrown mass	sub		k.dj.ae	4384		1050d
gyq	מִכְתָּב	miktāb	N	writing	sub		k.dn.ad	4385		1053c
gyr	מְכִתָּה	mĕkittâ	N	the crushed	sub		k.dv.ac	4386		1062b
gys	מִכְתָּם	miktām	N	Mikhtām	sub		k.dq.ab	4387		1056a
gyt	מַכְתֵּשׁ	maktēš	N	Maktesh	sub		k.du.ab	4389		
gyu	מַכְתֵּשׁ	maktēš	N	mortar	sub		k.du.ab	4388		1061a
gyv	מְלֹא	mĕlōʾ	N	fulness	sub		m.bz.ac	4393		1195b
gyw	מִלֻּא	milluʾ	N	setting	sub		m.bz.af	4394		1195e
gyx	מָלֵא	mālēʾ	V	be full	main	מלא	m.bz.aa	4390		1195
gyy	מָלֵא	mālēʾ	A	full	sub		m.bz.ab	4392		1195a
gyz	מְלֵאָה	mĕlēʾâ	N	fulness	sub		m.bz.ad	4395		1195c
gza	מִלֻּאָה	milluʾâ	N	setting	sub		m.bz.ae	4396		1195d
gzb	מַלְאָךְ	malʾāk	N	messenger	sub		l.af.ab	4397		1068a
gzc	מְלָאכָה	mĕlāʾkâ	N	occupation	sub		l.af.ac	4399		1068b
gzd	מַלְאָכוּת	malʾākût	N	message	sub		l.af.ad	4400		1068c
gze	מַלְאָכִי	malʾākî	Np	Malachi			l.af.ae	4401		
gzf	מִלֵּאת	millēʾt	N	setting	sub		m.bz.ah	4402		1195f
gzg	מַלְבּוּשׁ	malbûš	N	raiment	sub		l.al.ac	4403		1075b
gzh	מַלְבֵּן	malbēn	N	brick-mould	sub		l.ak.ap	4404		1074i
gzi	מִלָּה	millâ	N	word	sub		m.cf.ab	4405		1201a
gzj	מִלּוֹא	millôʾ	Np	Millo. See also			m.bz.ag	4407		
gzk	מַלּוּחַ	mallûaḥ	N	mallow	sub		m.cb.ae	4408		1197c
gzl	מַלּוּךְ	mallûk	Np	Malluch			m.cd.aw	4409	a	
gzm	מְלוּכָה	mĕlûkâ	N	kingship	sub		m.cd.aj	4410		1199d
gzn	מָלוֹן	mālôn	N	lodging-place	sub		l.az.ab	4411		1096a
gzo	מְלוּנָה	mĕlûnâ	N	lodge	sub		l.az.ac	4412		1096b
gzp	מַלּוֹתִי	mallôtî	Np	Mallothi			m.cf.ac	4413		
gzq	מֶ֫לַח	melaḥ	N	rag	sub		m.ca.ab	4418		1196a
gzr	מֶ֫לַח	melaḥ	N	salt	sub		m.cb.ab	4417		1197a
gzs	מַלָּח	mallāḥ	N	mariner	sub		m.cb.af	4419		1197d
gzt	מָלַח	mālaḥ	V	salt	sub		m.cb.ac	4414	b	1197
gzu	מָלַח	mālaḥ	V	tear away	main	מלח	m.ca.aa	4414	a	1196
gzv	מלח	mlḥ			main	מלח	m.cb.aa			
gzw	מְלֵחָה	mĕlēḥâ	N	saltness	sub		m.cb.ad	4420		1197b
gzx	מִלְחָמָה	milḥāmâ	N	battle	sub		l.bh.ad	4421		1104c
gzy	מֶ֫לֶט	meleṭ	N	mortar	sub		m.cc.ab	4423		1198a
gzz	מָלַט	mālaṭ	V	slip away	main	מלט	m.cc.aa	4422		1198
haa	מְלַטְיָה	mĕlaṭyâ	Np	Melatiah			m.cc.ac	4424		
hab	מְלִיכוּ	mĕlîkû	Np	Melichu			m.cd.ax	4409	b	
hac	מְלִילָה	mĕlîlâ	N	ear	sub		m.cg.ab	4425		1202a
had	מְלִיצָה	mĕlîṣâ	N	satire	sub		l.bn.ac	4426		1113b
hae	מֶ֫לֶךְ	melek	N	king	sub		m.cd.ab	4428		1199a
haf	מֶ֫לֶךְ	melek	Np	Melech			m.cd.af	4429		
hag	מָלַךְ	mālak	V	be king	sub		m.cd.ae	4427	a	1199
hah	מָלַךְ	mālak	V	counsel	main	מלך	m.ce.aa	4427	b	1200
hai	מֹ֫לֶךְ	mōlek	Np	Molech. Compare	sub		m.cd.ag	4432		1199h
haj	מלך	mlk			main	מלך	m.cd.aa			
hak	מַלְכֹּ֫דֶת	malkōdet	N	a catching instrument	sub		l.bp.ac	4434		1115b
hal	מִלְכָּה	milkâ	Np	Milcah			m.cd.ai	4435		
ham	מַלְכָּה	malkâ	N	queen	sub		m.cd.ac	4436		1199b
han	מַלְכוּת	malkût	N	royalty	sub		m.cd.ak	4438		1199e
hao	מַלְכִּיאֵל	malkîʾēl	Np	Malchiel			m.cd.an	4439		
hap	מַלְכִּיאֵלִי	malkîʾēlî	Ag	Malkielite			m.cd.ao	4440		
haq	מַלְכִּיָּהוּ	malkîyāhû	Np	Malchiah			m.cd.ap	4441		
har	מַלְכִּי־צֶ֫דֶק	malkî-ṣedeq	Np	Melchizedek	sub		m.cd.aq	4442		1199i
has	מַלְכִּירָם	malkîrām	Np	Malchiram			m.cd.ar	4443		
hat	מַלְכִּישׁוּעַ	malkîšûaʿ	Np	Malchishua			m.cd.as	4444		
hau	מִלכֹּם	milkōm	Np	Milcom			m.cd.au	4445	b	
hav	מַלְכָּם	malkām	Np	Malcham			m.cd.at	4445	a	
haw	מְלֶ֫כֶת	mĕleket	N	queen	sub		m.cd.ad	4446		1199c
hax	מֹלֶ֫כֶת	mōleket	Np	Hammoleketh (including the article)			m.cd.ah	4447		
hay	מָלַל	mālal	V	rub	main	מלל	m.cg.aa	4448	b	1202
haz	מָלַל	mālal	V	circumcise	main	מלל	m.ci.aa	4135	b	1204
hba	מָלַל	mālal	V	languish	main	מלל	m.ch.aa	5243	a	1203
hbb	מָלַל	mālal	V	speak	main	מלל	m.cf.aa	4448	a	1201
hbc	מִֽלֲלַי	milălay	Np	Milalai			m.cf.ad	4450		
hbd	מַלְמֵד	malmēd	N	ox-goad	sub		l.bq.ac	4451		1116b
hbe	מָלַץ	mālaṣ	V	be smooth	main	מלץ	m.cj.aa	4452		1205
hbf	מֶלְצָר	melṣār	N	guardian	single		m.cj.ab	4453		1206
hbg	מָלַק	mālaq	V	nip	main	מלק	m.ck.aa	4454		1207
hbh	מַלְקוֹחַ	malqôaḥ	N	booty	sub		l.bx.ad	4455	a	1124b
hbi	מַלְקוֹחַ	malqôaḥ	N	jaw	sub		l.bx.ae	4455	b	1124c
hbj	מַלְקוֹשׁ	malqôš	N	latter-rain	sub		l.ca.ac	4456		1127b
hbk	מֶלְקָחַ֫יִם	melqāḥayim	N	tongs	sub		l.bx.af	4457		1124d
hbl	מֶלְתָּחָה	meltāḥâ	N	wardrobe	sub		l.ce.ab	4458		1132a
hbm	מַלְתָּעָה	maltāʿâ	N	teeth	sub		w.aw.ag	4459		2516d
hbn	מַמְּגֻרוֹת	mammĕgurôt	N	granary	sub		c.bf.ai	4460		330e
hbo	מֵמַד	mēmad	N	measurement	sub		m.al.ad	4461		1146c
hbp	מְמוּכָן	mĕmûkān	Np	Memucan			m.ck.ah	4462		
hbq	מָמוֹת	māmôt	N	death	sub		m.be.ac	4463		1169b
hbr	מַמְזֵר	mamzēr	N	bastard	sub		m.bi.ab	4464		1174a
hbs	מִמְכָּר	mimkār	N	sale	sub		m.by.af	4465		1194b
hbt	מִמְכֶּ֫רֶת	mimkeret	N	sale	sub		m.by.ag	4466		1194c
hbu	מַמְלָכָה	mamlākâ	N	kingdom	sub		m.cd.al	4467		1199f
hbv	מַמְלָכוּת	mamlākût	N	kingdom	sub		m.cd.am	4468		1199g
hbw	מִמְסָךְ	mimsāk	N	mixed drink	sub		m.cr.ac	4469		1220b
hbx	מֶ֫מֶר	memer	N	bitterness	sub		m.dq.am	4470		1248j
hby	מַמְרֵא	mamrēʾ	Np	Mamre	single		m.ck.ap	4471		1208
hbz	מַמְרוֹר	mamrôr	N	bitter thing	sub		m.dq.an	4472		1248k
hca	מִמְשַׁח	mimšaḥ	N	cherub of expansion	sub		m.dt.ae	4473		1255d
hcb	מִמְשָׁל	mimšāl	N	dominion	sub		m.dw.ac	4474		1259b
hcc	מֶמְשָׁלָה	memšālâ	N	rule	sub		m.dw.ad	4475		1259c
hcd	מִמְשָׁק	mimšāq	N	possession	sub		m.dy.ac	4476		1261b
hce	מַמְתַֿקִּים	mamtaqqîm	N	sweetness	sub		m.ef.af	4477		1268d
hcf	מִן־	min	R	out of	main		m.cl.aa	4480	a	1212
hcg	מֵן	mēn	N	portion	sub		m.co.ab	4480	b	1215a
hch	מֵן	mēn	N	string	single		m.ck.aw	4482		1211
hci	מָן	mān	N	What	single		m.ck.av	4478	b	1210
hcj	מָן	mān	N	manna	single		m.ck.au	4478	a	1209
hck	מַנְגִּינָה	mangînâ	N	mocking	sub		n.av.ac	4485		1292.1b
hcl	מָנֶה	māneh	N	maneh	sub		m.cm.ac	4488		1213b
hcm	מָנָה	mānâ	V	count	main	מנה	m.cm.aa	4487		1213
hcn	מָנָה	mānâ	N	part	sub		m.cm.ab	4490		1213a
hco	מֹנֶה	mōneh	N	counted number	sub		m.cm.ad	4489		1213c
hcp	מִנְהָג	minhāg	N	driving	sub		n.bk.ab	4491		1309a
hcq	מִנְהָרָה	minhārâ	N	channel	sub		n.br.ac	4492		1316b
hcr	מָנוֹד	mānôd	N	a shaking	sub		n.bu.af	4493		1319c
hcs	מָנוֹחַ	mānôaḥ	Np	Manoah			n.by.al	4495		
hct	מָנוֹחַ	mānôaḥ	N	resting-place	sub		n.by.ak	4494		1323e
hcu	מְנוּחָה	mĕnûḥâ	N	resting-place	sub		n.by.am	4496		1323f
hcv	מָנוֹן	mānôn	N	thankless one	sub		m.cm.ao	4497		1213f
hcw	מָנוֹס	mānôs	N	flight	sub		n.cc.ab	4498		1327a
hcx	מְנוּסָה	mĕnûsâ	N	flight	sub		n.cc.ac	4499		1327b
hcy	מָנוֹר	mānôr	N	beam	sub		n.dh.ab	4500		1361a
hcz	מְנוֹרָה	mĕnôrâ	N	lampstand	sub		n.ch.af	4501		1333c
hda	מִנְזָר	minzār	N	consecrated	sub		n.cn.ae	4502		1340d
hdb	מנח	mnḥ			main	מנח	m.cn.aa			1214
hdc	מִנְחָה	minḥâ	N	gift	sub		m.cn.ab	4503		1214a
hdd	מְנַחֵם	mĕnaḥēm	Np	Menahem			n.cr.aj	4505		
hde	מָנַ֫חַת	mānaḥat	Np	Manahath			n.by.aq	4506	b	
hdf	מָנַ֫חַת	mānaḥat	Np	Manahath			n.by.ao	4506	a	
hdg	מְנִי	mĕnî	Np	number	sub		m.cm.ae	4507		1213e
hdh	מִנִּי	minnî	Np	Minni			m.cn.ag	4508		
hdi	מִנְיָמִין	minyāmîn	Np	Miniamin. Compare			m.bu.as	4509		
hdj	מִנִּית	minnît	Np	Minnith			m.co.ac	4511		
hdk	מִנְלֶה	minleh	N	gain	sub		n.dp.ab	4512		1370a
hdl	מנן	mnn			main	מנן	m.co.aa			1215
hdm	מָנַע	mānaʿ	V	withhold	main	מנע	m.cp.aa	4513		1216
hdn	מַנְעוּל	manʿûl	N	bolt	sub		n.ec.ad	4514		1383c
hdo	מִנְעָל	minʿāl	N	bolt	sub		n.ec.ae	4515		1383d
hdp	מַנְעַמִּים	manʿammîm	N	delicacies	sub		n.ed.am	4516		1384d
hdq	מְנַעֲנֵעַ	mĕnaʿănēaʿ	N	rattle	sub		n.cd.ad	4517		1328a
hdr	מְנַקִּיָּה	mĕnaqqîyâ	N	sacrificial bowl	sub		n.fe.ae	4518		1412d
hds	מְנַשֶּׁה	mĕnaššeh	Np	Manasseh	single		m.cp.aj	4519		1217
hdt	מְנַשִּׁי	mĕnaššî	Ag	Menashshite			m.cp.ak	4520		
hdu	מְנָת	mĕnāt	N	portion	sub		m.cm.af	4521		1213d
hdv	מַס	mas	N	body of forced labourers	single		m.cp.am	4522		1218
hdw	מָס	mās	A	despairing	sub		m.cs.ab	4523		1223a
hdx	מֵסַב	mēsab	N	that which surrounds	sub		o.ad.ad	4524		1456c
hdy	מַסְגֵּר	masgēr	N	locksmith	sub		o.ai.ad	4525		1462c
hdz	מִסְגֶּ֫רֶת	misgeret	N	border	sub		o.ai.ae	4526		1462d
hea	מַסַּד	massad	N	foundation	sub		j.bx.ah	4527		875g
heb	מִסְדְּרוֹן	misdĕrôn	N	porch	sub		o.ak.ad	4528		1467c
hec	מַסָּה	massâ	Np	Massah			n.ds.ac	4532		
hed	מַסָּה	massâ	N	despair	sub		m.cs.ac	4531	a	1223b
hee	מַסָּה	massâ	N	test	sub		n.ds.ab	4531	b	1373a
hef	מָסָה	māsâ	V	melt	main	מסה	m.cq.aa	4529		1219
heg	מַסְוֶה	masweh	N	veil	sub		o.ap.ac	4533		1472b
heh	מְסוּכָה	mĕsûkâ	N	hedge	sub		o.as.ab	4534		1475a
hei	מַסָּח	massāḥ	N	for plucking away	single		m.cq.ag	4535		1374a
hej	מִסְחָר	misḥār	N	merchandise	sub		o.az.ae	4536		1486d
hek	מֶ֫סֶךְ	mesek	N	mixture	sub		m.cr.ab	4538		1220a
hel	מָסַךְ	māsak	V	mix	main	מסך	m.cr.aa	4537		1220
hem	מָסָךְ	māsāk	N	covering	sub		o.ba.ab	4539		1492a
hen	מְסֻכָֿה	mĕsukâ	N	that with which one is covered	sub		o.ba.ac	4540		1492a
heo	מַסֵּכָה	massēkâ	N	woven stuff	sub		n.dv.ab	4541	b	1376a
hep	מַסֵּכָה	massēkâ	N	molten metal	sub		n.du.ad	4541	a	1375c
heq	מִסְכֵּן	miskēn	A	poor	single		m.cr.ag	4542		1221
her	מִסְכְּנוֹת	miskĕnôt	N	supply	sub		o.bd.ab	4543		1494a
hes	מִסְכֵּנֻת	miskēnut	N	poverty	single		m.cr.ah	4544		1222
het	מַסֶּ֫כֶת	masseket	N	web	sub		n.dv.ac	4545		1376b
heu	מְסִלָּה	mĕsillâ	N	highway	sub		o.bo.ae	4546		1506d
hev	מַסְלוּל	maslûl	N	highway	sub		o.bo.af	4547		1506d
hew	מַסְמֵר	masmēr	N	nail	sub		o.bw.ac	4548		1518b
hex	מָסַס	māsas	V	dissolve	main	מסס	m.cs.aa	4549		1223
hey	מַסַּע	massaʿ	N	pulling up	sub		n.dz.ab	4550		1380a
hez	מַסָּע	massāʿ	N	missile	sub		n.ea.ab	4551	b	1381a
hfa	מַסָּע	massāʿ	N	quarry	sub		n.dz.ac	4551	a	1380b
hfb	מִסְעָד	misʿād	N	support	sub		o.bx.ab	4552		1525a
hfc	מִסְפֵּד	mispēd	N	wailing	sub		o.cc.ab	4553		1530a
hfd	מִסְפּוֹא	mispôʾ	N	fodder	sub		o.cb.ab	4554		1529a
hfe	מִסְפָּחָה	mispāḥâ	N	long veil	sub		o.cg.ae	4555		1534c
hff	מִסְפַּ֫חַת	mispaḥat	N	scruf	sub		o.cg.ac	4556		1534b
hfg	מִסְפָּר	mispār	Np	Mizpar. Compare			o.ck.ai	4558		
hfh	מִסְפָּר	mispār	N	number	sub		o.ck.ah	4557		1540f
hfi	מִסְפֶּרֶת	misperet	Np	Mispereth. Compare			o.ck.ai	4559		
hfj	מָסַר	māsar	V	deliver up	main	מסר	m.ct.aa	4560		1224
hfk	מֹסָר	mōsār	N	discipline	sub		j.ca.ac	4561		877b
hfl	מֹסֵרוֹת	mōsērôt	Np	Moseroth			a.ew.aj	4149	b	
hfm	מָסֹ֫רֶת	māsōret	N	bond of the covenant	sub		a.ew.ag	4562		141e
hfn	מִסַּת	missat	N	sufficiency	single		m.ct.ad	4530		1225
hfo	מִסְתּוֹר	mistôr	N	place of shelter	sub		o.cq.af	4563		1551c
hfp	מִסְתָּר	mistār	N	secret place	sub		o.cq.ag	4565		1551d
hfq	מַסְתֵּר	mastēr	N	hiding	sub		o.cq.ah	4564		1551e
hfr	מַעְבָּד	maʿbād	N	work	sub		p.ac.ar	4566		1553f
hfs	מַעֲבֶה	maʿăbeh	N	thickness	sub		p.ad.ac	4568		1554b
hft	מַעֲבָר	maʿăbār	N	ford	sub		p.ah.an	4569	a	1556h
hfu	מַעֲבָרָה	maʿăbārâ	N	ford	sub		p.ah.ao	4569	b	1556i
hfv	מַעְגָּל	maʿgāl	N	entrenchment	sub		p.al.ak	4570		1560f
hfw	מָעַד	māʿad	V	slip	main	מעד	m.cu.aa	4571		1226
hfx	מַעֲדַי	maʿăday	Np	Maadai			m.cu.ab	4572		
hfy	מַעֲדְיָה	maʿădyâ	Np	Maadiah. Compare			m.cu.ac	4573		
hfz	מַעֲדָן	maʿădān	N	dainty	sub		p.au.ak	4574		1567d
hga	מַעֲדַנּוֹת	maʿădannôt	N	bonds	sub		p.ds.ab	4575		1649a
hgb	מַעְדֵּר	maʿdēr	N	hoe	sub		p.ay.ab	4576		1571a
hgc	מֵעֶה	mēʿeh	N	internal organs	sub		m.cv.ab	4578		1227a
hgd	מָעָה	māʿâ	N	grain	sub		m.cv.ac	4579		1227b
hge	מעה	mʿh			main	מעה	m.cv.aa			1227
hgf	מָעוֹג	māʿôg	N	cake	sub		p.bb.ad	4580		1575b
hgg	מָעוֹז	māʿôz	N	place of safety	sub		p.bf.ab	4581		1578a
hgh	מָעוֹךְ	māʿôk	Np	Maoch			m.cy.ab	4582		
hgi	מָעוֹן	māʿôn	Np	Maon			p.bj.ac	4584		
hgj	מָעוֹן	māʿôn	N	dwelling	sub		p.bj.ab	4583		1581a
hgk	מְעוּנִים	mĕʿûnîm	Np	Mehunim(-s)			m.cv.ag	4586		
hgl	מְעוֹנֹתַי	mĕʿônōtay	Np	Meonothai			p.bj.ae	4587		
hgm	מָעוּף	māʿûp	N	darkness	sub		p.bl.ae	4588		1583b
hgn	מָעוֹר	māʿôr	N	nakedness	sub		p.bq.ab	4589		1588a
hgo	מעז	mʿz			main	מעז	m.cw.aa			
hgp	מַעַזְיָהוּ	maʿazyāhû	Np	Maaziah			m.cw.ab	4590		
hgq	מְעַט	mĕʿaṭ	A	a little	sub		m.cx.ab	4592		1228a
hgr	מָעַט	māʿaṭ	V	be small	main	מעט	m.cx.aa	4591		1228
hgs	מָעֹט	māʿōṭ	N	make smooth	sub		m.dm.aa	4593		1244
hgt	מַעֲטֶה	maʿăṭeh	N	wrap	sub		p.cb.ab	4594		1601a
hgu	מַעֲטָפָה	maʿăṭāpâ	N	overtunic	sub		p.cf.ab	4595		1606a
hgv	מְעִי	mĕʿî	N	ruin-heap	sub		p.bd.ae	4596		1577e
hgw	מָעַי	māʿay	Np	Maai			m.cx.ag	4597		
hgx	מְעִיל	mĕʿîl	N	robe	sub		m.cz.ac	4598		1230b
hgy	מַעְיָן	maʿyān	N	spring	sub		p.ck.at	4599		1613a
hgz	מָעַךְ	māʿak	V	press	main	מעך	m.cy.aa	4600		1229
hha	מַעֲכָה	maʿăkâ	Np	Maachah			m.cy.ac	4601		
hhb	מַעֲכָתִי	maʿăkātî	A	the Maachathites			m.cy.ae	4602		
hhc	מַ֫עַל	maʿal	N	unfaithful	sub		m.cz.ab	4604		1230a
hhd	מַ֫עַל	maʿal	D	higher part	sub		p.cs.am	4605		1624k
hhe	מָעַל	māʿal	V	act unfaithfully	main	מעל	m.cz.aa	4603		1230
hhf	מֹ֫עַל	mōʿal	N	lifting	sub		p.cs.ak	4607		1624i
hhg	מַעֲלֶה	maʿăleh	N	ascent	sub		p.cs.al	4608		1624j
hhh	מַעֲלָה	maʿălâ	N	step	sub		p.cs.ao	4609	b	1624m
hhi	מַעֲלָה	maʿălâ	N	what comes up	sub		p.cs.an	4609	a	1624l
hhj	מַעֲלֵה עַקְרַבִּים	maʿălēh ʿaqrabbîm	N	ascent	sub		p.cs.al	4610		
hhk	מַעֲלָל	maʿălāl	N	deed	sub		p.cu.af	4611		1627e
hhl	מֵעִם	mēʿim	R	from with	sub		p.dj.ab	5973	b	1640c
hhm	מַעֲמָד	maʿămād	N	office	sub		p.df.ae	4612		1637d
hhn	מׇעֳמָ֑ד	moʿŏmād	N	standing-ground	sub		p.df.af	4613		1637e
hho	מַעֲמָסָה	maʿămāsâ	N	load	sub		p.dl.ad	4614		1643a
hhp	מַעֲמַקִּים	maʿămaqqîm	N	depths	sub		p.dm.ag	4615		1644e
hhq	מַ֫עַן	maʿan	R C	purpose	sub		p.dt.aj	4616		1650g
hhr	מְעֹנָה	mĕʿōnâ	N	den	sub		p.bj.ad	4585		1581b
hhs	מַעֲנֶה	maʿăneh	N	answer	sub		p.dt.ai	4617		1650f
hht	מַעֲנָה	maʿănâ	N	place for task	sub		p.du.ac	4618		1651b
hhu	מַ֫עַץ	maʿaṣ	Np	Maaz			m.da.ab	4619		
hhv	מעץ	mʿṣ			main	מעץ	m.da.aa			
hhw	מַעֲצֵבָה	maʿăṣēbâ	N	place of pain	sub		p.ei.ag	4620		1666f
hhx	מַעֲצָד	maʿăṣād	N	axe	sub		p.ek.ab	4621		1668a
hhy	מַעְצוֹר	maʿṣôr	N	restraint	sub		p.et.ae	4622		1675d
hhz	מַעְצָר	maʿṣār	N	restraint	sub		p.et.af	4623		1675e
hia	מַעֲקֶה	maʿăqeh	N	parapet	sub		p.ex.ab	4624		1679a
hib	מַעֲקָשׁ	maʿăqāš	N	twisted	sub		p.fa.ae	4625		1684c
hic	מַעַר	maʿar	N	bare	sub		p.fi.ae	4626		1692d
hid	מַעֲרָב	maʿărāb	N	west	sub		p.ff.ad	4628		1689b
hie	מַעֲרָב	maʿărāb	N	articles of exchange	sub		p.fc.ad	4627		1686c
hif	מְעָרָה	mĕʿārâ	N	cave	sub		p.ft.ab	4631		1704a
hig	מְעָרָה	mĕʿārâ	Np	Mearah			p.ft.ab	4632		
hih	מַעֲרֶה	maʿăreh	N	bare	sub		p.fi.ae	4629		1692d
hii	מַעֲרָה	maʿărâ	N	row	single		p.fj.ae	4630		1692d
hij	מַעֲרָךְ	maʿărāk	N	arrangement	sub		p.fj.ad	4633		1694c
hik	מַעֲרָכָה	maʿărākâ	N	row	sub		p.fj.ae	4634		1694d
hil	מַעֲרֶ֫כֶת	maʿăreket	N	row	sub		p.fj.af	4635		1694e
him	מַעֲרֹם	maʿărōm	N	naked thing	sub		p.bq.ae	4636		1588d
hin	מַעֲרָצָה	maʿărāṣâ	N	awful shock	sub		p.fr.ad	4637		1702c
hio	מַעֲרָת	maʿărāt	Np	Maarath			p.fi.af	4638		
hip	מַעֲשֶׂה	maʿăśeh	N	deed	sub		p.fy.ag	4639		1708a
hiq	מַעֲשַׂי	maʿăśay	Np	Maasiai			p.fy.ah	4640		
hir	מַעֲשֵׂיָהוּ	maʿăśêāhû	Np	Maaseiah			p.fy.ah	4641		
his	מַעֲשַׁקָּה	maʿăšaqqâ	N	extortionate act	sub		p.gd.ag	4642		1713e
hit	מַעֲשֵׂר	maʿăśēr	N	tenth part	sub		p.gb.ai	4643		1711h
hiu	מֹף	mōp	Np	Memphis. Compare			m.da.av	4644		
hiv	מִפְגָּע	mipgāʿ	N	thing hit	sub		q.ag.ac	4645		1731b
hiw	מַפָּח	mappāḥ	N	breathing out	sub		n.ej.ac	4646		1390a
hix	מַפֻּחַ	mappuaḥ	N	bellows	sub		n.ej.ad	4647		1390b
hiy	מְפִיבֹשֶׁת	mĕpîbōšet	Np	Mephibosheth			t.cm.al	4648		
hiz	מֻפִּים	muppîm	Np	Muppim. Compare			m.da.az	4649		
hja	מֵפִיץ	mēpîṣ	N	scatterer	sub		q.aq.ab	4650		1745a
hjb	מֵפִיץ	mēpîṣ	N	scatterer	sub		q.aq.ab	6327	b	1745a
hjc	מַפָּל	mappāl	N	refuse	sub		n.ek.ac	4651		1392b
hjd	מִפְלָאָה	miplāʾâ	N	wondrous work	sub		q.bk.aj	4652		1768c
hje	מִפְלַגָּה	miplaggâ	N	classification	sub		q.bl.af	4653		1769d
hjf	מַפֵּלָה	mappēlâ	N	fallen	sub		n.ek.ae	4654	b	1392d
hjg	מַפָּלָה	mappālâ	N	ruin	sub		n.ek.ad	4654	a	1392c
hjh	מִפְלָט	miplāṭ	N	escape	sub		q.bo.an	4655		1774e
hji	מִפְלֶ֫צֶת	mipleṣet	N	horrid thing	sub		q.bs.ac	4656		1778b
hjj	מִפְלָשׂ	miplāś	N	swaying	sub		q.br.ad	4657		1777b
hjk	מַפֶּ֫לֶת	mappelet	N	carcass	sub		n.ek.af	4658		1392e
hjl	מִפְעָל	mipʿāl	N	work	sub		q.ce.ae	4659	a	1792c
hjm	מִפְעָלָה	mipʿālâ	N	deed	sub		q.ce.af	4659	b	1792d
hjn	מַפֵּץ	mappēṣ	N	war-club	sub		n.el.ad	4661		1394c
hjo	מַפָּץ	mappāṣ	N	shattering	sub		n.el.ac	4660		1394b
hjp	מִפְקָד	mipqād	N	muster	sub		q.co.ah	4662		1802g
hjq	מִפְקָד	mipqād	N	Miphkad	sub		q.co.ah	4663		
hjr	מִפְרָץ	miprāṣ	N	landing-place	sub		q.dj.ab	4664		1827a
hjs	מַפְרֶקֶת	mapreqet	N	neck	sub		q.dk.ad	4665		1828c
hjt	מִפְרָשׂ	miprāś	N	spreading out	sub		q.do.ab	4666		1832a
hju	מִפְשָׂעָה	mipśāʿâ	N	stepping-region	sub		q.du.ac	4667		1841b
hjv	מִפְתָּח	miptāḥ	N	opening	sub		q.ea.ai	4669		1854e
hjw	מַפְתֵּחַ	maptēaḥ	N	key	sub		q.ea.aj	4668		1854f
hjx	מִפְתָּן	miptān	N	threshold	sub		q.ed.ac	4670		1858b
hjy	מֵץ	mēṣ	N	squeezer	sub		m.bw.ab	4160		1192a
hjz	מָצָא	māṣāʾ	V	attain to	main	מצא	m.db.aa	4672		1231
hka	מַצָּב	maṣṣāb	N	standing-place	sub		n.ep.ae	4673		1398c
hkb	מֻצָּב	muṣṣāb	N	palisade	sub		n.ep.af	4674		1398d,1398e
hkc	מִצָּבָה	miṣṣābâ	N	guard	sub		n.ep.ah	4675		1398f
hkd	מַצֵּבָה	maṣṣēbâ	N	pillar	sub		n.ep.ai	4676		1398g
hke	מְצֹבָיָה	mĕṣōbāyâ	N	Metsobajah	single		m.db.ad	4677		
hkf	מַצֶּבֶת	maṣṣebet	N	pillar	sub		n.ep.ai	4678		1398g
hkg	מְצָד	mĕṣād	N	fastness	sub		r.ax.ad	4679		1885c
hkh	מַצָּה	maṣṣâ	N	strife	sub		n.er.ab	4683		1400a
hki	מַצָּה	maṣṣâ	N	unleavened bread			m.de.ab	4682		
hkj	מָצָה	māṣâ	V	drain	main	מצה	m.dc.aa	4680		1232
hkk	מֹצָה	mōṣâ	Np	Mozah			m.dc.ad	4681		
hkl	מַצְהָלָה	maṣhālâ	N	neighing	sub		r.at.ab	4684		1881a
hkm	מָצוֹד	māṣôd	N	siege-works	sub		r.ax.ae	4685	a	1885d
hkn	מָצוֹד	māṣôd	N	hunting implement	sub		r.ax.af	4685	b	1885e
hko	מְצוֹדָה	mĕṣôdâ	N	net	sub		r.ax.ag	4685	c	1885f
hkp	מְצוֹדָה	mĕṣôdâ	N	fastness	sub		r.ax.ai	4685	d	1885h
hkq	מְצוּדָה	mĕṣûdâ	N	net	sub		r.ax.ah	4686	a	1885g
hkr	מְצוּדָה	mĕṣûdâ	N	fastness	sub		r.ax.aj	4686	b	1885i
hks	מִצְוָה	miṣwâ	N	commandment	sub		r.az.ac	4687		1887b
hkt	מְצוֹלָה	mĕṣôlâ	N	depth	sub		r.bb.ac	4688		1889b
hku	מָצוֹק	māṣôq	N	straitness	sub		r.bh.ae	4689		1895d
hkv	מָצוּק	māṣûq	N	molten support	sub		r.bi.ab	4690		1896a
hkw	מְצוּקָה	mĕṣûqâ	N	narrowness	sub		r.bh.af	4691		1895e
hkx	מָצוֹר	māṣôr	N	siege-enclosure	sub		r.bk.ab	4692		1898a
hky	מָצוֹר	māṣôr	Np	besieged places	sub		m.df.ac	4693		1235
hkz	מְצוּרָה	mĕṣûrâ	N	siege-works	sub		r.bk.ac	4694		1898b
hla	מַצּוּת	maṣṣût	N	quarrel	sub		n.er.ac	4695		1400b
hlb	מֵ֫צַח	mēṣaḥ	N	brow	sub		m.dd.ab	4696		1233a
hlc	מצח	mṣḥ			main	מצח	m.dd.aa			1233
hld	מִצְחָה	miṣḥâ	N	greave	sub		m.dd.ac	4697		1233b
hle	מְצִלָּה	mĕṣillâ	N	bell	sub		r.ca.af	4698		1919e
hlf	מְצֻלָה	mĕṣulâ	N	the basin	sub		r.bb.ad	4699		1889c
hlg	מְצִלְתַּיִם	mĕṣiltayim	N	cymbals	sub		r.ca.ag	4700		1919f
hlh	מִצְנֶ֫פֶת	miṣnepet	N	turban	sub		r.cu.ad	4701		1940c
hli	מַצָּע	maṣṣāʿ	N	couch	sub		j.ct.ad	4702		896c
hlj	מִצְעָד	miṣʿād	N	step	sub		r.cx.ad	4703		1943d
hlk	מִצְּעִירָה	miṣṣĕʿîrâ	N	little	sub		r.dd.ac	4704		1948c
hll	מִצְעָר	miṣʿār	N	a small thing	sub		r.dd.ah	4705		1948c
hlm	מִצְעָר	miṣʿār	Np	Mizar			r.dd.ai	4706		
hln	מִצְפֶּה	miṣpeh	Np	Mizpeh			r.df.ah	4708		
hlo	מִצְפֶּה	miṣpeh	N	observatory	sub		r.df.ag	4707		1950b
hlp	מִצְפָּה	miṣpâ	Np	Mitspah			r.df.ai	4709		
hlq	מַצְפּוֹן	maṣpôn	N	hidden treasure	sub		r.di.ah	4710		1953d
hlr	מָצַץ	māṣaṣ	V	drain out	main	מצץ	m.de.aa	4711		1234
hls	מֵצַר	mēṣar	N	straits	sub		r.dz.ag	4712		1973f
hlt	מצר	mṣr			main	מצר	m.df.aa			
hlu	מִצְרִי	miṣrî	Ag	Egyptian			m.df.ad	4713		
hlv	מִצְרַ֫יִם	miṣrayim	Np	Egypt	sub		m.df.ab	4714		1235
hlw	מַצְרֵף	maṣrēp	N	crucible	sub		r.dy.ad	4715		1972b
hlx	מַק	maq	N	decay	sub		m.dg.ab	4716		1237a
hly	מַקָּבָה	maqqābâ	N	hammer	sub		n.fa.ae	4717		1409c
hlz	מַקֶּ֫בֶת	maqqebet	N	hammer	sub		n.fa.ae	4718	a	1409c
hma	מַקֶּבֶת	maqqebet	N	hole	sub		n.fa.af	4718	b	1409d
hmb	מַקֵּדָה	maqqēdâ	Np	Makkedah			m.df.aj	4719		
hmc	מִקְדָּשׁ	miqdāš	N	sacred place	sub		s.an.ah	4720		1990f
hmd	מַקְהֵל	maqhēl	N	assembly	sub		s.ap.ag	4721		1991d
hme	מַקְהֵלֹת	maqhēlōt	Np	Makheloth			s.ap.ah	4722		
hmf	מִקְוֶה	miqweh	N	hope	sub		s.aq.ae	4723	b	1994c
hmg	מִקְוֶה	miqweh	N	collection	sub		s.ar.ab	4723	c	1995a
hmh	מִקְוָה	miqwâ	N	reservoir	sub		s.ar.ac	4724		1995a
hmi	מָקוֹם	māqôm	N	standing-place	sub		s.av.am	4725		1999h
hmj	מָקוֹר	māqôr	N	spring	sub		s.az.ab	4726		2004a
hmk	מִקָּח	miqqāḥ	N	a taking	sub		l.bx.ag	4727		1124e
hml	מַקָּחָה	maqqāḥâ	N	ware	sub		l.bx.ah	4728		1124f
hmm	מִקְטָר	miqṭār	N	place of sacrificial smoke	sub		s.bg.ah	4729		2011d
hmn	מֻקְטָר	muqṭār	N	incense	sub		s.bg.ai	6999	b	2011e
hmo	מְקַטֵרָה	mĕqaṭērâ	N	incense-altar	sub		s.bg.ak	6999	c	2011g
hmp	מִקְטֶ֫רֶת	miqṭeret	N	censer	sub		s.bg.aj	4730		2011f
hmq	מַקֵּל	maqqēl	N	rod	single		m.df.ar	4731		1236
hmr	מִקְלוֹת	miqlôt	Np	Mikloth			m.df.as	4732		
hms	מִקְלָט	miqlāṭ	N	refuge	sub		s.bp.ab	4733		2026a
hmt	מִקְלַ֫עַת	miqlaʿat	N	carving	sub		s.bu.ab	4734		2031a
hmu	מִקְנֶה	miqneh	N	cattle	sub		s.cb.ac	4735		2039b
hmv	מִקְנָה	miqnâ	N	purchase	sub		s.cb.ad	4736		2039c
hmw	מִקְנֵיָ֫הוּ	miqnêāhû	Np	Mikneiah			s.cb.ae	4737		
hmx	מִקְסָם	miqsām	N	divination	sub		s.cf.ad	4738		2044b
hmy	מָקַץ	māqaṣ	Np	Makaz			m.df.az	4739		
hmz	מִקְצֹעַ	miqṣōaʿ	N	place of corner-structure	sub		s.cs.ab	4740		2057a
hna	מְקֻצְעָה	mĕquṣʿâ	N	place of corner-structure	sub		s.cs.ab	4742		2057a
hnb	מַקְצֻעָה	maqṣuʿâ	N	scraping tool	sub		s.cr.ad	4741		2056b
hnc	מָקַק	māqaq	V	decay	main	מקק	m.dg.aa	4743		1237
hnd	מִקְרָא	miqrāʾ	N	convocation	sub		s.cy.af	4744		2063d
hne	מְקֵרָה	mĕqērâ	N	coolness	sub		s.dk.ae	4747		2077d
hnf	מְקָרֶה	mĕqāreh	N	beam-work	sub		s.dc.ag	4746		2068f
hng	מִקְרֶה	miqreh	N	accident	sub		s.dc.ad	4745		2068c
hnh	מִקְשֶׁה	miqšeh	N	turner’s work	sub		s.dt.ab	4748		2086a
hni	מִקְשָׁה	miqšâ	N	hammered work	sub		s.dt.ac	4749		2086b
hnj	מִקְשָׁה	miqšâ	N	place	sub		s.dq.ac	4750		2083b
hnk	מַר	mar	N	drop	sub		m.dr.ab	4752		1249a
hnl	מַר	mar	A	bitter	sub		m.dq.ab	4751		1248a
hnm	מֹר	mōr	N	myrrh	sub		m.dq.ac	4753		1248b
hnn	מָרָא	mārāʾ	Np	Mara			m.dq.ab	4755		
hno	מָרָא	mārāʾ	V	beat	main	מרא	m.dh.aa	4754		1238
hnp	מרא	mrʾ			main	מרא	m.di.aa			1239
hnq	מַרְאֶה	marʾeh	N	sight	sub		t.ab.am	4758		2095i
hnr	מַרְאָה	marʾâ	N	mirror	sub		t.ab.al	4759	b	2095h
hns	מַרְאָה	marʾâ	N	vision	sub		t.ab.ak	4759	a	2095g
hnt	מֻרְאָה	murʾâ	N	crop	sub		m.di.ac	4760		1239b
hnu	מְרַאֲשָׁוֹת	mĕraʾăšāwōt	N	place at the head	sub		t.ad.ai	4761		2097f
hnv	מְרַאֲשָׁוֹת	mĕraʾăšāwōt	N	place at the head	sub		t.ad.ai	4763		2097f
hnw	מֵרָב	mērāb	Np	Merab			m.di.ak	4764		
hnx	מַרְבָד	marbād	N	spread	sub		t.ah.ab	4765		2102a
hny	מִרְבָּה	mirbâ	N	much	sub		t.ai.ad	4767		2103c
hnz	מַרְבֶה	marbeh	N	increasing	sub		t.ai.ac	4766		2103b
hoa	מַרְבִּית	marbît	N	increase	sub		t.ai.ae	4768		2103d
hob	מַרְבֵּץ	marbēṣ	N	reclining place	sub		t.an.ac	4769		2109b
hoc	מַרְבֵּק	marbēq	N	stall	sub		t.ao.ab	4770		2110a
hod	מַרְגּוֹעַ	margôaʿ	N	rest	sub		t.av.ac	4771		2117b
hoe	מַרְגְּלוֹת	margĕlôt	N	place of the feet	sub		t.ar.ae	4772		2113c
hof	מַרְגֵּמָה	margēmâ	N	sling	sub		t.as.ac	4773		2114b
hog	מַרְגֵּעָה	margēʿâ	N	rest	sub		t.av.ad	4774		2117c
hoh	מֶ֫רֶד	mered	N	rebellion	sub		m.dj.ab	4777		1240a
hoi	מֶ֫רֶד	mered	Np	Mered			m.dj.ac	4778		
hoj	מָרַד	mārad	V	rebel	main	מרד	m.dj.aa	4775		1240
hok	מַרְדּוּת	mardût	N	rebellion	sub		m.dj.ad	4780		1240b
hol	מְרֹדָךְ	mĕrōdāk	Np	Merodach. Compare	single		m.dj.ae	4781		1241
hom	מְרֹדַךְ בַּלְאֲדָן	mĕrōdak balʾădān	Np	Merodach-baladan. Compare			m.dj.af	4757		
hon	מׇרְדֳּכַי	mordŏkay	Np	Mordecai			m.dj.ag	4782		
hoo	מֻרְדָּף	murdāp	N	persecution	sub		t.bc.ab	4783		2124a
hop	מָרָה	mārâ	Np	Marah			m.dq.ae	4785		
hoq	מָרָה	mārâ	V	be contentious	main	מרה	m.dk.aa	4784		1242
hor	מֹרָה	mōrâ	N	bitterness of spirit	sub		m.dq.ag	4786		1248d
hos	מׇרָּה	morrâ	N	bitterness	sub		m.dq.af	4787		1248c
hot	מָרוֹד	mārôd	N	restlessness	sub		t.bi.ab	4788		2129a
hou	מֵרוֹז	mērôz	Np	Meroz			a.fq.ae	4789		
hov	מְרוֹחַ	mĕrôaḥ	N	rub	single		m.dk.ah	4790		
how	מֵרוֹם	mērôm	Np	Merom			m.dk.aj	4792		
hox	מָרוֹם	mārôm	N	height	sub		t.bm.ar	4791		2133h
hoy	מֵרוֹץ	mērôṣ	N	running	sub		t.bq.ab	4793		2137a
hoz	מְרוּצָה	mĕrûṣâ	N	running	sub		t.bq.ac	4794		2137b
hpa	מְרוּצָה	mĕrûṣâ	N	crushing	sub		t.ej.ac	4835		2212b
hpb	מָרוּק	mārûq	N	a scraping	sub		m.do.ab	4795		1246a
hpc	מָרוֹת	mārôt	Np	Maroth			m.dk.ao	4796		
hpd	מִרְזַח	mirzaḥ	N	cry	sub		t.bt.ab	4797		2140a
hpe	מַרְזֵחַ	marzēaḥ	N	cry	sub		t.bt.ab	4798		2140a
hpf	מָרַח	māraḥ	V	rub	main	מרח	m.dl.aa	4799		1243
hpg	מֶרְחָב	merḥāb	N	broad	sub		t.bw.ak	4800		2143e
hph	מֶרְחָק	merḥāq	N	distant place	sub		t.cf.ad	4801		2151c
hpi	מַרְחֶ֫שֶׁת	marḥešet	N	stew-pan	sub		t.cg.ab	4802		2152a
hpj	מָרַט	māraṭ	V	make smooth	main	מרט	m.dm.aa	4803		1244
hpk	מְרִי	mĕrî	N	rebellion	sub		m.dk.ab	4805		1242a
hpl	מְרִי בַעַל	mĕrî baʿal	Np	Meri-baal. Compare			t.cm.al	4810		
hpm	מְרִיא	mĕrîʾ	N	fatling	sub		m.di.ab	4806		1239a
hpn	מְרִיב בַּ֫עַל	mĕrîb baʿal	Np	Merib-baal. Compare			t.cm.al	4807		
hpo	מְרִיבָה	mĕrîbâ	Np	Meribah			t.cm.ai	4809		
hpp	מְרִיבָה	mĕrîbâ	N	strife	sub		t.cm.ah	4808		2159c
hpq	מְרָיָה	mĕrāyâ	Np	Meraiah. Compare			m.dm.ae	4811		
hpr	מֹרִיָּה	mōrîyâ	Np	Moriah			m.dm.af	4179		
hps	מְרָיוֹת	mĕrāyôt	Np	Meraioth			m.dm.ag	4812		
hpt	מִרְיָם	miryām	Np	Miriam			m.dm.ah	4813		
hpu	מְרִירוּת	mĕrîrût	N	bitterness	sub		m.dq.al	4814		1248i
hpv	מְרִירִי	mĕrîrî	A	bitter	sub		m.dq.ak	4815		1248h
hpw	מֹ֫רֶךְ	mōrek	N	softness	sub		t.cr.ad	4816		2164c
hpx	מֶרְכָּב	merkāb	N	chariot	sub		t.cq.ah	4817		2163e
hpy	מֶרְכָּבָה	merkābâ	N	chariot	sub		t.cq.ai	4818		2163f
hpz	מַרְכֹּ֫לֶת	markōlet	N	place of trade	sub		t.cs.ae	4819		2165c
hqa	מִרְמָה	mirmâ	Np	Mirma			m.dm.an	4821		
hqb	מִרְמָה	mirmâ	N	deceit	sub		t.cw.ac	4820		2169b
hqc	מְרֵמוֹת	mĕrēmôt	Np	Meremoth			m.dm.ao	4822		
hqd	מִרְמָס	mirmās	N	trampling-place	sub		t.db.ab	4823		2176a
hqe	מֵרֹנֹתִי	mērōnōtî	A	the Merothonite			m.dm.aq	4824		
hqf	מֶ֫רֶס	meres	Np	Meres			m.dm.ar	4825		
hqg	מַרְסְנָא	marsĕnāʾ	Np	Marsena			m.dm.as	4826		
hqh	מֵרֵעַ	mērēaʿ	N	friend	sub		t.dl.al	4828		2186f
hqi	מֵרַע	mēraʿ	V	be evil	sub		t.dq.af	4827		2191
hqj	מִרְעֶה	mirʿeh	N	pasturage	sub		t.dk.ae	4829		2185b
hqk	מַרְעִית	marʿît	N	pasturing	sub		t.dk.af	4830		2185c
hql	מַרְעֲלָה	marʿălâ	Np	Maralah			m.dm.av	4831		
hqm	מַרְפֵּא	marpēʾ	N	healing	sub		t.dv.am	4832		2196c
hqn	מַרְפֵּשׂ	marpēś	N	befouled	sub		t.dy.ab	4833		2199a
hqo	מָרַץ	māraṣ	V	be sick	main	מרץ	m.dn.aa	4834		1245
hqp	מַרְצֵעַ	marṣēaʿ	N	boring-instrument	sub		t.eg.ab	4836		2209a
hqq	מַרְצֶ֫פֶת	marṣepet	N	pavement	sub		t.eh.ac	4837		2210b
hqr	מָרַק	māraq	V	scour	main	מרק	m.do.aa	4838		1246
hqs	מָרָק	mārāq	N	juice	sub		m.dp.ab	4839		1247a
hqt	מרק	mrq			main	מרק	m.dp.aa			1247
hqu	מֶרְקָח	merqāḥ	N	spice	sub		t.em.ag	4840		2215f
hqv	מֶרְקָחָה	merqāḥâ	N	seasoning	sub		t.em.ah	4841		2215g
hqw	מִרְקַ֫חַת	mirqaḥat	N	ointment-mixture	sub		t.em.ai	4842		2215h
hqx	מָרַר	mārar	V	be bitter	main	מרר	m.dq.aa	4843		1248
hqy	מָרֹר	mārōr	N	bitter thing	sub		m.dq.ah	4844		1248e
hqz	מרר	mrr			main	מרר	m.dr.aa			1249
hra	מְרֵרָה	mĕrērâ	N	gall	sub		m.dq.aj	4845		1248g
hrb	מְרֹרָה	mĕrōrâ	N	bitter thing	sub		m.dq.ai	4846		1248f
hrc	מְרָרִי	mĕrārî	Ag	Merarite			m.dq.aq	4848		
hrd	מְרָרִי	mĕrārî	Np	Merari. See also			m.dq.ap	4847		
hre	מָרֵשָׁה	mārēšâ	Np	Mareshah			m.dr.ac	4762		
hrf	מִרְשַׁ֫עַת	miršaʿat	N	wickedness	sub		t.et.af	4849		2222d
hrg	מְרָתַיִם	mĕrātayim	Np	Merathaim			m.dr.af	4850		
hrh	מַשׁ	maš	Np	Mash			m.dr.ba	4851		
hri	מֵשָׁא	mēšāʾ	Np	Mesha			m.dr.bc	4852		
hrj	מַשָּׁא	maššāʾ	N	lending on interest	sub		n.fp.ab	4855		1424a
hrk	מַשָּׂא	maśśāʾ	N	load	sub		n.fm.af	4853	a	1421d
hrl	מַשָּׂא	maśśāʾ	Np	Massa			m.dr.ag	4854		
hrm	מַשָּׂא	maśśāʾ	N	utterance	sub		n.fm.ag	4853	b	1421e
hrn	מַשֹּׂא	maśśōʾ	N	lifting up	sub		n.fm.ah	4856		1421f
hro	מַשְׁאָב	mašʾāb	N	drawing-place	sub		v.ac.ab	4857		2299.1a
hrp	מַשָּׁאָה	maššāʾâ	N	loan	sub		n.fp.ac	4859		1424b
hrq	מַשָּׂאָה	maśśāʾâ	N	the uplifted	sub		n.fm.ai	4858		1421g
hrr	מַשָּׁאוֹן	maššāʾôn	N	guile	sub		n.fq.ab	4860		1425a
hrs	מִשְׁאָל	mišʾāl	Np	Mishal			m.dr.bg	4861		
hrt	מִשְׁאָלָה	mišʾālâ	N	request	sub		v.ag.ag	4862		2303b
hru	מִשְׁאֶ֫רֶת	mišʾeret	N	kneading-trough	single		m.dr.bi	4863		1252
hrv	מַשְׂאֵת	maśʾēt	N	uprising	sub		n.fm.aj	4864		1421h
hrw	מִשְׁבְּצוֹת	mišbĕṣôt	N	chequered	sub		v.aw.ac	4865		2320b
hrx	מִשְׁבָּר	mišbār	N	breaker	sub		v.ay.ag	4867		2321d
hry	מַשְׁבֵּר	mašbēr	N	place of breach	sub		v.ay.af	4866		2321c
hrz	מִשְׁבָּת	mišbāt	N	cessation	sub		v.az.ag	4868		2323e
hsa	מִשְׂגָּב	miśgāb	N	secure height	sub		u.ah.ac	4869	a	2234a
hsb	מִשְׂגָּב	miśgāb	Np	Misgab	sub		u.ah.ad	4869	b	2234a
hsc	מִשְׁגֶּה	mišgeh	N	mistake	sub		v.bb.ac	4870		2325b
hsd	מַשֶּׁה	maššeh	N	loan	sub		n.ft.ac	4874		1427b
hse	מָשָׁה	māšâ	V	draw	main	משׁה	m.ds.aa	4871		1253
hsf	מֹשֶׁה	mōšeh	Np	Moses	single		m.ds.ab	4872		1254
hsg	מְשׁוֹאָה	mĕšôʾâ	N	desolation	sub		v.bm.ad	4875		2339b
hsh	מַשּׁוּאָה	maššûʾâ	N	deceptions	sub		n.fq.ac	4876		1425b
hsi	מְשׁוֹבָב	mĕšôbāb	Np	Meshobab			v.bn.am	4877		
hsj	מְשׁוּבָה	mĕšûbâ	N	turning back	sub		v.bn.al	4878		2340e
hsk	מְשׁוּגָה	mĕšûgâ	N	error	sub		v.bo.ab	4879		2341a
hsl	מִשּׁוֹט	miššôṭ	N	oar	sub		v.bs.ag	4880	b	2344f
hsm	מָשׁוֹט	māšôṭ	N	oar	sub		v.bs.af	4880	a	2344e
hsn	מְשׁוּסָה	mĕšûsâ	N	booty	sub		v.eq.ab	4882		2426a
hso	מַשּׂוֹר	maśśôr	N	saw	sub		n.fo.ab	4883		1423a
hsp	מְשׂוּרָה	mĕśûrâ	N	measure	single		m.dr.am	4884		1250
hsq	מָשׂוֹשׂ	māśôś	N	exultation	sub		u.as.ac	4885		2246b
hsr	מָשַׁח	māšaḥ	V	smear	main	משׁח	m.dt.aa	4886		1255
hss	מִשְׁחָה	mišḥâ	N	unction	sub		m.dt.ab	4888	a	1255a
hst	מָשְׁחָה	māšĕḥâ	N	consecrated portion	sub		m.dt.ac	4888	b	1255b
hsu	מַשְׁחִית	mašḥît	N	ruin	sub		v.cq.ab	4889		2370a
hsv	מִשְׂחַק	miśḥaq	N	object of derision	sub		u.av.ad	4890		1905f
hsw	מִשְׁחָר	mišḥār	N	dawn	sub		v.cp.ae	4891		2369b
hsx	מִשְׁחַת	mišḥat	N	disfigurement	sub		v.cq.ad	4893	a	2370c
hsy	מַשְׁחֵת	mašḥēt	N	destruction	sub		v.cq.ac	4892		2370b
hsz	מָשְׁחָת	māšĕḥāt	N	corruption	sub		v.cq.ae	4893	b	2370c
hta	מִשְׁטוֹחַ	mišṭôaḥ	N	spreading	sub		v.cr.ac	4894	b	2372b
htb	מִשְׁטָח	mišṭāḥ	N	spreading-place	sub		v.cr.ab	4894	a	2372a
htc	מַשְׂטֵמָה	maśṭēmâ	N	animosity	sub		u.ax.ab	4895		2251a
htd	מִשְׁטָר	mišṭār	N	rule	sub		v.ct.ad	4896		2374b
hte	מֶ֫שִׁי	mešî	N	silk	single		m.dt.aj	4897		1256
htf	מְשֵׁיזַבְאֵל	mĕšêzabʾēl	Np	Meshezabeel			m.dt.al	4898		
htg	מָשִׁיחַ	māšîaḥ	N	anointed	sub		m.dt.ad	4899		1255c
hth	מֶ֫שֶׁךְ	mešek	N	a drawing	sub		m.du.ab	4901		1257a
hti	מֶ֫שֶׁךְ	mešek	Np	Mesech			m.du.ac	4902		
htj	מָשַׁךְ	māšak	V	draw	main	משׁך	m.du.aa	4900		1257
htk	מִשְׁכָּב	miškāb	N	place of lying	sub		v.cy.ad	4904		2381c
htl	מְשֻכָֿה	mĕśukâ	N	hedge	sub		u.an.ab	4881	a	2241a
htm	מְשֻׂכָּה	mĕśukkâ	N	hedge	sub		u.bg.ab	4881	b	2261a
htn	מַשְׂכִּיל	maśkîl	N	contemplative poem	sub		u.bi.ac	4905		2263b
hto	מַשְׂכִּית	maśkît	N	show-piece	sub		u.bd.ad	4906		2257c
htp	מְשַׁכֶּ֫לֶת	mĕšakkelet	N	barrenness	sub		v.dc.af	7921	c	2385e
htq	מִשְׁכָּן	miškān	N	dwelling-place	sub		v.de.ad	4908		2387c
htr	מַשְׂכֹּ֫רֶת	maśkōret	N	wages	sub		u.bk.ag	4909		2264.1d
hts	מֹשֶׁכֶת	mōšeket	N	cord	sub		m.du.ad	4189		1257b
htt	מְשֹׁל	mĕšōl	N	by-word	sub		m.dv.ae	4914		1258d
htu	מָשַׁל	māšal	V	rule	main	משׁל	m.dw.aa	4910		1259
htv	מָשַׁל	māšal	V	represent	main	משׁל	m.dv.aa	4911	a	1258
htw	מָשַׁל	māšal	V	use a proverb	sub		m.dv.ac	4911	b	1258b
htx	מָשָׁל	māšāl	Np	Mashal			m.dr.bg	4913		
hty	מָשָׁל	māšāl	N	proverb	sub		m.dv.ab	4912		1258a
htz	מֹ֫שֶׁל	mōšel	N	dominion	sub		m.dw.ab	4915	b	1259a
hua	מֹ֫שֶׁל	mōšel	N	likeness	sub		m.dv.ad	4915	a	1258c
hub	מִשְׁלוֹחַ	mišlôaḥ	N	sending	sub		v.dl.ak	4916	b	2394e
huc	מִשְׁלַח	mišlaḥ	N	sending	sub		v.dl.aj	4916	a	2394d
hud	מִשְׁלַ֫חַת	mišlaḥat	N	discharge	sub		v.dl.al	4917		2394f
hue	מְשֻׁלָּם	mĕšullām	Np	Meshullam			v.ds.ao	4918		
huf	מְשִׁלֵּמוֹת	mĕšillēmôt	Np	Meshillemoth. Compare			v.ds.ap	4919		
hug	מְשֶׁלֶמְיָהוּ	mĕšelemyāhû	Np	Meshelemiah			v.ds.aq	4920		
huh	מְשִׁלֵּמִית	mĕšillēmît	Np	Meshillemith. Compare			v.ds.ap	4921		
hui	מְשֻׁלֶּ֫מֶת	mĕšullemet	Np	Meshullemeth			v.ds.as	4922		
huj	מְשַׁמָּה	mĕšammâ	N	waste	sub		v.ea.ak	4923		2409f
huk	מִשְׁמָן	mišmān	N	fatness	sub		v.eb.af	4924	b	2410e
hul	מַשְׁמָן	mašmān	N	fat piece	sub		v.eb.ag	4924	c	2410f
hum	מִשְׁמַנָּה	mišmannâ	Np	Mishmannah			v.eb.ah	4925		
hun	מִשְׁמָע	mišmāʿ	N	thing heard	sub		v.ed.ay	4926		2412f
huo	מִשְׁמָע	mišmāʿ	Np	Mishma			v.ed.az	4927		
hup	מִשְׁמַ֫עַת	mišmaʿat	N	obedient band	sub		v.ed.ba	4928		2412g
huq	מִשְׁמָר	mišmār	N	place of confinement	sub		v.ef.ar	4929		2414f
hur	מַשְׂמְרָה	maśmĕrâ	N	nail	sub		o.bw.ac	4930		1518b
hus	מִשְׁמֶ֫רֶת	mišmeret	N	guard	sub		v.ef.as	4931		2414g
hut	מִשְׁנֶה	mišneh	N	double	sub		v.em.ad	4932		2421c
huu	מְשִׁסָּה	mĕšissâ	N	booty	sub		v.eq.ab	4933		2426a
huv	משׁע	mšʿ			main	משׁע	m.dx.aa			1260
huw	מִשְׁעוֹל	mišʿôl	N	hollow way	sub		v.ev.ac	4934		2432b
hux	מִשְׁעִי	mišʿî	N	cleansing	sub		m.dx.ab	4935		1260a
huy	מִשְׁעָם	mišʿām	Np	Misham			m.dx.ad	4936		
huz	מִשְׁעֵן	mišʿēn	N	support	sub		v.ex.ad	4937	b	2434b
hva	מִשְׁעָן	mišʿān	N	support	sub		v.ex.ac	4937	a	2434a
hvb	מִשְׁעֵנָה	mišʿēnâ	N	support	sub		v.ex.ae	4938	a	2434c
hvc	מִשְׁעֶ֫נֶת	mišʿenet	N	staff	sub		v.ex.af	4938	b	2434d
hvd	מִשְׂפָּח	miśpāḥ	N	outpouring	sub		o.cf.ad	4939		1534d
hve	מִשְׁפָּחָה	mišpāḥâ	N	clan	sub		v.ff.ac	4940		2442b
hvf	מִשְׁפָּט	mišpāṭ	N	judgment	sub		v.fg.ae	4941		2443c
hvg	מִשְׁפְּתַ֫יִם	mišpĕtayim	N	fire-places	sub		v.fe.af	4942		2441c
hvh	מֶ֫שֶׁק	mešeq	N	acquisition	sub		m.dy.ab	4943		1261a
hvi	מַשָּׁק	maššāq	N	running	sub		v.fv.ab	4944		2460a
hvj	משׁק	mšq			main	משׁק	m.dy.aa			1261
hvk	מַשְׁקֶה	mašqeh	N	irrigation	sub		v.fo.ae	4945	b	2452c
hvl	מַשְׁקֶה	mašqeh	N	butler	sub		v.fo.ad	4945	a	2452c
hvm	מִשְׁקוֹל	mišqôl	N	heaviness	sub		v.fq.ac	4946		2454b
hvn	מַשְׁקוֹף	mašqôp	N	lintel	sub		v.ft.ad	4947		2458c
hvo	מִשְׁקָל	mišqāl	N	weight	sub		v.fq.ad	4948		2454c
hvp	מִשְׁקֶ֫לֶת	mišqelet	N	levelling instrument	sub		v.fq.ae	4949		2454d
hvq	מִשְׁקָע	mišqāʿ	N	what is settled	sub		v.fr.ab	4950		2456a
hvr	מִשְׁרָה	mišrâ	N	juice	sub		v.fz.ab	4952		2464a
hvs	מִשְׂרָה	miśrâ	N	rule	sub		u.cf.ab	4951		2288a
hvt	מִשְׁרָעִי	mišrāʿî	A	the Mishra‛ites			m.dy.ak	4954		
hvu	מִשְׂרָפָה	miśrāpâ	N	a burning	sub		u.cj.af	4955		2292d
hvv	מִשְׂרְפוֹת מַיִם	miśrĕpôt mayim	Np	Misrephoth-mayim			u.cj.ag	4956		
hvw	מַשְׂרֵקָה	maśrēqâ	Np	Masrekah			u.cl.ag	4957		
hvx	מַשְׂרֵת	maśrēt	N	pan	single		m.dr.az	4958		1251
hvy	מָשַׁשׁ	māšaš	V	feel	main	משׁשׁ	m.dz.aa	4959		1262
hvz	מִשְׁתֶּה	mišteh	N	feast	sub		v.gi.ad	4960		2477c
hwa	מַת	mat	N	male	main		m.ea.aa	4962		1263
hwb	מַתְבֵּן	matbēn	N	straw-heap	sub		w.af.ab	4963		2493a
hwc	מֶ֫תֶג	meteg	N	bridle	sub		m.eb.ab	4964		1264a
hwd	מתג	mtg			main	מתג	m.eb.aa			1264
hwe	מֶתֶג הָאַמָּה	meteg hāʾammâ	N	Metheg-ammah	sub		m.eb.ab	4965		
hwf	מָתוֹק	mātôq	A	sweet	sub		m.ef.ad	4966		1268c
hwg	מְתוּשָׁאֵל	mĕtûšāʾēl	Np	Methusael			m.ea.ab	4967		
hwh	מְתוּשֶׁ֫לַח	mĕtûšelaḥ	Np	Methuselah			m.ea.ac	4968		
hwi	מָתַח	mātaḥ	V	spread out	main	מתח	m.ec.aa	4969		1265
hwj	מָתַי	mātay	D	when	main		m.ed.aa	4970		1266
hwk	מַתְכֹ֫נֶת	matkōnet	N	measurement	sub		w.aq.ae	4971		2511c
hwl	מַתְּלָאָה	mattĕlāʾâ	N	weariness	sub		l.ad.ab	4972		1066a
hwm	מְתַלְּעוֹת	mĕtallĕʿôt	N	teeth	sub		w.aw.ag	4973		2516d
hwn	מְתֹם	mĕtōm	N	soundness	sub		w.az.af	4974		2522e
hwo	מַתָּן	mattān	Np	Mattan			n.gg.ah	4977		
hwp	מַתָּן	mattān	N	gift	sub		n.gg.ag	4976		1443b
hwq	מתן	mtn			main	מתן	m.ee.aa			1267
hwr	מַתָּנָה	mattānâ	Np	Mattanah			n.gg.aj	4980		
hws	מַתָּנָה	mattānâ	N	gift	sub		n.gg.ai	4979		1443c
hwt	מִתְנִי	mitnî	Ag	Mithnite			m.ee.ac	4981		
hwu	מַתְּנַי	mattĕnay	Np	Mattenai			n.gg.an	4982		
hwv	מַתַּנְיָ֫הוּ	mattanyāhû	Np	Mattaniah			n.gg.am	4983		
hww	מׇתְנַ֫יִם	motnayim	N	loins	sub		m.ee.ab	4975		1267a
hwx	מִתְנַשֵּׂא	mitnaśśēʾ	N	lift	sub		n.fm.aa	4984		1421
hwy	מֶ֫תֶק	meteq	N	sweetness	sub		m.ef.ab	4986		1268a
hwz	מָתֹק	mātōq	V	become sweet	main	מתק	m.ef.aa	4985		1268
hxa	מָתֹק	mātōq	V	become sweet	sub		m.ef.aa	4988		1268
hxb	מֹ֫תֶק	mōteq	N	sweetness	sub		m.ef.ac	4987		1268b
hxc	מִתְקָה	mitqâ	Np	Mithcah			m.ef.ae	4989		
hxd	מִתְרְדָת	mitrĕdāt	Np	Mithredath			m.ef.ag	4990		
hxe	מַתַּת	mattat	N	gift	sub		n.gg.al	4991		1443d
hxf	מַתַּתָּה	mattattâ	Np	Mattathah			n.gg.ap	4992		
hxg	מַתִּתְיָ֫הוּ	mattityāhû	Np	Mattithiah			n.gg.ao	4993		
hxh	מִ	mi	R	from	sub		m.cl.aa	m		1212
hxi	נ	n			main		n.aa.aa			
hxj	נָא	nāʾ	Tj	I	main		n.ab.aa	4994		1269
hxk	נָא	nāʾ	A	raw	sub		n.df.ab	4995		1358a
hxl	נֹא	nōʾ	Np	No. Compare			n.ab.ac	4996		
hxm	נֹאד	nōʾd	N	skin-bottle	single		n.ab.ad	4997		1270
hxn	נָאָה	nāʾâ	V	be comely	main	נאה	n.ac.aa	4998		1271
hxo	נָאוֶה	nāʾweh	A	comely	sub		n.ac.ab	5000		1271a
hxp	נְאֻם	nĕʾum	N	utterance	sub		n.ad.ab	5002		1272a
hxq	נָאַם	nāʾam	V	utter a prophecy	sub		n.ad.ac	5001		1272
hxr	נאם	nʾm			main	נאם	n.ad.aa			
hxs	נִאֻף	niʾup	N	adultery	sub		n.ae.ab	5004		1273a
hxt	נָאַף	nāʾap	V	commit adultery	main	נאף	n.ae.aa	5003		1273
hxu	נַאֲפוּף	naʾăpûp	N	adultery	sub		n.ae.ac	5005		1273b
hxv	נָאַץ	nāʾaṣ	V	contemn	main	נאץ	n.af.aa	5006		1274
hxw	נְאָצָה	nĕʾāṣâ	N	contempt	sub		n.af.ab	5007	a	1274a
hxx	נֶאָצָה	neʾāṣâ	N	contempt	sub		n.af.ac	5007	b	1274b
hxy	נָאַק	nāʾaq	V	groan	main	נאק	n.ag.aa	5008		1275
hxz	נְאָקָה	nĕʾāqâ	N	groan	sub		n.ag.ab	5009		1275a
hya	נָאַר	nāʾar	V	abhor	main	נאר	n.ah.aa	5010		1276
hyb	נֹב	nōb	Np	Nob			n.ah.ab	5011		
hyc	נָבָא	nābāʾ	V	prophesy	sub		n.ai.ac	5012		1277
hyd	נבא	nbʾ			main	נבא	n.ai.aa			
hye	נָבַב	nābab	V	hollow out	main	נבב	n.aj.aa	5014		1278
hyf	נְבוֹ	nĕbô	Np	Nebo	single		n.aj.ac	5015	a	1280
hyg	נְבוֹ	nĕbô	Np	Nebo	single		n.aj.ad	5015	b	1279
hyh	נְבוּאָה	nĕbûʾâ	N	prophecy	sub		n.ai.ad	5016		1277b
hyi	נְבוּזַרְאֲדָן	nĕbûzarʾădān	Np	Nebuzaradan			n.aj.ae	5018		
hyj	נְבוּכַדְרֶאצַּר	nĕbûkadreʾṣṣar	Np	Nebuchadnezzar			n.aj.af	5019		
hyk	נְבוּשַׁזְבָּן	nĕbûšazbān	Np	Nebushazban			n.aj.ag	5021		
hyl	נָבוֹת	nābôt	Np	Naboth			n.aj.ah	5022		
hym	נָבַח	nābaḥ	V	bark	main	נבח	n.ak.aa	5024		1281
hyn	נֹ֫בַח	nōbaḥ	Np	Nobah			n.ak.ab	5025		
hyo	נִבְחַז	nibḥaz	Np	Nibhaz			n.ak.ac	5026		
hyp	נְבָט	nĕbāṭ	Np	Nebat			n.al.ac	5028		
hyq	נָבַט	nābaṭ	V	look	main	נבט	n.al.aa	5027		1282
hyr	נָבִיא	nābîʾ	N	spokesman	sub		n.ai.ab	5030		1277a
hys	נְבִיאָה	nĕbîʾâ	N	prophetess	sub		n.ai.ae	5031		1277c
hyt	נְבָיוֹת	nĕbāyôt	Np	Nebaioth			n.al.ad	5032		
hyu	נֵ֫בֶךְ	nēbek	N	spring	single		n.al.ae	5033		1283
hyv	נֵ֫בֶל	nēbel	N	bag	sub		n.am.ab	5035	a	1284a
hyw	נֵ֫בֶל	nēbel	N	harp	sub		n.am.ac	5035	b	1284b
hyx	נָבֵל	nābēl	V	sink down	main	נבל	n.ao.aa	5034	b	1286
hyy	נָבַל	nābal	V	be senseless	main	נבל	n.an.aa	5034	a	1285
hyz	נָבָל	nābāl	Np	Nabal			n.an.ac	5037		
hza	נָבָל	nābāl	A	foolish	sub		n.an.ab	5036		1285a
hzb	נבל	nbl			main	נבל	n.am.aa			1284
hzc	נְבֵלָה	nĕbēlâ	N	carcass	sub		n.ao.ab	5038		1286a
hzd	נְבָלָה	nĕbālâ	N	senselessness	sub		n.an.ad	5039		1285b
hze	נַבְלוּת	nablût	N	immodesty	sub		n.an.ae	5040		1285c
hzf	נְבַלָּ֑ט	nĕballāṭ	Np	Neballat			n.ao.ac	5041		
hzg	נָבַע	nābaʿ	V	flow	main	נבע	n.ap.aa	5042		1287
hzh	נִבְשָׁן	nibšān	Np	Nibshan			b.dl.ac	5044		
hzi	נֶ֫גֶב	negeb	N	south-country	sub		n.aq.ab	5045		1288a
hzj	נגב	ngb			main	נגב	n.aq.aa			1288
hzk	נֶ֫גֶד	neged	R	what is conspicuous	sub		n.ar.ab	5048		1289a
hzl	נָגַד	nāgad	V	be conspicuous	main	נגד	n.ar.aa	5046		1289
hzm	נָגַהּ	nāgah	V	shine	main	נגה	n.as.aa	5050		1290
hzn	נֹ֫גַהּ	nōgah	Np	Nogah			n.as.ac	5052		
hzo	נֹ֫גַהּ	nōgah	N	brightness	sub		n.as.ab	5051		1290a
hzp	נְגֹהָה	nĕgōhâ	N	brightness	sub		n.as.ad	5054		1290b
hzq	נַגָּח	naggāḥ	A	addicted to goring	sub		n.at.ab	5056		1291a
hzr	נָגַח	nāgaḥ	V	push	main	נגח	n.at.aa	5055		1291
hzs	נָגִיד	nāgîd	N	leader	sub		n.ar.ac	5057		1289b
hzt	נְגִינָה	nĕgînâ	N	music	sub		n.av.ab	5058		1292.1a
hzu	נגל	ngl			main	נגל	n.au.aa			1292
hzv	נָגַן	nāgan	V	touch	main	נגן	n.av.aa	5059		1292.1
hzw	נֶ֫גַע	negaʿ	N	stroke	sub		n.aw.ab	5061		1293a
hzx	נָגַע	nāgaʿ	V	touch	main	נגע	n.aw.aa	5060		1293
hzy	נֶ֫גֶף	negep	N	blow	sub		n.ax.ab	5063		1294a
hzz	נָגַף	nāgap	V	strike	main	נגף	n.ax.aa	5062		1294
iaa	נָגַר	nāgar	V	pour	main	נגר	n.ay.aa	5064		1295
iab	נָגַשׁ	nāgaš	V	draw near	main	נגשׁ	n.ba.aa	5066		1297
iac	נָגַשׂ	nāgaś	V	press	main	נגשׂ	n.az.aa	5065		1296
iad	נֵד	nēd	N	heap	sub		n.be.ab	5067		1301a
iae	נָדָא	nādāʾ	V	drive away	main	נדא	n.bb.aa	5077	a	1298
iaf	נָדַב	nādab	V	incite	main	נדב	n.bc.aa	5068		1299
iag	נָדָב	nādāb	Np	Nadab			n.bc.ab	5070		
iah	נְדָבָה	nĕdābâ	N	voluntariness	sub		n.bc.ac	5071		1299a
iai	נְדַבְיָה	nĕdabyâ	Np	Nedabiah			n.bc.ag	5072		
iaj	נָדַד	nādad	V	retreat	main	נדד	n.bd.aa	5074		1300
iak	נדד	ndd			main	נדד	n.be.aa			1301
ial	נִדָּה	niddâ	N	impurity	sub		n.bd.ac	5079		1302a
iam	נֶ֑דֶה	nedeh	N	gift	sub		n.bg.ab	5078		1303a
ian	נָדָה	nādâ	V	put away	main	נדה	n.bf.aa	5077	b	1302
iao	נדה	ndh			main	נדה	n.bg.aa			1303
iap	נְדוּד	nĕdûd	N	tossing	sub		n.bd.ab	5076		1300a
iaq	נָדַח	nādaḥ	V	impel	main	נדח	n.bh.aa	5080		1304
iar	נָדִיב	nādîb	A	inclined	sub		n.bc.ad	5081		1299b
ias	נְדִיבָה	nĕdîbâ	N	nobility	sub		n.bc.ae	5082		1299c
iat	נָדָן	nādān	N	gift	single		n.bh.ac	5083		1305
iau	נָדָן	nādān	N	sheath	single		n.bh.ad	5084		1306
iav	נָדַף	nādap	V	drive	main	נדף	n.bi.aa	5086		1307
iaw	נֶ֫דֶר	neder	N	vow	sub		n.bj.ab	5088		1308a
iax	נָדַר	nādar	V	vow	main	נדר	n.bj.aa	5087		1308
iay	נֹהַּ	nōah	N	eminency	sub		n.bv.ab	5089		1320a
iaz	נָהַג	nāhag	V	drive	main	נהג	n.bk.aa	5090	a	1309
iba	נָהַג	nāhag	V	moan	main	נהג	n.bl.aa	5090	b	1310
ibb	נָהָה	nāhâ	V	wail	main	נהה	n.bm.aa	5091		1311
ibc	נְהִי	nĕhî	N	wailing	sub		n.bm.ab	5092		1311a
ibd	נִהְיָה	nihyâ	N	lamentation	sub		n.bm.ac	5093		1311b
ibe	נָהַל	nāhal	V	lead	main	נהל	n.bn.aa	5095		1312
ibf	נַהֲלֹל	nahălōl	Np	Nahalal			n.bn.ad	5096		
ibg	נַהֲלֹל	nahălōl	N	pasture	sub		n.bn.ac	5097		1312a
ibh	נַ֫הַם	naham	N	growling	sub		n.bo.ab	5099		1313a
ibi	נָהַם	nāham	V	growl	main	נהם	n.bo.aa	5098		1313
ibj	נְהָמָה	nĕhāmâ	N	growling	sub		n.bo.ac	5100		1313b
ibk	נָהַק	nāhaq	V	bray	main	נהק	n.bp.aa	5101		1314
ibl	נָהַר	nāhar	V	flow	main	נהר	n.bq.aa	5102	a	1315
ibm	נָהַר	nāhar	V	shine	main	נהר	n.br.aa	5102	b	1316
ibn	נָהָר	nāhār	N	stream	sub		n.bq.ab	5104		1315a
ibo	נְהָרָה	nĕhārâ	N	light	sub		n.br.ab	5105		1316a
ibp	נוּא	nûʾ	V	hinder	main	נוא	n.bs.aa	5106		1317
ibq	נוֹב	nôb	N	fruit	sub		n.bt.ab	5108	a	1318a
ibr	נוּב	nûb	V	bear fruit	main	נוב	n.bt.aa	5107		1318
ibs	נוֹבָ֑י	nôbāy	Np	Nebai (from the margin)			n.bt.ad	5109		
ibt	נוֹד	nôd	Np	Nod			n.bu.ac	5113		
ibu	נוֹד	nôd	N	wandering	sub		n.bu.ab	5112		1319a
ibv	נוּד	nûd	V	move to and fro	main	נוד	n.bu.aa	5110		1319
ibw	נוֹדָ֑ב	nôdāb	Np	Nodab			n.bc.af	5114		
ibx	נָוֶה	nāweh	A	dwelling	sub		n.bx.ad	5116	b	1322b
iby	נָוֶה	nāweh	N	abode of shepherd	sub		n.bx.ab	5116	a	1322a
ibz	נָוָה	nāwâ	V	dwell	sub		n.bx.ac	5115	b	1322
ica	נָוָה	nāwâ	V	beautify	main	נוה	n.bw.aa	5115	a	1321
icb	נָוָה	nāwâ	N	pasture	sub		n.bx.ae	4999		1322c
icc	נוה	nwh			main	נוה	n.bx.aa			
icd	נוהּ	nwh			main	נוה	n.bv.aa			1320
ice	נוּחַ	nûaḥ	N	resting-place	sub		n.by.am	5118		1323f
icf	נוּחַ	nûaḥ	V	rest	main	נוח	n.by.aa	5117		1323
icg	נוֹחָה	nôḥâ	Np	Nohah			n.by.ad	5119		
ich	נוּט	nûṭ	V	dangle	main	נוט	n.bz.aa	5120		1324
ici	נָוִית	nāwît	Np	Naioth (from the margin)			n.bx.af	5121		
icj	נוּם	nûm	V	be drowsy	main	נום	n.ca.aa	5123		1325
ick	נוּמָה	nûmâ	N	somnolence	sub		n.ca.ab	5124		1325a
icl	נוּן	nûn	V	propagate	main	נון	n.cb.aa	5125		1326
icm	נוּן	nûn	Np	Non			n.cb.ab	5126		
icn	נוּס	nûs	V	flee	main	נוס	n.cc.aa	5127		1327
ico	נוּעַ	nûaʿ	V	quiver	main	נוע	n.cd.aa	5128		1328
icp	נוֹעַדְיָה	nôʿadyâ	Np	Noadiah			j.cb.af	5129		
icq	נוֹף	nôp	N	elevation	sub		n.cf.ab	5131		1331a
icr	נוּף	nûp	V	move to and fro	main	נוף	n.ce.aa	5130	b	1330
ics	נוּף	nûp	V	move to and fro	main	נוף	n.ce.aa	5130	a	1329
ict	נוף	nwp			main	נוף	n.cf.aa			1331
icu	נוֹצָה	nôṣâ	N	plumage	sub		n.eq.ab	5133		1399a
icv	נוּק	nûq	V	suckle	main	נוק	n.cg.aa	5134		1332
icw	נור	nwr			main	נור	n.ch.aa			1333
icx	נוּשׁ	nûš	V	be sick	main	נושׁ	n.ci.aa	5136		1334
icy	נָזָה	nāzâ	V	spring	main	נזה	n.ck.aa	5137	b	1336
icz	נָזָה	nāzâ	V	spurt	main	נזה	n.cj.aa	5137	a	1335
ida	נָזִיד	nāzîd	N	thing sodden	sub		g.be.ae	5138		547d
idb	נָזִיר	nāzîr	N	one consecrated	sub		n.cn.ac	5139		1340b
idc	נָזַל	nāzal	V	flow	main	נזל	n.cl.aa	5140		1337
idd	נֶ֫זֶם	nezem	N	ring	sub		n.cm.ab	5141		1338a
ide	נזם	nzm			main	נזם	n.cm.aa			1338
idf	נֶ֫זֶק	nezeq	N	injury	single		n.cm.ac	5143		1339
idg	נֵ֫זֶר	nēzer	N	consecration	sub		n.cn.ab	5145		1340a
idh	נָזַר	nāzar	V	dedicate	main	נזר	n.cn.aa	5144	a	1340
idi	נָזַר	nāzar	V	be a Nazarite	sub		n.cn.ad	5144	b	1340c
idj	נֹחַ	nōaḥ	Np	Noah	sub		n.by.af	5146		1323b
idk	נַחְבִּי	naḥbî	Np	Nakbi			h.ad.af	5147		
idl	נָחָה	nāḥâ	V	lead	main	נחה	n.co.aa	5148		1341
idm	נְחוּם	nĕḥûm	Np	Nehum			n.cr.ae	5149		
idn	נִחוּם	niḥûm	N	consoled	sub		n.cr.af	5150		1344b
ido	נַחוּם	naḥûm	Np	Nahum			n.cr.ad	5151		
idp	נָחוֹר	nāḥôr	Np	Nahor			n.ct.ad	5152		
idq	נָחוּשׁ	nāḥûš	A	of bronze	sub		n.cw.ac	5153		1349b
idr	נְחוּשָׁה	nĕḥûšâ	N	copper	sub		n.cw.ad	5154		1349c
ids	נְחִילָה	nĕḥîlâ	N	flute	sub		n.cp.ad	5155		1342b
idt	נָחִיר	nāḥîr	N	nostril	sub		n.ct.ae	5156		1346c
idu	נַ֫חַל	naḥal	N	torrent	sub		n.cq.ab	5158	a	1343a
idv	נַ֫חַל	naḥal	N	palm-tree	sub		n.cq.ac	5158	b	1343b
idw	נָחַל	nāḥal			main	נחל	n.cq.aa			1343
idx	נָחַל	nāḥal	V	get as a possession	sub		n.cp.ac	5157		1342
idy	נחל	nḥl			main	נחל	n.cp.aa			
idz	נַחֲלָה	naḥălâ	N	possession	sub		n.cp.ab	5159		1342a
iea	נַחֲלִיאֵל	naḥălîʾēl	Np	Nahaliel			n.cq.ad	5160		
ieb	נֶחֱלָמִי	neḥĕlāmî	Ag	Nechelamite			n.cq.ae	5161		
iec	נַ֫חַם	naḥam	Np	Naham			n.cr.ab	5163		
ied	נָחַם	nāḥam	V	be sorry	main	נחם	n.cr.aa	5162		1344
iee	נֹ֫חַם	nōḥam	N	sorrow	sub		n.cr.ac	5164		1344a
ief	נֶחָמָה	neḥāmâ	N	comfort	sub		n.cr.ai	5165		1344c
ieg	נְחֶמְיָה	nĕḥemyâ	Np	Nehemiah			n.cr.ag	5166		
ieh	נַחֲמָנִי	naḥămānî	Np	Nahamani			n.cr.ah	5167		
iei	נַ֫חְנוּ	naḥnû	Pp	we	sub		a.ej.ab	5168		128a
iej	נָחַץ	nāḥaṣ	V	urge	main	נחץ	n.cs.aa	5169		1345
iek	נַ֫חַר	naḥar	N	a snorting	sub		n.ct.ab	5170	a	1346a
iel	נחר	nḥr			main	נחר	n.ct.aa			1346
iem	נַחֲרָה	naḥărâ	N	snorting	sub		n.ct.ac	5170	b	1346b
ien	נַחֲרַי	naḥăray	Np	Naharai			n.ct.af	5171		
ieo	נַ֫חַשׁ	naḥaš	N	divination	sub		n.cv.ab	5173		1348a
iep	נָחַשׁ	nāḥaš	V	practice divination	main	נחשׁ	n.cv.aa	5172		1348
ieq	נָחָשׁ	nāḥāš	N	serpent	sub		n.cu.ab	5175		1347a
ier	נָחָשׁ	nāḥāš	Np	Nahash			n.cu.ac	5176		
ies	נחשׁ	nḥš			main	נחשׁ	n.cx.aa			1350
iet	נחשׁ	nḥš			main	נחשׁ	n.cu.aa			1347
ieu	נחשׁ	nḥš			main	נחשׁ	n.cw.aa			1349
iev	נַחְשׁוֹן	naḥšôn	Np	Naashon			n.cu.ad	5177		
iew	נְחֹ֫שֶׁת	nĕḥōšet	N	copper	sub		n.cw.ab	5178	a	1349a
iex	נְחֹ֫שֶׁת	nĕḥōšet	N	lust	sub		n.cx.ab	5178	b	1350a
iey	נְחֻשְׁתָּא	nĕḥuštāʾ	Np	Nehushta			n.cw.ae	5179		
iez	נְחֻשְׁתָּן	nĕḥuštān	Np	Nehushtan	single		n.cw.af	5180		1347b
ifa	נַ֫חַת	naḥat	N	descent	sub		n.cy.ab	5183	b	1351a
ifb	נַ֫חַת	naḥat	N	quietness	sub		n.by.ae	5183	a	1323a
ifc	נַ֫חַת	naḥat	Np	Nahath			n.cy.ad	5184		
ifd	נָחֵת	nāḥēt	V	go down	main	נחת	n.cy.aa	5181		1351
ife	נָחֵת	nāḥēt	A	descending	sub		n.cy.ac	5185		1351b
iff	נָטָה	nāṭâ	V	stretch out	main	נטה	n.cz.aa	5186		1352
ifg	נָטִיל	nāṭîl	A	laden	sub		n.da.ac	5187		1353b
ifh	נָטִיעַ	nāṭîaʿ	N	plant	sub		n.db.ad	5195		1354b
ifi	נְטִיפָה	nĕṭîpâ	N	drop	sub		n.dc.ad	5188		1355c
ifj	נְטִישָׁה	nĕṭîšâ	N	twig	sub		n.de.ab	5189		1357a
ifk	נֵ֫טֶל	nēṭel	N	burden	sub		n.da.ab	5192		1353a
ifl	נָטַל	nāṭal	V	lift	main	נטל	n.da.aa	5190		1353
ifm	נֶ֫טַע	neṭaʿ	N	plantation	sub		n.db.ab	5194		1354a
ifn	נָטַע	nāṭaʿ	V	plant	main	נטע	n.db.aa	5193		1354
ifo	נְטָעִים	nĕṭāʿîm	Np	plants			n.db.ac	5196		
ifp	נָטַף	nāṭap	V	drop	main	נטף	n.dc.aa	5197		1355
ifq	נָטָף	nāṭāp	N	drop	sub		n.dc.ab	5198	a	1355a
ifr	נָטָף	nāṭāp	N	gum	sub		n.dc.ac	5198	b	1355b
ifs	נְטֹפָה	nĕṭōpâ	Np	Netophah			n.dc.ae	5199		
ift	נְטֹפָתִי	nĕṭōpātî	A	the Neṭophathite			n.dc.af	5200		
ifu	נָטַר	nāṭar	V	keep	main	נטר	n.dd.aa	5201		1356
ifv	נָטַשׁ	nāṭaš	V	leave	main	נטשׁ	n.de.aa	5203		1357
ifw	נִי	nî	N	wailing	sub		n.bm.ad	5204		1311c
ifx	נִיא	nîʾ			main	נִיא	n.df.aa			1358
ify	נִיב	nîb	N	fruit	sub		n.bt.ac	5108	b	1318b
ifz	נִיד	nîd	N	quivering motion	sub		n.bu.ad	5205		1319b
iga	נִידָה	nîdâ	N	removal	sub		n.bd.ad	5206		1302b
igb	נִיחֹחַ	nîḥōaḥ	N	a quieting	sub		n.by.ag	5207		1323c
igc	נִין	nîn	N	offspring	sub		n.cb.ac	5209		1326a
igd	נִינְוֵה	nînĕwēh	Np	Nineveh			n.df.ai	5210		
ige	נִיס	nîs	N	flee	sub		n.cc.aa	5211		1327
igf	נִיסָן	nîsān	Np	Nisan	single		n.df.ak	5212		1359
igg	נִיצוֹץ	nîṣôṣ	N	spark	sub		n.ew.ab	5213		1405a
igh	נִיר	nîr	N	the tillable	sub		n.dg.ab	5215		1360a
igi	נִיר	nîr	N	lamp	sub		n.ch.ad	5216	b	1333b
igj	נִיר	nîr	V	break up	main	ניר	n.dg.aa	5214		1360
igk	ניר	nyr			main	ניר	n.dh.aa			1361
igl	נָכֵא	nākēʾ	A	a stricken spirit	sub		n.di.ac	5218	b	1362b
igm	נָכָא	nākāʾ	V	smite	main	נכא	n.di.aa	5217		1362
ign	נָכָא	nākāʾ	A	stricken	sub		n.di.ab	5218	a	1362a
igo	נְכֹאת	nĕkōʾt	N	a spice	sub		n.di.ad	5219		1362c
igp	נֶ֫כֶד	neked	N	progeny	sub		n.dj.ab	5220		1363a
igq	נכד	nkd			main	נכד	n.dj.aa			1363
igr	נֵכֶה	nēkeh	A	smitten ones	sub		n.dk.ac	5222		1364b
igs	נָכֵה	nākēh	A	smitten	sub		n.dk.ab	5223		1364a
igt	נָכָה	nākâ	V	smite	main	נכה	n.dk.aa	5221		1364
igu	נְכוֹ	nĕkô	Np	Necho. Compare			n.dk.af	5224		
igv	נָכוֹן	nākôn	N	blow	sub		n.dk.ad	3559	b	1364c
igw	נָכוֹן	nākôn	Np	Nachon			k.aw.aj	5225		
igx	נֵכַח	nēkaḥ	D	front	sub		n.dl.ab	5226		1365a
igy	נָכֹחַ	nākōaḥ	A	straight	sub		n.dl.ac	5228		1365a
igz	נֹ֫כַח	nōkaḥ	D	front	sub		n.dl.ab	5227		1365a
iha	נכח	nkḥ			main	נכח	n.dl.aa			1365
ihb	נְכֹחָה	nĕkōḥâ	A	straight	sub		n.dl.ac	5229		1365a
ihc	נֵ֫כֶל	nēkel	N	wiliness	sub		n.dm.ab	5231		1366a
ihd	נָכַל	nākal	V	be crafty	main	נכל	n.dm.aa	5230		1366
ihe	נֶ֫כֶס	nekes	N	riches	single		n.dm.ad	5233		1367
ihf	נֵכָר	nēkār	N	that which is foreign	sub		n.do.ac	5236		1368b
ihg	נֶ֫כֶר	neker	N	misfortune	sub		n.do.ab	5235		1368a
ihh	נָכַר	nākar	V	act as foreign	sub		n.do.ae	5234	b	1368d
ihi	נָכַר	nākar	V	regard	main	נכר	n.dn.aa	5234	a	1368
ihj	נכר	nkr			main	נכר	n.do.aa			
ihk	נׇכְרִי	nokrî	A	foreign	sub		n.do.ad	5237		1368c
ihl	נְכֹת	nĕkōt	N	treasure	single		n.do.af	5238		1369
ihm	נָלָה	nālâ	V	complete	main	נלה	n.dp.aa	5239		1370
ihn	נְמִבְזֶה	nĕmibzeh	A	despise	sub		b.az.aa	5240		224
iho	נְמוּאֵל	nĕmûʾēl	Np	Nemuel			n.dp.ad	5241		
ihp	נְמוּאֵלִי	nĕmûʾēlî	Ag	Nemuelite			n.dp.ae	5242		
ihq	נָמַל	nāmal	V	circumcise	sub		m.ci.aa	5243	b	1204
ihr	נמל	nml			main	נמל	n.dq.aa			1371
ihs	נְמָלָה	nĕmālâ	N	ant	sub		n.dq.ab	5244		1371a
iht	נָמֵר	nāmēr	N	leopard	sub		n.dr.ab	5246		1372a
ihu	נמר	nmr			main	נמר	n.dr.aa			1372
ihv	נִמְרֹד	nimrōd	Np	Nimrod			n.dr.ae	5248		
ihw	נִמְרָה	nimrâ	Np	Nimrah. See also			n.dr.ac	5247		
ihx	נִמְרִים	nimrîm	Np	Nimrim. Compare			n.dr.ad	5249		
ihy	נִמְשִׁי	nimšî	Np	Nimshi			n.dr.af	5250		
ihz	נֵס	nēs	N	standard	sub		n.dy.ab	5251		1379a
iia	נְסִבָּה	nĕsibbâ	N	turn	sub		o.ad.af	5252		1456a
iib	נָסָה	nāsâ	V	test	main	נסה	n.ds.aa	5254		1373
iic	נָסַח	nāsaḥ	V	pull away	main	נסח	n.dt.aa	5255		1374
iid	נָסִיךְ	nāsîk	N	prince	sub		n.dw.ab	5257	b	1377a
iie	נָסִיךְ	nāsîk	N	libation	sub		n.du.ac	5257	a	1375b
iif	נֶ֫סֶךְ	nesek	N	drink-offering	sub		n.du.ab	5262		1375a
iig	נָסַךְ	nāsak	V	weave	main	נסך	n.dv.aa	5259		1376
iih	נָסַךְ	nāsak	V	pour out	main	נסך	n.du.aa	5258	a	1375
iii	נָסַךְ	nāsak	V	set	main	נסך	n.dw.aa	5258	b	1377
iij	נָסַס	nāsas	V	be sick	main	נסס	n.dx.aa	5263		1378
iik	נָסַס	nāsas	V	be high	main	נסס	n.dy.aa	5264		1379
iil	נָסַע	nāsaʿ	V	pull out	main	נסע	n.dz.aa	5265		1380
iim	נסע	nsʿ			main	נסע	n.ea.aa			1381
iin	נסק	nsq			main	נסק	n.eb.aa			
iio	נִסְרֹךְ	nisrōk	Np	Nisroch	sub		n.eb.ab	5268		1382
iip	נֵעָה	nēʿâ	Np	Neah			n.cd.ab	5269		
iiq	נֹעָה	nōʿâ	Np	Noah			n.cd.ac	5270		
iir	נְעוּרוֹת	nĕʿûrôt	N	youth	sub		n.ei.af	5271	b	1389e
iis	נְעוּרִים	nĕʿûrîm	N	youth	sub		n.ei.ae	5271	a	1389d
iit	נְעִיאֵל	nĕʿîʾēl	Np	Neiel			n.eb.ad	5272		
iiu	נָעִים	nāʿîm	A	singing	sub		n.ee.ab	5273	b	1385a
iiv	נָעִים	nāʿîm	A	pleasant	sub		n.ed.ad	5273	a	1384b
iiw	נַ֫עַל	naʿal	N	sandal	sub		n.ec.ab	5275		1383a
iix	נָעַל	nāʿal	V	bar	main	נעל	n.ec.aa	5274	a	1383
iiy	נָעַל	nāʿal	V	furnish with sandals	sub		n.ec.ac	5274	b	1383b
iiz	נָעֵם	nāʿēm	V	be pleasant	main	נעם	n.ed.aa	5276		1384
ija	נָ֑עַם	nāʿam	Np	Naam			n.ed.ac	5277		
ijb	נֹ֫עַם	nōʿam	N	delightfulness	sub		n.ed.ab	5278		1384a
ijc	נעם	nʿm			main	נעם	n.ee.aa			1385
ijd	נַעֲמָה	naʿămâ	Np	Naamah			n.ed.ae	5279	a	
ije	נַעֲמָה	naʿămâ	Np	Naamah			n.ed.af	5279	b	
ijf	נַעֲמִי	naʿămî	Ag	Naamanite			n.ed.ak	5280		
ijg	נׇעֳמִי	noʿŏmî	Np	Naomi			n.ed.ah	5281		
ijh	נַעֲמָן	naʿămān	Np	Naaman			n.ed.aj	5283		
iji	נַעֲמָן	naʿămān	N	pleasantness	sub		n.ed.ai	5282		1384c
ijj	נַעֲמָתִי	naʿămātî	Ag	Naamathite			n.ed.al	5284		
ijk	נעץ	nʿṣ			main	נעץ	n.ef.aa			1386
ijl	נַעֲצוּץ	naʿăṣûṣ	N	thorn-bush	sub		n.ef.ab	5285		1386a
ijm	נַ֫עַר	naʿar	N	shaking	sub		n.eh.ab	5289		1388a
ijn	נַ֫עַר	naʿar	N	boy	sub		n.ei.ab	5288		1389a
ijo	נָעַר	nāʿar	V	growl	main	נער	n.eg.aa	5286		1387
ijp	נָעַר	nāʿar	V	shake	main	נער	n.eh.aa	5287		1388
ijq	נֹ֫עַר	nōʿar	N	youth	sub		n.ei.ac	5290		1389b
ijr	נער	nʿr			main	נער	n.ei.aa			1389
ijs	נַעֲרָה	naʿărâ	Np	Naarah			n.ei.ah	5292	b	
ijt	נַעֲרָה	naʿărâ	N	girl	sub		n.ei.ad	5291		1389c
iju	נַעֲרָה	naʿărâ	Np	Naarah			n.ei.ag	5292	a	
ijv	נַעֲרַי	naʿăray	Np	Naarai			n.ei.ai	5293		
ijw	נְעַרְיָה	nĕʿaryâ	Np	Neariah			n.ei.aj	5294		
ijx	נַעֲרָן	naʿărān	Np	Naaran			n.ei.ak	5295		
ijy	נְעֹ֫רֶת	nĕʿōret	N	tow	sub		n.eh.ac	5296		1388b
ijz	נֹף	nōp	Np	Noph			m.da.av	5297		
ika	נֶ֫פֶג	nepeg	Np	Nepheg			n.ei.am	5298		
ikb	נָפָה	nāpâ	N	sieve	sub		n.ce.ab	5299	a	1330a
ikc	נָפָה	nāpâ	N	height	sub		n.cf.ac	5299	b	1331b
ikd	נְפוּסִים	nĕpûsîm	Np	Nephusim (from the margin)			n.ej.ah	5304		
ike	נָפַח	nāpaḥ	V	breathe	main	נפח	n.ej.aa	5301		1390
ikf	נֹ֫פַח	nōpaḥ	Np	Nophah			n.ej.ab	5302		
ikg	נָפִישׁ	nāpîš	Np	Naphish			n.en.ad	5305		
ikh	נְפִישְׁסִים	nĕpîšĕsîm	Np	Nephisesim (from the margin)			n.ej.ah	5300		
iki	נֹ֫פֶךְ	nōpek	N	ruby	single		n.ej.aj	5306		1391
ikj	נֵ֫פֶל	nēpel	N	untimely birth	sub		n.ek.ab	5309		1392a
ikk	נָפַל	nāpal	V	fall	main	נפל	n.ek.aa	5307		1392
ikl	נפל	npl								1393
ikm	נְפִלִים	nĕpilîm	N	giants	single		n.ek.ag	5303		1393a
ikn	נֶ֫פֶץ	nepeṣ	N	driving storm	sub		n.el.ab	5311		1394a
iko	נָפַץ	nāpaṣ	V	shatter	main	נפץ	n.el.aa	5310	a	1394
ikp	נָפַץ	nāpaṣ	V	disperse	main	נפץ	n.em.aa	5310	b	1394
ikq	נֶ֫פֶשׁ	nepeš	N	soul	sub		n.en.ab	5315		1395a
ikr	נָפַשׁ	nāpaš	V	take breath	sub		n.en.ac	5314		1395
iks	נפשׁ	npš			main	נפשׁ	n.en.aa			
ikt	נֶ֫פֶת	nepet	N	height	sub		n.cf.ad	5316		1331c
iku	נֹ֫פֶת	nōpet	N	flowing honey	single		n.en.af	5317		1396
ikv	נֶפְתּוֹחַ	neptôaḥ	Np	Neptoah			q.ea.ak	5318		
ikw	נַפְתּוּלִים	naptûlîm	N	wrestlings	sub		q.ec.ad	5319		1857c
ikx	נַפְתֻּחִים	naptuḥîm	Np	Naptuhim			n.en.ai	5320		
iky	נַפְתָּלִי	naptālî	Np	Naphtali			q.ec.ae	5321		
ikz	נֵץ	nēṣ	N	flower	sub		n.ew.ac	5322	a	1405b
ila	נֵץ	nēṣ	N	hawk	sub		n.ex.ab	5322	b	1406a
ilb	נָצָא	nāṣāʾ	V	fly	main	נצא	n.eo.aa	5323		1397
ilc	נִצָּב	niṣṣāb	N	fixed	sub		n.ep.ab	5325		1398a
ild	נָצַב	nāṣab	V	take one’s stand	main	נצב	n.ep.aa	5324		1398
ile	נִצָּה	niṣṣâ	N	blossom	sub		n.ew.ad	5328		1405c
ilf	נָצָה	nāṣâ	V	fall in ruins	main	נצה	n.es.aa	5327	b	1401
ilg	נָצָה	nāṣâ	V	fly	main	נצה	n.eq.aa	5132	a	1399
ilh	נָצָה	nāṣâ	V	struggle	main	נצה	n.er.aa	5327	a	1400
ili	נֵ֫צַח	nēṣaḥ	N	eminence	sub		n.et.ab	5331		1402a
ilj	נֵ֫צַח	nēṣaḥ	N	juice	sub		n.eu.ab	5332		1403a
ilk	נָצַח	nāṣaḥ	V	be pre-eminent	main	נצח	n.et.aa	5329		1402
ill	נצח	nṣḥ			main	נצח	n.eu.aa			1403
ilm	נְצִיב	nĕṣîb	Np	Nezib			n.ep.ad	5334		
iln	נְצִיב	nĕṣîb	N	pillar	sub		n.ep.ac	5333		1398b
ilo	נְצִיחַ	nĕṣîaḥ	Np	Neziah			n.eu.ac	5335		
ilp	נציר	nṣyr	A	preserved	sub		n.ey.ac	5336		1407a
ilq	נָצַל	nāṣal	V	strip	main	נצל	n.ev.aa	5337		1404
ilr	נִצָּן	niṣṣān	N	blossom	sub		n.ew.ae	5339		1405d
ils	נָצַץ	nāṣaṣ	V	shine	main	נצץ	n.ew.aa	5340		1405
ilt	נָצַץ	nāṣaṣ	V	bloom	sub		n.ew.af	5132	b	1405e
ilu	נצץ	nṣṣ			main	נצץ	n.ex.aa			1406
ilv	נֵ֫צֶר	nēṣer	N	sprout	sub		n.ez.ab	5342		1408a
ilw	נָצַר	nāṣar	V	watch	main	נצר	n.ey.aa	5341		1407
ilx	נצר	nṣr			main	נצר	n.ez.aa			1408
ily	נֶ֫קֶב	neqeb	N	bezel	sub		n.fa.ab	5345		1409a
ilz	נֶ֫קֶב	neqeb	Np	Nekeb			n.fa.ac	5346		
ima	נָקַב	nāqab	V	pierce	main	נקב	n.fa.aa	5344	a	1409
imb	נָקַב	nāqab	V	curse	main	נקב	n.fb.aa	5344	b	1409
imc	נְקֵבָה	nĕqēbâ	N	female	sub		n.fa.ad	5347		1409b
imd	נָקֹד	nāqōd	A	speckled	sub		n.fc.ab	5348		1410a
ime	נֹקֵד	nōqēd	N	sheep-raiser	sub		n.fd.ab	5349		1411a
imf	נקד	nqd			main	נקד	n.fc.aa			1410
img	נקד	nqd			main	נקד	n.fd.aa			1411
imh	נְקֻדָּה	nĕquddâ	N	point	sub		n.fc.ad	5351		1410c
imi	נָקָה	nāqâ	V	be empty	main	נקה	n.fe.aa	5352		1412
imj	נִקּוּד	niqqûd	N	what is crumbled	sub		n.fc.ac	5350		1410b
imk	נְקוֹדָא	nĕqôdāʾ	Np	Nekoda			n.fd.ac	5353		
iml	נָקַט	nāqaṭ	V	feel a loathing	sub		s.as.aa	5354		1996
imm	נָקִי	nāqî	A	clean	sub		n.fe.ab	5355	a	1412a
imn	נָקִיא	nāqîʾ	A	innocent	sub		n.fe.ac	5355	b	1412b
imo	נִקָּיוֹן	niqqāyôn	N	innocency	sub		n.fe.ad	5356	a	1412c
imp	נָקִיק	nāqîq	N	cleft	sub		n.fj.ab	5357		1417a
imq	נָקַם	nāqam	V	avenge	main	נקם	n.ff.aa	5358		1413
imr	נָקָם	nāqām	N	vengeance	sub		n.ff.ab	5359		1413a
ims	נְקָמָה	nĕqāmâ	N	vengeance	sub		n.ff.ac	5360		1413b
imt	נָקַע	nāqaʿ	V	be alienated	main	נקע	n.fg.aa	5361		1414
imu	נָקַף	nāqap	V	go around	main	נקף	n.fi.aa	5362	b	1416
imv	נָקַף	nāqap	V	strike off	main	נקף	n.fh.aa	5362	a	1415
imw	נֹ֫קֶף	nōqep	N	striking off	sub		n.fh.ab	5363		1415a
imx	נִקְפָּה	niqpâ	N	encircling rope	sub		n.fi.ab	5364		1416a
imy	נקק	nqq			main	נקק	n.fj.aa			1417
imz	נָקַר	nāqar	V	bore	main	נקר	n.fk.aa	5365		1418
ina	נְקָרָה	nĕqārâ	N	hole	sub		n.fk.ab	5366		1418a
inb	נָקַשׁ	nāqaš	V	knock	main	נקשׁ	n.fl.aa	5367		1419
inc	נֵר	nēr	N	lamp	sub		n.ch.ab	5216	a	1333a
ind	נֵר	nēr	Np	Ner			n.ch.ac	5369		
ine	נֵרְגָּ֑ל	nērĕgāl	Np	Nergal			n.fl.ac	5370		
inf	נֵרְגַּל שַׁרְאֶ֫צֶר	nērĕgal šarʾeṣer	Np	Nergal-sharezer			n.fl.ad	5371		
ing	נִרְגָּן	nirgān	V	murmur	sub		t.at.aa	5372		2115
inh	נֵרְדְּ	nērĕd	N	nard	single		n.fl.af	5373		1420
ini	נֵרִיָהוּ	nērîāhû	Np	Neriah			n.ch.ae	5374		
inj	נָשָׁא	nāšāʾ	V	lend on interest	main	נשׁא	n.fp.aa	5378		1424
ink	נָשָׁא	nāšāʾ	V	beguile	main	נשׁא	n.fq.aa	5377		1425
inl	נָשָׁא	nāšāʾ	V	forget	main		n.fr.aa			
inm	נָשָׂא	nāśāʾ	V	lift	main	נשׂא	n.fm.aa	5375		1421
inn	נִשֵּׂאת	niśśēʾt	N	lift	sub		n.fm.aa	5379		1421
ino	נָשַׁב	nāšab	V	blow	main	נשׁב	n.fs.aa	5380		1426
inp	נָשַׂג	nāśag	V	reach	main	נשׂג	n.fn.aa	5381		1422
inq	נָשֶׁה	nāšeh	N	a vein	single		n.fu.ad	5384		1429
inr	נָשָׁה	nāšâ	V	lend	main	נשׁה	n.ft.aa	5383		1427
ins	נָשָׁה	nāšâ	V	forget	main	נשׁה	n.fu.aa	5382		1428
int	נְשׂוּאָה	nĕśûʾâ	N	what is borne about	sub		n.fm.ac	5385		1421a
inu	נְשִׁי	nĕšî	N	debt	sub		n.ft.ab	5386		1427a
inv	נָשִׂיא	nāśîʾ	N	rising mist	sub		n.fm.ae	5387	b	1421c
inw	נָשִׂיא	nāśîʾ	N	one lifted up	sub		n.fm.ad	5387	a	1421b
inx	נְשִׁיָּה	nĕšîyâ	N	forgetfulness	sub		n.fu.ab	5388		1428a
iny	נְשִׁיקָה	nĕšîqâ	N	kiss	sub		n.fz.ab	5390		1435a
inz	נֶ֫שֶׁךְ	nešek	N	interest	sub		n.fv.ab	5392		1430a
ioa	נָשַׁךְ	nāšak	V	bite	main	נשׁך	n.fv.aa	5391	a	1430
iob	נָשַׁךְ	nāšak	V	pay	sub		n.fv.ac	5391	b	1430b
ioc	נִשְׁכָּה	niškâ	N	chamber	single		n.fv.ad	5393		1431
iod	נָשַׁל	nāšal	V	slip off	main	נשׁל	n.fw.aa	5394		1432
ioe	נָשַׁם	nāšam	V	pant	main	נשׁם	n.fx.aa	5395		1433
iof	נְשָׁמָה	nĕšāmâ	N	breath	sub		n.fx.ab	5397		1433a
iog	נֶ֫שֶׁף	nešep	N	twilight	sub		n.fy.ab	5399		1434a
ioh	נָשַׁף	nāšap	V	blow	main	נשׁף	n.fy.aa	5398		1434
ioi	נֶ֫שֶׁק	nešeq	N	equipment	sub		n.ga.ab	5402		1436a
ioj	נָשַׁק	nāšaq	V	handle	main	נשׁק	n.ga.aa	5401	b	1436
iok	נָשַׁק	nāšaq	V	kiss	main	נשׁק	n.fz.aa	5401	a	1435
iol	נֶשֶׁר	nešer	N	griffon-vulture	main	נשׁר	n.gb.aa	5404		1437
iom	נשׂר	nśr			main	נשׂר	n.fo.aa			1423
ion	נָשַׁת	nāšat	V	be dry	main	נשׁת	n.gc.aa	5405		1438
ioo	נִשְׁתְּוָן	ništĕwān	N	letter	single		n.gc.ab	5406		1439
iop	נתב	ntb			main	נתב	n.gd.aa			1440
ioq	נֵ֫תַח	nētaḥ	N	piece	sub		n.ge.ab	5409		1441a
ior	נָתַח	nātaḥ	V	cut up	main	נתח	n.ge.aa	5408		1441
ios	נָתִיב	nātîb	N	path	sub		n.gd.ab	5410	a	1440a
iot	נְתִיבָה	nĕtîbâ	N	path	sub		n.gd.ac	5410	b	1440b
iou	נְתִינִים	nĕtînîm	N	Nethinim	sub		n.gg.ad	5411		1443a
iov	נָתַךְ	nātak	V	pour forth	main	נתך	n.gf.aa	5413		1442
iow	נָתַן	nātan	V	give	main	נתן	n.gg.aa	5414		1443
iox	נָתָן	nātān	Np	Nathan			n.gg.ab	5416		
ioy	נְתַן־מֶ֫לֶךְ	nĕtan-melek	Np	Nathanmelech			n.gg.ac	5419		
ioz	נְתַנְאֵל	nĕtanʾēl	Np	Nethaneel			n.gg.ae	5417		
ipa	נְתַנְיָ֫הוּ	nĕtanyāhû	Np	Nethaniah			n.gg.af	5418		
ipb	נָתַס	nātas	V	tear down	main	נתס	n.gh.aa	5420		1444
ipc	נָתַע	nātaʿ	V	break	main	נתע	n.gi.aa	5421		1445
ipd	נָתַץ	nātaṣ	V	pull down	main	נתץ	n.gj.aa	5422		1446
ipe	נֶ֫תֶק	neteq	N	scab	sub		n.gk.ab	5424		1447a
ipf	נָתַק	nātaq	V	pull	main	נתק	n.gk.aa	5423		1447
ipg	נֶ֫תֶר	neter	N	natron	single		n.gm.ab	5427		1450
iph	נָתַר	nātar	V	be free	main	נתר	n.gm.aa	5425	b	1449
ipi	נָתַר	nātar	V	spring up	main	נתר	n.gl.aa	5425	a	1448
ipj	נָתַשׁ	nātaš	V	pull up	main	נתשׁ	n.gn.aa	5428		1451
ipk	ס	s					o.aa.aa			
ipl	סְאָה	sĕʾâ	N	sᵉ’āh	main		o.aa.ab	5429		1452
ipm	סְאוֹן	sĕʾôn	N	sandal	sub		o.aa.ac	5430		1453a
ipn	סָאַן	sāʾan	V	tread	main	סאן	o.aa.ad	5431		1453
ipo	סאן	sʾn								
ipp	סֵאסֵא	sēʾsēʾ	V	by driving her	main		o.ab.aa	5432		1454
ipq	סְבָא	sĕbāʾ	Np	Seba			o.ac.ad	5434		
ipr	סָבָא	sābāʾ	V	drunkards	sub		o.ac.ab	5433	b	1455b
ips	סָבָא	sābāʾ	V	imbibe	main	סבא	o.ac.aa	5433	a	1455
ipt	סֹ֫בֶא	sōbeʾ	N	drink	sub		o.ac.ac	5435		1455a
ipu	סְבָאִים	sĕbāʾîm	Ng	Sᵉbā’im			o.ac.ae	5436		
ipv	סָבַב	sābab	V	turn about	main	סבב	o.ad.aa	5437		1456
ipw	סִבָּה	sibbâ	N	turn of affairs	sub		o.ad.ab	5438		1456a
ipx	סָבִיב	sābîb	N	circuit	sub		o.ad.ac	5439		1456b
ipy	סְבַךְ	sĕbak	N	thicket	sub		o.ae.ab	5442		1457a
ipz	סְבֹךְ	sĕbōk	N	in the thicket of trees	sub		o.ae.ac	5441		1457b
iqa	סָבַךְ	sābak	V	interweave	main	סבך	o.ae.aa	5440		1457
iqb	סִבְּכַי	sibbĕkay	Np	Sibbecai			o.ae.ad	5444		
iqc	סֵ֫בֶל	sēbel	N	load	sub		o.af.ab	5447		1458a
iqd	סַבָּל	sabbāl	N	burden-bearer	sub		o.af.ad	5449		1458b
iqe	סָבַל	sābal	V	bear a heavy load	main	סבל	o.af.aa	5445		1458
iqf	סֹ֫בֶל	sōbel	N	burden	sub		o.af.ac	5448		1458a
iqg	סִבְלָה	siblâ	N	burden	sub		o.af.ae	5450		1458c
iqh	סִבֹּלֶת	sibbōlet	N	ear of wheat	sub		o.af.af	5451		1458d
iqi	סִבְרַ֫יִם	sibrayim	Np	Sibraim			o.af.ag	5453		
iqj	סַבְתָּה	sabtâ	Np	Sabta			o.af.ah	5454		
iqk	סַבְתְּכָא	sabtĕkāʾ	Np	Sabtecha			o.af.ai	5455		
iql	סָגַד	sāgad	V	prostrate oneself	main	סגד	o.ag.aa	5456		1459
iqm	סְגוֹר	sĕgôr	N	enclosure	sub		o.ai.ab	5458		1462a
iqn	סגל	sgl			main	סגל	o.ah.aa			1460
iqo	סְגֻלָּה	sĕgullâ	N	possession	sub		o.ah.ab	5459		1460a
iqp	סָגָן	sāgān	N	prefect	single		o.ah.ac	5461		1461
iqq	סגן	sgn								
iqr	סָגַר	sāgar	V	shut	main	סגר	o.ai.aa	5462		1462
iqs	סגר	sgr			main	סגר	o.aj.aa			1463
iqt	סַגְרִיר	sagrîr	N	steady	sub		o.aj.ab	5464		1463a
iqu	סַד	sad	N	stocks	single		o.aj.ac	5465		1464
iqv	סדא	sdʾ								
iqw	סָדִין	sādîn	N	linen wrapper	single		o.aj.ae	5466		1466
iqx	סְדֹם	sĕdōm	Np	Sodom	single		o.aj.ad	5467		1465
iqy	סֵ֫דֶר	sēder	N	arrangement	sub		o.ak.ab	5468		1467a
iqz	סדר	sdr			main	סדר	o.ak.aa			1467
ira	סַ֫הַר	sahar	N	roundness	sub		o.al.ab	5469		1468a
irb	סֹ֫הַר	sōhar	N	roundness	sub		o.al.ac	5470		1468b
irc	סהר	shr			main	סהר	o.al.aa			1468
ird	סוֹא	sôʾ	Np	So			o.al.ad	5471		
ire	סוּג	sûg	V	move away	main	סוג	o.am.aa	5253		1469
irf	סוּג	sûg	V	fence about	main	סוג	o.an.aa	5473		1470
irg	סוּג	sûg	V	move away	sub		o.am.aa	5472		1469
irh	סוּגַר	sûgar	N	cage	sub		o.ai.ac	5474		1462b
iri	סוֹד	sôd	N	council	sub		o.ao.ab	5475		1471a
irj	סוד	swd			main	סוד	o.ao.aa			1471
irk	סוֹדִי	sôdî	Np	Sodi			o.ao.ac	5476		
irl	סוה	swh			main	סוה	o.ap.aa			1472
irm	סוּחַ	sûaḥ	Np	Suah			o.aq.ac	5477		
irn	סוח	swḥ			main	סוח	o.aq.aa			1473
iro	סוּחָה	sûḥâ	N	offal	sub		o.aq.ab	5478		1473a
irp	סוֹטַי	sôṭay	Np	Sotai			o.aq.ad	5479		
irq	סוּךְ	sûk	V	hedge	main	סוך	o.as.aa	5526	a	1475
irr	סוּךְ	sûk	V	pour	main	סוך	o.ar.aa	5480		1474
irs	סְוֵנֵה	sĕwēnēh	Np	Syene			o.as.ac	5482		
irt	סוּס	sûs	N	horse	main	סוס	o.as.af	5483	b	1477
iru	סוּס	sûs	N	swallow	single		o.as.ae	5483	a	1476
irv	סוּסָה	sûsâ	N	mare	sub		o.as.ag	5484		1477
irw	סוּסִי	sûsî	Np	Susi			o.as.ah	5485		
irx	סוֹף	sôp	N	end	sub		o.at.ab	5490		1478a
iry	סוּף	sûp	Np	Red Sea			o.at.ae	5489		
irz	סוּף	sûp	N	reeds	single		o.at.ad	5488		1479
isa	סוּף	sûp	V	come to an end	main	סוף	o.at.aa	5486		1478
isb	סוּפָה	sûpâ	Np	Suphah			o.at.af	5492	b	
isc	סוּפָה	sûpâ	N	storm-wind	sub		o.at.ac	5492	a	1478b
isd	סוּר	sûr	V	turn aside	main	סור	o.au.aa	5493		1480
ise	סוּר	sûr	Np	Sur			o.au.ac	5495		
isf	סוּר	sûr	N	turn aside	sub		o.au.aa	5494		1480
isg	סוּת	sût	V	incite	main	סות	o.av.aa	5496		1481
ish	סוּת	sût	N	vesture	sub		o.ap.ab	5497		1472a
isi	סָחַב	sāḥab	V	drag	main	סחב	o.aw.aa	5498		1482
isj	סְחָבָה	sĕḥābâ	N	rag	sub		o.aw.ab	5499		1482a
isk	סָחָה	sāḥâ	V	scrape	main	סחה	o.ax.aa	5500		1483
isl	סְחִי	sĕḥî	N	offscouring	sub		o.ax.ab	5501		1483a
ism	סָחִישׁ	sāḥîš	N	after-growth	single		o.ax.ac	7823		1484
isn	סָחַף	sāḥap	V	prostrate	main	סחף	o.ay.aa	5502		1485
iso	סַחַר	saḥar	N	traffic	sub		o.az.ab	5504		1486a
isp	סָ֫חַר	sāḥar	N	traffic	sub		o.az.ab	5505		1486a
isq	סָחַר	sāḥar	V	go around	main	סחר	o.az.aa	5503		1486
isr	סְחֹרָה	sĕḥōrâ	N	merchandise	sub		o.az.ac	5506		1486b
iss	סֹחֵרָה	sōḥērâ	N	buckler	sub		o.az.ad	5507		1486c
ist	סֹחֶ֫רֶת	sōḥeret	N	tile	sub		o.az.af	5508		1486e
isu	סִיג	sîg	N	a moving back	sub		o.am.ac	5509		1469a
isv	סִיוָן	sîwān	Np	Sivan	single		o.az.ai	5510		1487
isw	סִיחוֹן	sîḥôn	Np	Sihon			o.az.aj	5511		
isx	סִין	sîn	Np	Sin			o.az.al	5512	b	
isy	סִין	sîn	Np	Sin			o.az.ak	5512	a	
isz	סין	syn								
ita	סִינִי	sînî	Ag	Sinite			o.az.an	5513		
itb	סִינַי	sînay	Np	Sinai	single		o.az.am	5514		1488
itc	סִינִים	sînîm	Ag	Sinim			o.az.ao	5515		
itd	סִיסְרָא	sîsĕrāʾ	Np	Sisera			o.az.aq	5516		
ite	סִיעָא	sîʿāʾ	Np	Sia			o.az.ar	5517		
itf	סִיר	sîr	N	thorn	single		o.az.at	5518	b	1490
itg	סִיר	sîr	N	pot	single		o.az.as	5518	a	1489
ith	סַךְ	sak	N	throng	sub		o.bb.ab	5519		1492c
iti	סֹךְ	sōk	N	thicket	sub		o.bb.ac	5520		1492d
itj	סֻכָּה	sukkâ	N	thicket	sub		o.bb.ad	5521		1492d
itk	סִכּוּת	sikkût	Np	tabernacle	single		o.az.av	5522		1491
itl	סֻכּוֹת	sukkôt	Np	Succoth	sub		o.bb.ae	5523		1492e
itm	סֻכּוֹת בְּנוֹת	sukkôt bĕnôt	Np	Succothbenoth			o.az.aw	5524		
itn	סֻכִּיִּים	sukkîyîm	Np	Sukkiims			o.az.ax	5525		
ito	סָכַךְ	sākak	V	weave together	main	סכך	o.bb.aa	5526	c	2260
itp	סָכַךְ	sākak	V	overshadow	main	סכך	o.ba.aa	5526	b	1492
itq	סֹכֵךְ	sōkēk	N	protector	sub		o.bb.af	5526	d	1492f
itr	סְכָכָה	sĕkākâ	Np	Secacah			o.bb.ag	5527		
its	סֶ֫כֶל	sekel	N	folly	sub		o.bc.ac	5529		1493b
itt	סָכַל	sākal	V	be foolish	main	סכל	o.bc.aa	5528		1493
itu	סָכָל	sākāl	N	fool	sub		o.bc.ab	5530		1493a
itv	סִכְלוּת	siklût	N	folly	sub		o.bc.ad	5531	b	1493d
itw	סִכְלוּת	siklût	N	folly	sub		o.bc.ad	5531	a	1493c
itx	סָכַן	sākan	V	be poor	main	סכן	o.bf.aa	5533	b	1496
ity	סָכַן	sākan	V	incur danger	main	סכן	o.be.aa	5533	a	1495
itz	סָכַן	sākan	V	be of use	main	סכן	o.bd.aa	5532		1494
iua	סָכַר	sākar	V	hire	main	סכר	o.bh.aa	7936	a	1498
iub	סָכַר	sākar	V	shut up	main	סכר	o.bg.aa	5534		1497
iuc	סָכַת	sākat	V	be silent	main	סכת	o.bi.aa	5535		1499
iud	סַל	sal	N	basket	sub		o.bp.ab	5536		1507a
iue	סִלָּא	sillāʾ	N	Silla	single		o.bi.ac	5538		
iuf	סָלָא	sālāʾ	V	weigh	main	סלא	o.bj.aa	5537		1500
iug	סֶ֫לֶד	seled	Np	Seled			o.bk.ab	5540		
iuh	סָלַד	sālad	V	spring	main	סלד	o.bk.aa	5539		1501
iui	סֶ֫לָה	selâ	V	lift up	sub		o.bo.ab	5542		1506a
iuj	סָלָה	sālâ	V	weigh	main	סלה	o.bm.aa	5541	b	1503
iuk	סָלָה	sālâ	V	make light of	main	סלה	o.bl.aa	5541	a	1502
iul	סַלּוּ	sallû	Np	Sallai			o.bm.ac	5543	b	
ium	סַלּוּא	sallûʾ	Np	Sallai			o.bm.ae	5543	d	
iun	סָלוּא	sālûʾ	Np	Sallai			o.bm.ad	5543	c	
iuo	סַלּוֹן	sallôn	N	brier	single		o.bm.af	5544		1504
iup	סַלָּח	sallāḥ	A	ready to forgive	sub		o.bn.ab	5546		1505a
iuq	סָלַח	sālaḥ	V	forgive	main	סלח	o.bn.aa	5545		1505
iur	סַלַּי	sallay	Np	Sallai			o.bm.ag	5543	e	
ius	סְלִיחָה	sĕlîḥâ	N	forgiveness	sub		o.bn.ac	5547		1505b
iut	סַלְכָה	salkâ	Np	Salcah			o.bn.ad	5548		
iuu	סָלַל	sālal	V	lift up	main	סלל	o.bo.aa	5549		1506
iuv	סלל	sll			main	סלל	o.bp.aa			1507
iuw	סֹלְלָה	sōlĕlâ	N	mound	sub		o.bo.ac	5550		1506b
iux	סֻלָּם	sullām	N	ladder	sub		o.bo.ad	5551		1506c
iuy	סַלְסִלָּה	salsillâ	N	basket	sub		o.bp.ac	5552		1507b
iuz	סֶ֫לַע	selaʿ	N	crag	sub		o.bq.ab	5553		1508a
iva	סֶ֫לַע	selaʿ	Np	rock			o.bq.ac	5554		
ivb	סלע	slʿ			main	סלע	o.bq.aa			1508
ivc	סֶלַע הַמַּחְלְקוֹת	selaʿ hammaḥlĕqôt	N	smoothness	sub		h.db.ah	5555		670g
ivd	סׇלְעָם	solʿām	N	locust	single		o.bq.ad	5556		1509
ive	סֶ֫לֶף	selep	N	crookedness	sub		o.br.ab	5558		1510a
ivf	סָלַף	sālap	V	twist	main	סלף	o.br.aa	5557		1510
ivg	סָלֵק	sālēq	V	ascend	main	סלק	o.bs.aa	5266		1511
ivh	סֹ֫לֶת	sōlet	N	fine flour	single		o.bs.ab	5560		1512
ivi	סַם	sam	N	spice	sub		o.bu.ab	5561		1516a
ivj	סַמְגַּר נְבוֹ	samgar nĕbô	Np	Samgar-nebo			o.bs.ad	5562		
ivk	סְמַדֵר	sĕmadēr	N	blossom	single		o.bs.ae	5563		1513
ivl	סָמַךְ	sāmak	V	lean	main	סמך	o.bt.aa	5564		1514
ivm	סְמַכְיָהוּ	sĕmakyāhû	Np	Semachiah			o.bt.ab	5565		
ivn	סֶ֫מֶל	semel	N	image	single		o.bt.ad	5566		1515
ivo	סמם	smm			main	סמם	o.bu.aa			1516
ivp	סָמַן	sāman	V	in an appointed place	main	סמן	o.bv.aa	5567		1517
ivq	סָמַר	sāmar	V	bristle up	main	סמר	o.bw.aa	5568		1518
ivr	סָמָר	sāmār	A	bristling	sub		o.bw.ab	5569		1518a
ivs	סְנָאָה	sĕnāʾâ	Np	Senaah	single		o.bw.ad	5570		1519
ivt	סַנְבַלַּט	sanballaṭ	Np	Sanballat			o.bw.ae	5571		
ivu	סְנֶה	sĕneh	N	blackberry bush	single		o.bw.af	5572		1520
ivv	סֶ֑נֶּה	senneh	Np	Seneh			o.bw.ag	5573		
ivw	סְנוּאָה	sĕnûʾâ	Np	Hasenuah (including the art)			o.bw.ah	5574		
ivx	סַנְוֵרִים	sanwērîm	N	sudden blindness	single		o.bw.ai	5575		1521
ivy	סַנְחֵרִיב	sanḥērîb	Np	Sennacherib			o.bw.aj	5576		
ivz	סַנְסַנָּה	sansannâ	Np	Sansannah			o.bw.al	5578		
iwa	סַנְסִנִּים	sansinnîm	N	fruit-stalk	single		o.bw.am	5577		1522
iwb	סְנַפִּיר	sĕnappîr	N	fin	single		o.bw.an	5579		1523
iwc	סָ֑ס	sās	N	moth	single		o.bw.ao	5580		1524
iwd	סִסְמַי	sismay	Np	Sisamai			o.bw.ap	5581		
iwe	סָעַד	sāʿad	V	support	main	סעד	o.bx.aa	5582		1525
iwf	סָעָה	sāʿâ	V	rush	main	סעה	o.by.aa	5584		1526
iwg	סָעִיף	sāʿîp	N	cleft	sub		o.bz.ab	5585		1527a
iwh	סֵעֵף	sēʿēp	A	divided	sub		o.bz.af	5588		1527e
iwi	סָעַף	sāʿap	V	lop off boughs	sub		o.bz.ad	5586		1527c
iwj	סעף	sʿp			main	סעף	o.bz.aa			1527
iwk	סְעִפָּה	sĕʿippâ	N	division	sub		o.bz.ag	5587	a	1527f
iwl	סְעַפָּה	sĕʿappâ	N	bough	sub		o.bz.ac	5589		1527b
iwm	סַ֫עַר	saʿar	N	tempest	sub		o.ca.ab	5591	a	1528
iwn	סָעַר	sāʿar	V	storm	main	סער	o.ca.aa	5590		1528b
iwo	סְעָרָה	sĕʿārâ	N	tempest	sub		o.ca.ac	5591	b	1528a
iwp	סַף	sap	Np	Saph. Compare			o.ci.ae	5593		
iwq	סַף	sap	N	threshhold	sub		o.ci.ac	5592	b	1538b
iwr	סַף	sap	N	basin	sub		o.ci.ab	5592	a	1538a
iws	ספא	spʾ			main	ספא	o.cb.aa			1529
iwt	סָפַד	sāpad	V	wail	main	ספד	o.cc.aa	5594		1530
iwu	סָפָה	sāpâ	V	sweep away	main	ספה	o.cd.aa	5595		1531
iwv	סָפַח	sāpaḥ	V	join	main	ספח	o.ce.aa	5596	a	1532
iww	ספח	spḥ			main	ספח	o.cf.aa			1533
iwx	ספח	spḥ			main	ספח	o.cg.aa			
iwy	סַפַּ֫חַת	sappaḥat	N	eruption	sub		o.cg.ab	5597		1534a
iwz	סִפַּי	sippay	Np	Sippai. Compare			o.ci.ae	5598		
ixa	סָפִיחַ	sāpîaḥ	N	growth from spilled kernels	sub		o.cf.ac	5599	b	1533b
ixb	סָפִיחַ	sāpîaḥ	N	outpouring	sub		o.cf.ab	5599	a	1533a
ixc	סְפִינָה	sĕpînâ	N	vessel	sub		o.ch.ac	5600		1537b
ixd	סַפִּיר	sappîr	N	sapphire	single		o.cg.ag	5601		1535
ixe	סֵ֫פֶל	sēpel	N	bowl	single		o.cg.ah	5602		1536
ixf	סִפֻּן	sippun	N	ceiling	sub		o.ch.ab	5604		1537a
ixg	סָפַן	sāpan	V	cover	main	ספן	o.ch.aa	5603		1537
ixh	סָפַף	sāpap	V	stand at	sub		o.ci.ad	5605		1538c
ixi	ספף	spp			main	ספף	o.ci.aa			1538
ixj	סָפַק	sāpaq	V	slap	main	ספק	o.cj.aa	5606	a	1539
ixk	סְפָר	sĕpār	Np	Sephar			o.ck.af	5611		
ixl	סְפָר	sĕpār	N	enumeration	sub		o.ck.ae	5610		1540d
ixm	סֵ֫פֶר	sēper	N	missive	main	ספר	o.ck.aa	5612	a	1540a
ixn	סָפַר	sāpar	V	count	sub		o.ck.ac	5608	a	1540
ixo	סֹפֵר	sōpēr	N	enumerator	sub		o.ck.ad	5608	b	1540c
ixp	סְפָרַ֑ד	sĕpārad	Np	Sepharad			o.ck.al	5614		
ixq	סְפֹרָה	sĕpōrâ	N	number	sub		o.ck.ag	5615		1540e
ixr	סִפְרָה	siprâ	N	book	sub		o.ck.ab	5612	b	1540b
ixs	סְפַרְוִי	sĕparwî	A	of Sepharvaim			o.ck.an	5616		
ixt	סְפַרְוַ֫יִם	sĕparwayim	Np	Sepharvaim			o.ck.am	5617		
ixu	סֹפֶ֫רֶת	sōperet	Np	Sophereth			o.ck.ak	5618		
ixv	סָקַל	sāqal	V	stone	main	סקל	o.cl.aa	5619		1541
ixw	סַר	sar	A	stubborn	sub		o.co.ab	5620		1549a
ixx	סָרָב	sārāb	N	rebel	single		o.cl.ac	5621		1542
ixy	סַרְגֿוֹן	sargôn	Np	Sargon			o.cl.ad	5623		
ixz	סֶ֫רֶד	sered	Np	Sered			o.cm.ab	5624		
iya	סרד	srd			main	סרד	o.cm.aa			
iyb	סַרְדִּי	sardî	Ag	Seredite			o.cm.ac	5625		
iyc	סָרָה	sārâ	N	turning aside	sub		o.au.ad	5627		1480a
iyd	סֶ֫רַח	seraḥ	N	excess	sub		o.cn.ab	5629		1543a
iye	סָרַח	sāraḥ	V	go free	main	סרח	o.cn.aa	5628		1543
iyf	סִרְיֹן	siryōn	N	armour	single		o.cn.ac	5630		1544
iyg	סָרִיס	sārîs	N	eunuch	single		o.cn.ad	5631		1545
iyh	סֶ֫רֶן	seren	N	tyrant	single		o.cn.ae	5633	a	1546
iyi	סֶ֫רֶן	seren	N	axle	single		o.cn.af	5633	b	1547
iyj	סַרְעַפָּה	sarʿappâ	N	bough	sub		o.bz.ae	5634		1527d
iyk	סָרַף	sārap	V	burn	sub		u.cj.aa	5635		2292
iyl	סִרְפָּד	sirpād	N	nettle	single		o.cn.ah	5636		1548
iym	סָרַר	sārar	V	be stubborn	main	סרר	o.co.aa	5637		1549
iyn	סְתוּר	sĕtûr	Np	Sethur			o.cq.ad	5639		
iyo	סְתָיו	sĕtāyw	N	winter	single		o.co.ac	5638		1549.1
iyp	סָתַם	sātam	V	stop up	main	סתם	o.cp.aa	5640	a	1550
iyq	סֵ֫תֶר	sēter	N	covering	sub		o.cq.ab	5643	a	1551a
iyr	סָתַר	sātar	V	hide	main	סתר	o.cq.aa	5641		1551
iys	סִתְרָה	sitrâ	N	shelter	sub		o.cq.ac	5643	b	1551b
iyt	סִתְרִי	sitrî	Np	Zithri			o.cq.ae	5644		
iyu	ע	ʿ			main		p.aa.aa			
iyv	עָב	ʿāb	N	projecting roof	sub		p.ab.ab	5646		1552a
iyw	עָב	ʿāb	N	dark cloud	sub		p.ba.ab	5645		1574a
iyx	עבב	ʿbb			main	עבב	p.ab.aa			1552
iyy	עֲבָד	ʿăbād	N	work	sub		p.ac.ad	5652		1553b
iyz	עֶ֫בֶד	ʿebed	N	slave	sub		p.ac.ab	5650		1553a
iza	עֶ֫בֶד	ʿebed	Np	Ebed			p.ac.ac	5651		
izb	עָבַד	ʿābad	V	work	main	עבד	p.ac.aa	5647		1553
izc	עֹבֵד אֱדוֹם	ʿōbēd ʾĕdôm	Np	Obed-edom			p.ac.af	5654		
izd	עֶ֫בֶד מֶ֫לֶךְ	ʿebed melek	Np	Ebed-melech			p.ac.ag	5663		
ize	עֲבֵד נְגוֹ	ʿăbēd nĕgô	Np	Abed-nego			p.ac.ah	5664		
izf	עַבְדָּא	ʿabdāʾ	Np	Abda			p.ac.ai	5653		
izg	עַבְדְּאֵל	ʿabdĕʾēl	Np	Abdeel. Compare			p.ac.aj	5655		
izh	עֲבֹדָה	ʿăbōdâ	N	labour	sub		p.ac.ak	5656		1553c
izi	עֲבֻדָּה	ʿăbuddâ	N	service	sub		p.ac.al	5657		1553d
izj	עַבְדּוֹן	ʿabdôn	Np	Abdon. Compare			p.ac.am	5658		
izk	עַבְדוּת	ʿabdût	N	servitude	sub		p.ac.an	5659		1553e
izl	עַבְדִּי	ʿabdî	Np	Abdi			p.ac.ao	5660		
izm	עַבְדִּיאֵל	ʿabdîʾēl	Np	Abdiel. Compare			p.ac.ap	5661		
izn	עֹבַדְיָ֫הוּ	ʿōbadyāhû	Np	Obadiah			p.ac.aq	5662		
izo	עָבָה	ʿābâ	V	be thick	main	עבה	p.ad.aa	5666		1554
izp	עֲבוֹט	ʿăbôṭ	N	pledge	sub		p.ae.ab	5667		1555a
izq	עָבוּר	ʿābûr	R	for the sake of	sub		p.ah.am	5668		1556g
izr	עָבוּר	ʿābûr	N	produce	sub		p.ah.al	5669		1556f
izs	עָבוֹת	ʿābôt	A	interwoven	sub		p.aj.ab	5687		1558a
izt	עָבַט	ʿābaṭ	V	take a pledge	sub		p.ae.ad	5670		1555
izu	עבט	ʿbṭ			main	עבט	p.ae.aa			
izv	עַבְטִיט	ʿabṭîṭ	N	weight of pledges	sub		p.ae.ac	5671		1555b
izw	עֲבִי	ʿăbî	N	thickness	sub		p.ad.ab	5672		1554a
izx	עבל	ʿbl			main	עבל	p.af.aa			
izy	עבץ	ʿbṣ			main	עבץ	p.ag.aa			
izz	עֵ֫בֶר	ʿēber	N	region across	sub		p.ah.ab	5676		1556a
jaa	עֵ֫בֶר	ʿēber	Np	Eber			p.ah.ac	5677		
jab	עָבַר	ʿābar	V	pass over	main	עבר	p.ah.aa	5674	a	1556
jac	עָבַר	ʿābar	V	be arrogant	sub		p.ah.ah	5674	b	1556e
jad	עֲבָרָה	ʿăbārâ	N	ford	sub		p.ah.af	5679		1556c
jae	עֶבְרָה	ʿebrâ	N	overflow	sub		p.ah.ag	5678		1556d
jaf	עִבְרִי	ʿibrî	Ng	Hebrew	sub		p.ah.ad	5680		1556b
jag	עִבְרִי	ʿibrî	Np	Ibri			p.ah.ae	5681		
jah	עֲבָרִים	ʿăbārîm	Np	Abarim			p.ah.ai	5682		
jai	עֶבְרֹן	ʿebrōn	Np	Ebron			p.ah.aj	5683		
jaj	עַבְרֹנָה	ʿabrōnâ	Np	Ebronah			p.ah.ak	5684		
jak	עָבַשׁ	ʿābaš	V	shrivel	main	עבשׁ	p.ai.aa	5685		1557
jal	עֲבֹת	ʿăbōt	N	twisted	sub		p.aj.ac	5688		1558b
jam	עָבַת	ʿābat	V	wind	main	עבת	p.aj.aa	5686		1558
jan	עָגַב	ʿāgab	V	have inordinate affection	main	עגב	p.ak.aa	5689		1559
jao	עָגָב	ʿāgāb	N	sensuous	sub		p.ak.ab	5690		1559a
jap	עֲגָבָה	ʿăgābâ	N	lustfulness	sub		p.ak.ac	5691		1559b
jaq	עֻגָה	ʿugâ	N	disc of bread	sub		p.bb.ab	5692		1575a
jar	עָגוּר	ʿāgûr	N	crane	sub		p.ao.ab	5693		1563a
jas	עָגִיל	ʿāgîl	N	hoop	sub		p.al.ah	5694		1560e
jat	עֵ֫גֶל	ʿēgel	N	calf	sub		p.al.ab	5695		1560a
jau	עָגֹל	ʿāgōl	A	round	sub		p.al.af	5696		1560c
jav	עגל	ʿgl			main	עגל	p.al.aa			1560
jaw	עֲגָלָה	ʿăgālâ	N	cart	sub		p.al.ag	5699		1560d
jax	עֶגְלָה	ʿeglâ	Np	Eglah			p.al.ad	5698		
jay	עֶגְלָה	ʿeglâ	N	heifer	sub		p.al.ac	5697	a	1560b
jaz	עֶגְלוֹן	ʿeglôn	Np	Eglon			p.al.ai	5700		
jba	עֶגְלַת	ʿeglat	Np	Eglath			p.al.ae	5697	b	
jbb	עָגַם	ʿāgam	V	be grieved	main	עגם	p.am.aa	5701		1561
jbc	עָגַן	ʿāgan	V	shut oneself in	main	עגן	p.an.aa	5702		1562
jbd	עגר	ʿgr			main	עגר	p.ao.aa			1563
jbe	עֵד	ʿēd	N	witness	sub		p.bc.ad	5707		1576b
jbf	עַד	ʿad	R	as far as	sub		p.aq.ad	5704		1565c
jbg	עַד	ʿad	N	booty	sub		p.aq.ac	5706		1565b
jbh	עַד	ʿad	N	perpetuity	sub		p.aq.ab	5703		1565a
jbi	עֹדֵד	ʿōdēd	Np	Oded			p.bc.ac	5752		
jbj	עדד	ʿdd			main	עדד	p.ap.aa			1564
jbk	עִדָּה	ʿiddâ	N	menstruation	sub		p.ap.ab	5708		1564a
jbl	עֵדָה	ʿēdâ	N	testimonies	sub		p.bc.ag	5713	b	1576e
jbm	עֵדָה	ʿēdâ	N	testimony	sub		p.bc.ae	5713	a	1576c
jbn	עֵדָה	ʿēdâ	N	congregation	sub		j.cb.ab	5712		878a
jbo	עָדָה	ʿādâ	V	ornament	main	עדה	p.ar.aa	5710	b	1566
jbp	עָדָה	ʿādâ	V	pass on	main	עדה	p.aq.aa	5710	a	1565
jbq	עָדָה	ʿādâ	Np	Adah			p.ar.ab	5711		
jbr	עִדּוֹ	ʿiddô	Np	Iddo. Compare			p.ap.ac	5714		
jbs	עֵדוּת	ʿēdût	N	testimony	sub		p.bc.ah	5715		1576f
jbt	עֲדִי	ʿădî	N	ornaments	sub		p.ar.ac	5716		1566a
jbu	עֲדִיאֵל	ʿădîʾēl	Np	Adiel			p.ar.ad	5717		
jbv	עֲדָיָ֫הוּ	ʿădāyāhû	Np	Adaiah			p.ar.ae	5718		
jbw	עָדִין	ʿādîn	A	voluptuous	sub		p.au.ah	5719		1567c
jbx	עָדִין	ʿādîn	Np	Adin			p.au.ai	5720		
jby	עֲדִינָא	ʿădînāʾ	Np	Adina			p.au.aj	5721		
jbz	עֲדִינוֹ	ʿădînô	Np	Adino			p.au.ah	5722		
jca	עֲדִיתַ֫יִם	ʿădîtayim	Np	Adithaim			p.ar.af	5723		
jcb	עדל	ʿdl			main	עדל	p.at.aa			
jcc	עדל	ʿdl			main	עדל	p.as.aa			
jcd	עַדְלָ֑י	ʿadlāy	Np	Adlai			p.as.ab	5724		
jce	עֲדֻלָּם	ʿădullām	Np	Adullam			p.at.ab	5725		
jcf	עֲדֻלָּמִי	ʿădullāmî	Ag	Adullamite			p.at.ac	5726		
jcg	עֲדֶן	ʿăden	D	hitherto			p.aq.ae	5728		
jch	עֵ֫דֶן	ʿēden	Np	Eden			p.au.ad	5731	a	
jci	עֵ֫דֶן	ʿēden	N	luxury	sub		p.au.ab	5730	a	1567a
jcj	עֵ֫דֶן	ʿēden	Np	Eden	sub		p.av.ab	5731	b	1568
jck	עֶ֫דֶן	ʿeden	Np	Eden			p.av.ac	5729		
jcl	עָדַן	ʿādan	V	luxuriate	sub		p.au.ac	5727		1567
jcm	עדן	ʿdn			main	עדן	p.au.aa			
jcn	עדן	ʿdn			main	עדן	p.av.aa			
jco	עַדְנָא	ʿadnāʾ	Np	Adna			p.au.ae	5733		
jcp	עֶדְנָה	ʿednâ	N	delight	sub		p.au.af	5730	b	1567b
jcq	עַדְנָה	ʿadnâ	Np	Adnah			p.au.ag	5734		
jcr	עֲדְעָדָה	ʿădʿādâ	Np	Adadah			p.fu.ae	5735		
jcs	עָדַף	ʿādap	V	remain over	main	עדף	p.aw.aa	5736		1569
jct	עֵ֫דֶר	ʿēder	Np	Edar			p.az.ad	5740	b	
jcu	עֵ֫דֶר	ʿēder	Np	Edar			p.az.ac	5740	a	
jcv	עֵ֫דֶר	ʿēder	N	flock	sub		p.az.ab	5739		1572a
jcw	עֶ֫דֶר	ʿeder	Np	Ader			p.az.ae	5738		
jcx	עָדַר	ʿādar	V	hoe	main	עדר	p.ay.aa	5737	b	1571
jcy	עָדַר	ʿādar	V	be lacking	main	עדר	p.az.aa	5737	c	1572
jcz	עָדַר	ʿādar	V	help	main	עדר	p.ax.aa	5737	a	1570
jda	עַדְרִיאֵל	ʿadrîʾēl	Np	Adriel			p.ax.ab	5741		
jdb	עֲדָשָׁה	ʿădāšâ	N	lentile	single		p.az.af	5742		1573
jdc	עוּב	ʿûb	V	becloud	sub		p.ba.ac	5743		1574
jdd	עוב	ʿwb			main	עוב	p.ba.aa			
jde	עוֹבֵד	ʿôbēd	Np	Obed			p.ac.ae	5744		
jdf	עוֹבָל	ʿôbāl	Np	Obal			p.af.ab	5745		
jdg	עוֹג	ʿôg	Np	Og			p.bb.ae	5747		
jdh	עוּג	ʿûg	V	bake	sub		p.bb.ac	5746		1575
jdi	עוג	ʿwg			main	עוג	p.bb.aa			
jdj	עוּגָב	ʿûgāb	N	reed-instrument	sub		p.ak.ad	5748		1559c
jdk	עוֹד	ʿôd	D	a going round	sub		p.bc.ab	5750		1576a
jdl	עוּד	ʿûd	V	bear witness	sub		p.bc.af	5749	b	1576d
jdm	עוּד	ʿûd	V	return	main	עוד	p.bc.aa	5749	a	1576
jdn	עַוָּה	ʿawwâ	Np	Ava			p.be.ad	5755		
jdo	עַוָּה	ʿawwâ	N	distortion	sub		p.bd.ab	5754		1577b
jdp	עָוָה	ʿāwâ	V	bend	main	עוה	p.bd.aa	5753	a	1577
jdq	עָוָה	ʿāwâ	V	commit iniquity	sub		p.be.ac	5753	b	1577
jdr	עוה	ʿwh			main	עוה	p.be.aa			
jds	עוּז	ʿûz	V	take refuge	main	עוז	p.bf.aa	5756		1578
jdt	עַוִּי	ʿawwî	Ag	Avvite			p.be.ae	5757		
jdu	עֲוִיל	ʿăwîl	N	young boy	sub		p.bh.ab	5759		1579b
jdv	עֲוִיל	ʿăwîl	N	unjust one	sub		p.bi.ae	5760		1580d
jdw	עַוִּים	ʿawwîm	Np	Avim			p.bf.ad	5761		
jdx	עֲוִית	ʿăwît	Np	Avith			p.bf.ae	5762		
jdy	עַוָּל	ʿawwāl	N	unjust	sub		p.bi.af	5767		1580c
jdz	עָ֫וֶל	ʿāwel	N	injustice	sub		p.bi.ab	5766	a	1580a
jea	עָוַל	ʿāwal	V	act wrongfully	sub		p.bi.ac	5765		1580
jeb	עוּל	ʿûl	N	sucking child	sub		p.bg.ab	5764		1579a
jec	עוּל	ʿûl	V	give suck	main	עול	p.bg.aa	5763		1579
jed	עול	ʿwl			main	עול	p.bi.aa			
jee	עול	ʿwl			main	עול	p.bh.aa			
jef	עַוְלָה	ʿawlâ	N	injustice	sub		p.bi.ad	5766	b	1580b
jeg	עוֹלֵל	ʿôlēl	N	child	sub		p.cv.ab	5768		1579c
jeh	עוֹלָם	ʿôlām	N	long duration	sub		p.cz.ab	5769		1631a
jei	עָוֺן	ʿāwōn	N	iniquity	sub		p.be.ab	5771		1577a
jej	עוּן	ʿûn	V	dwell	main	עון	p.bj.aa	6030	a	1581
jek	עוֹנָה	ʿônâ	N	strength	single		p.bj.af	5868	a	
jel	עִוְעִים	ʿiwʿîm	N	distorting	sub		p.bd.ac	5773		1577c
jem	עוֹף	ʿôp	N	flying creatures	sub		p.bk.ab	5775		1582a
jen	עוּף	ʿûp			main	עוף	p.bl.aa			1583
jeo	עוּף	ʿûp	V	fly	main	עוף	p.bk.aa	5774	a	1582
jep	עוֹפַי	ʿôpay	Np	Ephai (from margin)			p.bl.ag	5778		
jeq	עוּץ	ʿûṣ	Np	Uz			p.bm.ab	5780		
jer	עוּץ	ʿûṣ	V	counsel	main	עוץ	p.bm.aa	5779		1584
jes	עוּק	ʿûq	V	totter	main	עוק	p.bn.aa	5781		1585
jet	עִוֵּר	ʿiwwēr	A	blind	sub		p.bo.ab	5787		1586a
jeu	עָוַר	ʿāwar	V	make blind	main	עור	p.bo.aa	5786		1586
jev	עוֹר	ʿôr	N	skin	sub		p.br.ab	5785		1589a
jew	עוּר	ʿûr	V	be exposed	main	עור	p.bq.aa	5783		1588
jex	עוּר	ʿûr	V	rouse oneself	main	עור	p.bp.aa	5782		1587
jey	עור	ʿwr			main	עור	p.br.aa			1589
jez	עִוָּרוֹן	ʿiwwārôn	N	blindness	sub		p.bo.ac	5788	a	1586b
jfa	עַוֶּ֫רֶת	ʿawweret	N	blindness	sub		p.bo.ad	5788	b	1586c
jfb	עוּשׁ	ʿûš	V	lend aid	main	עושׁ	p.bs.aa	5789		1590
jfc	עָוַת	ʿāwat	V	be bent	main	עות	p.bt.aa	5791		1591
jfd	עוּת	ʿût	V	to help	main	עות	p.bu.aa	5790		1592
jfe	עַוָּתָה	ʿawwātâ	N	subversion	sub		p.bt.ab	5792		1591a
jff	עוּתַי	ʿûtay	Np	Uthai			p.bu.ab	5793		
jfg	עֵז	ʿēz	N	she-goat	sub		p.dx.ab	5795		1654a
jfh	עַז	ʿaz	A	strong	sub		p.bx.ab	5794		1596a
jfi	עֹז	ʿōz	N	strength	sub		p.bx.ac	5797		1596b
jfj	עֻזָּא	ʿuzzāʾ	Np	Uzza			p.bx.ag	5798	a	
jfk	עֲזָאזֵל	ʿăzāʾzēl	N	entire removal	single		p.bu.ae	5799		1593
jfl	עָזַב	ʿāzab	V	restore	main	עזב	p.bw.aa	5800	b	1595
jfm	עָזַב	ʿāzab	V	leave	main	עזב	p.bv.aa	5800	a	1594
jfn	עִזָּבוֹן	ʿizzābôn	N	wares	sub		p.bv.ad	5801		1594b
jfo	עַזְבּוּק	ʿazbûq	Np	Azbuk			p.bx.ar	5802		
jfp	עַזְגָּד	ʿazgād	Np	Azgad			p.bx.as	5803		
jfq	עַזָּה	ʿazzâ	Np	Azzah			p.bw.ac	5804		
jfr	עֻזָּה	ʿuzzâ	Np	Uzza			p.bx.ah	5798	b	
jfs	עֲזוּבָה	ʿăzûbâ	Np	Azubah			p.bv.ac	5806		
jft	עֲזוּבָה	ʿăzûbâ	N	forsakenness	sub		p.bv.ab	5805		1594a
jfu	עֱזוּז	ʿĕzûz	N	strength	sub		p.bx.ad	5807		1596c
jfv	עִזּוּז	ʿizzûz	A	mighty	sub		p.bx.ae	5808		1596d
jfw	עַזּוּר	ʿazzûr	Np	Azur			p.bz.ah	5809		
jfx	עָזַז	ʿāzaz	V	be strong	main	עזז	p.bx.aa	5810		1596
jfy	עָזָז	ʿāzāz	Np	Azaz			p.bx.af	5811		
jfz	עֲזַזְיָ֫הוּ	ʿăzazyāhû	Np	Azaziah			p.bx.aj	5812		
jga	עֻזִּי	ʿuzzî	Np	Uzzi			p.bx.ao	5813		
jgb	עֻזִּיָּא	ʿuzzîyāʾ	Np	Uzzia			p.bx.an	5814		
jgc	עֲזִיאֵל	ʿăzîʾēl	Np	Aziel. Compare			p.bx.ap	5815		
jgd	עֻזִּיאֵל	ʿuzzîʾēl	Np	Uzziel			p.bx.ak	5816		
jge	עׇזִּיאֵלִי	ʿozzîʾēlî	Ag	Uzzielite			p.bx.al	5817		
jgf	עֻזִּיָּהוּ	ʿuzzîyāhû	Np	Uzziah			p.bx.am	5818		
jgg	עֲזִיזָא	ʿăzîzāʾ	Np	Aziza			p.bx.ai	5819		
jgh	עַזְמָ֫וֶת	ʿazmāwet	Np	Azmaveth. See also			p.bx.at	5820		
jgi	עַזָּן	ʿazzān	Np	Azzan			p.bx.av	5821		
jgj	עׇזְנִיָּה	ʿoznîyâ	N	osprey	sub		p.bx.aw	5822		1596e
jgk	עָזַק	ʿāzaq	V	dig about	main	עזק	p.by.aa	5823		1597
jgl	עֲזֵקָה	ʿăzēqâ	Np	Azekah			p.by.ab	5825		
jgm	עֵ֫זֶר	ʿēzer	Np	Ezer. Compare			p.bz.ac	5829		
jgn	עֵ֫זֶר	ʿēzer	N	help	sub		p.bz.ab	5828		1598a
jgo	עֶ֫זֶר	ʿezer	Np	Ezer. Compare			p.bz.ad	5827		
jgp	עָזַר	ʿāzar	V	help	main	עזר	p.bz.aa	5826		1598
jgq	עזר	ʿzr			main	עזר	p.ca.aa			1599
jgr	עֶזְרָא	ʿezrāʾ	Np	Ezra			p.bz.ae	5830		
jgs	עֲזַרְאֵל	ʿăzarʾēl	Np	Azarael			p.bz.ai	5832		
jgt	עֲזָרָה	ʿăzārâ	N	enclosure	sub		p.ca.ab	5835		1599a
jgu	עֶזְרָה	ʿezrâ	Np	Ezrah			p.bz.ag	5834		
jgv	עֶזְרָה	ʿezrâ	N	help	sub		p.bz.af	5833		1598b
jgw	עֶזְרִי	ʿezrî	Np	Ezri			p.bz.al	5836		
jgx	עַזְרִיאֵל	ʿazrîʾēl	Np	Azriel			p.bz.aj	5837		
jgy	עֲזַרְיָ֫הוּ	ʿăzaryāhû	Np	Azariah			p.bz.ak	5838		
jgz	עַזְרִיקָם	ʿazrîqām	Np	Azrikam			p.bz.am	5840		
jha	עַזָּתִי	ʿazzātî	Ag	Azzathite			p.bw.ad	5841		
jhb	עֵט	ʿēṭ	N	stylus	single		p.ca.ad	5842		1600
jhc	עָטָה	ʿāṭâ	V	grasp	main	עטה	p.cc.aa	5844	b	1602
jhd	עָטָה	ʿāṭâ	V	wrap oneself	main	עטה	p.cb.aa	5844	a	1601
jhe	עֲטִין	ʿăṭîn	N	pail	sub		p.cd.ab	5845		1604a
jhf	עֲטִישָׁה	ʿăṭîšâ	N	sneezing	sub		p.ci.ab	5846		1609a
jhg	עֲטַלֵּף	ʿăṭallēp	N	bat	single		p.cc.ab	5847		1603
jhh	עטן	ʿṭn			main	עטן	p.cd.aa			1604
jhi	עָטַף	ʿāṭap	V	envelop oneself (Aramaism)	main	עטף	p.cf.aa	5848	b	1606
jhj	עָטַף	ʿāṭap	V	be feeble	main	עטף	p.cg.aa	5848	c	1607
jhk	עָטַף	ʿāṭap	V	turn aside	main	עטף	p.ce.aa	5848	a	1605
jhl	עָטַר	ʿāṭar	V	surround	main	עטר	p.ch.aa	5849	a	1608
jhm	עָטַר	ʿāṭar	V	crown	sub		p.ch.ad	5849	b	1608b
jhn	עֲטָרָה	ʿăṭārâ	Np	Atarah			p.ch.ac	5851		
jho	עֲטָרָה	ʿăṭārâ	N	crown	sub		p.ch.ab	5850		1608a
jhp	עֲטָרוֹת	ʿăṭārôt	Np	Ataroth			p.ch.ae	5852		
jhq	עַטְרוֹת אַדָּר	ʿaṭrôt ʾaddār	Np	Ataroth-adar(-addar)			p.ch.ae	5853		
jhr	עַטְרוֹת בֵּית יוֹאָב	ʿaṭrôt bêt yôʾāb	Np	Ataroth the house of Joab			p.ch.ae	5854		
jhs	עַטְרוֹת שׁוֹפָן	ʿaṭrôt šôpān	Np	Atroth			p.ch.ae	5855		
jht	עטשׁ	ʿṭš			main	עטשׁ	p.ci.aa			1609
jhu	עִי	ʿî	N	ruin	sub		p.bd.ad	5856		1577d
jhv	עַי	ʿay	Np	Ai			p.ci.ac	5857		
jhw	עֵיבָל	ʿêbāl	Np	Ebal			p.af.ab	5858	a	
jhx	עֵיבָל	ʿêbāl	Np	Ebal			p.af.ae	5858	c	
jhy	עֵיבָל	ʿêbāl	Np	Ebal			p.af.ad	5858	b	
jhz	עִיּוֹן	ʿîyôn	Np	Ijon			p.ci.ai	5859		
jia	עִיט	ʿîṭ	V	scream	main	עיט	p.cj.aa	5860	a	1610
jib	עִיט	ʿîṭ	V	dart greedily	sub		p.cj.ac	5860	b	1610b
jic	עַ֫יִט	ʿayiṭ	N	bird	sub		p.cj.ab	5861		1610a
jid	עֵיטָם	ʿêṭām	Np	Etam			p.cj.ad	5862		
jie	עִיֵּי הָעֲבָרִים	ʿîyê hāʿăbārîm	Np	Ije-abarim			p.cj.ae	5863		
jif	עִיִּים	ʿîyîm	Np	Iim			p.cj.ae	5864		
jig	עֵילוֹם	ʿêlôm	N	long duration	sub		p.cz.ab	5865		1631a
jih	עִילַי	ʿîlay	Np	Ilai			p.cj.ag	5866		
jii	עֵילָם	ʿêlām	Np	Elam			p.cj.ai	5867	b	
jij	עֵילָם	ʿêlām	Np	Elam			p.cj.ah	5867	a	
jik	עֲיָם	ʿăyām	N	glow	single		p.cj.aj	5868	b	1611
jil	עִין	ʿîn	V	eye	sub		p.ck.ab	5770		1612
jim	עַ֫יִן	ʿayin	Np	Ain			p.ck.ad	5871		
jin	עַ֫יִן	ʿayin	N	spring	main	עין	p.ck.ac	5869	b	1613
jio	עַ֫יִן	ʿayin	N	eye	main	עין	p.ck.aa	5869	a	1612a
jip	עין	ʿyn								
jiq	עֵין גֶּ֫דִי	ʿên gedî	Np	En-gedi			p.ck.ae	5872		
jir	עֵין גַּנִּים	ʿên gannîm	Np	En-gannim			p.ck.af	5873		
jis	עֵין הַקּוֹרֵא	ʿên haqqôrēʾ	Np	En-hakhore			p.ck.ac	5875		
jit	עֵין חַדָּה	ʿên ḥaddâ	Np	En-haddah			p.ck.ah	5876		
jiu	עֵין חָצוֹר	ʿên ḥāṣôr	Np	En-hazor			p.ck.ai	5877		
jiv	עֵין חֲרֹד	ʿên ḥărōd	Np	well of Harod			h.fn.ac	5878		
jiw	עֵין מִשְׁפָּט	ʿên mišpāṭ	Np	En-mishpat			p.ck.aj	5880		
jix	עֵין עֶגְלַ֫יִם	ʿên ʿeglayim	Np	En-eglaim			p.ck.ak	5882		
jiy	עֵין רֹגֵל	ʿên rōgēl	Np	En-rogel			p.ck.ac	5883		
jiz	עֵין רִמּוֹן	ʿên rimmôn	Np	En-rimmon			p.ck.al	5884		
jja	עֵין שֶׁ֫מֶשׁ	ʿên šemeš	Np	Enshemesh			p.ck.am	5885		
jjb	עֵין תַּנִּים	ʿên tannîm	Np	dragon well			p.ck.ac	5886		
jjc	עֵין תַּפּוּחַ	ʿên tappûaḥ	Np	En-tappuah			n.ej.ag	5887		
jjd	עֵין־דֹּר	ʿên-dōr	Np	En-dor			p.ck.ag	5874		
jje	עֵינָם	ʿênām	Np	Enaim			p.ck.ap	5879		
jjf	עֵינָן	ʿênān	Np	Enan. Compare			p.ck.aq	5881		
jjg	עִיף	ʿîp					p.cl.aa			
jjh	עִיף	ʿîp	V	be faint	main	עיף	p.cm.aa	5888		1614
jji	עָיֵף	ʿāyēp	A	faint	sub		p.cm.ab	5889		1614a
jjj	עֵיפָה	ʿêpâ	N	darkness	sub		p.bl.ab	5890		1583d
jjk	עֵיפָה	ʿêpâ	Np	Ephah			p.bl.ac	5891		
jjl	עִיר	ʿîr	Np	Ir			p.cm.aj	5893		
jjm	עִיר	ʿîr	N	city	single		p.cm.ad	5892	b	1615
jjn	עִיר	ʿîr	N	excitement	sub		p.bp.ab	5892	a	1587a
jjo	עַ֫יִר	ʿayir	N	male ass	sub		p.cn.ab	5895		1616a
jjp	עיר	ʿyr			main	עיר	p.cn.aa			1616
jjq	עִיר הַתְּמָרִים	ʿîr hattĕmārîm	Np	the city of palmtrees			p.cm.ai	5899		
jjr	עִיר נָחָשׁ	ʿîr nāḥāš	Np	Irnahash			n.cu.ac	5904		
jjs	עִיר שָׁ֑מֶשׁ	ʿîr šāmeš	Np	Irshemesh			p.cm.ah	5905		
jjt	עִירָא	ʿîrāʾ	Np	Ira			p.cn.ac	5896		
jju	עִירָד	ʿîrād	Np	Irad			p.cn.ad	5897		
jjv	עִיר־הַמֶּ֫לַח	ʿîr-hammelaḥ	Np	the city of salt			p.cm.af	5898		
jjw	עִירוּ	ʿîrû	Np	Iru			p.cn.ae	5900		
jjx	עִירִי	ʿîrî	Np	Iri			p.cn.af	5901		
jjy	עִירָם	ʿîrām	Np	Iram			p.cn.ag	5902		
jjz	עֵירֹם	ʿêrōm	A	naked	sub		p.bq.ac	5903		1588b
jka	עַ֫יִשׁ	ʿayiš	N	Great Bear	single		p.cn.ai	5906		1617
jkb	עַכְבּוֹר	ʿakbôr	Np	Achbor			p.cn.ak	5907		
jkc	עַכָּבִישׁ	ʿakkābîš	N	spider	single		p.cn.am	5908		1619
jkd	עַכְבָּר	ʿakbār	N	mouse	single		p.cn.al	5909		1618
jke	עַכּוֹ	ʿakkô	Np	Accho			p.cn.an	5910		
jkf	עָכוֹר	ʿākôr	N	disturbance	sub		p.cq.ab	5911		1621a
jkg	עָכָן	ʿākān	Np	Achan. Compare			p.co.ab	5912		
jkh	עכן	ʿkn			main	עכן	p.co.aa			
jki	עֶ֫כֶס	ʿekes	N	anklet	sub		p.cp.ab	5914		1620a
jkj	עָכַס	ʿākas	V	shake bangles	sub		p.cp.ac	5913		1620
jkk	עכס	ʿks			main	עכס	p.cp.aa			
jkl	עַכְסָה	ʿaksâ	Np	Achsah			p.cp.ad	5915		
jkm	עָכַר	ʿākar	V	stir up	main	עכר	p.cq.aa	5916		1621
jkn	עָכָר	ʿākār	Np	Achar. Compare			p.co.ab	5917		
jko	עׇכְרָן	ʿokrān	Np	Ocran			p.cq.ad	5918		
jkp	עַכְשׁוּב	ʿakšûb	N	asp	single		p.cq.ae	5919		1622
jkq	עַל	ʿal	R	above	sub		p.cs.ar	5921	a	1624p
jkr	עַל	ʿal	N	top	sub		p.cs.ar	5920		1624p
jks	עֹל	ʿōl	N	yoke	sub		p.cw.ab	5923		1628a
jkt	עֻלָּא	ʿullāʾ	Np	Ulla			p.cq.ah	5925		
jku	עִלֵּג	ʿillēg	A	speaking inarticulately	sub		p.cr.ab	5926		1623a
jkv	עלג	ʿlg			main	עלג	p.cr.aa			1623
jkw	עָלֶה	ʿāleh	N	leaf	sub		p.cs.ab	5929		1624a
jkx	עָלָה	ʿālâ	V	go up	main	עלה	p.cs.aa	5927		1624
jky	עֹלָה	ʿōlâ	N	whole burnt-offering	sub		p.cs.ae	5930	a	1624c
jkz	עֹלָה	ʿōlâ	N	ascent	sub		p.cs.af	5930	b	1624d
jla	עַלְוָה	ʿalwâ	N	injustice	sub		p.bi.ad	5932		1580b
jlb	עַלְוָה	ʿalwâ	Np	Aliah			p.cs.at	5933		
jlc	עָלוּמִים	ʿālûmîm	N	youth	sub		p.cy.ad	5934		1630c
jld	עַלְוָן	ʿalwān	Np	Alian			p.cs.au	5935		
jle	עֲלוּקָה	ʿălûqâ	N	leech	sub		p.de.ab	5936		1636a
jlf	עָלֵז	ʿālēz	A	exultant	sub		p.ct.ab	5938		1625a
jlg	עָלַז	ʿālaz	V	exult	main	עלז	p.ct.aa	5937		1625
jlh	עֲלָטָה	ʿălāṭâ	N	thick darkness	single		p.ct.ad	5939		1626
jli	עֱלִי	ʿĕlî	N	pestle	sub		p.cs.ac	5940		1624b
jlj	עִלִּי	ʿillî	A	upper	sub		p.cs.ag	5942		1624e
jlk	עֵלִי	ʿēlî	Np	Eli			p.cs.ad	5941		
jll	עֲלִיָּה	ʿălîyâ	N	roof-chamber	sub		p.cs.ah	5944		1624f
jlm	עֶלְיוֹן	ʿelyôn	A	high	sub		p.cs.ai	5945	a	1624g
jln	עֶלְיוֹן	ʿelyôn	N	Highest	sub		p.cs.aj	5945	b	1624h
jlo	עַלִּיז	ʿallîz	A	exultant	sub		p.ct.ac	5947		1625b
jlp	עֲלִיל	ʿălîl	N	furnace	sub		p.cw.ac	5948		1628b
jlq	עֲלִילָה	ʿălîlâ	N	wantonness	sub		p.cu.ad	5949		1627c
jlr	עֲלִילִיָּה	ʿălîlîyâ	N	deed	sub		p.cu.ae	5950		1627d
jls	עֲלִיצוּת	ʿălîṣût	N	exultation	sub		p.dd.ab	5951		1635a
jlt	עָלַל	ʿālal	V	act the child	sub		p.cv.ac	5953	c	
jlu	עָלַל	ʿālal	V	insert	main	עלל	p.cw.aa	5953	d	1628
jlv	עָלַל	ʿālal	V	act severely	main	עלל	p.cu.aa	5953	a	1627
jlw	עָלַל	ʿālal	V	glean	sub		p.cu.ac	5953	b	1627b
jlx	עלל	ʿll			main	עלל	p.cv.aa			
jly	עֹלֵלוֹת	ʿōlēlôt	N	gleaning	sub		p.cu.ab	5955		1627a
jlz	עֶ֫לֶם	ʿelem	N	young man	sub		p.cy.ab	5958		1630a
jma	עָלַם	ʿālam	V	conceal	main	עלם	p.cx.aa	5956		1629
jmb	עלם	ʿlm			main	עלם	p.cy.aa			1630
jmc	עלם	ʿlm			main	עלם	p.cz.aa			1631
jmd	עַלְמָה	ʿalmâ	N	young woman	sub		p.cy.ac	5959		1630b
jme	עַלְמוֹן	ʿalmôn	Np	Almon			p.cx.ac	5960		
jmf	עֲלָמוֹת	ʿălāmôt	N	young woman			p.cy.ac	5961		
jmg	עַלְמֹן דִּבְלָתָיְמָה	ʿalmōn diblātāyĕmâ	Np	Almondilathaim			p.cx.ad	5963		
jmh	עָלֶ֫מֶת	ʿālemet	Np	Alameth			p.cx.af	5964		
jmi	עָלַס	ʿālas	V	rejoice	main	עלס	p.da.aa	5965		1632
jmj	עָלַע	ʿālaʿ	V	they drink	main	עלע	p.db.aa	5966		1633
jmk	עָלַף	ʿālap	V	cover	main	עלף	p.dc.aa	5968		1634
jml	עֻלְפֶּה	ʿulpeh	A	cover	sub		p.dc.aa	5969		1634
jmm	עָלַץ	ʿālaṣ	V	rejoice	main	עלץ	p.dd.aa	5970		1635
jmn	עלק	ʿlq			main	עלק	p.de.aa			1636
jmo	עִם	ʿim	R	with	main		p.dj.aa	5973	a	1640b
jmp	עַם	ʿam	N	kinsman	sub		p.dj.ad	5971	b	1640e
jmq	עַם	ʿam	N	people	sub		p.di.ab	5971	a	1640a
jmr	עִמָּד	ʿimmād	R	with	sub		p.dj.aa	5978		1640b
jms	עָמַד	ʿāmad	V	take one’s stand	main	עמד	p.df.aa	5975		1637
jmt	עָמַד	ʿāmad	V	slip	sub		m.cu.aa	5976		1226
jmu	עֹ֫מֶד	ʿōmed	N	standing-place	sub		p.df.ab	5977		1637a
jmv	עֶמְדָּה	ʿemdâ	N	standing-ground	sub		p.df.ac	5979		1637b
jmw	עֻמָּה	ʿummâ	Np	Ummah			p.dj.af	5981		
jmx	עֻמָּה	ʿummâ	R	juxtaposition	sub		p.dj.ae	5980		1640f
jmy	עמה	ʿmh			main	עמה	p.dg.aa			1638
jmz	עַמּוּד	ʿammûd	N	pillar	sub		p.df.ad	5982		1637c
jna	עַמּוֹן	ʿammôn	Np	Ammon	main		p.dj.ag	5983		1642
jnb	עַמּוֹנִי	ʿammônî	A	Ammonite	sub		p.dj.ah	5984		1642a
jnc	עַמּוֹנִית	ʿammônît	A	Ammonite	sub		p.dj.ah	5985		
jnd	עָמוֹס	ʿāmôs	Np	Amos			p.dl.ab	5986		
jne	עָמוֹק	ʿāmôq	Np	Amok			p.dm.af	5987		
jnf	עַמִּי נָדִיב	ʿammî nādîb	Np	Amminadib			p.di.ab	5993		
jng	עַמִּיאֵל	ʿammîʾēl	Np	Ammiel			p.dj.ai	5988		
jnh	עַמִּיהוּד	ʿammîhûd	Np	Ammihud			p.dj.aj	5989		
jni	עַמִּיזָבָד	ʿammîzābād	Np	Ammizabad			p.dj.ak	5990		
jnj	עַמִּיחוּר	ʿammîḥûr	Np	Ammihud (from the margin)			p.dj.aj	5991		
jnk	עַמִּינָדָב	ʿammînādāb	Np	Amminadab			p.dj.am	5992		
jnl	עָמִיר	ʿāmîr	N	swath	sub		p.dn.ad	5995		1645c
jnm	עַמִּישַׁדָּ֑י	ʿammîšaddāy	Np	Ammishaddai			p.dj.an	5996		
jnn	עָמִית	ʿāmît	N	associate	sub		p.dg.ab	5997		1638a
jno	עָמֵל	ʿāmēl	A	toiling	sub		p.dh.ae	6001	b	1639c
jnp	עָמֵל	ʿāmēl	N	laborer	sub		p.dh.ad	6001	a	1639b
jnq	עָמַל	ʿāmal	V	labour	main	עמל	p.dh.aa	5998		1639
jnr	עָמָל	ʿāmāl	N	trouble	sub		p.dh.ab	5999		1639a
jns	עָמָל	ʿāmāl	Np	Amal			p.dh.ac	6000		
jnt	עֲמָלֵק	ʿămālēq	Np	Amalek			p.dh.af	6002		
jnu	עֲמָלֵקִי	ʿămālēqî	Ag	the			p.dh.ag	6003		
jnv	עָמַם	ʿāmam	V	darken	main	עמם	p.dk.aa	6004		1641
jnw	עָמַם	ʿāmam			main	עמם	p.di.aa			1640
jnx	עִמָּנוּאֵל	ʿimmānûʾēl	Np	Immanuel	sub		p.dj.ac	6005		1640d
jny	עָמַס	ʿāmas	V	load	main	עמס	p.dl.aa	6006		1643
jnz	עֲמַסְיָה	ʿămasyâ	Np	Amasiah			p.dl.ac	6007		
joa	עַמְעָד	ʿamʿād	Np	Amad			p.dl.ae	6008		
job	עֵ֫מֶק	ʿēmeq	N	vale	sub		p.dm.ab	6010		1644a
joc	עָמֵק	ʿāmēq	A	deep	sub		p.dm.ad	6012		1644c
jod	עָמֹק	ʿāmōq	V	be deep	main	עמק	p.dm.aa	6009		1644
joe	עָמֹק	ʿāmōq	A	deep	sub		p.dm.ae	6013		1644d
jof	עֹ֫מֶק	ʿōmeq	N	depth	sub		p.dm.ac	6011		1644b
jog	עִמֵּר	ʿimmēr	V	bind sheaves	sub		p.dn.ae	6014	a	1645
joh	עָמַר	ʿāmar	V	deal tyrannically	main	עמר	p.do.aa	6014	b	1646
joi	עֹ֫מֶר	ʿōmer	N	omer	sub		p.dn.ac	6016	b	1645b
joj	עֹ֫מֶר	ʿōmer	N	sheaf	sub		p.dn.ab	6016	a	1645a
jok	עמר	ʿmr			main	עמר	p.dp.aa			
jol	עמר	ʿmr			main	עמר	p.dn.aa			
jom	עֲמֹרָה	ʿămōrâ	Np	Gomorrah			p.do.ab	6017		
jon	עׇמְרִי	ʿomrî	Np	Omri			p.dp.ab	6018		
joo	עַמְרָם	ʿamrām	Np	Amram			p.dp.ac	6019		
jop	עַמְרָמִי	ʿamrāmî	Ag	Amramite			p.dp.ad	6020		
joq	עֲמָשָׂא	ʿămāśāʾ	Np	Amasa			p.dp.af	6021		
jor	עֲמָשַׂי	ʿămāśay	Np	Amasai			p.dp.ag	6022		
jos	עֲמַשְׁסַי	ʿămašsay	Np	Amashai			p.dp.ah	6023		
jot	עֲנָב	ʿănāb	Np	Anab			p.dq.ac	6024		
jou	עֵנָב	ʿēnāb	N	grape	sub		p.dq.ab	6025		1647a
jov	ענב	ʿnb			main	ענב	p.dq.aa			1647
jow	עָנֹג	ʿānōg	A	dainty	sub		p.dr.ac	6028		1648b
jox	עָנֹג	ʿānōg	V	be soft	main	ענג	p.dr.aa	6026		1648
joy	עֹ֫נֶג	ʿōneg	N	dantiness	sub		p.dr.ab	6027		1648a
joz	עָנַד	ʿānad	V	bind around	main	ענד	p.ds.aa	6029		1649
jpa	עֲנָה	ʿănâ	Np	Anah			p.dw.ab	6034		
jpb	עָנָה	ʿānâ	V	be occupied	main	ענה	p.du.aa	6031	a	1651
jpc	עָנָה	ʿānâ	V	sing	main	ענה	p.dw.aa	6030	c	1653
jpd	עָנָה	ʿānâ	V	be bowed down	main	ענה	p.dv.aa	6031	b	1652
jpe	עָנָה	ʿānâ	V	answer	main	ענה	p.dt.aa	6030	b	1650
jpf	עֹנָה	ʿōnâ	N	cohabitation	sub		p.dt.ab	5772		1650a
jpg	עָנָו	ʿānāw	N	poor	sub		p.dv.ab	6035		1652a
jph	עָנוּב	ʿānûb	Np	Anub			p.dq.ad	6036		
jpi	עֲנָוָה	ʿănāwâ	N	humility	sub		p.dv.ac	6038		1652b
jpj	עַנְוָה	ʿanwâ	N	humility	sub		p.dv.ac	6037		1652b
jpk	עֱנוּת	ʿĕnût	N	affliction	sub		p.dv.ad	6039		1652c
jpl	ענז	ʿnz			main	ענז	p.dx.aa			1654
jpm	עֳנִי	ʿŏnî	N	affliction	sub		p.dv.af	6040		1652e
jpn	עָנִי	ʿānî	A	poor	sub		p.dv.ae	6041		1652d
jpo	עֻנִּי	ʿunnî	Np	Unni			p.dx.ac	6042		
jpp	עֲנָיָה	ʿănāyâ	Np	Anaiah			p.dx.ad	6043		
jpq	עָנִים	ʿānîm	Np	Anim			p.ck.as	6044		
jpr	עִנְיָן	ʿinyān	N	occupation	sub		p.du.ab	6045		1651a
jps	עָנֵם	ʿānēm	Np	Anem			p.ck.af	6046		
jpt	עֲנָמִים	ʿănāmîm	Np	Anamim			p.dx.ai	6047		
jpu	עֲנַמֶּ֫לֶךְ	ʿănammelek	Np	Anammelech			p.dx.aj	6048		
jpv	עָנַן	ʿānan	V	practise soothsaying	main	ענן	p.dz.aa	6049	b	1656
jpw	עָנַן	ʿānan	V	bring clouds	sub		p.dy.ac	6049	a	1655
jpx	עָנָן	ʿānān	N	cloud-mass	sub		p.dy.ab	6051		1655a
jpy	עָנָן	ʿānān	Np	Anan			p.dz.ab	6052		
jpz	ענן	ʿnn			main	ענן	p.dy.aa			
jqa	עֲנָנָה	ʿănānâ	N	cloud	sub		p.dy.ad	6053		1655a
jqb	עֲנָנִי	ʿănānî	Np	Anani			p.dz.ac	6054		
jqc	עֲנַנְיָה	ʿănanyâ	Np	Ananiah			p.dz.ad	6055		
jqd	עָנֵף	ʿānēp	A	full of branches	sub		p.ea.ac	6058		1657b
jqe	עָנָף	ʿānāp	N	branch	sub		p.ea.ab	6057		1657a
jqf	ענף	ʿnp			main	ענף	p.ea.aa			1657
jqg	עֲנָק	ʿănāq	N	necklace	sub		p.eb.ac	6060	b	1658b
jqh	עֲנָק	ʿănāq	N	neck	sub		p.eb.ab	6060	a	1658a
jqi	עָנַק	ʿānaq	V	serve as necklace	sub		p.eb.ad	6059		1658c
jqj	עָנָק	ʿānāq	N	Anak	sub		p.eb.ab	6061		
jqk	ענק	ʿnq			main	ענק	p.eb.aa			1658
jql	עֲנָקִי	ʿănāqî	A	Anakim	sub		p.eb.ab	6062		
jqm	עָנֵר	ʿānēr	Np	Aner			p.eb.ae	6063		
jqn	עָנַשׁ	ʿānaš	V	fine	sub		p.ec.ac	6064		1659
jqo	עֹ֫נֶשׁ	ʿōneš	N	indemnity	sub		p.ec.ab	6066		1659a
jqp	ענשׁ	ʿnš			main	ענשׁ	p.ec.aa			
jqq	עֲנָת	ʿănāt	Np	Anath			p.ec.ad	6067		
jqr	עֲנָתוֹת	ʿănātôt	Np	Anathoth			p.ec.ae	6068		
jqs	עַנְּתֹתִי	ʿannĕtōtî	Ag	Antothite			p.ec.af	6069		
jqt	עַנְתֹתִיָּה	ʿantōtîyâ	Np	Antothijah			p.ec.ag	6070		
jqu	עָסִיס	ʿāsîs	N	sweet wine	sub		p.ed.ab	6071		1660a
jqv	עָסַס	ʿāsas	V	press	main	עסס	p.ed.aa	6072		1660
jqw	עֳפָיִם	ʿŏpāyim	N	foliage	single		p.ed.ac	6073		1661
jqx	עָפַל	ʿāpal	V	be heedless	main	עפל	p.ef.aa	6075	b	1663
jqy	עָפַל	ʿāpal	V	swell	main	עפל	p.ee.aa	6075	a	1662
jqz	עֹ֫פֶל	ʿōpel	Np	Ophel	sub		p.ee.ab	6077		1662a
jra	עֹ֫פֶל	ʿōpel	N	mound	sub		p.ee.ab	6076	a	1662a
jrb	עֹ֫פֶל	ʿōpel	N	tumour	sub		p.ee.ac	6076	b	1662b
jrc	עׇפְנִי	ʿopnî	Np	Ophni			p.ef.ab	6078		
jrd	עַפְעַף	ʿapʿap	N	eyelid	sub		p.bk.ac	6079		1582b
jre	עֵ֫פֶר	ʿēper	Np	Epher			p.eh.ac	6081		
jrf	עָפַר	ʿāpar	V	and kept dusting	sub		p.eg.ac	6080		1664
jrg	עָפָר	ʿāpār	N	dry earth	sub		p.eg.ab	6083		1664a
jrh	עֹ֫פֶר	ʿōper	N	young hart	sub		p.eh.ab	6082		1665a
jri	עפר	ʿpr			main	עפר	p.eg.aa			
jrj	עפר	ʿpr			main	עפר	p.eh.aa			1665
jrk	עׇפְרָה	ʿoprâ	Np	Ophrah			p.eh.ae	6084		
jrl	עֶפְרוֹן	ʿeprôn	Np	Ephron			p.eh.af	6085		
jrm	עֹפֶרֶת	ʿōperet	N	lead	sub		p.eh.ah	5777		1665b
jrn	עֵץ	ʿēṣ	N	tree	sub		p.em.ab	6086		1670a
jro	עֶ֫צֶב	ʿeṣeb	N	pain	sub		p.ei.ab	6089	a	1666a
jrp	עֶ֫צֶב	ʿeṣeb	N	vessel	sub		p.ej.ab	6089	b	1667a
jrq	עָצֵב	ʿāṣēb	N	toiler	sub		p.ei.ad	6092		1666c
jrr	עָצַב	ʿāṣab	V	shape	main	עצב	p.ej.aa	6087	b	1667
jrs	עָצַב	ʿāṣab	V	hurt	main	עצב	p.ei.aa	6087	a	1666
jrt	עָצָב	ʿāṣāb	N	idol	sub		p.ej.ad	6091		1667c
jru	עֹ֫צֶב	ʿōṣeb	N	idol	sub		p.ej.ac	6090	b	1667b
jrv	עֹ֫צֶב	ʿōṣeb	N	pain	sub		p.ei.ac	6090	a	1666b
jrw	עִצָּבוֹן	ʿiṣṣābôn	N	pain	sub		p.ei.af	6093		1666e
jrx	עַצֶּ֫בֶת	ʿaṣṣebet	N	hurt	sub		p.ei.ae	6094		1666d
jry	עצד	ʿṣd			main	עצד	p.ek.aa			1668
jrz	עֵצָה	ʿēṣâ	N	counsel	sub		j.ck.ab	6098		887a
jsa	עֵצָה	ʿēṣâ	N	trees	sub		p.em.ac	6097		1670b
jsb	עָצֶה	ʿāṣeh	N	spine	sub		p.en.ab	6096		1671a
jsc	עָצָה	ʿāṣâ	V	shut	main	עצה	p.el.aa	6095		1669
jsd	עצה	ʿṣh			main	עצה	p.eo.aa			
jse	עצה	ʿṣh			main	עצה	p.en.aa			1671
jsf	עצה	ʿṣh			main	עצה	p.em.aa			1670
jsg	עָצוּם	ʿāṣûm	A	mighty	sub		p.eq.af	6099		1673d
jsh	עֶצְיוֹן גֶּ֫בֶר	ʿeṣyôn geber	Np	Ezion-geber			p.eo.ab	6100		
jsi	עָצֵל	ʿāṣēl	A	sluggish	sub		p.ep.ab	6102		1672a
jsj	עָצֵל	ʿāṣēl	V	be sluggish	main	עצל	p.ep.aa	6101		1672
jsk	עַצְלָה	ʿaṣlâ	N	sluggishness	sub		p.ep.ac	6103		1672b
jsl	עַצְלוּת	ʿaṣlût	N	indolence	sub		p.ep.ad	6104		1672c
jsm	עֶ֫צֶם	ʿeṣem	Np	Azem			p.eq.ae	6107		
jsn	עֶ֫צֶם	ʿeṣem	N	bone	sub		p.eq.ad	6106		1673c
jso	עָצַם	ʿāṣam	V	shut the eyes	main	עצם	p.er.aa	6105	b	1674
jsp	עָצֹם	ʿāṣōm	V	be vast	main	עצם	p.eq.aa	6105	a	1673
jsq	עֹ֫צֶם	ʿōṣem	N	might	sub		p.eq.ab	6108		1673a
jsr	עצם	ʿṣm			main	עצם	p.es.aa			
jss	עַצֻמָה	ʿaṣumâ	N	defence	sub		p.es.ab	6110		1674b
jst	עׇצְמָה	ʿoṣmâ	N	might	sub		p.eq.ac	6109		1673b
jsu	עַצְמוֹן	ʿaṣmôn	Np	Azmon			p.eq.ah	6111		
jsv	עֵצֶן	ʿēṣen	N	voluptuous			p.au.ah	6112		
jsw	עֶ֫צֶר	ʿeṣer	N	restraint	sub		p.et.ab	6114		1675a
jsx	עָצַר	ʿāṣar	V	restrain	main	עצר	p.et.aa	6113		1675
jsy	עֹ֫צֶר	ʿōṣer	N	restraint	sub		p.et.ac	6115		1675b
jsz	עֲצָרָה	ʿăṣārâ	N	assembly	sub		p.et.ad	6116		1675c
jta	עֵ֫קֶב	ʿēqeb	C?	consequence	sub		p.eu.ah	6118		1676e
jtb	עָקֵב	ʿāqēb	N	heel	sub		p.eu.ab	6119		1676a
jtc	עָקֵב	ʿāqēb	A	overreacher	sub		p.eu.ad	6120		1676b
jtd	עָקַב	ʿāqab	V	follow at the heel	sub		p.eu.ac	6117		1676
jte	עָקֹב	ʿāqōb	A	steep	sub		p.eu.af	6121	b	1676c
jtf	עָקֹב	ʿāqōb	A	fraudulent	sub		p.eu.ae	6121	a	1676c
jtg	עקב	ʿqb			main	עקב	p.eu.aa			
jth	עׇקְבָה	ʿoqbâ	N	insidiousness	sub		p.eu.ag	6122		1676d
jti	עָקַד	ʿāqad	V	bind	main	עקד	p.ev.aa	6123		1677
jtj	עָקֹד	ʿāqōd	A	striped	sub		p.ew.ab	6124		1678a
jtk	עקד	ʿqd			main	עקד	p.ew.aa			1678
jtl	עָקָה	ʿāqâ	N	pressure	sub		p.bn.ab	6125		1585a
jtm	עקה	ʿqh			main	עקה	p.ex.aa			1679
jtn	עַקּוּב	ʿaqqûb	Np	Akkub			p.eu.ai	6126		
jto	עָקַל	ʿāqal	V	bend	main	עקל	p.ey.aa	6127		1680
jtp	עֲקַלְקַל	ʿăqalqal	A	crooked	sub		p.ey.ab	6128		1680a
jtq	עֲקַלָּתוֹן	ʿăqallātôn	A	crooked	sub		p.ey.ac	6129		1680b
jtr	עֲקָן	ʿăqān	Np	Akan. Compare			p.ey.ad	6130		
jts	עִקֵּר	ʿiqqēr	V	hamstring	sub		p.ez.ad	6131	b	1682
jtt	עֵ֫קֶר	ʿēqer	N	offshoot	sub		p.ez.ab	6133		1681a
jtu	עֵקֶר	ʿēqer	Np	Eker			p.ez.af	6134		
jtv	עָקַר	ʿāqar	V	pluck up	sub		p.ez.ac	6131	a	1681
jtw	עָקָר	ʿāqār	A	barren	sub		p.ez.ae	6135		1682a
jtx	עקר	ʿqr			main	עקר	p.ez.aa			
jty	עַקְרָב	ʿaqrāb	N	scorpion	single		p.ez.ag	6137		1683
jtz	עֶקְרוֹן	ʿeqrôn	Np	Ekron			p.ez.ah	6138		
jua	עֶקְרוֹנִי	ʿeqrônî	Ag	Eḳrônite			p.ez.ai	6139		
jub	עִקֵּשׁ	ʿiqqēš	A	twisted	sub		p.fa.ab	6141		1684a
juc	עִקֵּשׁ	ʿiqqēš	Np	Ikkesh			p.fa.ac	6142		
jud	עָקַשׁ	ʿāqaš	V	twist	main	עקשׁ	p.fa.aa	6140		1684
jue	עִקְּשׁוּת	ʿiqqĕšût	N	crookedness	sub		p.fa.ad	6143		1684b
juf	עֵר	ʿēr	Np	Er			p.bp.ac	6147		
jug	עָר	ʿār	Np	Ar			p.fa.af	6144		
juh	עָר	ʿār	N	thine adversary			p.fa.ag	6145		
jui	עֲרַב	ʿărab	N	desert-plateau	sub		p.fe.ab	6152	a	1688a
juj	עֲרָב	ʿărāb	Np	Arabia	sub		p.fe.ad	6152	b	1688c
juk	עֵ֫רֶב	ʿēreb	N	mixture	sub		p.fb.ab	6154	a	1685a
jul	עֵ֫רֶב	ʿēreb	N	woof	sub		p.fb.ac	6154	b	1685b
jum	עֶ֫רֶב	ʿereb	N	set	sub		p.ff.ab	6153		1689a
jun	עָרֵב	ʿārēb	A	sweet	sub		p.fd.ab	6156		1687a
juo	עָרַב	ʿārab	V	take on pledge	main	ערב	p.fc.aa	6148		1686
jup	עָרַב	ʿārab	V	be sweet	main	ערב	p.fd.aa	6149		1687
juq	עָרַב	ʿārab	V	become evening	sub		p.ff.ac	6150		1689
jur	עָרֹב	ʿārōb	N	swarm	sub		p.fb.ad	6157		1685c
jus	עֹרֵב	ʿōrēb	N	raven	sub		p.fg.ab	6158		1690a
jut	עֹרֵב	ʿōrēb	Np	Oreb			p.fg.ac	6159		
juu	ערב	ʿrb			main	ערב	p.ff.aa			
juv	ערב	ʿrb			main	ערב	p.fb.aa			1685
juw	ערב	ʿrb			main	ערב	p.fg.aa			1690
jux	ערב	ʿrb			main	ערב	p.fe.aa			1688
juy	עֲרָבָה	ʿărābâ	N	poplar	sub		p.fg.ad	6155		1690b
juz	עֲרָבָה	ʿărābâ	N	desert-plain	sub		p.fe.af	6160		1688d
jva	עֲרֻבָּה	ʿărubbâ	N	thing exchanged	sub		p.fc.ab	6161		1686a
jvb	עֵרָבוֹן	ʿērābôn	N	pledge	sub		p.fc.ac	6162		1686b
jvc	עֲרָבִי	ʿărābî	N	steppe-dweller	sub		p.fe.ac	6163	a	1688b
jvd	עַרְבִי	ʿarbî	Ag	Arabian			p.fe.ae	6163	b	
jve	עַרְבָתִי	ʿarbātî	A	place of the depression			b.bp.bo	6164		
jvf	עָרַג	ʿārag	V	long for	main	ערג	p.fh.aa	6165		1691
jvg	עֲרָד	ʿărād	Np	Arad			p.fh.ad	6166	b	
jvh	עֲרָד	ʿărād	Np	Arad			p.fh.ac	6166	a	
jvi	עָרָה	ʿārâ	V	be naked	main	ערה	p.fi.aa	6168		1692
jvj	עָרָה	ʿārâ	N	bare place	sub		p.fi.ab	6169		1692a
jvk	עֲרוּגָה	ʿărûgâ	N	garden terrace	sub		p.fh.ab	6170		1691a
jvl	עָרוֹד	ʿārôd	N	wild ass	single		p.fi.ah	6171		1693
jvm	עֶרְוָה	ʿerwâ	N	nakedness	sub		p.fi.ac	6172		1692b
jvn	עָרוֹם	ʿārôm	A	naked	sub		p.bq.ad	6174		1588c
jvo	עָרוּם	ʿārûm	A	crafty	sub		p.fn.ad	6175		1698c
jvp	עֲרוֹעֵר	ʿărôʿēr	N	juniper	sub		p.fu.ad	6176		1705c
jvq	עָרוּץ	ʿārûṣ	A	dreadful	sub		p.fr.ab	6178		1702a
jvr	עֵרִי	ʿērî	Np	Eri			p.bp.ad	6179		
jvs	עֵרִי	ʿērî	Ag	Erite			p.bp.ae	6180		
jvt	עֶרְיָה	ʿeryâ	N	nakedness	sub		p.fi.ad	6181		1692c
jvu	עֲרִיסָה	ʿărîsâ	N	coarse meal	sub		p.fo.ab	6182		1699a
jvv	עָרִיף	ʿārîp	N	cloud	sub		p.fq.ab	6183		1701a
jvw	עָרִיץ	ʿārîṣ	A	awe-inspiring	sub		p.fr.ac	6184		1702b
jvx	עֲרִירִי	ʿărîrî	A	stripped	sub		p.fu.ab	6185		1705a
jvy	עֵ֫רֶךְ	ʿērek	N	order	sub		p.fj.ab	6187		1694a
jvz	עָרַךְ	ʿārak	V	arrange in order	main	ערך	p.fj.aa	6186	a	1694
jwa	עָרַךְ	ʿārak	V	value	sub		p.fj.ac	6186	b	1694b
jwb	עָרֵל	ʿārēl	A	having foreskin	sub		p.fk.ad	6189		1695b
jwc	עָרַל	ʿāral	V	count as foreskin	sub		p.fk.ac	6188		1695
jwd	ערל	ʿrl			main	ערל	p.fk.aa			
jwe	עׇרְלָה	ʿorlâ	N	foreskin	sub		p.fk.ab	6190		1695a
jwf	עָרַם	ʿāram	V	be heaped up	main	ערם	p.fl.aa	6192		1696
jwg	עָרֹם	ʿārōm	V	be shrewd	main	ערם	p.fn.aa	6191		1698
jwh	עֹ֫רֶם	ʿōrem	N	craftiness	sub		p.fn.ab	6193		1698a
jwi	ערם	ʿrm			main	ערם	p.fm.aa			1697
jwj	עֲרֵמָה	ʿărēmâ	N	heap	sub		p.fl.ab	6194		1696a
jwk	עׇרְמָה	ʿormâ	N	craftiness	sub		p.fn.ac	6195		1698b
jwl	עַרְמוֹן	ʿarmôn	N	plane-tree	sub		p.fm.ab	6196		1697a
jwm	עֵרָן	ʿērān	Np	Eran			p.bp.af	6197		
jwn	עֵרָנִי	ʿērānî	Ag	Eranite			p.bp.ag	6198		
jwo	ערס	ʿrs			main	ערס	p.fo.aa			1699
jwp	עֲרֹעֵר	ʿărōʿēr	Np	Aroer			p.fu.ae	6177		
jwq	עַרְעָר	ʿarʿār	A	stripped	sub		p.fu.ac	6199		1705b
jwr	עֲרֹעֵרִי	ʿărōʿērî	Ag	Aroerite			p.fu.af	6200		
jws	עָרַף	ʿārap	V	break the neck	sub		p.fp.ac	6202		1700
jwt	עָרַף	ʿārap	V	drip	main	ערף	p.fq.aa	6201		1701
jwu	עֹ֫רֶף	ʿōrep	N	back of neck	sub		p.fp.ab	6203		1700a
jwv	ערף	ʿrp			main	ערף	p.fp.aa			
jww	עׇרְפָּה	ʿorpâ	Np	Orpah			p.fp.ad	6204		
jwx	עֲרָפֶל	ʿărāpel	N	cloud	sub		p.fq.ac	6205		1701b
jwy	עָרַץ	ʿāraṣ	V	cause to tremble	main	ערץ	p.fr.aa	6206		1702
jwz	עָרַק	ʿāraq	V	gnaw	main	ערק	p.fs.aa	6207		1703
jxa	עַרְקִי	ʿarqî	Ag	Arḳite			p.fs.ab	6208		
jxb	עָרַר	ʿārar	V	strip oneself	main	ערר	p.fu.aa	6209		1705
jxc	ערר	ʿrr			main	ערר	p.ft.aa			1704
jxd	עֶ֫רֶשׂ	ʿereś	N	couch	sub		p.fv.ab	6210		1706a
jxe	ערשׁ	ʿrš			main	ערשׁ	p.fw.aa			
jxf	ערשׂ	ʿrś			main	ערשׂ	p.fv.aa			1706
jxg	עָשׁ	ʿāš	N	moth	sub		p.gf.ab	6211	a	1715a
jxh	עֵ֫שֶׂב	ʿēśeb	N	herb	sub		p.fx.ab	6212		1707a
jxi	עשׂב	ʿśb			main	עשׂב	p.fx.aa			1707
jxj	עָשָׂה	ʿāśâ	V	do	main	עשׂה	p.fy.aa	6213	a	1708
jxk	עָשָׂה	ʿāśâ	V	press	main	עשׂה	p.fz.aa	6213	b	1709
jxl	עֲשָׂהאֵל	ʿăśāhʾēl	Np	Asahel			p.fy.ab	6214		
jxm	עֵשָׂו	ʿēśāw	Np	Esau			p.fz.ab	6215		
jxn	עָשׁוֹק	ʿāšôq	N	oppressor	sub		p.gd.ae	6216		1713c
jxo	עָשׁוּקִים	ʿāšûqîm	N	oppression	sub		p.gd.af	6217		1713d
jxp	עָשׂוֹר	ʿāśôr	N	a ten	sub		p.gb.ae	6218		1711d
jxq	עַשְׁוָ֑ת	ʿašwāt	Np	Ashvath			p.gb.al	6220		
jxr	עָשׁוֹת	ʿāšôt	A	smooth	sub		p.gg.ac	6219		1716b
jxs	עֲשִׂיאֵל	ʿăśîʾēl	Np	Asiel			p.fy.ac	6221		
jxt	עֲשָׂיָה	ʿăśāyâ	Np	Asaiah			p.fy.ad	6222		
jxu	עָשִׁיר	ʿāšîr	N	rich	sub		p.ge.ac	6223		1714b
jxv	עֲשִׂירִי	ʿăśîrî	A	tenth	sub		p.gb.ag	6224		1711f
jxw	עָשֵׁן	ʿāšēn	A	smoking	sub		p.gc.ad	6226		1712b
jxx	עָשַׁן	ʿāšan	V	smoke	sub		p.gc.ac	6225		1712
jxy	עָשָׁן	ʿāšān	Np	Ashan			p.gc.ae	6228		
jxz	עָשָׁן	ʿāšān	N	smoke	sub		p.gc.ab	6227		1712a
jya	עשׁן	ʿšn			main	עשׁן	p.gc.aa			
jyb	עֵ֫שֶׁק	ʿēšeq	Np	Eshek			p.gd.ac	6232		
jyc	עֵ֫שֶׂק	ʿēśeq	Np	Esek			p.ga.ab	6230		
jyd	עָשַׁק	ʿāšaq	V	oppress	main	עשׁק	p.gd.aa	6231		1713
jye	עָשַׂק	ʿāśaq	V	contend	main	עשׂק	p.ga.aa	6229		1710
jyf	עֹ֫שֶׁק	ʿōšeq	N	oppression	sub		p.gd.ab	6233		1713a
jyg	עׇשְׁקָה	ʿošqâ	N	oppression	sub		p.gd.ad	6234		1713b
jyh	עֶשֶׂר	ʿeśer	N	ten	sub		p.gb.ab	6235		1711a
jyi	עָשַׁר	ʿāšar	V	be rich	main	עשׁר	p.ge.aa	6238		1714
jyj	עָשַׂר	ʿāśar	V	tale the tenth of	sub		p.gb.ad	6237		1711c
jyk	עָשָׂר	ʿāśār	N	ten	sub		p.gb.ac	6240		1711b
jyl	עֹ֫שֶׁר	ʿōšer	N	riches	sub		p.ge.ab	6239		1714a
jym	עשׂר	ʿśr			main	עשׂר	p.gb.aa			1711
jyn	עִשָּׂרוֹן	ʿiśśārôn	N	tenth part	sub		p.gb.ah	6241		1711g
jyo	עֶשְׂרִים	ʿeśrîm	N	twenty	sub		p.gb.af	6242		1711e
jyp	עָשֵׁשׁ	ʿāšēš	V	waste away	main	עשׁשׁ	p.gf.aa	6244		1715
jyq	עֶ֫שֶׁת	ʿešet	N	plate	sub		p.gg.ab	6247		1716a
jyr	עָשַׁת	ʿāšat	V	think	main	עשׁת	p.gh.aa	6245	b	1717
jys	עָשַׁת	ʿāšat	V	be smooth	main	עשׁת	p.gg.aa	6245	a	1716
jyt	עַשְׁתּוּת	ʿaštût	N	thought	sub		p.gh.ab	6248		1717a
jyu	עַשְׁתֵּי	ʿaštê	N	one	sub		p.gh.ad	6249		1717c
jyv	עֶשְׁתֹּנָה	ʿeštōnâ	N	thinking	sub		p.gh.ac	6250		1717b
jyw	עַשְׁתָּרוֹת	ʿaštārôt	Np	Asharoth	sub		p.gh.ah	6252		1718b
jyx	עַשְׁתָּרוֹת	ʿaštārôt	N	young	sub		p.gh.ag	6251		1718a
jyy	עַשְׁתֹּ֫רֶת	ʿaštōret	Np	Ashtoreth	main		p.gh.ae	6253		1718
jyz	עַשְׁתְּרֹת קַרְנַיִם	ʿaštĕrōt qarnayim	Np	Ashtoreth Karnaim	sub		p.gh.ah	6255		
jza	עַשְׁתְּרָתִי	ʿaštĕrātî	A	Ashterathite	sub		p.gh.ai	6254		
jzb	עֵת	ʿēt	N	time	sub		p.dt.ac	6256		1650b
jzc	עֵת קָצִין	ʿēt qāṣîn	Np	Ittahkazin (by including directive enclitic)			p.dt.ad	6278		
jzd	עָתֹד	ʿātōd	V	be ready	main	עתד	p.gi.aa	6257		1719
jze	עַתָּ֫ה	ʿattâ	D	now	sub		p.dt.ae	6258		1650c
jzf	עַתּוּד	ʿattûd	N	he-goat	sub		p.gi.ac	6260		1719b
jzg	עָתוּד	ʿātûd	A	ready	sub		p.gi.ab	6259		1719a
jzh	עִתִּי	ʿittî	A	timely	sub		p.dt.ag	6261		1650d
jzi	עַתַּי	ʿattay	Np	Attai			p.dt.af	6262		
jzj	עָתִיד	ʿātîd	A	ready	sub		p.gi.ab	6264		1719a
jzk	עֲתָיָה	ʿătāyâ	Np	Athaiah			p.gi.ae	6265		
jzl	עַתִּיק	ʿattîq	A	removed	sub		p.gl.ae	6267		1721d
jzm	עָתִיק	ʿātîq	A	eminent	sub		p.gl.ad	6266		1721c
jzn	עֲתָ֑ךְ	ʿătāk	Np	Athach			p.gi.af	6269		
jzo	עתל	ʿtl			main	עתל	p.gj.aa			
jzp	עַתְלַי	ʿatlay	Np	Athlai			p.gj.ab	6270		
jzq	עֲתַלְיָ֫הוּ	ʿătalyāhû	Np	Athaliah			p.gj.ab	6271		
jzr	עָתַם	ʿātam	V	is burned up	main	עתם	p.gk.aa	6272		1720
jzs	עׇתְנִי	ʿotnî	Np	Othni			p.gk.ab	6273		
jzt	עׇתְנִיאֵל	ʿotnîʾēl	Np	Othniel			p.gk.ac	6274		
jzu	עָתֵק	ʿātēq	A	valuable	sub		p.gl.ac	6276		1721b
jzv	עָתַק	ʿātaq	V	move	main	עתק	p.gl.aa	6275		1721
jzw	עָתָק	ʿātāq	A	forward	sub		p.gl.ab	6277		1721a
jzx	עֶ֫תֶר	ʿeter	Np	Ether			p.gn.ac	6281		
jzy	עָתַר	ʿātar	V	be abundant	main	עתר	p.gn.aa	6280		1723
jzz	עָתַר	ʿātar	V	pray	main	עתר	p.gm.aa	6279		1722
kaa	עָתָר	ʿātār	N	suppliant	sub		p.gm.ab	6282	a	1722a
kab	עָתָר	ʿātār	N	odour	sub		p.go.ab	6282	b	1724a
kac	עתר	ʿtr			main	עתר	p.go.aa			1724
kad	עֲתֶ֫רֶת	ʿăteret	N	abundance	sub		p.gn.ab	6283		1723a
kae	פ	p			main		q.aa.aa			
kaf	פֵּאָה	pēʾâ	N	corner	sub		q.ab.ab	6285		1725a
kag	פָּאָה	pāʾâ	V	cleave in pieces	main	פאה	q.ab.aa	6284		1725
kah	פְּאֵר	pĕʾēr	N	head-dress	sub		q.ac.ab	6287		1726a
kai	פִּאֵר	piʾēr	V	go over the boughs	sub		q.ad.ad	6286	b	1727
kaj	פָּאַר	pāʾar	V	beautify	main	פאר	q.ac.aa	6286	a	1726
kak	פאר	pʾr			main	פאר	q.ad.aa			
kal	פֹּארָה	pōʾrâ	N	bough	sub		q.ad.ab	6288	a	1727a
kam	פָּארוּר	pāʾrûr	N	gather a glow	sub		q.ad.ae	6289		1727b
kan	פָּארָן	pāʾrān	Np	Paran	single		q.ad.af	6290		1728
kao	פגג	pgg			main	פגג	q.ae.aa			1729
kap	פַּגָּה	paggâ	N	early fig	sub		q.ae.ab	6291		1729a
kaq	פִּגּוּל	piggûl	N	foul thing	sub		q.af.ab	6292		1730a
kar	פגל	pgl			main	פגל	q.af.aa			1730
kas	פֶּ֫גַע	pegaʿ	N	occurrence	sub		q.ag.ab	6294		1731a
kat	פָּגַע	pāgaʿ	V	meet	main	פגע	q.ag.aa	6293		1731
kau	פַּגְעִיאֵל	pagʿîʾēl	Np	Pagiel			q.ag.ad	6295		
kav	פֶּ֫גֶר	peger	N	corpse	sub		q.ah.ab	6297		1732a
kaw	פָּגַר	pāgar	V	be exhausted	main	פגר	q.ah.aa	6296		1732
kax	פָּגַשׁ	pāgaš	V	meet	main	פגשׁ	q.ai.aa	6298		1733
kay	פָּדָה	pādâ	V	ransom	main	פדה	q.aj.aa	6299		1734
kaz	פְּדַהְאֵל	pĕdahʾēl	Np	Pedahel			q.aj.ag	6300		
kba	פְּדָהצוּר	pĕdāhṣûr	Np	Pedahzur			q.aj.ah	6301		
kbb	פָּדוּיִם	pādûyim	N	ransom	sub		q.aj.ab	6302		1734a
kbc	פָּדוֹן	pādôn	Np	Padon			q.aj.ac	6303		
kbd	פְּדוּת	pĕdût	N	ransom	sub		q.aj.ad	6304		1734b
kbe	פְּדָיָהוּ	pĕdāyāhû	Np	Pedaiah			q.aj.ai	6305		
kbf	פִּדְיוֹם	pidyôm	N	ransom	sub		q.aj.ae	6306	a	1734c
kbg	פִּדְיוֹן	pidyôn	N	ransom	sub		q.aj.af	6306	b	1734d
kbh	פַּדָּן	paddān	Np	Padan	single		q.aj.aj	6307		1735
kbi	פָּדַע	pādaʿ	V	deliver him	main	פדע	q.ak.aa	6308		1736
kbj	פֶּ֫דֶר	peder	N	suet	single		q.ak.ab	6309		1737
kbk	פֶּה	peh	N	mouth	main		q.al.aa	6310		1738
kbl	פֹּה	pōh	D	here	main		q.am.aa	6311		1739
kbm	פּוּאָה	pûʾâ	Np	Phuvah			q.am.ab	6312		
kbn	פּוּג	pûg	V	grow numb	main	פוג	q.an.aa	6313		1740
kbo	פּוּגַת	pûgat	N	benumbing	sub		q.an.ab	6314		1740a
kbp	פּוּחַ	pûaḥ	V	breathe	main	פוח	q.ao.aa	6315		1741
kbq	פּוּט	pûṭ	Np	Phut			q.ao.ac	6316		
kbr	פּוֹטִי פֶ֫רַע	pôṭî peraʿ	Np	Poti-pherah			q.ao.af	6319		
kbs	פּוּטִיאֵל	pûṭîʾēl	Np	Putiel			q.ao.ad	6317		
kbt	פּוֹטִיפַר	pôṭîpar	Np	Potiphar			q.ao.ae	6318		
kbu	פּוּךְ	pûk	N	antimony	single		q.ao.ag	6320		1742
kbv	פּוֹל	pôl	N	beans	single		q.ao.ah	6321		1743
kbw	פּוּל	pûl	Np	Pul			q.ao.ai	6322		
kbx	פּוּן	pûn	V	turn	main	פון	q.ap.aa	6323		1744
kby	פּוּנִי	pûnî	Ag	Punite			q.am.ac	6324		
kbz	פּוּנֹן	pûnōn	Np	Punon			q.ap.ad	6325		
kca	פּוּעָה	pûʿâ	Np	Puah			q.ap.ae	6326		
kcb	פּוּץ	pûṣ	V	flow	main	פוץ	q.ar.aa	6327	c	1746
kcc	פּוּץ	pûṣ	V	be dispersed	main	פוץ	q.aq.aa	6327	a	1745
kcd	פּוּק	pûq	V	bring out	main	פוק	q.at.aa	6329		1748
kce	פּוּק	pûq	V	reel	main	פוק	q.as.aa	6328		1747
kcf	פּוּקָה	pûqâ	N	tottering	sub		q.as.ab	6330		1747a
kcg	פּוּר	pûr	V	break	sub		q.dl.aa	6331		1829
kch	פּוּר	pûr	N	lot	single		q.at.ab	6332		1749
kci	פור	pwr			main	פור	q.av.aa			
kcj	פור	pwr			main	פור	q.au.aa			
kck	פּוּרָה	pûrâ	N	boughs	sub		q.ad.ac	6288	b	1727a
kcl	פּוּרָה	pûrâ	N	wine-press	sub		q.au.ab	6333		1750a
kcm	פּוֹרָתָא	pôrātāʾ	Np	Poratha			q.av.ab	6334		
kcn	פּוּשׁ	pûš	V	spring about	main	פושׁ	q.aw.aa	6335	a	1751
kco	פּוּשׁ	pûš	V	be scattered	main	פושׁ	q.ax.aa	6335	b	1752
kcp	פּוּתִי	pûtî	Ag	Puthite			q.ax.ab	6336		
kcq	פַּז	paz	N	refined	sub		q.ay.ab	6337		1753a
kcr	פָּזַז	pāzaz	V	be refined	main	פזז	q.ay.aa	6338		1753
kcs	פָּזַז	pāzaz	V	be supple	main	פזז	q.az.aa	6339		1754
kct	פָּזַר	pāzar	V	scatter	main	פזר	q.ba.aa	6340		1755
kcu	פַּח	paḥ	N	bird-trap	sub		q.bd.ab	6341	a	1759a
kcv	פַּח	paḥ	N	plate	sub		q.bd.ad	6341	b	1759b
kcw	פַּ֫חַד	paḥad	N	thigh	sub		q.bb.ad	6344		1756c
kcx	פַּ֫חַד	paḥad	N	dread	sub		q.bb.ab	6343		1756a
kcy	פָּחַד	pāḥad	V	dread	main	פחד	q.bb.aa	6342		1756
kcz	פַּחְדָּה	paḥdâ	N	dread	sub		q.bb.ac	6345		1756b
kda	פֶּחָה	peḥâ	N	governor	single		q.bb.ae	6346		1757
kdb	פַּ֫חַז	paḥaz	N	wantonness	sub		q.bc.ab	6349		1758a
kdc	פָּחַז	pāḥaz	V	be wanton	main	פחז	q.bc.aa	6348		1758
kdd	פַּחֲזוּת	paḥăzût	N	recklessness	sub		q.bc.ac	6350		1758b
kde	פָּחַח	pāḥaḥ	V	ensnare	sub		q.bd.ac	6351		1759
kdf	פחח	pḥḥ			main	פחח	q.bd.aa			
kdg	פֶּחָם	peḥām	N	coal	sub		q.be.ab	6352		1760a
kdh	פחם	pḥm			main	פחם	q.be.aa			1760
kdi	פַּ֫חַת	paḥat	N	pit	sub		q.bf.ab	6354		1761a
kdj	פחת	pḥt			main	פחת	q.bf.aa			1761
kdk	פַּ֫חַת מוֹאָב	paḥat môʾāb	Np	Pahathmoab			q.bf.ad	6355		
kdl	פְּחֶ֫תֶת	pĕḥetet	N	a boring	sub		q.bf.ac	6356		1761b
kdm	פִּטְדָה	piṭdâ	N	topaz	single		q.bf.ae	6357		1762
kdn	פָּטוּר	pāṭûr	A	separate	sub		q.bg.aa	6358		1764
kdo	פָּטִיר	pāṭîr	A	separate	sub		q.bg.aa	6359		1764
kdp	פַּטִּישׁ	paṭṭîš	N	forge-hammer	single		q.bf.af	6360		1763
kdq	פֶּ֫טֶר	peṭer	N	that which separates	sub		q.bg.ab	6363	a	1764a
kdr	פָּטַר	pāṭar	V	separate	main	פטר	q.bg.aa	6362		1764
kds	פִּטְרָה	piṭrâ	N	fissure	sub		q.bg.ac	6363	b	1764b
kdt	פִּי הַחִירֹת	pî haḥîrōt	Np	Pi-hahiroth. (In Numbers 14:19 without Pi-.			q.bg.ag	6367		
kdu	פִּי־בֶ֫סֶת	pî-beset	Np	Pi-beseth			q.bg.af	6364		
kdv	פִּיד	pîd	N	ruin	sub		q.bh.ab	6365		1765a
kdw	פיד	pyd			main	פיד	q.bh.aa			1765
kdx	פֵּיָה	pêâ	N	mouth	sub		q.al.aa	6366		1738
kdy	פִּיחַ	pîaḥ	N	soot	sub		q.ao.ab	6368		1741a
kdz	פִּיכֹל	pîkōl	Np	Phichol			q.bh.ae	6369		
kea	פים	pym			main	פים	q.bi.aa			1766
keb	פִּימָה	pîmâ	N	superabundance	sub		q.bi.ab	6371		1766a
kec	פִּינְחָס	pînĕḥās	Np	Phinehas			q.bi.ac	6372		
ked	פִּינֹן	pînōn	Np	Pinon			q.bi.ad	6373		
kee	פִּיפִיָּה	pîpîyâ	N	mouth	sub		q.al.aa	6374		1738
kef	פִּיק	pîq	N	tottering of knees	sub		q.as.ac	6375		1747b
keg	פִּישׁוֹן	pîšôn	Np	Pison			q.bi.ag	6376		
keh	פִּיתוֹן	pîtôn	Np	Pithon			q.bi.ah	6377		
kei	פַּךְ	pak	N	vial	sub		q.bj.ab	6378		1767a
kej	פָּכָה	pākâ	V	trickle	sub		q.bj.ac	6379		1767b
kek	פכך	pkk			main	פכך	q.bj.aa			1767
kel	פֹּכֶ֫רֶת הַצְבָיִם	pōkeret haṣbāyim	Np	Pochereth of Zebaim			q.bj.ad	6380		
kem	פֶּ֫לֶא	peleʾ	N	wonder	sub		q.bk.ab	6382		1768a
ken	פָּלָא	pālāʾ	V	be surpassing	sub		q.bk.ac	6381		1768
keo	פלא	plʾ			main	פלא	q.bk.aa			
kep	פִּלְאִי	pilʾî	A	wonderful	sub		q.bk.ag	6383		1768b
keq	פַּלֻּאִי	palluʾî	Ag	Palluite			q.bk.ae	6384		
ker	פְּלָאיָה	pĕlāʾyâ	Np	Pelaiah			q.bk.ah	6411	a	
kes	פֶּ֫לֶג	peleg	N	channel	sub		q.bl.ab	6388		1769a
ket	פֶּ֫לֶג	peleg	Np	Peleg			q.bl.ac	6389		
keu	פָּלַג	pālag	V	split	main	פלג	q.bl.aa	6385		1769
kev	פְּלַגָּה	pĕlaggâ	N	stream	sub		q.bl.ad	6390		1769b
kew	פְּלֻגָּה	pĕluggâ	N	division	sub		q.bl.ae	6391		1769c
kex	פִּלֶ֫גֶשׁ	pilegeš	N	concubine	single		q.bl.ag	6370		1770
key	פְּלָדָה	pĕlādâ	N	iron	single		q.bl.ah	6393		1771
kez	פִּלְדָּשׁ	pildāš	Np	Pildash			q.bl.ai	6394		
kfa	פָּלָה	pālâ	V	be separated	main	פלה	q.bm.aa	6395		1772
kfb	פַּלּוּא	pallûʾ	Np	Pallu			q.bk.ad	6396		
kfc	פְּלוֹנִי	pĕlônî	Ag	Pelonite			q.bq.ak	6397		
kfd	פֶּ֫לַח	pelaḥ	N	cleavage	sub		q.bn.ab	6400		1773a
kfe	פָּלַח	pālaḥ	V	cleave	main	פלח	q.bn.aa	6398		1773
kff	פִּלְחָא	pilḥāʾ	Np	Pilcha			q.bn.ac	6401		
kfg	פֶּ֫לֶט	peleṭ	Np	Pelet. See also			q.bo.ab	6404		
kfh	פַּלֵּט	pallēṭ	N	deliverance	sub		q.bo.ad	6405		1774a
kfi	פָּלַט	pālaṭ	V	escape	main	פלט	q.bo.aa	6403		1774
kfj	פִּלְטָ֑י	pilṭāy	Np	Piltai			q.bo.ai	6408		
kfk	פַּלְטִי	palṭî	Np	Palti			q.bo.ah	6406		
kfl	פַּלְטִי	palṭî	Ag	Paltite			b.bp.bp	6407		
kfm	פַּלְטִיאֵל	palṭîʾēl	Np	Paltiel			q.bo.aj	6409		
kfn	פְּלַטְיָ֫הוּ	pĕlaṭyāhû	Np	Pelatiah			q.bo.ak	6410		
kfo	פְּלָיָה	pĕlāyâ	Np	Pelaiah			q.bk.ai	6411	b	
kfp	פָּלִיט	pālîṭ	N	escaped one	sub		q.bo.ae	6412	a	1774b
kfq	פָּלֵיט	pālêṭ	N	refugee	sub		q.bo.af	6412	b	1774c
kfr	פְּלֵיטָה	pĕlêṭâ	N	escape	sub		q.bo.ag	6413		1774d
kfs	פָּלִיל	pālîl	N	judge	sub		q.bq.ad	6414		1776b
kft	פְּלִילָה	pĕlîlâ	N	office of judge	sub		q.bq.ae	6415		1776c
kfu	פְּלִילִי	pĕlîlî	A	for a judge	sub		q.bq.af	6416		1776d
kfv	פְּלִילִיָּה	pĕlîlîyâ	N	the giving a decision	sub		q.bq.ag	6417		1776e
kfw	פֶּ֫לֶךְ	pelek	N	whirl of spindle	sub		q.bp.ab	6418		1775a
kfx	פלך	plk			main	פלך	q.bp.aa			1775
kfy	פָּלַל	pālal	V	intervene	main	פלל	q.bq.aa	6419		1776
kfz	פָּלָל	pālāl	Np	Palal			q.bq.ac	6420		
kga	פְּלַלְיָה	pĕlalyâ	Np	Pelaliah			q.bq.ah	6421		
kgb	פַּלְמוֹנִי	palmônî	Pf	a certain one	sub		q.bm.ab	6422		1772a
kgc	פְּלֹנִי	pĕlōnî	Pf	a certain one	sub		q.bm.ab	6423		1772a
kgd	פֶּ֫לֶס	peles	N	balance	sub		q.br.ab	6425		1777a
kge	פָּלַס	pālas	V	weigh	sub		q.br.ac	6424		1777
kgf	פלס	pls			main	פלס	q.br.aa			
kgg	פָּלַץ	pālaṣ	V	shudder	main	פלץ	q.bs.aa	6426		1778
kgh	פַּלָּצוּת	pallāṣût	N	shuddering	sub		q.bs.ab	6427		1778a
kgi	פָּלַשׁ	pālaš	V	roll in	main	פלשׁ	q.bt.aa	6428		1779
kgj	פְּלֶ֫שֶׁת	pĕlešet	Np	Palestina			q.bt.ab	6429		
kgk	פְּלִשְׁתִּי	pĕlištî	Ag	Philistine			q.bt.ac	6430		
kgl	פֶּ֫לֶת	pelet	Np	Peleth			q.bt.ad	6431		
kgm	פְּלֵתִי	pĕlētî	Ag	courier			q.bt.ae	6432		
kgn	פֵּן	pēn	N	corner	sub		q.bv.ab	6434		1783a
kgo	פֶּן־		C	lest	single		q.bt.af	6435		1780
kgp	פַּנַּג	pannag	N	pastry	single		q.bt.ag	6436		1781
kgq	פִּנָּה	pinnâ	N	corner	sub		q.bv.ab	6438		1783a
kgr	פָּנֶה	pāneh	N	face	sub		q.bu.ab	6440		1782a
kgs	פָּנָה	pānâ	V	turn	main	פנה	q.bu.aa	6437		1782
kgt	פְּנוּאֵל	pĕnûʾēl	Np	Peniel			q.bu.af	6439		
kgu	פְּנִ֫ימָה	pĕnîmâ	D	faceward	sub		q.bu.ac	6441		1782c
kgv	פְּנִימִי	pĕnîmî	A	inner	sub		q.bu.ad	6442		1782d
kgw	פְּנִינִים	pĕnînîm	N	corals	sub		q.bv.ac	6443		1783b
kgx	פנן	pnn			main	פנן	q.bv.aa			1783
kgy	פְּנִנָּה	pĕninnâ	Np	Peninnah			q.bv.ad	6444		
kgz	פָּנַק	pānaq	V	indulge	main	פנק	q.bw.aa	6445		1784
kha	פַּס	pas	N	flat	sub		q.cb.ab	6446		1789a
khb	פַּס דַּמִּים	pas dammîm	Np	Pas-dammim. Compare			a.fd.ad	6450		
khc	פָּסַג	pāsag	V	pass between	main	פסג	q.bx.aa	6448		1785
khd	פִּסְגָּה	pisgâ	Np	Pisgah			q.bx.ab	6449		
khe	פִּסָּה	pissâ	N	abundance	sub		q.cb.ac	6451		1789b
khf	פִּסֵּחַ	pissēaḥ	A	lame	sub		q.bz.ac	6455		1787a
khg	פֶּ֫סַח	pesaḥ	N	passover	sub		q.by.ab	6453		1786a
khh	פָּסֵחַ	pāsēaḥ	Np	Paseah			q.bz.ab	6454		
khi	פָּסַח	pāsaḥ	V	pass over	main	פסח	q.by.aa	6452	a	1786
khj	פָּסַח	pāsaḥ	V	limp	main	פסח	q.bz.aa	6452	b	1787
khk	פָּסִיל	pāsîl	N	idol	sub		q.ca.ac	6456		1788b
khl	פָּסַךְ	pāsak	Np	Pasach			q.bz.ad	6457		
khm	פֶּ֫סֶל	pesel	N	idol	sub		q.ca.ab	6459		1788a
khn	פָּסַל	pāsal	V	hew	main	פסל	q.ca.aa	6458		1788
kho	פָּסַס	pāsas	V	disappear	main	פסס	q.cc.aa	6461		1790
khp	פסס	pss			main	פסס	q.cb.aa			1789
khq	פִּסְפָּה	pispâ	Np	Pispah			q.cc.ab	6462		
khr	פָּעָה	pāʿâ	V	groan	main	פעה	q.cd.aa	6463		1791
khs	פָּ֑עוּ	pāʿû	Np	Pai			q.cd.ac	6464		
kht	פְּעוֹר	pĕʿôr	Np	Peor. See also			q.cg.ac	6465		
khu	פָּעַל	pāʿal	V	do	main	פעל	q.ce.aa	6466		1792
khv	פֹּ֫עַל	pōʿal	N	doing	sub		q.ce.ab	6467		1792a
khw	פְּעֻלָּה	pĕʿullâ	N	work	sub		q.ce.ac	6468		1792b
khx	פְּעֻלְּתַי	pĕʿullĕtay	Np	Peulthai			q.ce.ad	6469		
khy	פַּ֫עַם	paʿam	N	beat	sub		q.cf.ab	6471		1793a
khz	פָּעַם	pāʿam	V	thrust	main	פעם	q.cf.aa	6470		1793
kia	פַּעֲמֹן	paʿămōn	N	bell	sub		q.cf.ac	6472		1793b
kib	פָּעַר	pāʿar	V	open wide	main	פער	q.cg.aa	6473		1794
kic	פַּעֲרַי	paʿăray	Np	Paarai			q.cg.ab	6474		
kid	פָּצָה	pāṣâ	V	part	main	פצה	q.ch.aa	6475		1795
kie	פָּצַח	pāṣaḥ	V	cause to break	main	פצח	q.ci.aa	6476		1796
kif	פְּצִירָה	pĕṣîrâ	N	bluntness	sub		q.cn.ab	6477		1801a
kig	פָּצַל	pāṣal	V	peel	main	פצל	q.cj.aa	6478		1797
kih	פִּצְלָה	piṣlâ	N	peeled spot	sub		q.cj.ab	6479		1797a
kii	פָּצַם	pāṣam	V	split open	main	פצם	q.ck.aa	6480		1798
kij	פֶּ֫צַע	peṣaʿ	N	bruise	sub		q.cl.ab	6482		1799a
kik	פָּצַע	pāṣaʿ	V	bruise	main	פצע	q.cl.aa	6481		1799
kil	פִּצֵּץ	piṣṣēṣ	Np	Apses (including the article)			q.cm.ab	6483		
kim	פָּצַץ	pāṣaṣ	V	break	main	פצץ	q.cm.aa	6327	d	1800
kin	פָּצַר	pāṣar	V	push	main	פצר	q.cn.aa	6484		1801
kio	פָּקַד	pāqad	V	attend to	main	פקד	q.co.aa	6485	a	1802
kip	פְּקֻדָּה	pĕquddâ	N	oversight	sub		q.co.ab	6486		1802a
kiq	פִּקָּדוֹן	piqqādôn	N	deposit	sub		q.co.ag	6487		1802f
kir	פְּקִדֻת	pĕqidut	N	oversight	sub		q.co.ae	6488		1802d
kis	פְּקוֹד	pĕqôd	Np	Pekod			q.co.ai	6489		
kit	פִּקּוּד	piqqûd	N	precept	sub		q.co.af	6490		1802e
kiu	פְּקוּדִים	pĕqûdîm	N	musterings	sub		q.co.ac	6485	b	1802b
kiv	פִּקֵּחַ	piqqēaḥ	A	seeing	sub		q.cp.ab	6493		1803a
kiw	פֶּ֫קַח	peqaḥ	Np	Pekah			q.cp.ad	6492		
kix	פָּקַח	pāqaḥ	V	open	main	פקח	q.cp.aa	6491		1803
kiy	פְּקַחְיָה	pĕqaḥyâ	Np	Pekahiah			q.cp.ae	6494		
kiz	פְּקַח־קוֹחַ	pĕqaḥ-qôaḥ	N	opening	sub		q.cp.ac	6495		1803b
kja	פָּקִיד	pāqîd	N	commissioner	sub		q.co.ad	6496		1802c
kjb	פקע	pqʿ			main	פקע	q.cq.aa			1804
kjc	פֶּקָעִים	peqāʿîm	N	ball-	sub		q.cq.ab	6497		1804a
kjd	פַּקֻּעֹת	paqquʿōt	N	gourds	sub		q.cq.ac	6498		1804b
kje	פַּר	par	N	young bull	sub		q.dn.ab	6499		1831a
kjf	פֶּ֫רֶא	pereʾ	N	wild ass	sub		q.cs.ab	6501		1805a
kjg	פָּרָא	pārāʾ	V	bear fruit	sub		q.cv.aa	6500		1809
kjh	פרא	prʾ			main	פרא	q.cs.aa			
kji	פרא	prʾ			main	פרא	q.cr.aa			
kjj	פִּרְאָם	pirʾām	Np	Piram			q.cs.ac	6502		
kjk	פֶּ֫רֶד	pered	N	mule	sub		q.cu.ab	6505		1807a
kjl	פָּרַד	pārad	V	divide	main	פרד	q.ct.aa	6504		1806
kjm	פרד	prd			main	פרד	q.cu.aa			1807
kjn	פְּרֻדָה	pĕrudâ	N	grain	sub		q.ct.ab	6507		1806a
kjo	פִּרְדָּה	pirdâ	N	she-mule	sub		q.cu.ac	6506		1807b
kjp	פַּרְדֵּס	pardēs	N	preserve	single		q.cu.ad	6508		1808
kjq	פֵּרָה	pērâ	N	mole	sub		h.es.af	6512		714a
kjr	פָּרָה	pārâ	Np	Parah			q.dn.ad	6511		
kjs	פָּרָה	pārâ	V	bear fruit	main	פרה	q.cv.aa	6509		1809
kjt	פָּרָה	pārâ	N	heifer	sub		q.dn.ac	6510		1831b
kju	פֻּרָה	purâ	Np	Phurah			q.cv.af	6513		
kjv	פְּרוּדָא	pĕrûdāʾ	Np	Perida			q.ct.ac	6514		
kjw	פָּרוּחַ	pārûaḥ	Np	Paruah			q.cz.ab	6515		
kjx	פַּרְוָ֑יִם	parwāyim	Np	Parvaim			q.cv.ag	6516		
kjy	פַּרְוָר	parwār	N	structure	single		q.cv.ah	6503		1810
kjz	פָּרוּר	pārûr	N	pot	sub		q.au.ac	6517		1750b
kka	פֶּ֫רֶז	perez	N	warriors	single		q.cv.ai	6518		1811
kkb	פרז	prz			main	פרז	q.cw.aa			1812
kkc	פְּרָזָה	pĕrāzâ	N	open region	sub		q.cw.ab	6519		1812a
kkd	פְּרָזוֹן	pĕrāzôn	N	rural population	sub		q.cw.ad	6520		1812b
kke	פְּרִזִּי	pĕrizzî	Ag	Perizzite			q.cw.ae	6522		
kkf	פְּרָזִי	pĕrāzî	N	hamlet-dweller	sub		q.cw.ac	6521		1812c
kkg	פֶּ֫רַח	peraḥ	N	bud	sub		q.cx.ab	6525		1813a
kkh	פָּרַח	pāraḥ	V	bud	main	פרח	q.cx.aa	6524	a	1813
kki	פָּרַח	pāraḥ	V	break out	main	פרח	q.cy.aa	6524	b	1814
kkj	פָּרַח	pāraḥ	V	fly	main	פרח	q.cz.aa	6524	c	1815
kkk	פִּרְחָח	pirḥāḥ	N	brood	sub		q.cx.ac	6526		1813b
kkl	פֶּ֫רֶט	pereṭ	N	the broken off	sub		q.da.ab	6528		1816a
kkm	פָּרַט	pāraṭ	V	divide	main	פרט	q.da.aa	6527		1816
kkn	פְּרִי	pĕrî	N	fruit	sub		q.cv.ab	6529		1809a
kko	פָּרִיץ	pārîṣ	N	violent one	sub		q.di.ae	6530		1826b
kkp	פֶּ֫רֶךְ	perek	N	harshness	sub		q.db.ab	6531		1817a
kkq	פרך	prk			main	פרך	q.dc.aa			1818
kkr	פרך	prk			main	פרך	q.db.aa			1817
kks	פָּרֹ֫כֶת	pārōket	N	curtain	sub		q.dc.ab	6532		1818a
kkt	פָּרַם	pāram	V	tear	main	פרם	q.dd.aa	6533		1819
kku	פַּרְמַשְׁתָּא	parmaštāʾ	Np	Parmasta			q.dd.ab	6534		
kkv	פַּרְנָךְ	parnāk	Np	Parnach			q.dd.ac	6535		
kkw	פֶּ֫רֶס	peres	N	bearded vulture	sub		q.de.ab	6538		1821a
kkx	פָּרַס	pāras	V	break	main	פרס	q.de.aa	6536		1821
kky	פָּרַס	pāras	Np	Persia	single		q.dd.ad	6539		1820
kkz	פַּרְסָה	parsâ	N	hoof	sub		q.de.ac	6541		1821b
kla	פַּרְסִי	parsî	Ag	Persian			q.dd.ae	6542		
klb	פֶּ֫רַע	peraʿ	N	long hair	sub		q.dg.ab	6545		1823a
klc	פֶּ֫רַע	peraʿ	N	leader	sub		q.df.ab	6546		1822a
kld	פָּרַע	pāraʿ	V	act as leader	sub		q.df.ac	6544	a	1822
kle	פָּרַע	pāraʿ	V	let go	main	פרע	q.dh.aa	6544	b	1824
klf	פרע	prʿ			main	פרע	q.df.aa			
klg	פרע	prʿ			main	פרע	q.dg.aa			1823
klh	פַּרְעֹה	parʿōh	N	Pharaoh	single		q.dh.ab	6547		1825
kli	פַּרְעֹה נְכֹה	parʿōh nĕkōh	Np	Pharaoh-necho			n.dk.af	6549		
klj	פַּרְעֹשׁ	parʿōš	N	flea	single		q.dh.ac	6550		1825.1
klk	פַּרְעֹשׁ	parʿōš	Np	Parosh			q.dh.ad	6551		
kll	פִּרְעָתוֹן	pirʿātôn	Np	Pirathon	sub		q.df.ad	6552		
klm	פִּרְעָתוֹנִי	pirʿātônî	Ag	Pirathonite	sub		q.df.ae	6553		
kln	פַּרְפַּר	parpar	Np	Pharpar			q.dh.ae	6554		
klo	פֶּ֫רֶץ	pereṣ	N	bursting forth	sub		q.di.ab	6556		1826a
klp	פֶּ֫רֶץ	pereṣ	Np	Perez			q.di.ac	6557		
klq	פָּרַץ	pāraṣ	V	break through	main	פרץ	q.di.aa	6555		1826
klr	פרץ	prṣ			main	פרץ	q.dj.aa			1827
kls	פֶּרֶץ עֻזָּא	pereṣ ʿuzzāʾ	Np	Perezuzza			q.di.ac	6560		
klt	פַּרְצִי	parṣî	Ag	Partsite			q.di.ad	6558		
klu	פְּרָצִים	pĕrāṣîm	Np	Perazim			q.di.ac	6559		
klv	פֶּ֫רֶק	pereq	N	rapine	sub		q.dk.ab	6563		1828a
klw	פָּרַק	pāraq	V	tear apart	main	פרק	q.dk.aa	6561		1828
klx	פָּרָק	pārāq	N	fragment	sub		q.dk.ac	6564		1828b
kly	פָּרַר	pārar	V	split	main	פרר	q.dm.aa	6565	b	1830
klz	פָּרַר	pārar	V	break	main	פרר	q.dl.aa	6565	a	1829
kma	פרר	prr			main	פרר	q.dn.aa			1831
kmb	פֶּ֫רֶשׁ	pereš	N	fæcal matter	sub		q.dr.ab	6569		1835a
kmc	פֶּ֫רֶשׁ	pereš	Np	Peresh			q.dr.ac	6570		
kmd	פָּרַשׁ	pāraš	V	make distinct	main	פרשׁ	q.dp.aa	6567	a	1833
kme	פָּרַשׁ	pāraš	V	pierce	main	פרשׁ	q.dq.aa	6567	b	1834
kmf	פָּרַשׂ	pāraś	V	spread out	main	פרשׂ	q.do.aa	6566		1832
kmg	פָּרָשׁ	pārāš	N	horseman	sub		q.ds.ac	6571	b	1836a
kmh	פָּרָשׁ	pārāš	N	horse	sub		q.ds.ab	6571	a	1836a
kmi	פרשׁ	prš			main	פרשׁ	q.dr.aa			1835
kmj	פרשׁ	prš			main	פרשׁ	q.ds.aa			1836
kmk	פַּרְשֶׁ֫גֶן	paršegen	N	copy	single		q.ds.ad	6572	a	1837
kml	פַּרְשְׁדֹ֑נָה	paršĕdōnâ	N	fœces	single		q.ds.ae	6574		1838
kmm	פָּרָשָׁה	pārāšâ	N	exact statement	sub		q.dp.ab	6575		1833a
kmn	פַּרְשֵׁז	paršēz	V	a spreading his cloud upon it	sub		q.do.ac	6576		1832
kmo	פַּרְשַׁנְדָּתָא	paršandātāʾ	Np	Parshandatha			q.ds.ag	6577		
kmp	פְּרָת	pĕrāt	Np	Euphrates			q.ds.ah	6578		
kmq	פַּרְתְּמִים	partĕmîm	N	nobles	single		q.ds.aj	6579		1839
kmr	פַּשׁ	paš	N	folly	single		q.dv.ab	6580		1843
kms	פָּשָׂה	pāśâ	V	spread	main	פשׂה	q.dt.aa	6581		1840
kmt	פָּשַׁח	pāšaḥ	V	tear in pieces	main	פשׁח	q.dw.aa	6582		1844
kmu	פַּשְׁחוּר	pašḥûr	Np	Pashur			q.dw.ab	6583		
kmv	פָּשַׁט	pāšaṭ	V	strip off	main	פשׁט	q.dx.aa	6584		1845
kmw	פֶּ֫שַׁע	pešaʿ	N	transgression	sub		q.dy.ab	6588		1846a
kmx	פֶּ֫שַׂע	peśaʿ	N	step	sub		q.du.ab	6587		1841a
kmy	פָּשַׁע	pāšaʿ	V	rebel	main	פשׁע	q.dy.aa	6586		1846
kmz	פָּשַׂע	pāśaʿ	V	step	main	פשׂע	q.du.aa	6585		1841
kna	פָּשַׂק	pāśaq	V	part	main	פשׂק	q.dv.aa	6589		1842
knb	פֵּ֫שֶׁר	pēšer	N	solution	single		q.dy.ac	6592		1847
knc	פֵּ֫שֶׁת	pēšet	N	flax	single		q.dy.ad	6593		1848
knd	פִּשְׁתָּה	pištâ	N	flax	single		q.dy.ae	6594		1849
kne	פַּת	pat	N	fragment	sub		q.eg.ab	6595	a	1862a
knf	פֹּת	pōt	N	sockets	single		q.dy.ag	6596		1850
kng	פִּתְאֹם	pitʾōm	D	suddenness	sub		q.ee.ab	6597		1859a
knh	פַּת־בָּג	pat-bāg	N	portion	single		q.dy.aj	6598		1851
kni	פִּתְגָּם	pitgām	N	edict	single		q.dy.ak	6599		1852
knj	פָּתָה	pātâ	V	be spacious	main	פתה	q.dz.aa	6601	a	1853
knk	פָּתָה	pātâ	V	be simple	sub		q.dz.ae	6601	b	1853
knl	פְּתוּאֵל	pĕtûʾēl	Np	Pethuel			q.dz.ag	6602		
knm	פִּתּוּחַ	pittûaḥ	N	engraving	sub		q.eb.ab	6603		1855a
knn	פְּתוֹר	pĕtôr	Np	Pethor			q.dz.ah	6604		
kno	פָּתוֹת	pātôt	N	bit	sub		q.eg.ac	6595	b	1862b
knp	פֵּ֫תַח	pētaḥ	N	opening	sub		q.ea.ac	6608		1854b
knq	פֶּ֫תַח	petaḥ	N	opening	sub		q.ea.ab	6607		1854a
knr	פָּתַח	pātaḥ	V	open	main	פתח	q.ea.aa	6605	a	1854
kns	פָּתַח	pātaḥ	V	engrave	main	פתח	q.eb.aa	6605	b	1855
knt	פִּתְחוֹן	pitḥôn	N	opening	sub		q.ea.ad	6610		1854c
knu	פְּתַחְיָה	pĕtaḥyâ	Np	Pethakiah			q.ea.af	6611		
knv	פְּתִי	pĕtî	N	simplicity	sub		q.dz.ac	6612	b	1853a
knw	פֶּ֫תִי	petî	A	simple	sub		q.dz.ab	6612	a	1853a
knx	פְּתִיגִיל	pĕtîgîl	N	rich robe	single		q.eb.ac	6614		1856
kny	פְּתַיּוּת	pĕtayyût	N	silliness	sub		q.dz.ad	6615		1853a
knz	פְּתִיחָה	pĕtîḥâ	N	drawn	sub		q.ea.ae	6609		1854d
koa	פָּתִיל	pātîl	N	cord	sub		q.ec.ab	6616		1857a
kob	פָּתַל	pātal	V	twist	main	פתל	q.ec.aa	6617		1857
koc	פְּתַלְתֹּל	pĕtaltōl	A	tortuous	sub		q.ec.ac	6618		1857b
kod	פִּתֹם	pitōm	Np	Pithom			q.ec.af	6619		
koe	פֶּ֫תֶן	peten	N	serpent	sub		q.ed.ab	6620		1858a
kof	פתן	ptn			main	פתן	q.ed.aa			1858
kog	פֶּתַע	petaʿ	N	suddenness	main		q.ee.aa	6621		1859
koh	פָּתַר	pātar	V	interpret	main	פתר	q.ef.aa	6622		1860
koi	פִּתְרוֹן	pitrôn	N	interpretation	sub		q.ef.ab	6623		1860a
koj	פַּתְרוֹס	patrôs	Np	Pathros			q.ef.ac	6624		
kok	פַּתְרֻסִים	patrusîm	Ag	Pathrusite			q.ef.ad	6625		
kol	פַּתְשֶׁ֫גֶן	patšegen	N	copy	single		q.ef.ae	6572	b	1861
kom	פָּתַת	pātat	V	break up	main	פתת	q.eg.aa	6626		1862
kon	צ	ṣ			main		r.aa.aa			
koo	צֵאָה	ṣēʾâ	N	filth	sub		r.aw.ab	6627		1884a
kop	צֹאָה	ṣōʾâ	N	filth	sub		r.aw.ac	6675		1884b
koq	צֶאֱלִים	ṣeʾĕlîm	N	lotus	sub		r.aa.ac	6628		1863
kor	צֹאן	ṣōʾn	N	small cattle	sub		r.ab.ab	6629		1864a
kos	צאן	ṣʾn			main	צאן	r.ab.aa			1864
kot	צַאֲנָן	ṣaʾănān	Np	Zaanan			r.ab.ac	6630		
kou	צֶאֱצָא	ṣeʾĕṣāʾ	N	issue	sub		j.cq.ac	6631		893b
kov	צָב	ṣāb	N	lizard	sub		r.ae.ab	6632	b	1867a
kow	צָב	ṣāb	N	litter	sub		r.ad.ab	6632	a	1866a
kox	צָבָא	ṣābāʾ	V	wage war	main	צבא	r.ac.aa	6633		1865
koy	צָבָא	ṣābāʾ	N	army	sub		r.ac.ab	6635	a	1865a
koz	צָבָא	ṣābāʾ	N	army	sub		r.ac.ab	6635	b	1865b
kpa	צבב	ṣbb			main	צבב	r.ad.aa			1866
kpb	צבב	ṣbb			main	צבב	r.ae.aa			1867
kpc	צֹבֵבָה	ṣōbēbâ	Np	Zobebah			r.ae.ac	6637		
kpd	צָבֶה	ṣābeh	A	swelling	sub		r.af.ab	6639		1868a
kpe	צָבָה	ṣābâ	V	swell	main	צבה	r.af.aa	6638		1868
kpf	צבה	ṣbh			main	צבה	r.ah.aa			1870
kpg	צבה	ṣbh			main	צבה	r.ag.aa			1869
kph	צָבוּעַ	ṣābûaʿ	A	coloured	sub		r.aj.ac	6641		1872b
kpi	צִבּוּר	ṣibbûr	N	heap	sub		r.am.ab	6652		1874a
kpj	צָבַט	ṣābaṭ	V	reach	main	צבט	r.ai.aa	6642		1871
kpk	צְבִי	ṣĕbî	N	beauty	sub		r.ag.ab	6643	a	1869a
kpl	צְבִי	ṣĕbî	N	gazelle	sub		r.ah.ab	6643	b	1870a
kpm	צִבְיָא	ṣibyāʾ	Np	Zibia			r.ah.ad	6644		
kpn	צְבִיָּה	ṣĕbîyâ	N	female gazelle	sub		r.ah.ac	6646		1870b
kpo	צִבְיָה	ṣibyâ	Np	Zibiah			r.ah.ae	6645		
kpp	צְבֹיִים	ṣĕbōyîm	Np	Zeboiim			r.ah.af	6636		
kpq	צֶ֫בַע	ṣebaʿ	N	dye	sub		r.aj.ab	6648		1872a
kpr	צבע	ṣbʿ			main	צבע	r.ak.aa			1873
kps	צבע	ṣbʿ			main	צבע	r.al.aa			
kpt	צבע	ṣbʿ			main	צבע	r.aj.aa			1872
kpu	צִבְעוֹן	ṣibʿôn	Np	Zibeon			r.al.ab	6649		
kpv	צְבֹעִים	ṣĕbōʿîm	Np	Zeboim			r.al.ac	6650		
kpw	צָבַר	ṣābar	V	heap up	main	צבר	r.am.aa	6651		1874
kpx	צבת	ṣbt			main	צבת	r.an.aa			1875
kpy	צְבָתִים	ṣĕbātîm	N	bundles	sub		r.an.ab	6653		1875a
kpz	צַד	ṣad	N	side	sub		r.ao.ab	6654		1876a
kqa	צְדָד	ṣĕdād	Np	Zedad			r.ao.ac	6657		
kqb	צדד	ṣdd			main	צדד	r.ao.aa			1876
kqc	צָדָה	ṣādâ	V	lie in wait	main	צדה	r.ap.aa	6658	a	1877
kqd	צָדָה	ṣādâ	V	lay waste	main	צדה	r.aq.aa	6658	b	1878
kqe	צָדוֹק	ṣādôq	Np	Zadok			r.ar.af	6659		
kqf	צְדִיָּה	ṣĕdîyâ	N	lying-in-wait	sub		r.ap.ab	6660		1877a
kqg	צִדִּים	ṣiddîm	Np	Ziddim			r.ao.ad	6661		
kqh	צַדִּיק	ṣaddîq	A	just	sub		r.ar.ae	6662		1879c
kqi	צֶ֫דֶק	ṣedeq	N	rightness	sub		r.ar.ab	6664		1879a
kqj	צָדֵק	ṣādēq	V	be just	sub		r.ar.ad	6663		1879
kqk	צדק	ṣdq			main	צדק	r.ar.aa			
kql	צְדָקָה	ṣĕdāqâ	N	righteousness	sub		r.ar.ac	6666		1879b
kqm	צִדְקִיָּ֫הוּ	ṣidqîyāhû	Np	Zedekiah			r.ar.ag	6667		
kqn	צָהֵב	ṣāhēb	V	gleam	main	צהב	r.as.aa	6668		1880
kqo	צָהֹב	ṣāhōb	A	gleaming	sub		r.as.ab	6669		1880a
kqp	צָהַל	ṣāhal	V	make shining	main	צהל	r.au.aa	6670	b	1882
kqq	צָהַל	ṣāhal	V	neigh	main	צהל	r.at.aa	6670	a	1881
kqr	צָהַר	ṣāhar	V	press out oil	sub		r.av.ae	6671		1883d
kqs	צֹ֫הַר	ṣōhar	N	midday	sub		r.av.ab	6672	a	1883a
kqt	צֹ֫הַר	ṣōhar	N	roof	sub		r.av.ac	6672	b	1883b
kqu	צהר	ṣhr			main	צהר	r.av.aa			1883
kqv	צַו	ṣaw	N	command	sub		r.az.ad	6673		1887c
kqw	צוֹא	ṣôʾ	A	filthy	sub		r.aw.ad	6674		1884
kqx	צוא	ṣwʾ			main	צוא	r.aw.aa			
kqy	צַוָּאר	ṣawwāʾr	N	neck	sub		r.bj.ab	6677	a	1897a
kqz	צוֹבָא	ṣôbāʾ	Np	Zoba			r.aw.af	6678		
kra	צוּד	ṣûd	V	supply oneself with provisions	sub		r.ay.ad	6679	b	1886c
krb	צוּד	ṣûd	V	hunt	main	צוד	r.ax.aa	6679	a	1885
krc	צוד	ṣwd			main	צוד	r.ay.aa			1886
krd	צָוָה	ṣāwâ	V	lay charge	main	צוה	r.az.aa	6680		1887
kre	צָוַח	ṣāwaḥ	V	cry aloud	main	צוח	r.ba.aa	6681		1888
krf	צְוָחָה	ṣĕwāḥâ	N	outcry	sub		r.ba.ab	6682		1888a
krg	צול	ṣwl			main	צול	r.bb.aa			1889
krh	צוּלָה	ṣûlâ	N	ocean-deep	sub		r.bb.ab	6683		1889a
kri	צוֹם	ṣôm	N	fasting	sub		r.bc.ab	6685		1890a
krj	צוּם	ṣûm	V	abstain from food	main	צום	r.bc.aa	6684		1890
krk	צוע	ṣwʿ			main	צוע	r.bd.aa			1891
krl	צוּעָר	ṣûʿār	Np	Zuar			r.dd.af	6686		
krm	צוּף	ṣûp	Np	Zophai			r.be.ac	6689		
krn	צוּף	ṣûp	V	flow	main	צוף	r.be.aa	6687		1892
kro	צוּף	ṣûp	N	comb	sub		r.be.ab	6688		1892a
krp	צוֹפַח	ṣôpaḥ	Np	Zophah			r.dh.ad	6690		
krq	צוֹפַר	ṣôpar	Np	Zophar			r.dr.ac	6691		
krr	צוּץ	ṣûṣ	V	blossom	main	צוץ	r.bf.aa	6692	a	1893
krs	צוּץ	ṣûṣ	V	gaze	main	צוץ	r.bg.aa	6692	b	1894
krt	צוֹק	ṣôq	N	constraint	sub		r.bh.ab	6695	a	1895a
kru	צוּק	ṣûq	V	pour out	main	צוק	r.bi.aa	6694		1896
krv	צוּק	ṣûq	V	constrain	main	צוק	r.bh.aa	6693		1895
krw	צוּקָה	ṣûqâ	N	pressure	sub		r.bh.ac	6695	b	1895b
krx	צוּר	ṣûr	V	fashion	main	צור	r.bm.aa	6696	c	1900
kry	צוּר	ṣûr	V	confine	main	צור	r.bk.aa	6696	a	1898
krz	צוּר	ṣûr	V	confine	sub		r.bk.aa	6887	a	1898
ksa	צוּר	ṣûr	N	rock	sub		r.bn.ab	6697		1901a
ksb	צוּר	ṣûr	Np	Zur			r.bn.ac	6698		
ksc	צוּר	ṣûr	V	shew hostility to	main	צור	r.bl.aa	6696	b	1899
ksd	צור	ṣwr			main	צור	r.bn.aa			1901
kse	צור	ṣwr			main	צור	r.bj.aa			1897
ksf	צוּרָה	ṣûrâ	N	form	sub		r.bm.ab	6699		1900a
ksg	צַוָּרוֹן	ṣawwārôn	N	necklace	sub		r.bj.ac	6677	b	1897b
ksh	צוּרִיאֵל	ṣûrîʾēl	Np	Zuriel			r.bn.ad	6700		
ksi	צוּרִישַׁדָּ֑י	ṣûrîšaddāy	Np	Zurishaddai			r.bn.ae	6701		
ksj	צוּת	ṣût	V	kindle	sub		j.cw.aa	6702		899
ksk	צַח	ṣaḥ	A	dazzling	sub		r.bp.ab	6703		1903a
ksl	צִחֶה	ṣiḥeh	A	parched	sub		r.bo.ab	6704		1902a
ksm	צחה	ṣḥh			main	צחה	r.bo.aa			1902
ksn	צָחַח	ṣāḥaḥ	V	be dazzling	main	צחח	r.bp.aa	6705		1903
kso	צְחִיחַ	ṣĕḥîaḥ	N	shining	sub		r.bp.ac	6706		1903b
ksp	צְחִיחָה	ṣĕḥîḥâ	N	scorched land	sub		r.bp.ad	6707		1903c
ksq	צְחִיחִי	ṣĕḥîḥî	N	shining	sub		r.bp.ac	6708		1903b
ksr	צחן	ṣḥn			main	צחן	r.bq.aa			1904
kss	צַחֲנָה	ṣaḥănâ	N	stench	sub		r.bq.ab	6709		1904a
kst	צַחְצָחָה	ṣaḥṣāḥâ	N	scorched region	sub		r.bp.ae	6710		1903d
ksu	צְחֹק	ṣĕḥōq	N	laughter	sub		r.br.ab	6712		1905a
ksv	צָחַק	ṣāḥaq	V	laugh	main	צחק	r.br.aa	6711		1905
ksw	צַ֫חַר	ṣaḥar	N	reddish-gray	sub		r.bs.ab	6713		1906a
ksx	צָחֹר	ṣāḥōr	A	tawny	sub		r.bs.ac	6715		1906b
ksy	צֹ֫חַר	ṣōḥar	Np	Zohar. Compare			r.bs.ad	6714		
ksz	צחר	ṣḥr			main	צחר	r.bs.aa			1906
kta	צִי	ṣî	N	ship	single		r.bs.af	6716		1907
ktb	צִי	ṣî	N	a wild beast	single		r.bs.ag	6728		1908
ktc	צִיבָא	ṣîbāʾ	Np	Ziba			r.bs.ah	6717		
ktd	צַ֫יִד	ṣayid	N	hunting	sub		r.ax.ab	6718	a	1885a
kte	צַ֫יִד	ṣayid	N	provision	sub		r.ay.ab	6718	b	1886a
ktf	צַיָּד	ṣayyād	N	hunter	sub		r.ax.ac	6719		1885b
ktg	צֵידָה	ṣêdâ	N	provision	sub		r.ay.ac	6720		1886b
kth	צִידוֹן	ṣîdôn	Np	Sidon			r.bs.ai	6721		
kti	צִידֹנִי	ṣîdōnî	Ag	Sidonians			r.bs.aj	6722		
ktj	צִיָּה	ṣîyâ	N	dryness	sub		r.bt.ab	6723		1909a
ktk	ציה	ṣyh			main	ציה	r.bt.aa			1909
ktl	צִיּוֹן	ṣîyôn	Np	Zion	single		r.bt.ad	6726		1910
ktm	צִיּוּן	ṣîyûn	N	sign-post	sub		r.az.ab	6725		1887a
ktn	צָיוֹן	ṣāyôn	N	dryness	sub		r.bt.ac	6724		1909b
kto	צִיחָא	ṣîḥāʾ	Np	Ziha			r.bt.ag	6727		
ktp	צִינֹק	ṣînōq	N	pillory	sub		r.cv.ab	6729		1941a
ktq	צִיעֹר	ṣîʿōr	Np	Zior			r.dd.ag	6730		
ktr	צִיץ	ṣîṣ	Np	Ziz			r.bt.ao	6732		
kts	צִיץ	ṣîṣ	N	blossom	sub		r.bf.ab	6731	a	1893a
ktt	צִיץ	ṣîṣ	N	wings	single		r.bt.an	6731	b	1911
ktu	ציץ	ṣyṣ								
ktv	צִיצָה	ṣîṣâ	N	blossom	sub		r.bf.ac	6733		1893a
ktw	צִיצִת	ṣîṣit	N	tassel	single		r.bt.ap	6734		1912
ktx	צִיר	ṣîr	N	envoy	sub		r.bu.ab	6735	a	1913a
kty	צִיר	ṣîr	N	image	sub		r.bm.ac	6736		1900b
ktz	צִיר	ṣîr	N	pang	sub		r.bv.ac	6735	c	1914b
kua	צִיר	ṣîr	N	pivot	sub		r.bv.ab	6735	b	1914a
kub	צָיַר	ṣāyar	V	supply oneself with provisions	sub		r.ay.ad	6737		1886c
kuc	ציר	ṣyr			main	ציר	r.bv.aa			1914
kud	ציר	ṣyr			main	ציר	r.bu.aa			1913
kue	צֵל	ṣēl	N	shadow	sub		r.cc.ab	6738		1921a
kuf	צִלָּה	ṣillâ	Np	Zillah			r.cc.ac	6741		
kug	צָלָה	ṣālâ	V	roast	main	צלה	r.bw.aa	6740		1915
kuh	צָלֵחַ	ṣālēaḥ	V	advance	main	צלח	r.by.aa	6743	b	1917
kui	צָלַח	ṣālaḥ	V	rush	main	צלח	r.bx.aa	6743	a	1916
kuj	צלח	ṣlḥ			main	צלח	r.bz.aa			1918
kuk	צֵלָחָה	ṣēlāḥâ	N	pot	sub		r.bz.ab	6745		1918a
kul	צְלֹחִית	ṣĕlōḥît	N	jar	sub		r.bz.ad	6746		1918c
kum	צַלַּ֫חַת	ṣallaḥat	N	dish	sub		r.bz.ac	6747		1918b
kun	צָלִי	ṣālî	N	roasted	sub		r.bw.ab	6748		1915a
kuo	צְלִיל	ṣĕlîl	N	cake	sub		r.cd.ab	6742		1922a
kup	צֵלֶל	ṣēlel	N	shadow	sub		r.cc.ab	6752		1921a
kuq	צָלַל	ṣālal	V	tingle	main	צלל	r.ca.aa	6750		1919
kur	צָלַל	ṣālal	V	sink	main	צלל	r.cb.aa	6749		1920
kus	צָלַל	ṣālal	V	be dark	main	צלל	r.cc.aa	6751		1921
kut	צלל	ṣll			main	צלל	r.cd.aa			1922
kuu	צֶ֫לֶם	ṣelem	N	image	sub		r.ce.ab	6754		1923a
kuv	צלם	ṣlm			main	צלם	r.ce.aa			1923
kuw	צַלְמוֹן	ṣalmôn	Np	Zalmon			r.ce.ac	6756	a	
kux	צַלְמוֹן	ṣalmôn	Np	Zalmon			r.ce.ad	6756	b	
kuy	צַלְמָ֫וֶת	ṣalmāwet	N	death-shadow	sub		r.cc.ae	6757		1921b
kuz	צַלְמֹנָה	ṣalmōnâ	Np	Zalmonah			r.ce.af	6758		
kva	צַלְמֻנָּע	ṣalmunnāʿ	Np	Zalmunna			r.ce.ag	6759		
kvb	צֵלַע	ṣēlaʿ	Np	Zelah			r.cf.ac	6762		
kvc	צֵלָע	ṣēlāʿ	N	rib	sub		r.cf.ab	6763		1924a
kvd	צֶ֫לַע	ṣelaʿ	N	limping	sub		r.cg.ab	6761		1925a
kve	צָלַע	ṣālaʿ	V	limp	main	צלע	r.cg.aa	6760		1925
kvf	צלע	ṣlʿ			main	צלע	r.cf.aa			1924
kvg	צָלָף	ṣālāp	Np	Zalaph			r.cg.ac	6764		
kvh	צְלׇפְחָד	ṣĕlopḥād	Np	Zelophehad			r.cg.ad	6765		
kvi	צֶלְצַח	ṣelṣaḥ	Np	Zelzah			r.cg.ae	6766		
kvj	צְלָצַ֑ל	ṣĕlāṣal	N	whirring locust	sub		r.ca.ad	6767	c	1919c
kvk	צִלְצָל	ṣilṣāl	N	whirring	sub		r.ca.ab	6767	a	1919a
kvl	צִלִצָל	ṣiliṣāl	N	spear	sub		r.ca.ac	6767	b	1919b
kvm	צֶלְצְלִים	ṣelṣĕlîm	N	cymbals	sub		r.ca.ae	6767	d	1919d
kvn	צֶ֫לֶק	ṣeleq	Np	Zelek			r.cg.ag	6768		
kvo	צִלְּתַי	ṣillĕtay	Np	Zilthai			r.cc.ad	6769		
kvp	צָמֵא	ṣāmēʾ	V	be thirsty	main	צמא	r.ch.aa	6770		1926
kvq	צָמֵא	ṣāmēʾ	A	thirsty	sub		r.ch.ac	6771		1926b
kvr	צָמָא	ṣāmāʾ	N	thirst	sub		r.ch.ab	6772		1926a
kvs	צִמְאָה	ṣimʾâ	N	parched condition	sub		r.ch.ad	6773		1926c
kvt	צִמָּאוֹן	ṣimmāʾôn	N	thirsty ground	sub		r.ch.ae	6774		1926d
kvu	צֶ֫מֶד	ṣemed	N	couple	sub		r.ci.ab	6776		1927a
kvv	צָמַד	ṣāmad	V	bind	main	צמד	r.ci.aa	6775		1927
kvw	צַמָּה	ṣammâ	N	woman’s veil	sub		r.ck.ab	6777		1929a
kvx	צַמּוּק	ṣammûq	N	bunch of raisins	sub		r.cl.ab	6778		1930a
kvy	צֶ֫מַח	ṣemaḥ	N	sprout	sub		r.cj.ab	6780		1928a
kvz	צָמַח	ṣāmaḥ	V	sprout	main	צמח	r.cj.aa	6779		1928
kwa	צָמִיד	ṣāmîd	N	bracelet	sub		r.ci.ac	6781	a	1927b
kwb	צָמִיד	ṣāmîd	N	cover	sub		r.ci.ad	6781	b	1927c
kwc	צַמִּים	ṣammîm	N	snare	sub		r.ck.ac	6782		1929b
kwd	צְמִיתֻת	ṣĕmîtut	N	completion	sub		r.cn.ab	6783		1932a
kwe	צמם	ṣmm			main	צמם	r.ck.aa			1929
kwf	צָמַק	ṣāmaq	V	dry up	main	צמק	r.cl.aa	6784		1930
kwg	צֶ֫מֶר	ṣemer	N	wool	sub		r.cm.ab	6785		1931a
kwh	צמר	ṣmr			main	צמר	r.cm.aa			1931
kwi	צְמָרִי	ṣĕmārî	Ag	Tsemarite			r.cm.ad	6786		
kwj	צְמָרַיִם	ṣĕmārayim	Np	Zemaraim			r.cm.ae	6787		
kwk	צַמֶּ֫רֶת	ṣammeret	N	top	sub		r.cm.ac	6788		1931b
kwl	צָמַת	ṣāmat	V	put an end to	main	צמת	r.cn.aa	6789		1932
kwm	צִן	ṣin	Np	Zin			r.cn.ac	6790		
kwn	צֵן	ṣēn	N	thorn	sub		r.cq.ab	6791		1936a
kwo	צִנָּה	ṣinnâ	N	coolness	sub		r.cr.ab	6793	b	1937a
kwp	צִנָּה	ṣinnâ	N	hook	sub		r.cq.ac	6793	a	1936b
kwq	צִנָּה	ṣinnâ	N	shield	sub		r.cs.ab	6793	c	1938a
kwr	צֹנֶה	ṣōneh	N	flocks	single		r.cn.ae	6792		1933
kws	צָנוּעַ	ṣānûaʿ	A	modest	sub		r.ct.ab	6800	b	1939a
kwt	צִנּוֹר	ṣinnôr	N	pipe	sub		r.cw.ab	6794		1942a
kwu	צָנַח	ṣānaḥ	V	descend	main	צנח	r.co.aa	6795		1934
kwv	צָנִין	ṣānîn	N	thorn	sub		r.cq.ad	6796		1936c
kww	צָנִיף	ṣānîp	N	turban	sub		r.cu.ab	6797		1940a
kwx	צָנַם	ṣānam	V	dry up	main	צנם	r.cp.aa	6798		1935
kwy	צְנָן	ṣĕnān	Np	Zenan			r.ab.ac	6799		
kwz	צנן	ṣnn			main	צנן	r.cq.aa			1936
kxa	צנן	ṣnn			main	צנן	r.cr.aa			1937
kxb	צנן	ṣnn			main	צנן	r.cs.aa			1938
kxc	צָנַע	ṣānaʿ	V	be modest	main	צנע	r.ct.aa	6800	a	1939
kxd	צָנַף	ṣānap	V	wrap	main	צנף	r.cu.aa	6801		1940
kxe	צְנֵפָה	ṣĕnēpâ	N	winding	sub		r.cu.ac	6802		1940b
kxf	צִנְצֶ֫נֶת	ṣinṣenet	N	jar	sub		r.cs.ac	6803		1938b
kxg	צנק	ṣnq			main	צנק	r.cv.aa			1941
kxh	צנר	ṣnr			main	צנר	r.cw.aa			1942
kxi	צַנְתְּרוֹת	ṣantĕrôt	N	pipes	sub		r.cw.ac	6804		1942b
kxj	צַ֫עַד	ṣaʿad	N	step	sub		r.cx.ab	6806		1943a
kxk	צָעַד	ṣāʿad	V	step	main	צעד	r.cx.aa	6805		1943
kxl	צעד	ṣʿd			main	צעד	r.cy.aa			
kxm	צְעָדָה	ṣĕʿādâ	N	armlet	sub		r.cy.ab	6807	b	1943c
kxn	צְעָדָה	ṣĕʿādâ	N	marching	sub		r.cx.ac	6807	a	1943b
kxo	צָעָה	ṣāʿâ	V	stoop	main	צעה	r.cz.aa	6808		1944
kxp	צָעִיף	ṣāʿîp	N	wrapper	sub		r.db.ab	6809		1946a
kxq	צָעִיר	ṣāʿîr	A	little	sub		r.dd.ac	6810		1948a
kxr	צָעִיר	ṣāʿîr	Np	Zair			r.dd.ad	6811		
kxs	צְעִירָה	ṣĕʿîrâ	N	youth	sub		r.dd.ae	6812		1948b
kxt	צָעַן	ṣāʿan	V	wander	main	צען	r.da.aa	6813		1945
kxu	צֹ֫עַן	ṣōʿan	Np	Zoan			r.da.ab	6814		
kxv	צַעֲנַנִּים	ṣaʿănannîm	Np	Zaannannim			r.da.ac	6815		
kxw	צעף	ṣʿp			main	צעף	r.db.aa			1946
kxx	צַעֲצֻעִים	ṣaʿăṣuʿîm	N	things formed	sub		r.bd.ab	6816		1891a
kxy	צָעַק	ṣāʿaq	V	cry	main	צעק	r.dc.aa	6817		1947
kxz	צְעָקָה	ṣĕʿāqâ	N	cry	sub		r.dc.ab	6818		1947a
kya	צָעַר	ṣāʿar	V	be insignificant	main	צער	r.dd.aa	6819		1948
kyb	צֹ֫עַר	ṣōʿar	Np	Zoar			r.dd.ab	6820		
kyc	צָפַד	ṣāpad	V	draw together	main	צפד	r.de.aa	6821		1949
kyd	צָפָה	ṣāpâ	V	lay out	main	צפה	r.dg.aa	6823		1951
kye	צָפָה	ṣāpâ	N	out-flow	sub		r.be.ae	6824		1892b
kyf	צָפָה	ṣāpâ	V	look out	main	צפה	r.df.aa	6822		1950
kyg	צְפוֹ	ṣĕpô	Np	Zephi			r.df.ab	6825		
kyh	צִפּוּי	ṣippûy	N	plating	sub		r.dg.ab	6826		1951a
kyi	צְפוֹן	ṣĕpôn	Np	Zephon			r.df.ae	6827		
kyj	צָפוֹן	ṣāpôn	N	north	sub		r.di.ac	6828		1953b
kyk	צָפוֹן	ṣāpôn	Np	Zaphon			r.di.ae	6829		
kyl	צְפוֹנִי	ṣĕpônî	A	northern	sub		r.di.ad	6830		1953c
kym	צְפוֹנִי	ṣĕpônî	Ag	Tsephonite			r.df.af	6831		
kyn	צִפּוֹר	ṣippôr	Np	Zippor			r.do.ac	6834		
kyo	צִפּוֹר	ṣippôr	N	bird	sub		r.do.ab	6833		1959a
kyp	צפח	ṣpḥ			main	צפח	r.dh.aa			1952
kyq	צַפַּ֫חַת	ṣappaḥat	N	jar	sub		r.dh.ab	6835		1952a
kyr	צְפִּיָּה	ṣĕpîyâ	N	outlook-post	sub		r.df.ad	6836		1950a
kys	צִפְיוֹן	ṣipyôn	Np	Ziphion. Compare			r.df.ae	6837		
kyt	צְפִיחִת	ṣĕpîḥit	N	flat cake	sub		r.dh.ac	6838		1952b
kyu	צֹפִים	ṣōpîm	Np	Zophim			r.df.aa	6839		
kyv	צָפִין	ṣāpîn	N	treasure	sub		r.di.ab	6840		1953a
kyw	צָפִיעַ	ṣāpîaʿ	N	dung	sub		r.dk.ab	6832		1955a
kyx	צְפִיעָה	ṣĕpîʿâ	N	offshoot	sub		r.dl.ab	6849		1956a
kyy	צָפִיר	ṣāpîr	N	he-goat	sub		r.dr.ab	6842		1962a
kyz	צְפִירָה	ṣĕpîrâ	N	plait	sub		r.dp.ab	6843		1960a
kza	צָפִית	ṣāpît	N	rug	sub		r.dg.ac	6844		1951b
kzb	צָפַן	ṣāpan	V	hide	main	צפן	r.di.aa	6845		1953
kzc	צְפַנְיָהוּ	ṣĕpanyāhû	Np	Zephaniah			r.di.ag	6846		
kzd	צָֽפְנַת פַּעְנֵחַ	ṣāpĕnat paʿnēaḥ	Np	Zaphnath-paaneah			r.di.ai	6847		
kze	צֶ֫פַע	ṣepaʿ	N	serpent	sub		r.dj.ab	6848	a	1954a
kzf	צפע	ṣpʿ			main	צפע	r.dj.aa			1954
kzg	צפע	ṣpʿ			main	צפע	r.dl.aa			1956
kzh	צפע	ṣpʿ			main	צפע	r.dk.aa			1955
kzi	צִפְעוֹנִי	ṣipʿônî	N	viper	sub		r.dj.ac	6848	b	1954b
kzj	צָפַף	ṣāpap	V	chirp	main	צפף	r.dm.aa	6850		1957
kzk	צַפְצָפָה	ṣapṣāpâ	N	willow	sub		r.dm.ab	6851		1957a
kzl	צָפַר	ṣāpar	V	let him return and	main	צפר	r.dn.aa	6852		1958
kzm	צפר	ṣpr			main	צפר	r.dr.aa			1962
kzn	צפר	ṣpr			main	צפר	r.dq.aa			1961
kzo	צפר	ṣpr			main	צפר	r.dp.aa			1960
kzp	צפר	ṣpr			main	צפר	r.do.aa			1959
kzq	צְפַרְדֵּעַ	ṣĕpardēaʿ	N	frogs	single		r.dr.ad	6854		1963
kzr	צִפֹּרָה	ṣippōrâ	Np	Zipporah			r.do.ad	6855		
kzs	צִפֹּ֫רֶן	ṣippōren	N	nail	sub		r.dq.ab	6856		1961a
kzt	צְפַ֑ת	ṣĕpat	Np	Zephath			r.dr.af	6857		
kzu	צֶ֫פֶת	ṣepet	N	plated capital	sub		r.dg.ad	6858		1951c
kzv	צְפַ֫תָה	ṣĕpatâ	Np	Zephathah			r.dr.ag	6859		
kzw	צִקְלַג	ṣiqlag	Np	Ziklag			r.dr.aj	6860		
kzx	צִקָּלֹן	ṣiqqālōn	N	garment	single		r.dr.ak	6861		1964
kzy	צֵר	ṣēr	Np	Zer			r.dr.am	6863		
kzz	צַר	ṣar	A	pebble	sub		r.eb.ab	6862	d	1975a
laa	צַר	ṣar	N	straits	sub		r.dz.ac	6862	b	1973b
lab	צַר	ṣar	A	adversary	sub		r.ea.ab	6862	c	1974a
lac	צַר	ṣar	A	narrow	sub		r.dz.ab	6862	a	1973a
lad	צֹר	ṣōr	Np	Tyre	single		r.dr.an	6865		1965
lae	צֹר	ṣōr	N	knives of flint	sub		r.eb.ac	6864		1975b
laf	צָרַב	ṣārab	V	burn	main	צרב	r.ds.aa	6866		1966
lag	צָרָב	ṣārāb	A	burning	sub		r.ds.ab	6867	a	1966a
lah	צָרֶ֫בֶת	ṣārebet	N	scab	sub		r.ds.ac	6867	b	1966b
lai	צְרֵדָה	ṣĕrēdâ	Np	Zereda			r.ds.ad	6868		
laj	צָרָה	ṣārâ	N	straits	sub		r.dz.ad	6869	b	1973c
lak	צָרָה	ṣārâ	N	vexer	sub		r.ea.ac	6869	c	1974b
lal	צרה	ṣrh			main	צרה	r.dt.aa			1967
lam	צְרוּיָה	ṣĕrûyâ	Np	Zeruiah			r.dt.ad	6870		
lan	צְרוּעָה	ṣĕrûʿâ	Np	Zeruah			r.dx.ae	6871		
lao	צְרוֹר	ṣĕrôr	Np	Zeror			r.eb.ae	6872	c	
lap	צְרוֹר	ṣĕrôr	N	bundle	sub		r.dz.af	6872	a	1973e
laq	צְרוֹר	ṣĕrôr	N	pebble	sub		r.eb.ad	6872	b	1975c
lar	צָרַח	ṣāraḥ	V	cry	main	צרח	r.du.aa	6873		1968
las	צרח	ṣrḥ			main	צרח	r.dv.aa			1969
lat	צְרִי	ṣĕrî	Np	Zeri. Compare			r.dt.ac	6874		
lau	צֳרִי	ṣŏrî	N	balsam	sub		r.dt.ab	6875		1967a
lav	צֹרִי	ṣōrî	Ag	Tyrian			r.dr.ao	6876		
law	צְרִיחַ	ṣĕrîaḥ	N	excavation	sub		r.dv.ab	6877		1969a
lax	צֹ֫רֶךְ	ṣōrek	N	need	sub		r.dw.ab	6878		1970a
lay	צרך	ṣrk			main	צרך	r.dw.aa			1970
laz	צָרַע	ṣāraʿ	V	be stricken with leprosy	sub		r.dx.ac	6879		1971
lba	צרע	ṣrʿ			main	צרע	r.dx.aa			
lbb	צִרְעָה	ṣirʿâ	N	hornets	sub		r.dx.ad	6880		1971b
lbc	צׇרְעָה	ṣorʿâ	Np	Zareah			r.dx.af	6881		
lbd	צָרַ֫עַת	ṣāraʿat	N	leprosy	sub		r.dx.ab	6883		1971a
lbe	צׇרְעָתִי	ṣorʿātî	Ag	Tsorite			r.dx.ah	6882		
lbf	צָרַף	ṣārap	V	smelt	main	צרף	r.dy.aa	6884		1972
lbg	צֹרְפִי	ṣōrĕpî	N	goldsmiths	sub		r.dy.ab	6885		1972a
lbh	צָֽרְפַת	ṣārĕpat	Np	Zarephath			r.dy.ac	6886		
lbi	צָרַר	ṣārar	V	suffer distress	sub		r.dz.ae	6887	c	1973d
lbj	צָרַר	ṣārar	V	make a rival-wife	sub		r.ea.ad	6887	e	1974c
lbk	צָרַר	ṣārar	V	bind	main	צרר	r.dz.aa	6887	b	1973
lbl	צָרַר	ṣārar	V	shew hostility toward	main	צרר	r.ea.aa	6887	d	1974
lbm	צרר	ṣrr			main	צרר	r.eb.aa			1975
lbn	צְרֵרָה	ṣĕrērâ	Np	Zererath			r.eb.af	6888		
lbo	צֶ֫רֶת	ṣeret	Np	Zereth			r.eb.ag	6889		
lbp	צֶרֶת הַשַּׁ֫חַר	ṣeret haššaḥar	Np	Zareth-shahar			r.eb.ah	6890		
lbq	צָֽרְתָן	ṣārĕtān	Np	Zarethan			r.eb.ai	6891		
lbr	ק	q					s.aa.aa			
lbs	קֵא	qēʾ	N	what is vomited up	sub		s.bi.ab	6892	a	2013a
lbt	קָאַת	qāʾat	N	pelican	main		s.aa.ad	6893		1976
lbu	קַב	qab	N	ḳab	sub		s.ab.ab	6894		1977a
lbv	קָבַב	qābab	V	utter a curse against	main	קבב	s.ac.aa	6895		1978
lbw	קבב	qbb			main	קבב	s.ab.aa			1977
lbx	קֵבָה	qēbâ	N	stomach	sub		s.ad.ab	6896		1979a
lby	קֹבָה	qōbâ	N	stomach	sub		s.ad.ab	6897		1979a
lbz	קֻבָּה	qubbâ	N	large vaulted tent	sub		s.ab.ac	6898		1977b
lca	קבה	qbh			main	קבה	s.ad.aa			1979
lcb	קִבּוּץ	qibbûṣ	N	heap	sub		s.ag.ab	6899		1983a
lcc	קְבֹל	qĕbōl	N	battering-ram	sub		s.ae.ab	6904		1980a
lcd	קָבַל	qābal	V	receive	main	קבל	s.ae.aa	6901		1980
lce	קָבָל	qābāl	N	presence	sub		s.ae.ab	6905		1980a
lcf	קָבַע	qābaʿ	V	rob	main	קבע	s.af.aa	6906		1981
lcg	קֻבַּעַת	qubbaʿat	N	cup	single		s.af.ab	6907		1982
lch	קָבַץ	qābaṣ	V	gather	main	קבץ	s.ag.aa	6908		1983
lci	קַבְצְאֵל	qabṣĕʾēl	Np	Kabzeel. Compare			s.ag.ad	6909		
lcj	קְבֻצָה	qĕbuṣâ	N	a gathering	sub		s.ag.ac	6910		1983b
lck	קִבְצַיִם	qibṣayim	Np	Kibzaim			s.ag.ae	6911		
lcl	קֶ֫בֶר	qeber	N	grave	sub		s.ah.ab	6913		1984a
lcm	קָבַר	qābar	V	bury	main	קבר	s.ah.aa	6912		1984
lcn	קְבֻרָה	qĕburâ	N	grave	sub		s.ah.ad	6900		1984b
lco	קִבְרוֹת הַתַּאֲוָה	qibrôt hattaʾăwâ	Np	Kibroth-hattaavah			s.ah.ac	6914		
lcp	קָדַד	qādad	V	bow down	main	קדד	s.ai.aa	6915		1985
lcq	קדד	qdd			main	קדד	s.aj.aa			1986
lcr	קִדָּה	qiddâ	N	cassia	sub		s.aj.ac	6916		1986b
lcs	קָדוּם	qādûm	N	ancient	sub		s.al.ai	6917		1988g
lct	קָדוֹשׁ	qādôš	A	sacred	sub		s.an.ac	6918		1990b
lcu	קָדַח	qādaḥ	V	be kindled	main	קדח	s.ak.aa	6919		1987
lcv	קַדַּ֫חַת	qaddaḥat	N	fever	sub		s.ak.ab	6920		1987a
lcw	קָדִים	qādîm	N	East	sub		s.al.ah	6921		1988d
lcx	קֵ֫דֶם	qēdem	D	eastward	sub		s.al.ad	6924	b	1988b
lcy	קֶ֫דֶם	qedem	N	front	sub		s.al.ab	6924	a	1988a
lcz	קָדַם	qādam	V	come in front	sub		s.al.ac	6923		1988
lda	קדם	qdm			main	קדם	s.al.aa			
ldb	קִדְמָה	qidmâ	N	front	sub		s.al.af	6926		1988a
ldc	קֵ֑דְמָה	qēdĕmâ	Np	Kedemah			s.al.ag	6929		
ldd	קַדְמָה	qadmâ	N	antiquity	sub		s.al.ae	6927		1988c
lde	קַדְמוֹן	qadmôn	A	eastern	sub		s.al.aj	6930		1988e
ldf	קְדֵמוֹת	qĕdēmôt	Np	Kedemoth			s.al.am	6932		
ldg	קַדְמִיאֵל	qadmîʾēl	Np	Kadmiel			s.al.an	6934		
ldh	קַדְמֹנִי	qadmōnî	A	former	sub		s.al.ak	6931		1988f
ldi	קַדְמֹנִי	qadmōnî	Ag	Easterners			s.al.al	6935		
ldj	קׇדְקֹד	qodqōd	N	head	sub		s.aj.ab	6936		1986a
ldk	קֵדָר	qēdār	Np	Kedar			s.am.ad	6938		
ldl	קָדַר	qādar	V	be dark	main	קדר	s.am.aa	6937		1989
ldm	קִדְרוֹן	qidrôn	Np	Kidron			s.am.ae	6939		
ldn	קַדְרוּת	qadrût	N	darkness	sub		s.am.ab	6940		1989a
ldo	קְדֹרַנִּית	qĕdōrannît	D	as mourners	sub		s.am.ac	6941		1989b
ldp	קֶ֫דֶשׁ	qedeš	Np	Kedesh	sub		s.an.af	6943		1990d
ldq	קָדֵשׁ	qādēš	N	temple-prostitute	sub		s.an.ae	6945		1990c
ldr	קָדֵשׁ	qādēš	Np	Kadesh. Compare	sub		s.an.ag	6946		1990e
lds	קָדַשׁ	qādaš	V	be set apart	sub		s.an.ad	6942		1990
ldt	קֹ֫דֶשׁ	qōdeš	N	apartness	sub		s.an.ab	6944		1990a
ldu	קדשׁ	qdš			main	קדשׁ	s.an.aa			
ldv	קָדֵשׁ בַּרְנֵעַ	qādēš barnēaʿ	Np	Kadeshbarnea			s.an.ag	6947		
ldw	קְדֵשָׁה	qĕdēšâ	N	temple-prostitute	sub		s.an.ae	6948		1990c
ldx	קָהָה	qāhâ	V	be blunt	main	קהה	s.ao.aa	6949		1990.1
ldy	קֵהָיוֹן	qēhāyôn	N	bluntness	sub		s.ao.ab	5356	b	
ldz	קָהַל	qāhal	V	assemble as an assembly	sub		s.ap.ac	6950		1991
lea	קָהָל	qāhāl	N	assembly	sub		s.ap.ab	6951		1991a
leb	קהל	qhl			main	קהל	s.ap.aa			
lec	קְהִלָּה	qĕhillâ	N	assembly	sub		s.ap.ad	6952		1991b
led	קֹהֶ֫לֶת	qōhelet	N	collector	sub		s.ap.ae	6953		1991c
lee	קְהֵלָ֫תָה	qĕhēlātâ	Np	Kehelathah			s.ap.af	6954		
lef	קְהָת	qĕhāt	Np	Kohath			s.ap.ai	6955		
leg	קְהָתִי	qĕhātî	Ag	Kohathite			s.ap.aj	6956		
leh	קַו	qaw	N	cord	single		s.ap.ak	6957	a	1992
lei	קַו	qaw	N	line	sub		s.aq.ab	6957	b	1994a
lej	קוֹבַע	qôbaʿ	N	helmet	single		s.ap.am	6959		1993
lek	קָוָה	qāwâ	V	wait for	main	קוה	s.aq.aa	6960	a	1994
lel	קָוָה	qāwâ	V	collect	main	קוה	s.ar.aa	6960	b	1995
lem	קֹוֶה	qōweh	Np	Kue			s.ap.ao	4723	a	
len	קוה	qwh	N	cord	sub		s.aq.ac	6961		1994a
leo	קוֹט	qôṭ	V	break	main	קוט	s.at.aa	6990		1997
lep	קוּט	qûṭ	V	feel a loathing	main	קוט	s.as.aa	6962		1996
leq	קוֹל	qôl	N	sound	sub		s.au.ab	6963	a	1998a
ler	קול	qwl			main	קול	s.au.aa			1998
les	קוֹלָיָה	qôlāyâ	Np	Kolaiah			s.au.ac	6964		
let	קוּם	qûm	V	arise	main	קום	s.av.aa	6965	b	1999
leu	קוֹמָה	qômâ	N	height	sub		s.av.ab	6967		1999a
lev	קוֹמְמִיּוּת	qômĕmîyût	N	uprightness	sub		s.av.ag	6968		1999e
lew	קוֹעַ	qôaʿ	Np	Koa			s.av.ar	6970		
lex	קוֹף	qôp	N	ape	single		s.av.as	6971		2000
ley	קוף	qwp			main	קוף	s.aw.aa			2001
lez	קוֹץ	qôṣ	Np	Koz			s.ay.ac	6976		
lfa	קוֹץ	qôṣ	N	thornbush	sub		s.ay.ab	6975		2003a
lfb	קוּץ	qûṣ	V	feel a loathing	main	קוץ	s.ax.aa	6973		2002
lfc	קוץ	qwṣ			main	קוץ	s.ay.aa			2003
lfd	קְוֻצּוֹת	qĕwuṣṣôt	N	locks	sub		s.ay.ad	6977		2003b
lfe	קַוְקָו	qawqāw	N	might	sub		s.aq.ad	6978		1994b
lff	קוּר	qûr	V	bore	main	קור	s.az.aa	6979	a	2004
lfg	קוּר	qûr	N	thread	sub		s.ba.ab	6980		2005a
lfh	קור	qwr			main	קור	s.ba.aa			2005
lfi	קוֹרֵא	qôrēʾ	Np	Kore			s.cy.ac	6981		
lfj	קוֹרָה	qôrâ	N	rafter	sub		s.dc.ae	6982		2068d
lfk	קוּשׁ	qûš	V	lay bait	main	קושׁ	s.bb.aa	6983		2006
lfl	קוּשָׁיָ֫הוּ	qûšāyāhû	Np	Kushaiah			s.bb.ab	6984		
lfm	קָ֔ט	qāṭ	A	only	single		s.bb.ad	6985		2006.1
lfn	קֶ֫טֶב	qeṭeb	N	destruction	sub		s.bc.ab	6986		2007a
lfo	קֹטֶב	qōṭeb	N	destruction	sub		s.bc.ab	6987		2007a
lfp	קטב	qṭb			main	קטב	s.bc.aa			2007
lfq	קְטוֹרָה	qĕṭôrâ	N	smoke of sacrifice	sub		s.bg.ac	6988		2011a
lfr	קְטוּרָה	qĕṭûrâ	Np	Keturah			s.bg.ad	6989		
lfs	קֶ֫טֶל	qeṭel	N	slaughter	sub		s.bd.ab	6993		2008a
lft	קָטַל	qāṭal	V	slay	main	קטל	s.bd.aa	6991		2008
lfu	קְטֹן	qĕṭōn	N	little	sub		s.be.ae	6995		2009c
lfv	קָטָן	qāṭān	A	small	sub		s.be.ab	6996	a	2009a
lfw	קָטָן	qāṭān	Np	Hakkatan (including the article)			s.be.ac	6997		
lfx	קָטֹן	qāṭōn	A	small	sub		s.be.ad	6996	b	2009b
lfy	קָטֹן	qāṭōn	V	be small	main	קטן	s.be.aa	6994		2009
lfz	קָטַף	qāṭap	V	pluck off	main	קטף	s.bf.aa	6998		2010
lga	קִטֵּר	qiṭṭēr	N	incense	sub		s.bg.ag	7002		2011c
lgb	קָטַר	qāṭar	V	shut in	main	קטר	s.bh.aa	7000		2012
lgc	קָטַר	qāṭar	V	make sacrifices smoke	sub		s.bg.af	6999	a	2011
lgd	קטר	qṭr			main	קטר	s.bg.aa			
lge	קִטְרוֹן	qiṭrôn	Np	Kitron			s.bh.ab	7003		
lgf	קְטֹ֫רֶת	qĕṭōret	N	smoke	sub		s.bg.ae	7004		2011a
lgg	קַטָּת	qaṭṭāt	Np	Kattath			s.bh.ac	7005		
lgh	קִיא	qîʾ	N	vomit	sub		s.bi.ac	6892	b	2013b
lgi	קִיא	qîʾ	V	vomit up	main	קיא	s.bi.aa	6958		2013
lgj	קָיָה	qāyâ	V	vomit	main	קיה	s.bj.aa	7006		2014
lgk	קִיטוֹר	qîṭôr	N	thick smoke	sub		s.bg.ab	7008		2011b
lgl	קִים	qîm	N	adversary	sub		s.av.ad	7009		1999c
lgm	קִימָה	qîmâ	N	rising up	sub		s.av.ae	7012		1999d
lgn	קַ֫יִן	qayin	N	spear	sub		s.bk.ab	7013		2015a
lgo	קַ֫יִן	qayin	Np	Cain	single		s.bk.ae	7014	b	2017
lgp	קַ֫יִן	qayin	Np	Cain	single		s.bk.ac	7014	a	2016
lgq	קין	qyn			main	קין	s.bk.aa			2015
lgr	קִינָה	qînâ	Np	Kinah			s.bk.ad	7016		
lgs	קִינָה	qînâ	N	elegy	sub		s.bk.ah	7015		2018a
lgt	קֵינִי	qênî	A	Kenite	single		s.bk.af	7017		2016
lgu	קִינֵן	qînēn	V	chant an elegy	sub		s.bk.ai	6969		2018
lgv	קֵינָן	qênān	Np	Cainan			s.bk.ag	7018		
lgw	קִיץ	qîṣ	V	awake	main	קיץ	s.bl.aa	6974		2019
lgx	קַ֫יִץ	qayiṣ	N	summer	sub		s.bm.ab	7019		2020a
lgy	קיץ	qyṣ	N	summer	main	קיץ	s.bm.aa	6972		2020
lgz	קִיצוֹן	qîṣôn	A	at the end	sub		s.cv.ad	7020		2060b
lha	קִיקָיוֹן	qîqāyôn	N	ricinus	single		s.bm.ad	7021		2021
lhb	קִיקָלוֹן	qîqālôn	N	disgrace	sub		s.br.ah	7022		2028f
lhc	קִיר	qîr	N	wall	single		s.bm.af	7023		2022
lhd	קִיר	qîr	Np	Kir			s.bm.ah	7024	b	
lhe	קִיר	qîr	Np	Kir			s.bm.ag	7024	a	
lhf	קִיר חֶרֶשׂ	qîr ḥereś	Np	Kir-haraseth			s.bm.ag	7025		
lhg	קִישׁ	qîš	Np	Kish			s.bm.aj	7027		
lhh	קִישׁוֹן	qîšôn	Np	Kishon			s.bm.ak	7028		
lhi	קִישִׁי	qîšî	Np	Kishi			s.bb.ab	7029		
lhj	קַל	qal	A	light	sub		s.br.ab	7031		2028a
lhk	קֹל	qōl	N	lightness	sub		s.br.ac	6963	b	2028b
lhl	קָלַהּ	qālah	V	assemble as a	sub		s.ap.ac	7035		1991
lhm	קָלָה	qālâ	V	be lightly esteemed	main	קלה	s.bo.aa	7034		2024
lhn	קָלָה	qālâ	V	roast	main	קלה	s.bn.aa	7033		2023
lho	קָלוֹן	qālôn	N	ignominy	sub		s.bo.ab	7036		2024a
lhp	קַלַּ֫חַת	qallaḥat	N	kettle	single		s.bo.ac	7037		2025
lhq	קָלַט	qālaṭ	V	be stunted	main	קלט	s.bq.aa	7038		2027
lhr	קלט	qlṭ			main	קלט	s.bp.aa			2026
lhs	קַלַּי	qallay	Np	Kallai			s.br.af	7040		
lht	קָלִי	qālî	N	parched	sub		s.bn.ab	7039		2023a
lhu	קֵלָיָה	qēlāyâ	Np	Kelaiah			s.au.ac	7041		
lhv	קְלִיטָא	qĕlîṭāʾ	Np	Kelita			s.bq.ab	7042		
lhw	קָלַל	qālal	V	be slight	main	קלל	s.br.aa	7043		2028
lhx	קָלָל	qālāl	A	burnished	sub		s.br.ad	7044		2028c
lhy	קְלָלָה	qĕlālâ	N	curse	sub		s.br.ae	7045		2028d
lhz	קֶ֫לֶס	qeles	N	derision	sub		s.bs.ab	7047		2029a
lia	קָלַס	qālas	V	mock	main	קלס	s.bs.aa	7046		2029
lib	קַלָּסָה	qallāsâ	N	ridicule	sub		s.bs.ac	7048		2029b
lic	קֶ֫לַע	qelaʿ	N	curtain	sub		s.bt.ad	7050	b	2030c
lid	קֶ֫לַע	qelaʿ	N	sling	sub		s.bt.ab	7050	a	2030a
lie	קַלָּע	qallāʿ	N	slinger	sub		s.bt.ac	7051		2030b
lif	קָלַע	qālaʿ	V	carve	main	קלע	s.bu.aa	7049	b	2031
lig	קָלַע	qālaʿ	V	sling	main	קלע	s.bt.aa	7049	a	2030
lih	קְלֹקֵל	qĕlōqēl	A	contemptible	sub		s.br.ag	7052		2028e
lii	קִלְּשׁוֹן	qillĕšôn	N	fine point	single		s.bu.ad	7053		2032
lij	קָמָה	qāmâ	N	standing grain	sub		s.av.ac	7054		1999b
lik	קְמוּאֵל	qĕmûʾēl	Np	Kemuel			s.bu.af	7055		
lil	קָמוֹן	qāmôn	Np	Camon			s.av.af	7056		
lim	קִמּוֹשׂ	qimmôś	N	thistles	sub		s.bz.ab	7057		2037a
lin	קֶ֫מַח	qemaḥ	N	flour	sub		s.bv.ab	7058		2033a
lio	קמח	qmḥ			main	קמח	s.bv.aa			2033
lip	קָמַט	qāmaṭ	V	seize	main	קמט	s.bw.aa	7059		2034
liq	קָמֵל	qāmēl	V	be decayed	main	קמל	s.bx.aa	7060		2035
lir	קָמַץ	qāmaṣ	V	enclose with the hand	main	קמץ	s.by.aa	7061		2036
lis	קֹ֫מֶץ	qōmeṣ	N	closed hand	sub		s.by.ab	7062		2036a
lit	קמשׂ	qmś			main	קמשׂ	s.bz.aa			2037
liu	קִמָּשׂוֹן	qimmāśôn	N	thistles	sub		s.bz.ab	7063		2037a
liv	קֵן	qēn	N	nest	sub		s.cd.ab	7064		2042a
liw	קַנָּא	qannāʾ	A	jealous	sub		s.ca.ad	7067		2038b
lix	קָנָא	qānāʾ	V	be jealous	sub		s.ca.ac	7065		2038
liy	קנא	qnʾ			main	קנא	s.ca.aa			
liz	קִנְאָה	qinʾâ	N	ardour	sub		s.ca.ab	7068		2038a
lja	קָנֶה	qāneh	N	stalk	sub		s.cc.ab	7070		2040a
ljb	קָנָה	qānâ	Np	Kanah			s.cc.ac	7071		
ljc	קָנָה	qānâ	V	get	main	קנה	s.cb.aa	7069		2039
ljd	קנה	qnh			main	קנה	s.cc.aa			2040
lje	קַנּוֹא	qannôʾ	A	jealous	sub		s.ca.ae	7072		2038c
ljf	קְנַז	qĕnaz	Np	Kenaz			s.cc.ad	7073		
ljg	קְנִזִּי	qĕnizzî	Ag	Kenezite			s.cc.ae	7074		
ljh	קִנְיָן	qinyān	N	thing got	sub		s.cb.ab	7075		2039a
lji	קִנָּמוֹן	qinnāmôn	N	cinnamon	single		s.cc.ag	7076		2041
ljj	קִנֵּן	qinnēn	V	make a nest	sub		s.cd.ac	7077		2042
ljk	קנן	qnn			main	קנן	s.cd.aa			
ljl	קֵ֫נֶץ	qēneṣ	N	snare	sub		s.ce.ab	7078		2043a
ljm	קנץ	qnṣ			main	קנץ	s.ce.aa			2043
ljn	קְנָת	qĕnāt	Np	Kenath			s.ce.ac	7079		
ljo	קֶ֫סֶם	qesem	N	divination	sub		s.cf.ab	7081		2044a
ljp	קָסַם	qāsam	V	practise divination	sub		s.cf.ac	7080		2044
ljq	קסם	qsm			main	קסם	s.cf.aa			
ljr	קָסַס	qāsas	V	strip off	main	קסס	s.cg.aa	7082		2045
ljs	קֶ֫סֶת	qeset	N	pot	sub		s.dn.ac	7083		2080b
ljt	קְעִילָה	qĕʿîlâ	Np	Keilah			s.cg.ac	7084		
lju	קַעֲקַע	qaʿăqaʿ	N	incision	sub		s.ch.ab	7085		2046a
ljv	קעקע	qʿqʿ			main	קעקע	s.ch.aa			2046
ljw	קער	qʿr			main	קער	s.ci.aa			2047
ljx	קְעָרָה	qĕʿārâ	N	dish	sub		s.ci.ab	7086		2047a
ljy	קָפָא	qāpāʾ	V	thicken	main	קפא	s.cj.aa	7087	a	2048
ljz	קִפָּאוֹן	qippāʾôn	N	congelation	sub		s.cj.ab	7087	b	2048a
lka	קִפֹּד	qippōd	N	porcupine	sub		s.ck.ab	7090		2049a
lkb	קָפַד	qāpad	V	gather together	main	קפד	s.ck.aa	7088		2049
lkc	קְפָדָה	qĕpādâ	N	shuddering	sub		s.ck.ac	7089		2049b
lkd	קִפּוֹז	qippôz	N	arrow-snake	sub		s.cl.ab	7091		2050a
lke	קפז	qpz			main	קפז	s.cl.aa			2050
lkf	קָפַץ	qāpaṣ	V	draw together	main	קפץ	s.cm.aa	7092		2051
lkg	קֵץ	qēṣ	N	end	sub		s.cv.ab	7093		2060a
lkh	קֶ֫צֶב	qeṣeb	N	cut	sub		s.cn.ab	7095		2052a
lki	קָצַב	qāṣab	V	cut off	main	קצב	s.cn.aa	7094		2052
lkj	קֵ֫צֶה	qēṣeh	N	end	sub		s.co.ad	7097	b	2053c
lkk	קָצֶה	qāṣeh	N	end	sub		s.co.ab	7097	a	2053a
lkl	קָצָה	qāṣâ	N	end	sub		s.co.ac	7098		2053b
lkm	קָצָה	qāṣâ	V	cut off	main	קצה	s.co.aa	7096		2053
lkn	קצה	qṣh			main	קצה	s.cp.aa			2054
lko	קָ֫צוּ	qāṣû	N	end	sub		s.co.ae	7099		2053d
lkp	קֶ֫צַח	qeṣaḥ	N	black cumin	sub		s.cq.ab	7100		2055a
lkq	קצח	qṣḥ			main	קצח	s.cq.aa			2055
lkr	קָצִין	qāṣîn	N	chief	sub		s.cp.ab	7101		2054a
lks	קְצִיעָה	qĕṣîʿâ	Np	Kezia			s.cr.ac	7103		
lkt	קְצִיעָה	qĕṣîʿâ	N	cassia	sub		s.cr.ab	7102		2056a
lku	קְצִיץ	qĕṣîṣ	Np	Keziz			s.cv.ac	7104		
lkv	קָצִיר	qāṣîr	N	harvesting	sub		s.cx.ab	7105	a	2062a
lkw	קָצִיר	qāṣîr	N	boughs	sub		s.cx.ac	7105	b	2062b
lkx	קָצַע	qāṣaʿ	V	cornered	sub		s.cs.ac	7106	b	2057
lky	קָצַע	qāṣaʿ	V	scrape	main	קצע	s.cr.aa	7106	a	2056
lkz	קצע	qṣʿ			main	קצע	s.cs.aa			
lla	קֶ֫צֶף	qeṣep	N	wrath	sub		s.ct.ab	7110	a	2058a
llb	קֶ֫צֶף	qeṣep	N	splinter	sub		s.cu.ac	7110	b	2059b
llc	קָצַף	qāṣap	V	be wroth	main	קצף	s.ct.aa	7107		2058
lld	קצף	qṣp			main	קצף	s.cu.aa			2059
lle	קְצָפָה	qĕṣāpâ	N	a snapping	sub		s.cu.ab	7111		2059a
llf	קָצַץ	qāṣaṣ	V	cut off	main	קצץ	s.cv.aa	7112		2060
llg	קָצֵר	qāṣēr	V	be short	main	קצר	s.cw.aa	7114	a	2061
llh	קָצֵר	qāṣēr	A	short	sub		s.cw.ab	7116		2061a
lli	קָצַר	qāṣar	V	reap	main	קצר	s.cx.aa	7114	b	2062
llj	קֹ֫צֶר	qōṣer	N	shortness	sub		s.cw.ac	7115		2061b
llk	קְצָת	qĕṣāt	N	end	sub		s.co.af	7117		2053e
lll	קַר	qar	A	cool	sub		s.dk.ab	7119		2077a
llm	קֹר	qōr	N	cold	sub		s.dk.ac	7120		2077b
lln	קָרָא	qārāʾ	V	call	main	קרא	s.cy.aa	7121		2063
llo	קָרָא	qārāʾ	V	encounter	main	קרא	s.cz.aa	7122		2064
llp	קֹרֵא	qōrēʾ	N	partridge	sub		s.cy.ab	7124		2063a
llq	קִרְאָה	qirʾâ	N	encounter	sub		s.cz.aa	7125		2064
llr	קְרָב	qĕrāb	N	battle	sub		s.da.ac	7128		2065b
lls	קֶ֫רֶב	qereb	N	inward part	sub		s.db.ab	7130		2066a
llt	קָרֵב	qārēb	A	approaching	sub		s.da.ab	7131		2065a
llu	קָרַב	qārab	V	come near	main	קרב	s.da.aa	7126		2065
llv	קָרֹב	qārōb	A	near	sub		s.da.ae	7138		2065d
llw	קרב	qrb			main	קרב	s.db.aa			2066
llx	קִרְבָה	qirbâ	N	approach	sub		s.da.ad	7132		2065c
lly	קֻרְבָּן	qurbān	N	offering	sub		s.da.ag	7133	b	2065f
llz	קׇרְבָּן	qorbān	N	offering	sub		s.da.af	7133	a	2065e
lma	קַרְדֹּם	qardōm	N	axe	single		s.db.ac	7134		2067
lmb	קָרֶה	qāreh	N	chance	sub		s.dc.ab	7137		2068a
lmc	קָרָה	qārâ	N	coolness	sub		s.dk.ad	7135		2077c
lmd	קָרָה	qārâ	V	encounter	main	קרה	s.dc.aa	7136	a	2068
lme	קָרָה	qārâ	V	lay the beams of	sub		s.dc.af	7136	b	2068e
lmf	קֵרֵחַ	qērēaḥ	A	bald	sub		s.dd.ab	7142		2069a
lmg	קֶ֫רַח	qeraḥ	N	frost	sub		s.de.ab	7140		2070a
lmh	קָרֵחַ	qārēaḥ	Np	Careah			s.dd.ae	7143		
lmi	קָרַח	qāraḥ	V	make bald	main	קרח	s.dd.aa	7139		2069
lmj	קֹ֫רַח	qōraḥ	Np	Korah			s.dd.af	7141		
lmk	קרח	qrḥ			main	קרח	s.de.aa			2070
lml	קׇרְחָה	qorḥâ	N	baldness	sub		s.dd.ac	7144		2069b
lmm	קׇרְחִי	qorḥî	Ag	Korahite			s.dd.ag	7145		
lmn	קָרַ֫חַת	qāraḥat	N	baldness of head	sub		s.dd.ad	7146		2069c
lmo	קְרִי	qĕrî	N	opposition	sub		s.dc.ac	7147		2068b
lmp	קָרִיא	qārîʾ	A	called	sub		s.cy.ad	7148		2063b
lmq	קְרִיאָה	qĕrîʾâ	N	proclamation	sub		s.cy.ae	7150		2063c
lmr	קִרְיָה	qiryâ	N	town	sub		s.dc.ah	7151		2068g
lms	קְרִיּוֹת	qĕrîyôt	Np	Kerioth			s.dc.au	7152		
lmt	קִרְיַת אַרְבַּע	qiryat ʾarbaʿ	Np	Kirjath-arba			s.dc.ak	7153		
lmu	קִרְיַת בַּעַל	qiryat baʿal	Np	Kirjathbaal			s.dc.an	7154		
lmv	קִרְיַת חֻצוֹת	qiryat ḥuṣôt	Np	Kirjath-huzoth			s.dc.am	7155		
lmw	קִרְיַת יְעָרִים	qiryat yĕʿārîm	Np	Kirjath			s.dc.an	7157		
lmx	קִרְיָתַ֫יִם	qiryātayim	Np	Kiriathaim			s.dc.aj	7156		
lmy	קִרְיַת־סֵ֫פֶר	qiryat-sēper	Np	Kirjath-sannah			s.dc.aq	7158		
lmz	קָרַם	qāram	V	spread	main	קרם	s.df.aa	7159		2071
lna	קֶ֫רֶן	qeren	N	horn	sub		s.dg.ab	7161	a	2072a
lnb	קָרַן	qāran	V	shoot out horns	sub		s.dg.ac	7160		2072
lnc	קרן	qrn			main	קרן	s.dg.aa			
lnd	קֶרֶן הַפּוּךְ	qeren happûk	Np	Keren-happuch			s.dg.ad	7163		
lne	קַרְנַ֫יִם	qarnayim	Np	Karnaim			s.dg.ae	7161	b	
lnf	קֵרֹס	qērōs	Np	Keros			s.dh.ad	7026		
lng	קֶ֫רֶס	qeres	N	hook	sub		s.dh.ab	7165		2073a
lnh	קָרַס	qāras	V	bend down	main	קרס	s.dh.aa	7164		2073
lni	קַרְסֹל	qarsōl	N	ankle	sub		s.dh.ac	7166		2073b
lnj	קֶ֫רַע	qeraʿ	N	torn piece	sub		s.di.ab	7168		2074a
lnk	קָרַע	qāraʿ	V	tear	main	קרע	s.di.aa	7167		2074
lnl	קֶ֫רֶץ	qereṣ	N	nipping	sub		s.dj.ab	7171		2075a
lnm	קָרַץ	qāraṣ	V	nip	main	קרץ	s.dj.aa	7169		2075
lnn	קַרְקַע	qarqaʿ	Np	Karkaa			s.dj.ad	7173		
lno	קַרְקַע	qarqaʿ	N	floor	single		s.dj.ac	7172		2076
lnp	קַרְקֹר	qarqōr	Np	Karkor			s.dj.ae	7174		
lnq	קָרַר	qārar	V	be cold	main	קרר	s.dk.aa	6979	b	2077
lnr	קָרַר	qārar	V	tear down	main	קרר	s.dl.aa	6979	c	2078
lns	קֶ֫רֶשׁ	qereš	N	board	sub		s.dm.ab	7175		2079a
lnt	קרשׁ	qrš			main	קרשׁ	s.dm.aa			2079
lnu	קֶ֫רֶת	qeret	N	town	sub		s.dc.ar	7176		2068h
lnv	קַרְתָּה	qartâ	Np	Kartah			s.dc.as	7177		
lnw	קַרְתָּן	qartān	Np	Kartan			s.dc.aj	7178		
lnx	קַשׁ	qaš	N	stubble	sub		s.dx.ab	7179		2091a
lny	קשׁא	qšʾ			main	קשׁא	s.dq.aa			2083
lnz	קִשֻּׁאָה	qiššuʾâ	N	cucumber	sub		s.dq.ab	7180		2083a
loa	קֶ֫שֶׁב	qešeb	N	attentiveness	sub		s.dr.ab	7182		2084a
lob	קַשָּׁב	qaššāb	A	attentive	sub		s.dr.ac	7183	a	2084b
loc	קַשֻּׁב	qaššub	A	hearkening	sub		s.dr.ad	7183	b	2084c
lod	קָשַׁב	qāšab	V	incline	main	קשׁב	s.dr.aa	7181		2084
loe	קָשֶׁה	qāšeh	A	hard	sub		s.ds.ab	7186		2085a
lof	קָשָׁה	qāšâ	V	be hard	main	קשׁה	s.ds.aa	7185		2085
log	קשׁה	qšh			main	קשׁה	s.dt.aa			2086
loh	קשׂה	qśh			main	קשׂה	s.dn.aa			2080
loi	קַשְׂוָה	qaśwâ	N	jug	sub		s.dn.ab	7184		2080a
loj	קָשַׁח	qāšaḥ	V	make hard	main	קשׁח	s.du.aa	7188		2087
lok	קֹשְׁטְ	qōšĕṭ	N	truth	sub		s.dv.ab	7189	b	2089a
lol	קֹ֫שֶׁט	qōšeṭ	N	bow	single		s.du.ab	7189	a	2088
lom	קשׁט	qšṭ			main	קשׁט	s.dv.aa			2089
lon	קשׂט	qśṭ			main	קשׂט	s.do.aa			2081
loo	קְשִׁי	qĕšî	N	stubbornness	sub		s.ds.ac	7190		2085b
lop	קִשְׁיוֹן	qišyôn	Np	Kishion			s.ds.ad	7191		
loq	קְשִׂיטָה	qĕśîṭâ	N	ingot	sub		s.do.ab	7192		2081a
lor	קַשְׂקֶ֫שֶׂת	qaśqeśet	N	scale	sub		s.dp.ab	7193		2082a
los	קֶ֫שֶׁר	qešer	N	conspiracy	sub		s.dw.ab	7195		2090a
lot	קָשַׁר	qāšar	V	bind	main	קשׁר	s.dw.aa	7194		2090
lou	קִשֻּׁרִים	qiššurîm	N	bands	sub		s.dw.ac	7196		2090b
lov	קָשַׁשׁ	qāšaš	V	gather stubble	main	קשׁשׁ	s.dy.aa	7197	b	2092
low	קָשַׁשׁ	qāšaš	V	gather stubble	sub		s.dx.ac	7197	a	2091
lox	קשׁשׁ	qšš			main	קשׁשׁ	s.dx.aa			
loy	קשׂשׂ	qśś			main	קשׂשׂ	s.dp.aa			2082
loz	קֶ֫שֶׁת	qešet	N	bow	single		s.dy.ab	7198		2093
lpa	קַשָּׁת	qaššāt	N	bowman	single		s.dy.ac	7199		2094
lpb	ר	r			main		t.aa.aa			
lpc	רָאֶה	rāʾeh	A	seeing	sub		t.ab.ab	7202		2095a
lpd	רָאָה	rāʾâ	V	see	main	ראה	t.ab.aa	7200		2095
lpe	רָאָה	rāʾâ	N	kite	sub		d.ad.ab	7201		394a
lpf	רֹאֶה	rōʾeh	N	vision	sub		t.ab.ad	7203	b	2095c
lpg	רֹאֶה	rōʾeh	Np	Haroeh (including the article)			t.ab.ae	7204		
lph	רֹאֶה	rōʾeh	N	seer	sub		t.ab.ac	7203	a	2095b
lpi	רְאוּבֵן	rĕʾûbēn	Np	Reuben	sub		t.ab.ap	7205		2095j
lpj	רְאוּבֵנִי	rĕʾûbēnî	Ag	Reubenite			t.ab.aq	7206		
lpk	רַאֲוָה	raʾăwâ	V	see	sub		t.ab.aa	7207		2095
lpl	רְאוּמָה	rĕʾûmâ	Np	Reumah			t.ac.ac	7208		
lpm	רְאוּת	rĕʾût	N	look	sub		t.ab.ag	7212		2095d
lpn	רְאִי	rĕʾî	N	mirror	sub		t.ab.ah	7209		2095e
lpo	רֳאִי	rŏʾî	N	looking	sub		t.ab.ai	7210		2095f
lpp	רְאָיָה	rĕʾāyâ	Np	Reaia			t.ab.ao	7211		
lpq	רְאֵם	rĕʾēm	N	wild ox	sub		t.ac.ab	7214		2096a
lpr	רָאַם	rāʾam	V	rise	main	ראם	t.ac.aa	7213		2096
lps	רָאמוֹת	rāʾmôt	Np	Ramoth			t.bm.ak	7216		
lpt	רָאמוֹת	rāʾmôt	N	corals	sub		t.ac.ad	7215		2096b
lpu	רֹאשׁ	rōʾš	Ng	Rôsh			t.ad.al	7218	b	
lpv	רֹאשׁ	rōʾš	N	venom	single		t.ad.aj	7219		2098
lpw	רֹאשׁ	rōʾš	Np	Rosh			t.ad.ak	7220		
lpx	רֹאשׁ	rōʾš	N	head	main	ראשׁ	t.ad.aa	7218	a	2097
lpy	רִאשָׁה	riʾšâ	N	beginning-time	sub		t.ad.ab	7221		2097a
lpz	רֹאשָׁה	rōʾšâ	N	top	sub		t.ad.ac	7222		2097b
lqa	רִאשׁוֹן	riʾšôn	A	former	sub		t.ad.ad	7223		2097c
lqb	רֵאשִׁית	rēʾšît	N	beginning	sub		t.ad.ag	7225		2097e
lqc	רִאשֹׁנִי	riʾšōnî	A	first	sub		t.ad.ae	7224		2097d
lqd	רַאֲשֹׁת	raʾăšōt	N	place at the head	sub		t.ad.ai	7226		2097f
lqe	רַב	rab	N	chief	sub		t.ae.ac	7227	b	2099b
lqf	רַב	rab	N	archer	sub		t.af.ab	7228		2100a
lqg	רַב	rab	A	much	sub		t.ae.ab	7227	a	2099a
lqh	רֹב	rōb	N	multitude	sub		t.ae.ae	7230		2099c
lqi	רָבַב	rābab	V	shoot	main	רבב	t.af.aa	7232		2100
lqj	רָבַב	rābab	V	be many	main	רבב	t.ae.aa	7231		2099
lqk	רְבָבָה	rĕbābâ	N	multitude	sub		t.ae.af	7233		2099d
lql	רָבַד	rābad	V	be-spread	main	רבד	t.ah.aa	7234		2102
lqm	רבד	rbd			main	רבד	t.ag.aa			2101
lqn	רַבָּה	rabbâ	Np	Rabbah			t.ae.ad	7237		
lqo	רָבָה	rābâ	V	be much	main	רבה	t.ai.aa	7235	a	2103
lqp	רָבָה	rābâ	V	shoot	main	רבה	t.aj.aa	7235	b	2104
lqq	רִבּוֹ	ribbô	N	ten thousand	sub		t.ae.ag	7239		2099e
lqr	רְבִיבִים	rĕbîbîm	N	copious showers	sub		t.ae.ai	7241		2099f
lqs	רָבִיד	rābîd	N	chain	sub		t.ag.ab	7242		2101a
lqt	רְבִיעִי	rĕbîʿî	A	fourth	sub		t.al.ah	7243		2107c
lqu	רַבִּית	rabbît	Np	Rabbith			t.ae.ah	7245		
lqv	רָבַךְ	rābak	V	mix	main	רבך	t.ak.aa	7246		2105
lqw	רִבְלָה	riblâ	Np	Riblah			t.ak.ab	7247		
lqx	רַב־מָג	rab-māg	N	soothsayer	single		m.ai.ba	7248		1143
lqy	רַב־סָרִיס	rab-sārîs	N	Rab-saris	single		t.ae.ac	7249		
lqz	רִבֵּעַ	ribbēaʿ	A	pertaining to the fourth	sub		t.al.ai	7256		2107d
lra	רֶ֫בַע	rebaʿ	N	Reba			t.am.ab	7254		
lrb	רֶ֫בַע	rebaʿ	N	fourth part	sub		t.al.af	7253		2107a
lrc	רֶבַע	rebaʿ	V	lie stretched out	main	רבע	t.am.aa	7252		2108
lrd	רָבַע	rābaʿ	V	squared	sub		t.al.ae	7251		2107
lre	רָבַע	rābaʿ	V	lie stretched out	sub		t.am.aa	7250		2108
lrf	רֹ֫בַע	rōbaʿ	N	fourth part	sub		t.al.ag	7255		2107b
lrg	רבע	rbʿ								
lrh	רבע	rbʿ			main	רבע	t.al.aa			2106
lri	רֵ֫בֶץ	rēbeṣ	N	place of	sub		t.an.ab	7258		2109a
lrj	רָבַץ	rābaṣ	V	stretch oneself out	main	רבץ	t.an.aa	7257		2109
lrk	רבק	rbq			main	רבק	t.ao.aa			2110
lrl	רִבְקָה	ribqâ	Np	Rebekah			t.ao.ac	7259		
lrm	רַבְשָׁקֵה	rabšāqēh	N	chief	single		t.ae.ac	7262		
lrn	רֶ֫גֶב	regeb	N	clod	sub		t.ap.ab	7263		2111a
lro	רגב	rgb			main	רגב	t.ap.aa			2111
lrp	רַגָּז	raggāz	A	quivering	sub		t.aq.ad	7268		2112c
lrq	רָגַז	rāgaz	V	be agitated	main	רגז	t.aq.aa	7264		2112
lrr	רֹ֫גֶז	rōgez	N	agitation	sub		t.aq.ab	7267		2112a
lrs	רׇגְזָה	rogzâ	N	a quivering	sub		t.aq.ac	7269		2112b
lrt	רֶ֫גֶל	regel	N	foot	main	רגל	t.ar.aa	7272		2113a
lru	רָגַל	rāgal	V	foot it	sub		t.ar.ab	7270		2113
lrv	רגל	rgl								
lrw	רַגְלִי	raglî	A	on foot	sub		t.ar.ad	7273		2113b
lrx	רֹגְלִים	rōgĕlîm	Np	Rogelim			t.ar.af	7274		
lry	רֶ֫גֶם	regem	Np	Regem			t.as.ad	7276		
lrz	רָגַם	rāgam	V	stone	main	רגם	t.as.aa	7275		2114
lsa	רֶ֫גֶם מֶ֫לֶךְ	regem melek	Np	Regem-melech			t.as.ae	7278		
lsb	רִגְמָה	rigmâ	N	heap	sub		t.as.ab	7277		2114a
lsc	רָגַן	rāgan	V	murmur	main	רגן	t.at.aa	7279		2115
lsd	רֶ֫גַע	regaʿ	N	a moment	sub		t.au.ab	7281		2116a
lse	רָגֵעַ	rāgēaʿ	A	restful	sub		t.av.ab	7282		2117a
lsf	רָגַע	rāgaʿ	V	be at rest	main	רגע	t.av.aa	7280	b	2117
lsg	רָגַע	rāgaʿ	V	disturb	main	רגע	t.au.aa	7280	a	2116
lsh	רָגַע	rāgaʿ	V	harden	main	רגע	t.aw.aa	7280	c	2118
lsi	רֶ֫גֶשׁ	regeš	N	throng	sub		t.ax.ab	7285	a	2119a
lsj	רָגַשׁ	rāgaš	V	be in tumult	main	רגשׁ	t.ax.aa	7283		2119
lsk	רִגְשָׁה	rigšâ	N	throng	sub		t.ax.ac	7285	b	2119b
lsl	רָדַד	rādad	V	beat out	main	רדד	t.ay.aa	7286		2120
lsm	רָדָה	rādâ	V	scrape out	main	רדה	t.ba.aa	7287	b	2122
lsn	רָדָה	rādâ	V	have dominion	main	רדה	t.az.aa	7287	a	2121
lso	רַדַּי	radday	Np	Raddai			t.ay.ac	7288		
lsp	רְדִיד	rĕdîd	N	wide wrapper	sub		t.ay.ab	7289		2120a
lsq	רָדַם	rādam	V	be in	main	רדם	t.bb.aa	7290		2123
lsr	רֹדָן	rōdān	Np	Rhodes			t.bb.ac	1719	b	
lss	רָדַף	rādap	V	pursue	main	רדף	t.bc.aa	7291		2124
lst	רַ֫הַב	rahab	N	storm	sub		t.bd.ad	7293		2125c
lsu	רַ֫הַב	rahab	N	Rahab	sub		t.bd.ad	7294		
lsv	רָהַב	rāhab	V	act stormily	main	רהב	t.bd.aa	7292		2125
lsw	רָהָב	rāhāb	A	proud	sub		t.bd.ab	7295		2125a
lsx	רֹ֫הָב	rōhāb	N	pride	sub		t.bd.ac	7296		2125b
lsy	רהג	rhg			main	רהג	t.be.aa			
lsz	רָהְגָּה	rāhĕgâ	Np	Rohgah			t.be.ab	7303		
lta	רָהָה	rāhâ	V	fear	main	רהה	t.bf.aa	7297		2126
ltb	רַ֫הַט	rahaṭ	N	lock	sub		t.bh.ab	7298	b	2128a
ltc	רַ֫הַט	rahaṭ	N	trough	sub		t.bg.ab	7298	a	2127a
ltd	רהט	rhṭ			main	רהט	t.bg.aa			2127
lte	רהט	rhṭ			main	רהט	t.bh.aa			2128
ltf	רָהִיט	rāhîṭ	N	rafters	sub		t.bh.ac	7351		2128b
ltg	רוּד	rûd	V	wander restlessly	main	רוד	t.bi.aa	7300		2129
lth	רוֹדָנִים	rôdānîm	Np	Dodanim			t.bb.ad	1721		
lti	רָוֶה	rāweh	A	watered	sub		t.bj.ac	7302		2130b
ltj	רָוָה	rāwâ	V	be saturated	main	רוה	t.bj.aa	7301		2130
ltk	רֶ֫וַח	rewaḥ	N	room	sub		t.bl.ab	7305		2132a
ltl	רָוַח	rāwaḥ	V	be wide	main	רוח	t.bl.aa	7304		2132
ltm	רוּחַ	rûaḥ	N	breath	sub		t.bk.ab	7307		2131a
ltn	רוח	rwḥ			main	רוח	t.bk.aa			
lto	רְוָחָה	rĕwāḥâ	N	respite	sub		t.bl.ac	7309		2132b
ltp	רְוָיָה	rĕwāyâ	N	saturation	sub		t.bj.ad	7310		2130c
ltq	רוֹם	rôm	D	on high	sub		t.bm.ac	7315		2133b
ltr	רוּם	rûm	V	be high	main	רום	t.bm.aa	7311	a	2133
lts	רוּם	rûm	N	height	sub		t.bm.ab	7312		2133a
ltt	רוֹמָה	rômâ	A	haughtily	sub		t.bm.ae	7317		2133c
ltu	רוּמָה	rûmâ	Np	Rumah			t.bm.ad	7316		
ltv	רוֹמָם	rômām	N	extolling	sub		t.bm.an	7318		2133f
ltw	רוֹמְמָה	rômĕmâ	N	extolling	sub		t.bm.an	7319		2133f
ltx	רוֹמֵמוּת	rômēmût	N	uprising	sub		t.bm.ao	7427		2133g
lty	רוּן	rûn	V	overcome	main	רון	t.bn.aa	7442	a	2134
ltz	רוּעַ	rûaʿ	V	raise a shout	main	רוע	t.bo.aa	7321		2135
lua	רוף	rwp			main	רוף	t.bp.aa			2136
lub	רוּץ	rûṣ	V	run	main	רוץ	t.bq.aa	7323		2137
luc	רוּשׁ	rûš	V	be in want	main	רושׁ	t.br.aa	7326		2138
lud	רוּת	rût	Np	Ruth			t.dl.ah	7327		
lue	רָזֶה	rāzeh	A	lean	sub		t.bs.ab	7330		2139a
luf	רָזָה	rāzâ	V	be lean	main	רזה	t.bs.aa	7329		2139
lug	רְזוֹן	rĕzôn	Np	Rezon			t.bv.ac	7331		
luh	רָזוֹן	rāzôn	N	leanness	sub		t.bs.ad	7332		2139c
lui	רָזוֹן	rāzôn	N	potentate	sub		t.bv.ab	7333		2142a
luj	רזח	rzḥ			main	רזח	t.bt.aa			2140
luk	רָזִי	rāzî	N	leanness	sub		t.bs.ac	7334		2139b
lul	רָזַם	rāzam	V	wink	main	רזם	t.bu.aa	7335		2141
lum	רָזַן	rāzan	V	be weighty	main	רזן	t.bv.aa	7336		2142
lun	רַ֫חַב	raḥab	N	breadth	sub		t.bw.ab	7338		2143a
luo	רָחַב	rāḥab	V	be wide	main	רחב	t.bw.aa	7337		2143
lup	רָחָב	rāḥāb	A	wide	sub		t.bw.ad	7342		2143c
luq	רָחָב	rāḥāb	Np	Rahab			t.bw.ae	7343		
lur	רֹ֫חַב	rōḥab	N	breadth	sub		t.bw.ac	7341		2143b
lus	רְחֹבוֹת	rĕḥōbôt	Np	Rehoboth			t.bw.ah	7344		
lut	רְחַבְיָהוּ	rĕḥabyāhû	Np	Rehabiah			t.bw.ai	7345		
luu	רְחַבְעָם	rĕḥabʿām	Np	Rehoboam			t.bw.aj	7346		
luv	רֵחֶה	rēḥeh	N	hand-	sub		t.bx.ab	7347		2144a
luw	רחה	rḥh			main	רחה	t.bx.aa			2144
lux	רְחוֹב	rĕḥôb	N	broad open place	sub		t.bw.af	7339		2143d
luy	רְחוֹב	rĕḥôb	Np	Rehob			t.bw.ag	7340		
luz	רְחוּם	rĕḥûm	Np	Rehum			t.bz.ai	7348	a	
lva	רַחוּם	raḥûm	A	compassionate	sub		t.bz.ae	7349		2146c
lvb	רָחֵל	rāḥēl	Np	Rachel			t.by.ac	7354		
lvc	רָחֵל	rāḥēl	N	ewe	sub		t.by.ab	7353		2145a
lvd	רחל	rḥl			main	רחל	t.by.aa			2145
lve	רֶ֫חֶם	reḥem	N	womb	sub		t.bz.ab	7358		2146a
lvf	רַ֫חַם	raḥam	Np	Raham			t.bz.ag	7357		
lvg	רַחַם	raḥam	N	womb	sub		t.bz.ab	7356	a	2146a
lvh	רָחַם	rāḥam	V	love	sub		t.bz.ad	7355		2146
lvi	רָחָם	rāḥām	N	carrion-vulture	sub		t.ca.ab	7360		2147a
lvj	רחם	rḥm			main	רחם	t.ca.aa			2147
lvk	רחם	rḥm			main	רחם	t.bz.aa			
lvl	רַחֲמָה	raḥămâ	N	womb	sub		t.bz.ab	7361		2146a
lvm	רַחֲמִים	raḥămîm	N	compassion	sub		t.bz.ac	7356	b	2146b
lvn	רַחֲמָנִי	raḥămānî	A	compassionate women	sub		t.bz.af	7362		2146d
lvo	רחן	rḥn			main	רחן	t.cb.aa			
lvp	רָחַף	rāḥap	V	grow soft	main	רחף	t.cc.aa	7363	a	2148
lvq	רָחַף	rāḥap	V	hover	main	רחף	t.cd.aa	7363	b	2149
lvr	רַ֫חַץ	raḥaṣ	N	washing	sub		t.ce.ab	7366		2150a
lvs	רָחַץ	rāḥaṣ	V	wash	main	רחץ	t.ce.aa	7364		2150
lvt	רַחְצָה	raḥṣâ	N	bathing place	sub		t.ce.ac	7367		2150b
lvu	רָחֵק	rāḥēq	A	removing	sub		t.cf.ab	7369		2151a
lvv	רָחַק	rāḥaq	V	be far	main	רחק	t.cf.aa	7368		2151
lvw	רָחֹק	rāḥōq	A	distant	sub		t.cf.ac	7350		2151b
lvx	רָחַשׁ	rāḥaš	V	keep moving	main	רחשׁ	t.cg.aa	7370		2152
lvy	רַ֫חַת	raḥat	N	winnowing-shovel	single		t.cg.ac	7371		2153
lvz	רָטֵב	rāṭēb	V	be moist	main	רטב	t.ch.aa	7372		2154
lwa	רָטֹב	rāṭōb	A	moist	sub		t.ch.ab	7373		2154a
lwb	רָטָה	rāṭâ	V	wring out	main	רטה	t.ci.aa	3399	b	2155
lwc	רֶ֫טֶט	reṭeṭ	N	trembling	sub		t.cj.ab	7374		2156a
lwd	רטט	rṭṭ			main	רטט	t.cj.aa			2156
lwe	רֻטֲפַשׁ	ruṭăpaš	V	grow fresh	main	רטפשׁ	t.ck.aa	7375		2157
lwf	רָטַשׁ	rāṭaš	V	dash in pieces	main	רטשׁ	t.cl.aa	7376		2158
lwg	רִי	rî	N	moisture	sub		t.bj.ab	7377		2130a
lwh	רִיב	rîb	N	strife	sub		t.cm.ab	7379		2159a
lwi	רִיב	rîb	V	strive	main	ריב	t.cm.aa	7378		2159
lwj	רִיבַי	rîbay	Np	Ribai			t.cm.ac	7380		
lwk	רִיחַ	rîaḥ	V	smell	sub		t.bk.ad	7306		2131
lwl	רֵיחַ	rêaḥ	N	scent	sub		t.bk.ac	7381		2131b
lwm	ריף	ryp			main	ריף	t.cn.aa			2160
lwn	רִיפָה	rîpâ	N	grits	sub		t.cn.ab	7383		2160a
lwo	רִיפַת	rîpat	Np	Riphath			t.cn.ac	7384	b	
lwp	רִיק	rîq	N	emptiness	sub		t.co.ac	7385		2161b
lwq	רִיק	rîq	V	make empty	main	ריק	t.co.aa	7324		2161
lwr	רֵיק	rêq	A	empty	sub		t.co.ab	7386		2161a
lws	רֵיקָם	rêqām	D	emptily	sub		t.co.ad	7387		2161c
lwt	רִיר	rîr	V	flow	main	ריר	t.cp.aa	7325		2162
lwu	רִיר	rîr	N	slimy juice	sub		t.cp.ab	7388		2162a
lwv	רִישׁ	rîš	N	poverty	sub		t.br.ab	7389	b	2138b
lww	רֵישׁ	rêš	N	poverty	sub		t.br.ab	7389	a	2138a
lwx	רַךְ	rak	A	tender	sub		t.cr.ab	7390		2164a
lwy	רֹךְ	rōk	N	tender	sub		t.cr.ac	7391		2164b
lwz	רֵכָב	rēkāb	Np	Rechab			t.cq.af	7394		
lxa	רֶ֫כֶב	rekeb	N	chariotry	sub		t.cq.ab	7393		2163a
lxb	רַכָּב	rakkāb	N	charioteer	sub		t.cq.ad	7395		2163c
lxc	רָכַב	rākab	V	mount and ride	main	רכב	t.cq.aa	7392		2163
lxd	רִכְבָּה	rikbâ	N	riding	sub		t.cq.ac	7396		2163b
lxe	רֵכָבִי	rēkābî	Ag	Rekah			t.cq.ag	7397	a	
lxf	רֵכָה	rēkâ	Np	Rechah			t.cq.aj	7397	b	
lxg	רְכוּב	rĕkûb	N	chariot	sub		t.cq.ae	7398		2163d
lxh	רְכוּשׁ	rĕkûš	N	property	sub		t.cu.ac	7399		2167b
lxi	רָכִיל	rākîl	N	slander	sub		t.cs.ad	7400		2165b
lxj	רָכַךְ	rākak	V	be tender	main	רכך	t.cr.aa	7401		2164
lxk	רָכַל	rākal	V	go about	main	רכל	t.cs.aa	7402		2165
lxl	רָכָל	rākāl	Np	Rachal			t.cs.ac	7403		
lxm	רְכֻלָּה	rĕkullâ	N	trade	sub		t.cs.ab	7404		2165a
lxn	רֶ֫כֶס	rekes	N	roughness	sub		t.ct.ab	7406		2166a
lxo	רָכַס	rākas	V	bind	main	רכס	t.ct.aa	7405		2166
lxp	רֹכֶס	rōkes	N	snare	sub		t.ct.ac	7407		2166b
lxq	רֶ֫כֶשׁ	rekeš	N	steeds	sub		t.cu.ab	7409		2167a
lxr	רָכַשׁ	rākaš	V	collect	main	רכשׁ	t.cu.aa	7408		2167
lxs	רָם	rām	Np	Ram. See also			t.bm.af	7410		
lxt	רִמָּה	rimmâ	N	worm	sub		t.da.ab	7415		2175a
lxu	רָמָה	rāmâ	Np	Ramah			t.bm.ah	7414		
lxv	רָמָה	rāmâ	V	beguile	main	רמה	t.cw.aa	7411	b	2169
lxw	רָמָה	rāmâ	V	cast	main	רמה	t.cv.aa	7411	a	2168
lxx	רָמָה	rāmâ	N	height	sub		t.bm.ag	7413		2133d
lxy	רמה	rmh			main	רמה	t.cx.aa			
lxz	רִמּוֹן	rimmôn	Np	Remmon			t.cx.ai	7417	b	
lya	רִמּוֹן	rimmôn	Np	Remmon			t.cx.aj	7417	c	
lyb	רִמּוֹן	rimmôn	N	pomegranate	single		t.cx.ag	7416		2170
lyc	רִמּוֹן	rimmôn	Np	Remmon	single		t.cx.ah	7417	a	2171
lyd	רָמוֹת	rāmôt	Np	south Ramoth			t.bm.ak	7418		
lye	רָמוּת	rāmût	N	height	sub		t.bm.am	7419		2133e
lyf	רֹ֫מַח	rōmaḥ	N	spear	single		t.cx.an	7420		2172
lyg	רַמִּי	rammî	Ag	Aramæan			a.ft.ab	7421		
lyh	רְמִיָּה	rĕmîyâ	N	deceit	sub		t.cw.ab	7423	a	2169a
lyi	רְמִיָּה	rĕmîyâ	N	laxness	sub		t.cx.ab	7423	b	2169a
lyj	רַמְיָה	ramyâ	Np	Ramiah			t.cx.ad	7422		
lyk	רַמָּךְ	rammāk	N	sons of the	single		t.cx.aq	7424		2173
lyl	רמל	rml			main	רמל	t.cy.aa			
lym	רְמַלְיָ֜הוּ	rĕmalyāhû	Np	Remaliah			t.cy.ab	7425		
lyn	רָמַם	rāmam	V	be wormy	sub		t.da.ac	7311	b	2175
lyo	רָמֹם	rāmōm	V	be exalted	main	רמם	t.cz.aa	7426		2174
lyp	רמם	rmm			main	רמם	t.da.aa			2175
lyq	רֹמַ֫מְתִּי עֶ֫זֶר	rōmamtî ʿezer	Np	Romamti-ezer			t.bm.ap	7320		
lyr	רִמֹּן פָּ֑רֶץ	rimmōn pāreṣ	Np	Rimmon-parez			t.cx.ak	7428		
lys	רָמַס	rāmas	V	trample	main	רמס	t.db.aa	7429		2176
lyt	רֶ֫מֶשׂ	remeś	N	creeping things	sub		t.dc.ab	7431		2177a
lyu	רָמַשׂ	rāmaś	V	creep	main	רמשׂ	t.dc.aa	7430		2177
lyv	רֶמֶת	remet	Np	Remeth			t.bm.ak	7432		
lyw	רָמֹת גִּלעָד	rāmōt gilʿād	Np	Ramoth-gilead			t.bm.ak	7433		
lyx	רָמַת הַמִּצְפֶּה	rāmat hammiṣpeh	Np	Ramath-mizpeh			t.bm.aj	7434		
lyy	רָמַת לֶחִי	rāmat leḥî	Np	Ramath-lehi			t.bm.aj	7437		
lyz	רָמָתִי	rāmātî	Ag	Ramathite			t.bm.ai	7435		
lza	רָמָתַיִם צוֹפִים	rāmātayim ṣôpîm	Np	Ramathaimzophim			r.be.ad	7436		
lzb	רֹן	rōn	N	ringing cry	sub		t.de.ab	7438		2179a
lzc	רִנָּה	rinnâ	N	ringing cry	sub		t.de.ad	7440		2179c
lzd	רִנָּה	rinnâ	Np	Rinnah			t.de.ae	7441		
lze	רָנָה	rānâ	V	rattle	main	רנה	t.dd.aa	7439		2178
lzf	רַנֵּן	rannēn	V	give a ringing cry	main	רנן	t.de.aa	7444		2179
lzg	רָנַן	rānan	V	give a ringing cry	sub		t.de.aa	7442	b	2179
lzh	רְנָנָה	rĕnānâ	N	shout	sub		t.de.ac	7445		2179b
lzi	רְנָנִים	rĕnānîm	N	piercing cries	sub		t.de.af	7443		2179d
lzj	רִסָּה	rissâ	Np	Rissah			t.de.ag	7446		
lzk	רָסִיס	rāsîs	N	fragment	sub		t.dh.ab	7447	b	2182a
lzl	רָסִיס	rāsîs	N	drop	sub		t.dg.ab	7447	a	2181a
lzm	רֶ֫סֶן	resen	Np	Resen			t.df.ac	7449		
lzn	רֶ֫סֶן	resen	N	halter	sub		t.df.ab	7448		2180a
lzo	רסן	rsn			main	רסן	t.df.aa			2180
lzp	רָסַס	rāsas	V	moisten	main	רסס	t.dg.aa	7450		2181
lzq	רסס	rss			main	רסס	t.dh.aa			2182
lzr	רֵעַ	rēaʿ	N	purpose	sub		t.dm.ab	7454		2187a
lzs	רֵעַ	rēaʿ	N	friend	sub		t.dl.ab	7453		2186a
lzt	רֵעַ	rēaʿ	N	shouting	sub		t.bo.ab	7452		2135a
lzu	רַע	raʿ	N	evil	sub		t.dq.ad	7451	b	2191a
lzv	רַע	raʿ	A	bad	sub		t.dq.ac	7451	a	2191a
lzw	רֹעַ	rōaʿ	N	badness	sub		t.dq.ab	7455		2191b
lzx	רָעֵב	rāʿēb	A	hungry	sub		t.di.ac	7457		2183b
lzy	רָעֵב	rāʿēb	V	be hungry	main	רעב	t.di.aa	7456		2183
lzz	רָעָב	rāʿāb	N	famine	sub		t.di.ab	7458		2183a
maa	רְעָבוֹן	rĕʿābôn	N	hunger	sub		t.di.ad	7459		2183c
mab	רַ֫עַד	raʿad	N	trembling	sub		t.dj.ab	7461	a	2184a
mac	רָעַד	rāʿad	V	tremble	main	רעד	t.dj.aa	7460		2184
mad	רְעַדָה	rĕʿadâ	N	shudder	sub		t.dj.ac	7461	b	2184b
mae	רֵעֶה	rēʿeh	N	friend	sub		t.dl.ac	7463		2186b
maf	רֵעָה	rēʿâ	N	companion	sub		t.dl.ae	7464		2186c
mag	רָעָה	rāʿâ	N	evil	sub		t.dq.ae	7451	c	2191c
mah	רָעָה	rāʿâ	V	be a special friend	sub		t.dl.ad	7462	d	2186
mai	רָעָה	rāʿâ	V	associate with	main	רעה	t.dl.aa	7462	c	2186
maj	רָעָה	rāʿâ	V	pasture	main	רעה	t.dk.aa	7462	b	2185
mak	רֹעָה	rōʿâ	V	break	sub		t.dr.aa	7465		2192
mal	רעה	rʿh			main	רעה	t.dm.aa			2187
mam	רְעוּ	rĕʿû	Np	Reu			t.dl.ai	7466		
man	רְעוּאֵל	rĕʿûʾēl	Np	Raguel			t.dl.aj	7467		
mao	רְעוּת	rĕʿût	N	longing	sub		t.dm.ac	7469		2187b
map	רְעוּת	rĕʿût	N	fellow	sub		t.dl.ag	7468		2186e
maq	רְעִי	rĕʿî	N	pasture	sub		t.dk.ac	7471		2185a
mar	רֵעִי	rēʿî	Np	Rei			t.dl.ak	7472		
mas	רֹעִי	rōʿî	V	pasture	sub		t.dk.aa	7473		2185
mat	רַעְיָה	raʿyâ	N	companion	sub		t.dl.af	7474		2186d
mau	רַעְיוֹן	raʿyôn	N	desire	sub		t.dm.ad	7475		2187c
mav	רַ֫עַל	raʿal	N	reeling	sub		t.dn.ab	7478		2188a
maw	רָעַל	rāʿal	V	quiver	main	רעל	t.dn.aa	7477		2188
max	רְעָלָה	rĕʿālâ	N	veil	sub		t.dn.ac	7479		2188b
may	רְעֵלָיָה	rĕʿēlāyâ	Np	Reeliah			t.dn.af	7480		
maz	רַ֫עַם	raʿam	N	thunder	sub		t.do.ab	7482		2189a
mba	רָעַם	rāʿam	V	thunder	sub		t.do.ac	7481		2189
mbb	רעם	rʿm			main	רעם	t.do.aa			
mbc	רַעְמָה	raʿmâ	Np	Raamah			t.do.af	7484		
mbd	רַעְמָה	raʿmâ	N	vibration	sub		t.do.ae	7483		2189b
mbe	רַעַמְיָה	raʿamyâ	Np	Raamiah			t.dn.af	7485		
mbf	רַֽעַמְסֵס	raʿamsēs	Np	Raamses			t.do.ah	7486		
mbg	רָעַן	rāʿan	V	be luxuriant	main	רען	t.dp.aa	7488	a	2190
mbh	רַעֲנָן	raʿănān	A	luxuriant	sub		t.dp.ab	7488	b	2190a
mbi	רָעַע	rāʿaʿ	V	be evil	sub		t.dq.af	7489	a	2191
mbj	רָעַע	rāʿaʿ	V	break	main	רעע	t.dr.aa	7489	b	2192
mbk	רעע	rʿʿ			main	רעע	t.dq.aa			
mbl	רָעַף	rāʿap	V	trickle	main	רעף	t.ds.aa	7491		2193
mbm	רָעַץ	rāʿaṣ	V	shatter	main	רעץ	t.dt.aa	7492		2194
mbn	רַ֫עַשׁ	raʿaš	N	quaking	sub		t.du.ab	7494		2195a
mbo	רָעַשׁ	rāʿaš	V	quake	main	רעשׁ	t.du.aa	7493		2195
mbp	רָפָא	rāpāʾ	Np	Rapha			t.dv.ab	7498		
mbq	רָפָא	rāpāʾ	V	heal	main	רפא	t.dv.aa	7495		2196
mbr	רְפֻאָה	rĕpuʾâ	N	remedy	sub		t.dv.ah	7499		2196a
mbs	רִפְאוּת	ripʾût	N	healing	sub		t.dv.ai	7500		2196b
mbt	רְפָאִים	rĕpāʾîm	Np	Rephaim	sub		t.dx.af	7497	b	2198d
mbu	רְפָאִים	rĕpāʾîm	N	shades	sub		t.dx.ae	7496		2198c
mbv	רְפָאֵל	rĕpāʾēl	Np	Rephael			t.dv.aj	7501		
mbw	רָפַד	rāpad	V	spread	main	רפד	t.dw.aa	7502		2197
mbx	רָפֶה	rāpeh	A	slack	sub		t.dx.ab	7504		2198a
mby	רָפָה	rāpâ	Np	giant	sub		t.dx.ad	7497	a	2198d
mbz	רָפָה	rāpâ	V	sink	main	רפה	t.dx.aa	7503		2198
mca	רָפוּא	rāpûʾ	Np	Raphu			t.dv.ag	7505		
mcb	רֶ֫פַח	repaḥ	Np	Rephah			t.dx.ah	7506		
mcc	רְפִידָה	rĕpîdâ	N	support	sub		t.dw.ab	7507		2197a
mcd	רְפִידִים	rĕpîdîm	Np	Rephidim			t.dw.ac	7508		
mce	רְפָיָה	rĕpāyâ	Np	Rephaiah			t.dv.ak	7509		
mcf	רִפְיוֹן	ripyôn	N	sinking	sub		t.dx.ac	7510		2198b
mcg	רָפַס	rāpas	V	stamp	main	רפס	t.dy.aa	7511		2199
mch	רַפְסֹדָה	rapsōdâ	N	raft	single		t.dy.ac	7513		2200
mci	רָפַף	rāpap	V	shake	main	רפף	t.dz.aa	7322		2201
mcj	רָפַק	rāpaq	V	support oneself	main	רפק	t.ea.aa	7514		2202
mck	רֶ֫פֶשׁ	repeš	N	mire	sub		t.eb.ab	7516		2203a
mcl	רָפַשׂ	rāpaś	V	stamp	sub		t.dy.aa	7515		2199
mcm	רפשׁ	rpš			main	רפשׁ	t.eb.aa			2203
mcn	רֶ֫פֶת	repet	N	stable	single		t.eb.ac	7517		2204
mco	רַץ	raṣ	N	piece	sub		t.ej.ab	7518		2212a
mcp	רָצָא	rāṣāʾ	V	run	main	רצא	t.ec.aa	7519		2205
mcq	רָצַד	rāṣad	V	watch	main	רצד	t.ed.aa	7520		2206
mcr	רָצָה	rāṣâ	V	be pleased with	main	רצה	t.ee.aa	7521		2207
mcs	רָצוֹן	rāṣôn	N	goodwill	sub		t.ee.ab	7522		2207a
mct	רֶ֫צַח	reṣaḥ	N	shattering	sub		t.ef.ab	7524		2208a
mcu	רָצַח	rāṣaḥ	V	murder	main	רצח	t.ef.aa	7523		2208
mcv	רִצְיָא	riṣyāʾ	Np	Rezia			t.ef.ac	7525		
mcw	רְצִין	rĕṣîn	Np	Rezin			t.ef.ad	7526		
mcx	רָצַע	rāṣaʿ	V	bore	main	רצע	t.eg.aa	7527		2209
mcy	רֶ֫צֶף	reṣep	Np	Rezeph			t.ei.ac	7530		
mcz	רֶצֶף	reṣep	N	glowing stone	sub		t.ei.ab	7529		2211a
mda	רָצַף	rāṣap	V	fit together	main	רצף	t.eh.aa	7528		2210
mdb	רצף	rṣp			main	רצף	t.ei.aa			2211
mdc	רִצְפָּה	riṣpâ	Np	Rizpah			t.ei.ad	7532		
mdd	רִצְפָּה	riṣpâ	N	glowing stone	sub		t.ei.ab	7531	b	2211a
mde	רִצְפָּה	riṣpâ	N	pavement	sub		t.eh.ab	7531	a	2210a
mdf	רָצַץ	rāṣaṣ	V	crush	main	רצץ	t.ej.aa	7533		2212
mdg	רַק	raq	A	emaciated	sub		t.ep.ab	7534		2218a
mdh	רַק	raq	D	leanness	sub		t.ep.ab	7535		2218a
mdi	רֹק	rōq	N	spittle	sub		t.eq.ab	7536		2219a
mdj	רָקֵב	rāqēb	V	rot	main	רקב	t.ek.aa	7537		2213
mdk	רָקָב	rāqāb	N	rottenness	sub		t.ek.ab	7538		2213a
mdl	רִקָּבוֹן	riqqābôn	N	decay	sub		t.ek.ac	7539		2213b
mdm	רָקַד	rāqad	V	skip about	main	רקד	t.el.aa	7540		2214
mdn	רַקָּה	raqqâ	N	the temple	sub		t.ep.ad	7541		2218c
mdo	רַקּוּחַ	raqqûaḥ	N	perfumery	sub		t.em.af	7547		2215e
mdp	רַקּוֹן	raqqôn	Np	Rakkon			t.eq.ac	7542		
mdq	רִקּוּעַ	riqqûaʿ	N	expansion	sub		t.eo.ac	7555		2217b
mdr	רֶ֫קַח	reqaḥ	N	spice	sub		t.em.ab	7544		2215a
mds	רַקָּח	raqqāḥ	N	ointment-maker	sub		t.em.ad	7546		2215c
mdt	רָקַח	rāqaḥ	V	mix	main	רקח	t.em.aa	7543		2215
mdu	רֹ֫קֵחַ	rōqēaḥ	N	spice-mixture	sub		t.em.ac	7545		2215b
mdv	רַקָּחָה	raqqāḥâ	N	ointment-maker	sub		t.em.ae	7548		2215d
mdw	רָקִיעַ	rāqîaʿ	N	extended surface	sub		t.eo.ab	7549		2217a
mdx	רָקִיק	rāqîq	N	a thin cake	sub		t.ep.ac	7550		2218b
mdy	רֶ֫קֶם	reqem	Np	Rekem			t.en.ac	7552		
mdz	רָקַם	rāqam	V	variegate	main	רקם	t.en.aa	7551		2216
mea	רִקְמָה	riqmâ	N	variegated stuff	sub		t.en.ab	7553		2216a
meb	רָקַע	rāqaʿ	V	beat	main	רקע	t.eo.aa	7554		2217
mec	רָקַק	rāqaq	V	spit	main	רקק	t.eq.aa	7556		2219
med	רקק	rqq			main	רקק	t.ep.aa			2218
mee	רַקַּת	raqqat	Np	Rakkath			t.eq.ad	7557		
mef	רשׁה	ršh			main	רשׁה	t.er.aa			2220
meg	רִשְׁיוֹן	rišyôn	N	permission	sub		t.er.ab	7558		2220a
meh	רָשַׁם	rāšam	V	inscribe	main	רשׁם	t.es.aa	7559		2221
mei	רֶ֫שַׁע	rešaʿ	N	wickedness	sub		t.et.ac	7562		2222a
mej	רָשַׁע	rāšaʿ	V	be wicked	sub		t.et.ad	7561		2222
mek	רָשָׁע	rāšāʿ	A	wicked	sub		t.et.ab	7563		2222b
mel	רשׁע	ršʿ			main	רשׁע	t.et.aa			
mem	רִשְׁעָה	rišʿâ	N	wickedness	sub		t.et.ae	7564		2222c
men	רֶ֫שֶׁף	rešep	Np	Resheph			t.eu.ac	7566		
meo	רֶ֫שֶׁף	rešep	N	flame	sub		t.eu.ab	7565		2223a
mep	רשׁף	ršp			main	רשׁף	t.eu.aa			2223
meq	רָשַׁשׁ	rāšaš	V	beat down	main	רשׁשׁ	t.ev.aa	7567		2224
mer	רֶ֫שֶׁת	rešet	N	net	sub		j.dq.ae	7568		920c
mes	רַתּוֹק	rattôq	N	chain	sub		t.ey.ac	7569		2227b
met	רֶ֫תַח	retaḥ	N	boiling	sub		t.ew.ab	7571		2225a
meu	רָתַח	rātaḥ	V	boil	main	רתח	t.ew.aa	7570		2225
mev	רַתִּיקָה	rattîqâ	N	chain	sub		t.ey.ac	7572		2227b
mew	רָתַם	rātam	V	bind	main	רתם	t.ex.aa	7573		2226
mex	רֹ֫תֶם	rōtem	N	broom-plant	sub		t.ex.ab	7574		2226a
mey	רִתְמָה	ritmâ	Np	Rithmah			t.ex.ac	7575		
mez	רָתַק	rātaq	V	bind	main	רתק	t.ey.aa	7576		2227
mfa	רְתֻקָה	rĕtuqâ	N	chain	sub		t.ey.ab	7577		2227a
mfb	רְתֵת	rĕtēt	N	trembling	sub		t.ez.ab	7578		2228a
mfc	רתת	rtt			main	רתת	t.ez.aa			2228
mfd	שׁ	š			main		v.aa.aa			2298
mfe	שׂ	ś			main		u.aa.aa			
mff	שָׁאַב	šāʾab	V	draw	main	שׁאב	v.ac.aa	7579		2299.1
mfg	שָׁאַג	šāʾag	V	roar	main	שׁאג	v.ad.aa	7580		2300
mfh	שְׁאָגָה	šĕʾāgâ	N	roaring	sub		v.ad.ab	7581		2300a
mfi	שָׁאָה	šāʾâ	V	gaze	main	שׁאה	v.af.aa	7583		2302
mfj	שָׁאָה	šāʾâ	V	make a din	main	שׁאה	v.ae.aa	7582		2301
mfk	שַׁאֲוָה	šaʾăwâ	N	tempest	sub		v.ae.ab	7584		2301a
mfl	שְׁאוֹל	šĕʾôl	N	Shᵉ’ōl	sub		v.ag.ai	7585		2303c
mfm	שָׁאוּל	šāʾûl	Np	Saul			v.ag.ac	7586		
mfn	שָׁאוּלִי	šāʾûlî	Ag	Shaülite			v.ag.ad	7587		
mfo	שָׁאוֹן	šāʾôn	N	roar	sub		v.ae.ad	7588		2301c
mfp	שְׁאָט	šĕʾāṭ	N	despite	sub		v.bt.ab	7589		2345a
mfq	שְׁאִיָּה	šĕʾîyâ	N	ruin	sub		v.ae.ac	7591		2301b
mfr	שְׁאָל	šĕʾāl	Np	Sheal			v.ag.ab	7594		
mfs	שָׁאַל	šāʾal	V	ask	main	שׁאל	v.ag.aa	7592		2303
mft	שְׁאֵלָה	šĕʾēlâ	N	request	sub		v.ag.af	7596		2303a
mfu	שְׁאַלְתִּיאֵל	šĕʾaltîʾēl	Np	Shalthiel			v.ag.ah	7597	a	
mfv	שׂאם	śʾm								
mfw	שָׁאַן	šāʾan	V	be at ease	main	שׁאן	v.ah.aa	7599		2304
mfx	שַׁאֲנָן	šaʾănān	A	at ease	sub		v.ah.ac	7600		2304a
mfy	שָׁאַס	šāʾas	V	plunder	sub		v.eq.aa	7601		2426
mfz	שָׁאַף	šāʾap	V	crush	main	שׁאף	v.aj.aa	7602	b	2306
mga	שָׁאַף	šāʾap	V	gasp	main	שׁאף	v.ai.aa	7602	a	2305
mgb	שְׁאֵר	šĕʾēr	N	flesh	sub		v.al.ab	7607		2308a
mgc	שְׁאָר	šĕʾār	N	rest	sub		v.ak.ab	7605		2307a
mgd	שָׁאַר	šāʾar	V	remain	main	שׁאר	v.ak.aa	7604		2307
mge	שׁאר	šʾr			main	שׁאר	v.al.aa			2308
mgf	שְׂאֹר	śĕʾōr	N	leaven	sub		u.ab.ab	7603		2229a
mgg	שׂאר	śʾr			main	שׂאר	u.ab.aa			2229
mgh	שְׁאָר יָשׁוּב	šĕʾār yāšûb	Np	Shear-jashub			v.ak.ac	7610		
mgi	שֶׁאֱרָה	šeʾĕrâ	Np	Sherah			v.al.ad	7609		
mgj	שַׁאֲרָה	šaʾărâ	N	flesh	sub		v.al.ab	7608		2308a
mgk	שְׁאֵרִית	šĕʾērît	N	rest	sub		v.ak.ad	7611		2307b
mgl	שֵׁאת	šēʾt	N	din	sub		v.ae.ae	7612		2301d
mgm	שְׂאֵת	śĕʾēt	N	exaltation	sub		n.fm.am	7613		1421j
mgn	שְׁבָא	šĕbāʾ	Np	Sheba			v.al.ag	7614		
mgo	שְׁבָאִי	šĕbāʾî	Ag	Shebaite			v.al.ah	7615		
mgp	שׁבב	šbb			main	שׁבב	v.am.aa			2309
mgq	שׁבב	šbb			main	שׁבב	v.an.aa			2310
mgr	שְׁבָבִים	šĕbābîm	N	splinters	sub		v.am.ab	7616		2309a
mgs	שָׁבָה	šābâ	V	take captive	main	שׁבה	v.ao.aa	7617		2311
mgt	שְׁבוֹ	šĕbô	N	agate	sub		v.ao.af	7618		2311e
mgu	שְׁבוּאֵל	šĕbûʾēl	Np	Shebuel			v.ao.ai	7619		
mgv	שְׁבוּל	šĕbûl	N	way	sub		v.as.ae	7635		2316d
mgw	שָׁבוּעַ	šābûaʿ	N	period of seven	sub		v.av.ag	7620		2318d
mgx	שְׁבוּעָה	šĕbûʿâ	N	oath	sub		v.av.al	7621		2319a
mgy	שָׁבַח	šābaḥ	V	soothe	main	שׁבח	v.ap.aa	7623	a	2312
mgz	שָׁבַח	šābaḥ	V	laud	main	שׁבח	v.aq.aa	7623	b	2313
mha	שְׁבָט	šĕbāṭ	Np	Sebat	single		v.ar.ad	7627		2315
mhb	שֵׁ֫בֶט	šēbeṭ	N	rod	sub		v.ar.ab	7626		2314a
mhc	שׁבט	šbṭ			main	שׁבט	v.ar.aa			2314
mhd	שְׁבִי	šĕbî	N	captivity	sub		v.ao.ab	7628	a	2311a
mhe	שָׁבִי	šābî	N	captive	sub		v.ao.ac	7628	b	2311b
mhf	שֹׁבִי	šōbî	Np	Shobi			v.ao.ag	7629		
mhg	שֹׁבָ֑י	šōbāy	Np	Shobai			v.ao.ah	7630		
mhh	שָׁבִיב	šābîb	N	flame	sub		v.an.ab	7632		2310a
mhi	שִׁבְיָה	šibyâ	N	captivity	sub		v.ao.ad	7633		2311c
mhj	שָׁבִיס	šābîs	N	front-band	sub		v.au.ab	7636		2317a
mhk	שְׁבִיעִי	šĕbîʿî	Ao	seventh	sub		v.av.ad	7637		2318b
mhl	שְׁבִית	šĕbît	N	exile	sub		v.ao.ae	7622		2311d
mhm	שָׂבָךְ	śābāk	N	lattice-work	sub		u.ac.ac	7638		2230
mhn	שׂבךְ	śbk			main	שׂבך	u.ac.aa			
mho	שְׂבָכָה	śĕbākâ	N	lattice-work	sub		u.ac.ac	7639		2230b
mhp	שֹׁ֫בֶל	šōbel	N	flowing skirt	sub		v.as.ab	7640		2316a
mhq	שׁבל	šbl			main	שׁבל	v.as.aa			2316
mhr	שַׁבְּלוּל	šabbĕlûl	N	snail	sub		b.bv.ad	7642		248c
mhs	שִׁבֹּ֫לֶת	šibbōlet	N	ear	sub		v.as.ad	7641	b	2316c
mht	שִׁבֹּ֫לֶת	šibbōlet	N	flowing stream	sub		v.as.ac	7641	a	2316b
mhu	שְׂבָם	śĕbām	Np	Shebam			u.ac.ae	7643		
mhv	שׁבן	šbn			main	שׁבן	v.at.aa			
mhw	שֶׁבְנָא	šebnāʾ	Np	Shebna	sub		v.at.ab	7644		
mhx	שְׁבַנְיָהוּ	šĕbanyāhû	Np	Shebaniah	sub		v.at.ac	7645		
mhy	שׁבס	šbs			main	שׁבס	v.au.aa			2317
mhz	שֶׁ֫בַע	šebaʿ	N	seven	main	שׁבע	v.av.aa	7651		2318
mia	שֶׁ֫בַע	šebaʿ	Np	Sheba			v.av.ai	7652	a	
mib	שֶׁבַע	šebaʿ	Np	Sheba			v.av.aj	7652	b	
mic	שָׁבַע	šābaʿ	V	swear	sub		v.av.ah	7650		2319
mid	שָׂבֵעַ	śābēaʿ	V	be sated	main	שׂבע	u.ad.aa	7646		2231
mie	שָׂבֵעַ	śābēaʿ	A	sated	sub		u.ad.ae	7649		
mif	שָׂבָע	śābāʿ	N	plenty	sub		u.ad.ad	7647		2231c
mig	שֹׂ֫בַע	śōbaʿ	N	satiety	sub		u.ad.ab	7648		2231a
mih	שִׁבְעָה	šibʿâ	Np	Shebah			v.av.ab	7656		
mii	שִׂבְעָה	śibʿâ	N	satiety	sub		u.ad.ac	7653		2231b
mij	שׇׂבְעָה	śobʿâ	N	satiety	sub		u.ad.ac	7654		2231b
mik	שִׁבְעִים	šibʿîm	N	seventy	sub		v.av.ac	7657		2318a
mil	שִׁבְעָ֫נָה	šibʿānâ	N	seven	sub		v.av.ae	7658		2318
mim	שִׁבְעָתַיִם	šibʿātayim	N	seven-fold	sub		v.av.af	7659		2318c
min	שָׁבַץ	šābaṣ	V	weave in chequer	main	שׁבץ	v.aw.aa	7660		2320
mio	שָׁבָץ	šābāṣ	N	hath seized me	sub		v.aw.ab	7661		2320a
mip	שׁבק	šbq			main	שׁבק	v.ax.aa			
miq	שֶׁ֫בֶר	šeber	N	corn	sub		v.ay.ah	7668		2322a
mir	שֶׁ֫בֶר	šeber	Np	Sheber			v.ay.ac	7669		
mis	שֶׁ֫בֶר	šeber	N	breaking	sub		v.ay.ab	7667		2321a
mit	שָׁבַר	šābar	V	buy grain	sub		v.ay.ai	7666		2322
miu	שָׁבַר	šābar	V	break	main	שׁבר	v.ay.aa	7665		2321
miv	שֵׂ֫בֶר	śēber	N	hope	sub		u.af.ab	7664		2232a
miw	שָׂבַר	śābar	V	wait	main	שׂבר	u.af.aa	7663	b	2232
mix	שָׂבַר	śābar	V	inspect	main	שׂבר	u.ae.aa	7663	a	2232
miy	שִׁבָּרוֹן	šibbārôn	N	breaking	sub		v.ay.ae	7670		2321b
miz	שְׁבָרִים	šĕbārîm	Np	Shebarim			v.ay.ab	7671		
mja	שֶׁ֫בֶת	šebet	N	cessation	sub		v.az.ab	7674		2323a
mjb	שֶׁ֫בֶת	šebet	N	seat	sub		j.ds.ab	7675		922a
mjc	שַׁבָּת	šabbāt	N	Sabbath	sub		v.az.ac	7676		2323b
mjd	שָׁבַת	šābat	V	cease	main	שׁבת	v.az.aa	7673	a	2323
mje	שָׁבַת	šābat	V	keep	sub		v.az.ad	7673	b	2323c
mjf	שַׁבָּתוֹן	šabbātôn	N	sabbath observance	sub		v.az.ae	7677		2323d
mjg	שַׁבְּתַי	šabbĕtay	Np	Shabbethai			v.az.af	7678		
mjh	שָׂגָא	śāgāʾ	V	grow	main	שׂגא	u.ag.aa	7679		2233
mji	שָׂגַב	śāgab	V	be high	main	שׂגב	u.ah.aa	7682		2234
mjj	שָׁגַג	šāgag	V	go astray	main	שׁגג	v.ba.aa	7683		2324
mjk	שְׁגָגָה	šĕgāgâ	N	sin of error	sub		v.ba.ab	7684		2324a
mjl	שָׁגֵה	šāgēh	Np	Shage			v.bb.ad	7681		
mjm	שָׁגָה	šāgâ	V	go astray	main	שׁגה	v.bb.aa	7686		2325
mjn	שָׂגָה	śāgâ	V	grow	sub		u.ag.aa	7685	a	2233
mjo	שָׂגָה	śāgâ	V	grow	main	שׂגה	u.ai.aa	7685	b	2233b
mjp	שְׂגוּב	śĕgûb	Np	Segub			u.ah.ab	7687		
mjq	שָׁגַח	šāgaḥ	V	gaze	main	שׁגח	v.bc.aa	7688		2326
mjr	שַׂגִּיא	śaggîʾ	A	great	sub		u.ag.ab	7689		2233a
mjs	שְׁגִיאָה	šĕgîʾâ	N	error	sub		v.bb.ab	7691		2325a
mjt	שִׁגָּיוֹן	šiggāyôn	N	go astray			v.bc.ab	7692		
mju	שֵׁגָל	šēgāl	N	consort	sub		v.bd.ab	7694		2327a
mjv	שָׁגֵל	šāgēl	V	violate	main	שׁגל	v.bd.aa	7693		2327
mjw	שָׁגַע	šāgaʿ	V	be mad	main	שׁגע	v.be.aa	7696		2328
mjx	שִׁגָּעוֹן	šiggāʿôn	N	madness	sub		v.be.ab	7697		2328a
mjy	שֶׁ֫גֶר	šeger	N	offspring	sub		v.bf.ab	7698		2329a
mjz	שׁגר	šgr			main	שׁגר	v.bf.aa			2329
mka	שֵׁד	šēd	N	demon	single		v.bf.ad	7700		2330
mkb	שַׁד	šad	N	breast	sub		v.bh.ab	7699	a	2332a
mkc	שֹׁד	šōd	N	breast of a woman	sub		v.bh.ac	7699	b	2332a
mkd	שֹׁד	šōd	N	violence	sub		v.bg.ab	7701		2331a
mke	שָׁדַד	šādad	V	deal violently with	main	שׁדד	v.bg.aa	7703		2331
mkf	שָׂדַד	śādad	V	harrow	main	שׂדד	u.aj.aa	7702		2235
mkg	שִׁדָּה	šiddâ	N	wife	sub		v.bh.ae	7705		2332b
mkh	שׁדה	šdh			main	שׁדה	v.bh.aa			2332
mki	שָׂדֶה	śādeh	N	field	sub		u.ak.ac	7704	b	2236b
mkj	שׂדה	śdh			main	שׂדה	u.ak.aa			2236
mkk	שַׁדַּי	šadday	N	sufficient	single		v.bh.af	7706		2333
mkl	שָׂדַי	śāday	N	field	sub		u.ak.ab	7704	a	2236a
mkm	שְׁדֵיאוּר	šĕdêʾûr	Np	Shedeur			v.bh.ad	7707		
mkn	שִׂדִּים	śiddîm	Np	Siddim			u.aj.ab	7708		
mko	שׁדם	šdm			main	שׁדם	v.bi.aa			2334
mkp	שְׁדֵמָה	šĕdēmâ	N	field	sub		v.bi.ab	7709		2334a
mkq	שָׁדַף	šādap	V	scorch	main	שׁדף	v.bj.aa	7710		2335
mkr	שְׁדֵפָה	šĕdēpâ	N	blighted thing	sub		v.bj.ab	7711	a	2335a
mks	שִׁדָּפוֹן	šiddāpôn	N	blight	sub		v.bj.ac	7711	b	2335b
mkt	שְׂדֵרָה	śĕdērâ	N	row	sub		o.ak.ac	7713		1467b
mku	שַׁדְרַךְ	šadrak	Np	Shadrach			v.bj.ad	7714		
mkv	שׁדשׁ	šdš			main	שׁדשׁ	v.bk.aa			2336
mkw	שֶׂה	śeh	N	one of a flock	single		u.ak.af	7716		2237
mkx	שָׂהֵד	śāhēd	N	witness	single		u.ak.ag	7717		2238
mky	שֹׁ֫הַם	šōham	N	a gem	single		v.bk.af	7718		2337
mkz	שֹׁ֫הַם	šōham	Np	Shoham			v.bk.ag	7719		
mla	שׁהם	šhm								
mlb	שׂהר	śhr			main	שׂהר	u.al.aa			2239
mlc	שַׂהֲרוֹן	śahărôn	N	moon	sub		u.al.ab	7720		2239a
mld	שְׁוָא	šĕwāʾ	Np	Sheva			v.bk.ai	7724		
mle	שָׁוְא	šāwĕʾ	N	emptiness	sub		v.bl.ab	7723		2338a
mlf	שׁוֹא	šôʾ	N	ravage	sub		v.bm.ab	7722	a	2339a
mlg	שׁוא	šwʾ			main	שׁוא	v.bl.aa			2338
mlh	שׁוא	šwʾ			main	שׁוא	v.bm.aa			2339
mli	שׂוֹא	śôʾ	V	lift	sub		n.fm.aa	7721		1421
mlj	שׁוֹאָה	šôʾâ	N	devastation	sub		v.bm.ac	7722	b	2339a
mlk	שׁוּב	šûb	V	turn back	main	שׁוב	v.bn.aa	7725		2340
mll	שׁוֹבֵב	šôbēb	A	backturning	sub		v.bn.af	7728		2340d
mlm	שׁוֹבָב	šôbāb	A	backturning	sub		v.bn.ad	7726		2340c
mln	שׁוֹבָב	šôbāb	Np	Shobab			v.bn.ae	7727		
mlo	שׁוּבָה	šûbâ	N	retirement	sub		v.bn.ab	7729		2340a
mlp	שׁוֹבַךְ	šôbak	Np	Shobach			v.bn.ap	7731		
mlq	שׂוֹבֶךְ	śôbek	N	network	sub		u.ac.ab	7730		2230a
mlr	שׁוֹבָל	šôbāl	Np	Shobal			v.as.af	7732		
mls	שׁוֹבֵק	šôbēq	Np	Shobek	sub		v.ax.ab	7733		
mlt	שׁוג	šwg			main	שׁוג	v.bo.aa			2341
mlu	שׂוּג	śûg	V	fence about	sub		o.an.aa	7735		1470
mlv	שׂוּג	śûg	V	move away	sub		o.am.aa	7734		1469
mlw	שׁוּד	šûd	V	deal violently with	sub		v.bg.aa	7736		2331
mlx	שָׁוֵה	šāwēh	Np	Shaveh	sub		v.bp.ac	7740		2342a
mly	שָׁוָה	šāwâ	N	noise	single		v.bm.ae	7738		2343
mlz	שָׁוָה	šāwâ	V	be even	main	שׁוה	v.bp.aa	7737	a	2342
mma	שָׁוָה	šāwâ	V	set	main	שׁוה	v.bq.aa	7737	b	2343
mmb	שָׁוֵה קִרְיָתַיִם	šāwēh qiryātayim	N	level plain			v.bp.ab	7741		
mmc	שׁוּחַ	šûaḥ	Np	Shuah			v.br.ae	7744		
mmd	שׁוּחַ	šûaḥ	V	sink down	main	שׁוח	v.br.aa	7743		2343.1
mme	שׂוּחַ	śûaḥ	V	go about	main		v.bs.aa	7742		2344
mmf	שׁוּחָה	šûḥâ	Np	Shuah			v.br.af	7746		
mmg	שׁוּחָה	šûḥâ	N	pit	sub		v.br.ab	7745		2343.1a
mmh	שׁוּחִי	šûḥî	Ag	Shuchite			v.br.ag	7747		
mmi	שׁוּחָם	šûḥām	Np	Shuham			v.br.ah	7748		
mmj	שׁוּחָמִי	šûḥāmî	Ag	Shuchamite			v.br.ai	7749		
mmk	שׁוֹט	šôṭ	N	scourge	sub		v.bs.ab	7752		2344a
mml	שׁוּט	šûṭ	V	treat with despite	main	שׁוט	v.bt.aa	7590		2345
mmm	שׁוּט	šûṭ	V	row	sub		v.bs.ae	7751	b	2344d
mmn	שׁוּט	šûṭ	V	go about	main	שׁוט	v.bs.aa	7751	a	2344
mmo	שׂוּט	śûṭ	V	swerve	main	שׂוט	u.am.aa	7750		2240
mmp	שׂוֹךְ	śôk	N	branch	sub		u.ao.ab	7754	a	2242a
mmq	שׂוּךְ	śûk	V	hedge up	main	שׂוך	u.an.aa	7753		2241
mmr	שׂוך	śwk			main	שׂוך	u.ao.aa			2242
mms	שׂוֹכָה	śôkâ	N	branch	sub		u.ao.ac	7754	b	2242b
mmt	שׂוֹכֹה	śôkōh	Np	Shocho			u.ao.ad	7755		
mmu	שׂוּכָתִים	śûkātîm	Ag	Sukathite			u.ao.ae	7756		
mmv	שׁוּל	šûl	N	skirt	sub		v.bu.ab	7757		2346a
mmw	שׁול	šwl			main	שׁול	v.bu.aa			2346
mmx	שׁוֹלָל	šôlāl	A	barefoot	sub		v.dq.ab	7758		2399a
mmy	שׁוּלַמִּית	šûlammît	Ag	Shulammite			v.bu.ad	7759		
mmz	שׁוּם	šûm	N	garlic	single		v.bu.ae	7762		2347
mna	שׂוּם	śûm	V	put	main	שׂום	u.ap.aa	7760	a	2243
mnb	שׂום	śwm			main	שׂום	u.aq.aa			2244
mnc	שׂוּמָה	śûmâ	N	token of unluckiness	sub		u.aq.ab	7760	b	2244a
mnd	שׁוּנִי	šûnî	Np	Shuni			v.bu.ag	7764		
mne	שׁוּנִי	šûnî	A	a Shunite			v.bu.ag	7765		
mnf	שׁוּנֵם	šûnēm	Np	Shunem			v.bu.ah	7766		
mng	שׁוּנַמִּית	šûnammît	Ag	Shunammitess			v.bu.ai	7767		
mnh	שֶׁוַע	šewaʿ	V	cry out	main	שׁוע	v.bv.aa	7773		2348
mni	שָׁוַע	šāwaʿ	V	cry out	sub		v.bv.aa	7768		2348
mnj	שׁוֹעַ	šôaʿ	Np	Shoa			v.bv.af	7772		
mnk	שׁוֹעַ	šôaʿ	N	cry	sub		v.bv.ac	7771	b	2348b
mnl	שׁוֹעַ	šôaʿ	A	free	sub		j.dy.ad	7771	a	929c
mnm	שׁוּעַ	šûaʿ	Np	Shua			j.dy.ae	7770		
mnn	שׁוּעַ	šûaʿ	N	opulence			j.dy.af	7769		2348a
mno	שׁוּעָא	šûʿāʾ	Np	Shua			j.dy.ag	7774		
mnp	שַׁוְעָה	šawʿâ	N	cry for help	sub		v.bv.ad	7775		2348c
mnq	שׁוּעָל	šûʿāl	Np	Shual			v.ew.ad	7777	b	
mnr	שׁוּעָל	šûʿāl	Np	Shual			v.ew.ac	7777	a	
mns	שׁוּעָל	šûʿāl	N	fox	sub		v.ew.ab	7776		2433a
mnt	שׁוּף	šûp	V	bruise	main	שׁוף	v.bw.aa	7779		2349
mnu	שׁוֹפָךְ	šôpāk	Np	Shophach			v.bn.ap	7780		
mnv	שׁוּפָמִי	šûpāmî	Ag	Shuphamite			v.fl.ad	7781		
mnw	שׁוֹק	šôq	N	leg	sub		v.bx.ab	7785		2350a
mnx	שׁוּק	šûq	V	be abundant	main	שׁוק	v.by.aa	7783		2351
mny	שׁוּק	šûq	N	street	sub		v.bx.ac	7784		2350b
mnz	שׁוּק	šûq			main	שׁוק	v.bx.aa			2350
moa	שׁוק	šwq			main	שׁוק	v.bz.aa			2352
mob	שׁוֹר	šôr	N	a head of cattle	sub		v.cc.ab	7794		2355a
moc	שׁוּר	šûr	Np	Shur			v.cc.ad	7793		
mod	שׁוּר	šûr	N	wall	sub		v.cc.ac	7791	a	2355b
moe	שׁוּר	šûr	V	behold	main	שׁור	v.cb.aa	7789		2354
mof	שׁוּר	šûr	V	travel	main	שׁור	v.ca.aa	7788		2353
mog	שׁוּר	šûr	N	foe	sub		v.cb.ab	7790		2354a
moh	שׁור	šwr			main	שׁור	v.cc.aa			2355
moi	שׂוּר	śûr	V	be prince	sub		u.cm.ac	7786		2295
moj	שׂוּר	śûr	V	saw	main	שׂור	u.ar.aa	7787		2245
mok	שׁוּרָה	šûrâ	N	row	sub		v.cc.ae	7791	b	2355c
mol	שׂוֹרָה	śôrâ	N	in rows	sub		u.ar.ab	7795		2245a
mom	שׁוֹרֵר	šôrēr	N	watcher	sub		v.cb.ac	8324		2354a
mon	שׂוּשׂ	śûś	V	exult	main	שׂושׂ	u.as.aa	7797		2246
moo	שַׁוְשָׁא	šawšāʾ	Np	Shavsha			u.ce.ad	7798		
mop	שׁוּשַׁן	šûšan	Np	Shushan	sub		v.cc.ah	7800		
moq	שׁוּשַׁן	šûšan	N	lily	main		v.cc.ag	7799		2356
mor	שׁוּשַׁן עֵדוּת	šûšan ʿēdût	N	Shushan-eduth	sub		v.cc.ag	7802		
mos	שׁוּתֶ֫לַח	šûtelaḥ	Np	Shuthelah			v.cc.ak	7803		
mot	שָׁזַף	šāzap	V	catch sight of	main	שׁזף	v.cd.aa	7805		2357
mou	שָׁזַר	šāzar	V	be twisted	main	שׁזר	v.ce.aa	7806		2358
mov	שַׁח	šaḥ	A	low	sub		v.ch.ab	7807		2361a
mow	שֵׂחַ	śēaḥ	N	thought	sub		u.bb.ae	7808		2255c
mox	שָׁחַד	šāḥad	V	give a present	main	שׁחד	v.cf.aa	7809		2359
moy	שֹׁ֫חַד	šōḥad	N	present	sub		v.cf.ab	7810		2359a
moz	שָׁחָה	šāḥâ	V	bow down	main	שׁחה	v.cg.aa	7812		2360
mpa	שָׂחָה	śāḥâ	V	swim	main	שׂחה	u.at.aa	7811		2247
mpb	שָׂחוּ	śāḥû	N	swimming	sub		u.at.ab	7813		2247a
mpc	שְׁחוֹר	šĕḥôr	N	blackness	sub		v.co.ab	7815		2368a
mpd	שְׁחוּת	šĕḥût	N	pit	sub		v.cg.ab	7816		2360a
mpe	שָׁחַח	šāḥaḥ	V	bow	main	שׁחח	v.ch.aa	7817		2361
mpf	שָׁחַט	šāḥaṭ	V	slaughter	main	שׁחט	v.ci.aa	7819	a	2362
mpg	שָׁחַט	šāḥaṭ	V	slaughter	sub		v.ci.aa	7820		2362
mph	שָׂחַט	śāḥaṭ	V	squeeze out	main	שׂחט	u.au.aa	7818		2248
mpi	שַׁחֲטָה	šaḥăṭâ	N	the revolters are gone deep in slaughtering	sub		v.ci.ac	7819	b	2362b
mpj	שְׁחִיטָה	šĕḥîṭâ	N	slaying	sub		v.ci.ab	7821		2362a
mpk	שְׁחִין	šĕḥîn	N	boil	sub		v.ck.ab	7822		2364a
mpl	שָׁחִיף	šāḥîp	A	panelled	single		u.au.ab	7824		2249
mpm	שְׁחִית	šĕḥît	N	pit-fall	sub		v.cg.ac	7825		2360b
mpn	שַׁ֫חַל	šaḥal	N	lion	sub		v.cj.ab	7826		2363a
mpo	שׁחל	šḥl			main	שׁחל	v.cj.aa			2363
mpp	שְׁחֵ֫לֶת	šĕḥēlet	N	scale	sub		v.cj.ac	7827		2363b
mpq	שׁחן	šḥn			main	שׁחן	v.ck.aa			2364
mpr	שַׁ֫חַף	šaḥap	N	sea-mew	sub		v.cl.ab	7828		2365a
mps	שׁחף	šḥp			main	שׁחף	v.cl.aa			2365
mpt	שַׁחֶ֫פֶת	šaḥepet	N	wasting disease	sub		v.cl.ac	7829		2365b
mpu	שַׁ֫חַץ	šaḥaṣ	N	dignity	sub		v.cm.ab	7830		2366a
mpv	שׁחץ	šḥṣ			main	שׁחץ	v.cm.aa			2366
mpw	שַׁחֲצִ֫ימָה	šaḥăṣîmâ	Np	Shahazimah (from the margin)			v.cm.ac	7831		
mpx	שַׁ֫חַק	šaḥaq	N	dust	sub		v.cn.ab	7834		2367a
mpy	שָׁחַק	šāḥaq	V	rub away	main	שׁחק	v.cn.aa	7833		2367
mpz	שְׂחֹק	śĕḥōq	N	laughter	sub		u.av.ab	7814		1905d
mqa	שָׂחַק	śāḥaq	V	laugh	main	שׂחק	u.av.aa	7832		1905c
mqb	שַׁ֫חַר	šaḥar	N	dawn	sub		v.cp.ab	7837		2369a
mqc	שָׁחַר	šāḥar	V	look early	sub		v.cp.ac	7836		2369
mqd	שָׁחַר	šāḥar	V	be black	main	שׁחר	v.co.aa	7835		2368
mqe	שָׁחֹר	šāḥōr	A	black	sub		v.co.ac	7838		2368b
mqf	שׁחר	šḥr			main	שׁחר	v.cp.aa			
mqg	שַׁחֲרוּת	šaḥărût	N	blackness	sub		v.co.ad	7839		2368c
mqh	שְׁחַרְחֹר	šĕḥarḥōr	A	blackish	sub		v.co.ae	7840		2368d
mqi	שְׁחַרְיָה	šĕḥaryâ	Np	Shehariah			v.cp.af	7841		
mqj	שַׁחֲרַ֫יִם	šaḥărayim	Np	Shaharaim			v.cp.ag	7842		
mqk	שַׁ֫חַת	šaḥat	N	pit	sub		v.br.ad	7845		2343.1c
mql	שָׁחַת	šāḥat	V	go to ruin	main	שׁחת	v.cq.aa	7843		2370
mqm	שֵׂט	śēṭ	N	swerver	sub		u.am.ab	7846		2240a
mqn	שִׁטָּה	šiṭṭâ	N	acacia	single		v.cq.ag	7848		2371
mqo	שָׂטָה	śāṭâ	V	turn aside	main	שׂטה	u.aw.aa	7847		2250
mqp	שָׁטַח	šāṭaḥ	V	spread	main	שׁטח	v.cr.aa	7849		2372
mqq	שֹׁטֵט	šōṭēṭ	N	scourge	sub		v.bs.ac	7850		2344b
mqr	שִׁטִּים	šiṭṭîm	Np	Shittim			v.cq.ah	7851		
mqs	שָׂטַם	śāṭam	V	bear a grudge	main	שׂטם	u.ax.aa	7852		2251
mqt	שָׂטַן	śāṭan	V	be adversary	sub		u.ay.ac	7853		2252
mqu	שָׂטָן	śāṭān	N	adversary	sub		u.ay.ab	7854		2252a
mqv	שׂטן	śṭn			main	שׂטן	u.ay.aa			
mqw	שִׂטְנָה	śiṭnâ	Np	Sitnah			u.ay.ae	7856		
mqx	שִׂטְנָה	śiṭnâ	N	accusation	sub		u.ay.ad	7855		2252b
mqy	שֶׁ֫טֶף	šeṭep	N	flood	sub		v.cs.ab	7858		2373a
mqz	שָׁטַף	šāṭap	V	overflow	main	שׁטף	v.cs.aa	7857		2373
mra	שֹׁטֵר	šōṭēr	N	official	sub		v.ct.ab	7860		2374a
mrb	שׁטר	šṭr			main	שׁטר	v.ct.aa			2374
mrc	שִׁטְרַי	šiṭray	Np	Shitrai			v.ct.ac	7861		
mrd	שַׁי	šay	N	gift	single		v.ct.ae	7862		2375
mre	שְׁיָא	šĕyāʾ	Np	Sheva (from the margin)			v.bk.ai	7864		
mrf	שִׂיא	śîʾ	N	loftiness	sub		n.fm.ak	7863		1421i
mrg	שִׁיאוֹן	šîʾôn	Np	Shihon			v.ct.ag	7866		
mrh	שִׂיאֹן	śîʾōn	Np	Sion			n.fm.al	7865		
mri	שִׂיב	śîb	V	be hoary	main	שׂיב	u.az.aa	7867		2253
mrj	שֵׂיב	śêb	N	age	sub		u.az.ab	7869		2253a
mrk	שִׁיבָה	šîbâ	N	sojourn	sub		j.ds.ac	7871		922b
mrl	שִׁיבָה	šîbâ	N	restoration	sub		v.bn.ac	7870		2340b
mrm	שֵׂיבָה	śêbâ	N	hoary head	sub		u.az.ac	7872		2253b
mrn	שִׂיג	śîg	N	a moving back	sub		o.am.ac	7873		1469a
mro	שִׂיד	śîd	V	whitewash	sub		u.ba.ac	7874		2254
mrp	שִׂיד	śîd	N	lime	sub		u.ba.ab	7875		2254a
mrq	שׂיד	śyd			main	שׂיד	u.ba.aa			
mrr	שָׁיָה	šāyâ	V	the Rock which begat thee thou forgattest	sub		v.ct.aj	7876		1428
mrs	שִׁיזָא	šîzāʾ	Np	Shiza			v.ct.ak	7877		
mrt	שִׂיחַ	śîaḥ	N	bush	sub		u.bc.ab	7880		2256a
mru	שִׂיחַ	śîaḥ	V	muse	sub		u.bb.ad	7878		2255
mrv	שִׂיחַ	śîaḥ	N	complaint	sub		u.bb.ab	7879		2255a
mrw	שׂיח	śyḥ			main	שׂיח	u.bc.aa			2256
mrx	שׂיח	śyḥ			main	שׂיח	u.bb.aa			
mry	שִׁיחָה	šîḥâ	N	pit-fall	sub		v.br.ac	7882		2343.1b
mrz	שִׂיחָה	śîḥâ	N	reflection	sub		u.bb.ac	7881		2255b
msa	שִׁיחוֹר	šîḥôr	Np	Shihor			v.ct.am	7883		
msb	שִׁיחוֹר לִבְנָת	šîḥôr libnāt	Np	Shihor-libnath			v.ct.an	7884		
msc	שַׁ֫יִט	šayiṭ	N	rowing	sub		v.bs.ad	7885		2344c
msd	שִׁילֹה	šîlōh	Np	Shiloh			v.ct.aq	7886		
mse	שִׁילֹנִי	šîlōnî	Ag	Shilonite			v.dk.ad	7888		
msf	שִׁימוֹן	šîmôn	Np	Shimon			v.ct.as	7889		
msg	שַׁ֫יִן	šayin	N	urine	sub		v.cu.ab	7890		2377a
msh	שׁין	šyn			main	שׁין	v.cu.aa			
msi	שִׁיר	šîr	N	song	sub		v.cv.ab	7892	a	2378a
msj	שִׁיר	šîr	V	sing	sub		v.cv.ad	7891		2378
msk	שׁיר	šyr			main	שׁיר	v.cv.aa			
msl	שִׁירָה	šîrâ	N	song	sub		v.cv.ac	7892	b	2378b
msm	שַׁ֫יִשׁ	šayiš	N	alabaster	main		v.cw.aa	7893		2379
msn	שִׁישָׁא	šîšāʾ	Np	Shisha			v.cw.ac	7894		
mso	שִׁישַׁק	šîšaq	Np	Shishak			v.cw.ad	7895		
msp	שִׁית	šît	N	garment	sub		v.cx.ab	7897		2380a
msq	שִׁית	šît	V	put	main	שׁית	v.cx.aa	7896		2380
msr	שַׁ֫יִת	šayit	N	thorn-bushes	sub		v.cx.ae	7898		2380c
mss	שֵׂךְ	śēk	N	thorn	sub		u.bh.ab	7899		2262a
mst	שֹׂךְ	śōk	N	booth	sub		u.bf.ab	7900		2260a
msu	שָׁכַב	šākab	V	lie down	main	שׁכב	v.cy.aa	7901		2381
msv	שְׁכָבָה	šĕkābâ	N	lying	sub		v.cy.ab	7902		2381a
msw	שְׁכֹ֫בֶת	šĕkōbet	N	copulation	sub		v.cy.ac	7903		2381b
msx	שָׁכָה	šākâ	V	roaming at large	main	שׁכה	v.cz.aa	7904		2382
msy	שֻׂכָּה	śukkâ	N	barb	sub		u.bh.ac	7905		2262b
msz	שׂכה	śkh			main	שׂכה	u.bd.aa			2257
mta	שֵׂ֫כוּ	śēkû	Np	Sechu			u.bd.ag	7906		
mtb	שֶׂכְוִי	śekwî	N	appearance	sub		u.bd.ab	7907		2257a
mtc	שְׁכוֹל	šĕkôl	N	bereavement	sub		v.dc.ab	7908		2385a
mtd	שַׁכּוּל	šakkûl	A	bereaved	sub		v.dc.ad	7909		2385c
mte	שָׁכוּל	šākûl	A	childless	sub		v.dc.ac	7921	b	2385b
mtf	שָׁכֵחַ	šākēaḥ	A	forgetting	sub		v.da.ab	7913		2383a
mtg	שָׁכַח	šākaḥ	V	forget	main	שׁכח	v.da.aa	7911		2383
mth	שְׂכִיָּה	śĕkîyâ	N	conspicuous	sub		u.bd.ac	7914		2257b
mti	שָֽׂכְיָה	śākĕyâ	Np	Shachia (from the margin)			u.bd.ae	7634		
mtj	שַׂכִּין	śakkîn	N	knife	single		u.bd.af	7915		2258
mtk	שָׂכִיר	śākîr	A	hired	sub		u.bk.ae	7916		2264.1c
mtl	שְׂכִירָה	śĕkîrâ	A	hired	sub		u.bk.ae	7917		2264.1c
mtm	שָׁכַךְ	šākak	V	decrease	main	שׁכך	v.db.aa	7918		2384
mtn	שָׂכַךְ	śākak	V	weave	main	שׂכך	u.bf.aa	5526	f	2260
mto	שָׂכַךְ	śākak	V	cover	main	שׂכך	u.be.aa	5526	e	2259
mtp	שׂכך	śkk			main	שׂכך	u.bg.aa			2261
mtq	שׂכך	śkk			main	שׂכך	u.bh.aa			2262
mtr	שָׁכֹל	šākōl	V	be bereaved	main	שׁכל	v.dc.aa	7921	a	2385
mts	שֵׂ֫כֶל	śēkel	N	prudence	sub		u.bi.ab	7922		2263a
mtt	שָׂכַל	śākal	V	be prudent	main	שׂכל	u.bi.aa	7919	a	2263
mtu	שָׂכַל	śākal	V	lay crosswise	main	שׂכל	u.bj.aa	7919	b	2264
mtv	שִׁכֻּלִים	šikkulîm	N	bereavement	sub		v.dc.ae	7923		2385d
mtw	שְׁכֶם	šĕkem	Np	Shechem	sub		v.dd.ad	7927		2386b
mtx	שְׁכֶם	šĕkem	N	shoulder	sub		v.dd.ab	7926		2386a
mty	שֶׁ֫כֶם	šekem	Np	Shechem			v.dd.ae	7928		
mtz	שָׁכַם	šākam	V	start	sub		v.dd.ag	7925		2386
mua	שׁכם	škm			main	שׁכם	v.dd.aa			
mub	שִׁכְמָה	šikmâ	N	shoulder	sub		v.dd.ab	7929		2386a
muc	שִׁכְמִי	šikmî	Ag	Shikmite			v.dd.af	7930		
mud	שֵׁ֫כֶן	šēken	N	dwelling	sub		v.de.ab	7933		2387a
mue	שָׁכֵן	šākēn	A	inhabitant	sub		v.de.ac	7934		2387b
muf	שָׁכַן	šākan	V	settle down	main	שׁכן	v.de.aa	7931		2387
mug	שְׁכַנְיָהוּ	šĕkanyāhû	Np	Shecaniah			v.de.ae	7935		
muh	שִׁכֹּר	šikkōr	A	drunken	sub		v.df.ac	7910		2388b
mui	שֵׁכָר	šēkār	N	intoxicating drink	sub		v.df.ab	7941		2388a
muj	שָׁכַר	šākar	V	be drunk	main	שׁכר	v.df.aa	7937		2388
muk	שׁכר	škr			main	שׁכר	v.dg.aa			2389
mul	שֶׂ֫כֶר	śeker	N	hire	sub		u.bk.ab	7938		2264.1a
mum	שָׂכַר	śākar	V	hire	main	שׂכר	u.bk.aa	7936	b	2264.1
mun	שָׂכָר	śākār	Np	Sacar			u.bk.ad	7940		
muo	שָׂכָר	śākār	N	hire	sub		u.bk.ac	7939		2264.1b
mup	שִׁכְּרוֹן	šikkĕrôn	Np	Shicron			v.df.ae	7942		
muq	שִׁכָּרוֹן	šikkārôn	N	drunkenness	sub		v.df.ad	7943		2388c
mur	שֶׁל	šel	Pr	who	main		v.ab.aa	7945		2299
mus	שַׁל	šal	N	for his hastiness	single		v.dg.ac	7944		2389.1
mut	שַׁלְאֲנָן	šalʾănān	A	tranquil			v.dg.ae	7946		
muu	שָׁלַב	šālab	V	be bound	main	שׁלב	v.dh.aa	7947		2390
muv	שַׁלָבִּים	šalābbîm	N	joinings	sub		v.dh.ab	7948		2390a
muw	שֶׁ֫לֶג	šeleg	N	snow	sub		v.di.ab	7950		2391a
mux	שָׁלַג	šālag	V	snow	sub		v.di.ac	7949		2391
muy	שׁלג	šlg			main	שׁלג	v.di.aa			
muz	שֵׁלָה	šēlâ	Np	Shelah			v.dj.ae	7956		
mva	שָׁלָה	šālâ	V	draw out	main	שׁלה	v.dk.aa	7953		2393
mvb	שָׁלָה	šālâ	V	be quiet	main	שׁלה	v.dj.aa	7951		2392
mvc	שָׁלָה	šālâ	V	be quiet	sub		v.dj.aa	7952		2392
mvd	שַׁלְהֶ֫בֶת	šalhebet	N	flame	sub		l.am.ae	7957		1077c
mve	שִׁלוֹ	šilô	Np	Shiloh	single		v.dk.ac	7887		2376
mvf	שָׁלֵו	šālēw	A	quiet	sub		v.dj.ag	7961		2392c
mvg	שָׁ֫לוּ	šālû	N	ease	sub		v.dj.ab	7959		2392a
mvh	שְׂלָו	śĕlāw	N	quail	single		u.bk.ah	7958		2265
mvi	שׂלו	ślw								
mvj	שַׁלְוָה	šalwâ	N	quietness	sub		v.dj.ah	7962		2392d
mvk	שְׁלּוּחָה	šĕllûḥâ	N	shoot	sub		v.dl.ai	7976		2394c
mvl	שִׁלּוּחִים	šillûḥîm	N	sending away	sub		v.dl.ah	7964		2394b
mvm	שִׁלּוּם	šillûm	N	requital	sub		v.ds.ak	7966		2401g
mvn	שַׁלּוּם	šallûm	Np	Shallum			v.ds.am	7967		
mvo	שָׁלוֹם	šālôm	N	completeness	sub		v.ds.ab	7965		2401a
mvp	שַׁלּוּן	šallûn	Np	Shallum			v.ds.an	7968		
mvq	שִׁלֹחַ	šilōaḥ	Np	Shiloah			v.dl.ag	7975	b	
mvr	שֶׁ֫לַח	šelaḥ	Np	Salah			v.dl.ac	7974		
mvs	שֶׁ֫לַח	šelaḥ	Np	Shiloah			v.dl.ad	7975	a	
mvt	שֶׁ֫לַח	šelaḥ	N	missile	sub		v.dl.ab	7973		2394a
mvu	שָׁלַח	šālaḥ	V	send	main	שׁלח	v.dl.aa	7971		2394
mvv	שׁלח	šlḥ			main	שׁלח	v.dm.aa			2395
mvw	שִׁלְחִי	šilḥî	Np	Shilhi			v.dl.ae	7977		
mvx	שִׁלְחִים	šilḥîm	Np	Shilhim			v.dl.af	7978		
mvy	שֻׁלְחָן	šulḥān	N	table	sub		v.dm.ab	7979		2395a
mvz	שֶׁ֫לֶט	šeleṭ	N	shield	sub		v.do.ab	7982		2397a
mwa	שָׁלַט	šālaṭ	V	domineer	main	שׁלט	v.dn.aa	7980		2396
mwb	שׁלט	šlṭ			main	שׁלט	v.do.aa			2397
mwc	שִׁלְטוֹן	šilṭôn	N	mastery	sub		v.dn.ac	7983		2396b
mwd	שַׁלֶּטֶת	šalleṭet	A	having mastery	sub		v.dn.ab	7986		2396c
mwe	שְׁלִי	šĕlî	N	quietness	sub		v.dj.ac	7987		2392b
mwf	שִׁלְיָה	šilyâ	N	after-birth	sub		v.dk.ab	7988		2393a
mwg	שַׁלִּיט	šallîṭ	A	having mastery	sub		v.dn.ab	7989		2396a
mwh	שָׁלִישׁ	šālîš	N	sistrum	sub		v.du.ah	7991	b	2403f
mwi	שָׁלִישׁ	šālîš	N	adjutant	sub		v.du.ai	7991	c	2403g
mwj	שָׁלִישׁ	šālîš	N	third	sub		v.du.ag	7991	a	2403e
mwk	שְׁלִישִׁי	šĕlîšî	A	third	sub		v.du.ad	7992		2403b
mwl	שָׁלַךְ	šālak	V	throw	main	שׁלך	v.dp.aa	7993		2398
mwm	שָׁלָךְ	šālāk	N	cormorant	sub		v.dp.ab	7994		2398a
mwn	שַׁלֶּ֫כֶת	šalleket	Np	Shalleketh			v.dp.ad	7996		
mwo	שַׁלֶּ֫כֶת	šalleket	N	felling	sub		v.dp.ac	7995		2398b
mwp	שָׁלַל	šālal	V	draw out	main	שׁלל	v.dq.aa	7997	a	2399
mwq	שָׁלַל	šālal	V	spoil	main	שׁלל	v.dr.aa	7997	b	2400
mwr	שָׁלָל	šālāl	N	prey	sub		v.dr.ab	7998		2400a
mws	שִׁלֵּם	šillēm	Np	Shillem			v.ds.ah	8006		
mwt	שִׁלֵּם	šillēm	N	recompense	sub		v.ds.ag	8005		2401e
mwu	שֶׁ֫לֶם	šelem	N	sacrifice for alliance	sub		v.ds.ac	8002		2401b
mwv	שָׁלֵם	šālēm	V	be complete	main	שׁלם	v.ds.aa	7999	a	2401
mww	שָׁלֵם	šālēm	Np	Salem			v.ds.af	8004		
mwx	שָׁלֵם	šālēm	A	complete	sub		v.ds.ae	8003		2401d
mwy	שָׁלַם	šālam	V	be in covenant of peace	sub		v.ds.ad	7999	b	2401c
mwz	שַׂלְמָא	śalmāʾ	Np	Salma			u.bk.ak	8007		
mxa	שְׁלֹמֹה	šĕlōmōh	Np	Solomon	sub		v.ds.at	8010		2401i
mxb	שִׁלֻּמָה	šillumâ	N	requital	sub		v.ds.al	8011		2401h
mxc	שַׂלְמָה	śalmâ	Np	Salmon. Compare			u.bk.ak	8009		
mxd	שַׂלְמָה	śalmâ	N	garment	sub		u.bo.ad	8008		2270b
mxe	שַׂלְמוֹן	śalmôn	Np	Salmon. Compare			u.bk.ak	8012		
mxf	שְׁלֹמוֹת	šĕlōmôt	Np	Shelomith (from the margin)			v.ds.au	8013		
mxg	שְׁלֹמִי	šĕlōmî	Np	Shelomi			v.ds.aw	8015		
mxh	שִׁלֵּמִי	šillēmî	Ag	Shillemites			v.ds.ai	8016		
mxi	שַׂלְמַי	śalmay	Np	Shalmai			u.bk.al	8014		
mxj	שְׁלֻמִיאֵל	šĕlumîʾēl	Np	Shelumiel			v.ds.ay	8017		
mxk	שֶׁלֶמְיָהוּ	šelemyāhû	Np	Shelemiah			v.ds.az	8018		
mxl	שְׁלֹמִית	šĕlōmît	Np	Shelomith			v.ds.au	8019	a	
mxm	שְׁלֹמִית	šĕlōmît	Np	Shelomith			v.ds.av	8019	b	
mxn	שַׁלְמַן	šalman	Np	Shalman. Compare			v.ds.ba	8020		
mxo	שַׁלְמֹן	šalmōn	N	reward	sub		v.ds.aj	8021		2401f
mxp	שַׁלְמַנְאֶ֫סֶר	šalmanʾeser	Np	Shalmaneser. Comp			v.ds.bb	8022		
mxq	שִׁלֹנִי	šilōnî	Np	Shiloni			v.dk.ad	8023		
mxr	שֵׁלָנִי	šēlānî	Ag	Shelanites			v.dj.af	8024		
mxs	שֶׁ֫לֶף	šelep	Np	Sheleph			v.dt.ab	8026		
mxt	שָׁלַף	šālap	V	draw out	main	שׁלף	v.dt.aa	8025		2402
mxu	שָׂלַק	śālaq	V	kindle	main	שׂלק	u.bl.aa	5400		2266
mxv	שִׁלֵּשׁ	šillēš	A	pertaining to the third	sub		v.du.aj	8029		2403h
mxw	שֶׁ֫לֶשׁ	šeleš	Np	Shelesh			v.du.ak	8028		
mxx	שָׁלַשׁ	šālaš	V	do a third time	sub		v.du.ac	8027		2403
mxy	שָׁלֹשׁ	šālōš	N	a three	sub		v.du.ab	7969		2403a
mxz	שׁלשׁ	šlš			main	שׁלשׁ	v.du.aa			
mya	שִׁלְשָׁה	šilšâ	Np	Shilshah			v.du.am	8030		
myb	שָׁלִ֫שָׁה	šālišâ	Np	Shalisha			v.du.al	8031		
myc	שְׁלֹשִׁים	šĕlōšîm	N	thirty	sub		v.du.af	7970		2403d
myd	שִׁלְשֹׁם	šilšōm	D	three days ago	sub		v.du.ae	8032		2403c
mye	שַׁלְתִּיאֵל	šaltîʾēl	Np	Shalthiel			v.du.an	7597	b	
myf	שֵׁם	šēm	Np	Sem			v.dv.ac	8035		
myg	שֵׁם	šēm	N	name	single		v.dv.ab	8034		2405
myh	שָׁם	šām	D	there	main		v.dv.aa	8033		2404
myi	שַׁמָּא	šammāʾ	Np	Shamma			v.ea.ae	8037		
myj	שׁמא	šmʾ			main	שׁמא	v.dw.aa			
myk	שֶׁמְאֵ֫בֶר	šemʾēber	Np	Shemeber			v.dv.ad	8038		
myl	שִׁמְאָה	šimʾâ	Np	Shimah. Compare	sub		v.dw.ab	8039		
mym	שְׂמֹאל	śĕmōʾl	N	the left	main	שׂמאל	u.bm.aa	8040		2267a
myn	שִׂמְאֵל	śimʾēl	V	take the left	sub		u.bm.ab	8041		2267
myo	שְׂמָאלִי	śĕmāʾlî	A	left	sub		u.bm.ac	8042		2267b
myp	שִׁמְאָם	šimʾām	Np	Shimeam	sub		v.dw.ac	8043		
myq	שַׁמְגַּר	šamgar	Np	Shamgar	sub		v.dw.af	8044		
myr	שָׁמַד	šāmad	V	be exterminated	main	שׁמד	v.dx.aa	8045		2406
mys	שַׁמָּה	šammâ	Np	Shammah			v.ea.ag	8048		
myt	שַׁמָּה	šammâ	N	waste	sub		v.ea.af	8047		2409d
myu	שׁמה	šmh			main	שׁמה	v.dy.aa			2407
myv	שַׁמְהוּת	šamhût	Np	Shamhuth			v.dy.ae	8049		
myw	שְׁמוּאֵל	šĕmûʾēl	Np	Samuel			v.dv.ae	8050		
myx	שַׁמּוּעַ	šammûaʿ	Np	Shammua			v.ed.an	8051		
myy	שְׁמוּעָה	šĕmûʿâ	N	report	sub		v.ed.am	8052		2412d
myz	שַׁמּוֹת	šammôt	Np	Shamoth			v.ea.ag	8054		
mza	שָׂמֵחַ	śāmēaḥ	A	glad	sub		u.bn.ab	8056		2268a
mzb	שָׂמַח	śāmaḥ	V	rejoice	main	שׂמח	u.bn.aa	8055		2268
mzc	שִׂמְחָה	śimḥâ	N	joy	sub		u.bn.ac	8057		2268b
mzd	שָׁמַט	šāmaṭ	V	let drop	main	שׁמט	v.dz.aa	8058		2408
mze	שְׁמִטָּה	šĕmiṭṭâ	N	a letting drop	sub		v.dz.ab	8059		2408a
mzf	שַׁמַּי	šammay	Np	Shammai			v.ea.ai	8060		
mzg	שְׁמִידָ֑ע	šĕmîdāʿ	Np	Shemida			v.dv.af	8061		
mzh	שְׁמִידָעִי	šĕmîdāʿî	Ag	Shemidaites			v.dv.ag	8062		
mzi	שְׂמִיכָה	śĕmîkâ	N	rug	single		u.bn.ad	8063		2269a
mzj	שָׁמַיִם	šāmayim	N	heavens	sub		v.dy.ab	8064		2407a
mzk	שְׁמִינִי	šĕmînî	A	eighth	sub		v.ec.ac	8066		2411c
mzl	שְׁמִינִית	šĕmînît	N	eighth	sub		v.ec.ac	8067		2411c
mzm	שָׁמִיר	šāmîr	Np	Shamir (from the margin)			v.eh.ae	8053		
mzn	שָׁמִיר	šāmîr	Np	Shamir. Compare			v.eh.ad	8069		
mzo	שָׁמִיר	šāmîr	N	thorn	sub		v.eh.ac	8068		2416a
mzp	שְׁמִירָמוֹת	šĕmîrāmôt	Np	Shemiramoth			v.dv.ah	8070		
mzq	שׂמך	śmk								2269
mzr	שׂמל	śml			main	שׂמל	u.bo.aa			2270
mzs	שִׂמְלָה	śimlâ	N	wrapper	sub		u.bo.ab	8071		2270a
mzt	שַׂמְלָה	śamlâ	Np	Samlah			u.bo.ac	8072		
mzu	שַׁמְלַי	šamlay	Np	Shalmai (from the margin)			u.bk.al	8073		
mzv	שָׁמֵם	šāmēm	A	devastated	sub		v.ea.ab	8076		2409a
mzw	שָׁמֵם	šāmēm	V	be desolated	main	שׁמם	v.ea.aa	8074		2409
mzx	שְׁמָמָה	šĕmāmâ	N	a devastation	sub		v.ea.ac	8077	a	2409b
mzy	שִׁמָמָה	šimāmâ	N	devastation	sub		v.ea.ad	8077	b	2409c
mzz	שִׁמָּמוֹן	šimmāmôn	N	appalment	sub		v.ea.aj	8078		2409e
naa	שְׂמָמִית	śĕmāmît	N	lizard	single		u.bo.ag	8079		2271
nab	שֶׁ֫מֶן	šemen	N	fat	sub		v.eb.ad	8081		2410c
nac	שָׁמֵן	šāmēn	A	fat	sub		v.eb.ab	8082		2410a
nad	שָׁמֵן	šāmēn	V	grow fat	main	שׁמן	v.eb.aa	8080		2410
nae	שָׁמָן	šāmān	N	fat	sub		v.eb.ac	4924	a	2410b
naf	שׁמן	šmn			main	שׁמן	v.ec.aa			2411
nag	שְׁמֹנֶה	šĕmōneh	N	eight	sub		v.ec.ab	8083		2411a
nah	שְׁמֹנִים	šĕmōnîm	A	an eighty	sub		v.ec.ad	8084		2411b
nai	שְׁמַע	šĕmaʿ	Np	Shema			v.ed.af	8090		
naj	שֵׁ֫מַע	šēmaʿ	N	hearing	sub		v.ed.ad	8088	b	2412b
nak	שֶׁ֫מַע	šemaʿ	N	sound	sub		v.ed.ab	8088	a	2412a
nal	שֶׁ֫מַע	šemaʿ	Np	Shema			v.ed.ac	8087		
nam	שָׁמַע	šāmaʿ	V	hear	main	שׁמע	v.ed.aa	8085		2412
nan	שָׁמָע	šāmāʿ	Np	Shama			v.ed.ag	8091		
nao	שֹׁ֫מַע	šōmaʿ	N	report	sub		v.ed.ae	8089		2412c
nap	שִׁמְעָא	šimʿāʾ	Np	Shimea			v.ed.ah	8092		
naq	שְׁמָעָה	šĕmāʿâ	Np	Shemaah			v.ed.aj	8094		
nar	שִׁמְעָה	šimʿâ	Np	Shimeah			v.ed.ah	8093		
nas	שִׁמְעוֹן	šimʿôn	Np	Simeon			v.ed.ao	8095		
nat	שִׁמְעִי	šimʿî	Np	Shimeah (from the margin)			v.ed.aq	8096		
nau	שִׁמְעִי	šimʿî	Ag	of Shimi			v.ed.ar	8097		
nav	שְׁמַעְיָ֫הוּ	šĕmaʿyāhû	Np	Shemaiah			v.ed.as	8098		
naw	שִׁמְעֹנִי	šimʿōnî	Ag	tribe of Simeon			v.ed.ap	8099		
nax	שִׁמְעָת	šimʿāt	Np	Shimath			v.ed.ak	8100		
nay	שִׁמְעָתִים	šimʿātîm	Ag	Shimeathites			v.ed.al	8101		
naz	שֵׁ֫מֶץ	šēmeṣ	N	whisper	sub		v.ee.ab	8102		2413a
nba	שׁמץ	šmṣ			main	שׁמץ	v.ee.aa			2413
nbb	שִׁמְצָה	šimṣâ	N	whisper	sub		v.ee.ac	8103		2413b
nbc	שִׁמֻּר	šimmur	N	watching	sub		v.ef.ai	8107		2414c
nbd	שֶׁ֫מֶר	šemer	N	lees	sub		v.eg.ab	8105		2415a
nbe	שֶׁ֫מֶר	šemer	Np	Shamer			v.ef.ab	8106		
nbf	שָׁמַר	šāmar	V	keep	main	שׁמר	v.ef.aa	8104		2414
nbg	שֹׁמֵר	šōmēr	Np	Shomer			v.ef.ad	7763		
nbh	שׁמר	šmr			main	שׁמר	v.eh.aa			2416
nbi	שׁמר	šmr			main	שׁמר	v.eg.aa			2415
nbj	שׂמר	śmr			main		u.bp.aa			
nbk	שְׁמֻרָה	šĕmurâ	N	eye-lid	sub		v.ef.ah	8109		2414b
nbl	שׇׁמְרָה	šomrâ	N	guard	sub		v.ef.ac	8108		2414a
nbm	שִׁמְרוֹן	šimrôn	Np	Shimron			v.ef.an	8110	b	
nbn	שִׁמְרוֹן	šimrôn	Np	Shimron			v.ef.am	8110	a	
nbo	שֹׁמְרוֹן	šōmĕrôn	Np	Samaria	sub		v.ef.ak	8111		2414d
nbp	שִׁמְרוֹן מְראוֹן	šimrôn mĕrʾôn	Np	Shimon-meron			v.ef.am	8112		
nbq	שִׁמְרִי	šimrî	Np	Shimri			v.ef.ae	8113		
nbr	שְׁמַרְיָ֫הוּ	šĕmaryāhû	Np	Shamariah			v.ef.aj	8114		
nbs	שִׁמְרִית	šimrît	Np	Shimrith			v.ef.ag	8116		
nbt	שִׁמְרֹנִי	šimrōnî	Ag	Shimronites			v.ef.ao	8117		
nbu	שֹׁמרֹנִי	šōmrōnî	Ag	Samaritans			v.ef.al	8118		
nbv	שִׁמְרָת	šimrāt	Np	Shimrath			v.ef.af	8119		
nbw	שֶׁ֫מֶשׁ	šemeš	N	sun	sub		v.ei.ab	8121		2417a
nbx	שׁמשׁ	šmš			main	שׁמשׁ	v.ei.aa			2417
nby	שִׁמְשׁוֹן	šimšôn	Np	Samson			v.ei.ac	8123		
nbz	שַׁמְשְׁרַי	šamšĕray	Np	Shamsherai			v.ei.ad	8125		
nca	שֻׁמָתִי	šumātî	Ag	Shumathites			v.dx.ad	8126		
ncb	שֵׁן	šēn	N	tooth	sub		v.en.ab	8127		2422a
ncc	שֵׁן	šēn	Np	Shen			v.en.ac	8129		
ncd	שָׁנָא	šānāʾ	V	change	sub		v.ek.aa	8132		2419
nce	שָׂנֵא	śānēʾ	V	hate	main	שׂנא	u.bq.aa	8130		2272
ncf	שִׁנְאָב	šinʾāb	Np	Shinab			v.ei.aj	8134		
ncg	שִׂנְאָה	śinʾâ	N	hating	sub		u.bq.ac	8135		2272b
nch	שִׁנְאָן	šinʾān	N	repetition	sub		v.em.ae	8136		2421d
nci	שֶׁנְאַצַּ֑ר	šenʾaṣṣar	Np	Senazar			v.ei.al	8137		
ncj	שׁנב	šnb			main	שׁנב	v.ej.aa			2418
nck	שֵׁנָה	šēnâ	N	sleep	sub		j.dx.af	8142		928c
ncl	שָׁנָה	šānâ	V	repeat	main	שׁנה	v.em.aa	8138	b	2421
ncm	שָׁנָה	šānâ	N	year	sub		v.ek.ab	8141		2419a
ncn	שָׁנָה	šānâ	V	change	main	שׁנה	v.ek.aa	8138	a	2419
nco	שׁנה	šnh			main	שׁנה	v.el.aa			2420
ncp	שֶׁנְהַבִּים	šenhabbîm	N	ivory	sub		v.en.ae	8143		2422c
ncq	שֵׁנִי	šēnî	Ao	second	sub		v.em.ac	8145		2421b
ncr	שָׁנִי	šānî	N	scarlet	sub		v.el.ab	8144		2420a
ncs	שָׂנִיא	śānîʾ	A	hated	sub		u.bq.ab	8146		2272a
nct	שְׁנַ֫יִם	šĕnayim	N	two	sub		v.em.ab	8147		2421a
ncu	שְׁנִינָה	šĕnînâ	N	sharp	sub		v.en.ad	8148		2422b
ncv	שְׂנִיר	śĕnîr	Np	Senir			u.bq.ad	8149		
ncw	שָׁנַן	šānan	V	whet	main	שׁנן	v.en.aa	8150		2422
ncx	שָׁנַס	šānas	V	gird up	main	שׁנס	v.eo.aa	8151		2423
ncy	שִׁנְעָר	šinʿār	Np	Shinar	single		v.eo.ac	8152		2424
ncz	שְׁנָת	šĕnāt	N	sleep	sub		j.dx.af	8153		928c
nda	שָׁסָה	šāsâ	V	spoil	main	שׁסה	v.ep.aa	8154		2425
ndb	שָׁסַס	šāsas	V	plunder	main	שׁסס	v.eq.aa	8155		2426
ndc	שֶׁ֫סַע	šesaʿ	N	cleft	sub		v.er.ab	8157		2427a
ndd	שָׁסַע	šāsaʿ	V	divide	main	שׁסע	v.er.aa	8156		2427
nde	שָׁסַף	šāsap	V	hew in pieces	main	שׁסף	v.es.aa	8158		2428
ndf	שָׁעָה	šāʿâ	V	gaze	main	שׁעה	v.et.aa	8159		2429
ndg	שׁעט	šʿṭ			main	שׁעט	v.eu.aa			2430
ndh	שַׁעֲטָה	šaʿăṭâ	N	stamping	sub		v.eu.ab	8161		2430a
ndi	שַׁעַטְנֵז	šaʿaṭnēz	N	mixed stuff	single		v.eu.ac	8162		2431
ndj	שֵׂעִיר	śēʿîr	Np	Seir	sub		u.bs.am	8165	b	2274h
ndk	שֵׂעִיר	śēʿîr	Np	Seir	sub		u.bs.am	8165	a	2274g
ndl	שָׂעִיר	śāʿîr	N	satyr	sub		u.bs.aj	8163	c	2274e
ndm	שָׂעִיר	śāʿîr	N	he-goat	sub		u.bs.ag	8163	b	2274e
ndn	שְׂעִירָה	śĕʿîrâ	N	she-goat	sub		u.bs.ah	8166		
ndo	שְׂעִירָה	śĕʿîrâ	Np	Seirath			u.bs.ai	8167		
ndp	שְׂעִירִים	śĕʿîrîm	N	rain	sub		u.bv.ab	8164		2277a
ndq	שֹׁ֫עַל	šōʿal	N	hollow hand	sub		v.ev.ab	8168		2432a
ndr	שׁעל	šʿl			main	שׁעל	v.ew.aa			2433
nds	שׁעל	šʿl			main	שׁעל	v.ev.aa			2432
ndt	שַׁעַלְבִים	šaʿalbîm	Np	Shaalabbin			v.ew.ae	8169		
ndu	שַׁעַלְבֹנִי	šaʿalbōnî	Ag	Shaalbonite			v.ew.ag	8170		
ndv	שַׁעֲלִים	šaʿălîm	Np	Shalim			v.ew.ah	8171		
ndw	שָׁעַן	šāʿan	V	lean	main	שׁען	v.ex.aa	8172		2434
ndx	שָׁעַע	šāʿaʿ	V	sport	main	שׁעע	v.ez.aa	8173	b	2436
ndy	שָׁעַע	šāʿaʿ	V	be smeared over	main	שׁעע	v.ey.aa	8173	a	2435
ndz	שַׁ֫עַף	šaʿap	Np	Shaaph			v.ez.ac	8174		
nea	שׂעף	śʿp			main	שׂעף	u.br.aa			2273
neb	שְׂעִפִּים	śĕʿippîm	N	disquietings	sub		u.br.ab	5587	b	2273a
nec	שַׁ֫עַר	šaʿar	N	measure	sub		v.fb.ab	8180		2438a
ned	שַׁ֫עַר	šaʿar	N	gate	sub		v.fa.ab	8179		2437a
nee	שָׁעַר	šāʿar	V	calculate	main	שׁער	v.fb.aa	8176		2438
nef	שֹׁעֵר	šōʿēr	N	porter	sub		v.fa.ac	7778		2437b
neg	שֹׁעָר	šōʿār	A	horrid	sub		v.fc.ab	8182		2439a
neh	שׁער	šʿr			main	שׁער	v.fa.aa			2437
nei	שׁער	šʿr			main	שׁער	v.fc.aa			2439
nej	שֵׂעָר	śēʿār	N	hair	sub		u.bs.ab	8181		2274a
nek	שַׂ֫עַר	śaʿar	N	storm	sub		u.bt.ab	8178	b	2275a
nel	שַׂ֫עַר	śaʿar	N	horror	sub		u.bs.ae	8178	a	2274d
nem	שָׂעִר	śāʿir	A	hairy	sub		u.bs.af	8163	a	2274c
nen	שָׂעַר	śāʿar	V	sweep away	main	שׂער	u.bt.aa	8175	b	2275
neo	שָׂעַר	śāʿar	V	be acquainted with	main	שׂער	u.bu.aa	8175	c	2276
nep	שָׂעַר	śāʿar	V	bristle	sub		u.bs.ad	8175	a	2274d
neq	שׂער	śʿr			main	שׂער	u.bv.aa			2277
ner	שׂער	śʿr			main	שׂער	u.bs.aa			2274
nes	שְׂעָרָה	śĕʿārâ	N	hurricane	sub		u.bt.ac	8183		2275b
net	שְׂעֹרָה	śĕʿōrâ	N	barley	sub		u.bs.ak	8184		2274f
neu	שַׂעֲרָה	śaʿărâ	N	a hair	sub		u.bs.ac	8185		2274b
nev	שַׁעֲרוּרָה	šaʿărûrâ	N	horror	sub		v.fc.ac	8186	a	2439b
new	שְׁעַרְיָה	šĕʿaryâ	Np	Sheariah			v.fa.ad	8187		
nex	שַׁעֲרַ֫יִם	šaʿărayim	Np	Shaaraim			v.fa.ae	8189		
ney	שְׂעֹרִים	śĕʿōrîm	Np	Seorim			u.bs.al	8188		
nez	שַׁעֲרִירִיָּה	šaʿărîrîyâ	N	fearful	sub		v.fc.ad	8186	b	2439c
nfa	שַׁעַשְׁגַּז	šaʿašgaz	Np	Shaashgaz			v.fc.ae	8190		
nfb	שַׁעֲשֻׁעִים	šaʿăšuʿîm	N	delight	sub		v.ez.ab	8191		2436a
nfc	שָׁפָה	šāpâ	V	sweep bare	main	שׁפה	v.fd.aa	8192		2440
nfd	שׁפה	šph			main	שׁפה	v.fe.aa			2441
nfe	שָׂפָה	śāpâ	N	lip	sub		u.bw.ab	8193		2278a
nff	שׂפה	śph			main	שׂפה	u.bw.aa			2278
nfg	שְׁפוֹ	šĕpô	Np	Shephi			v.fd.ac	8195		
nfh	שְׁפוֹט	šĕpôṭ	N	judgment	sub		v.fg.ac	8196		2443b
nfi	שְׁפוּפָם	šĕpûpām	Np	Shephuphan			v.fl.ac	8197	a	
nfj	שְׁפוּפָן	šĕpûpān	Np	Shephuphan			v.fl.ae	8197	b	
nfk	שְׁפוֹת	šĕpôt	N	cream	sub		v.fd.ab	8194		2440a
nfl	שׁפח	špḥ			main	שׁפח	v.ff.aa			2442
nfm	שִׂפַּח	śippaḥ	V	cause a scab upon	sub		o.cg.ad	5596	b	1534
nfn	שִׁפְחָה	šipḥâ	N	maid	sub		v.ff.ab	8198		2442a
nfo	שֶׁ֫פֶט	šepeṭ	N	judgment	sub		v.fg.ab	8201		2443a
nfp	שָׁפַט	šāpaṭ	V	judge	main	שׁפט	v.fg.aa	8199		2443
nfq	שָׁפָט	šāpāṭ	Np	Shaphat			v.fg.ad	8202		
nfr	שְׁפַטְיָהוּ	šĕpaṭyāhû	Np	Shephatiah			v.fg.af	8203		
nfs	שִׁפְטָן	šipṭān	Np	Shiphtan			v.fg.ag	8204		
nft	שְׁפִי	šĕpî	N	bareness	sub		v.fd.ad	8205		2440b
nfu	שֻׁפִּים	šuppîm	Np	Shuppim			v.fl.af	8206		
nfv	שְׁפִיפֹן	šĕpîpōn	N	horned snake	sub		v.fl.ab	8207		2448a
nfw	שָׁפִיר	šāpîr	Np	Saphir			v.fm.af	8208		
nfx	שֶׁ֫פֶךְ	šepek	N	pouring	sub		v.fh.ab	8211		2444a
nfy	שָׁפַךְ	šāpak	V	pour out	main	שׁפך	v.fh.aa	8210		2444
nfz	שׇׁפְכָה	šopkâ	N	male organ	sub		v.fh.ac	8212		2444b
nga	שֵׁ֫פֶל	šēpel	N	low estate	sub		v.fi.ab	8216		2445a
ngb	שָׁפֵל	šāpēl	V	be low	main	שׁפל	v.fi.aa	8213		2445
ngc	שָׁפָל	šāpāl	A	low	sub		v.fi.ad	8217		2445c
ngd	שְׁפֵלָה	šĕpēlâ	N	lowland	sub		v.fi.ae	8219		2445d
nge	שִׁפְלָה	šiplâ	N	humiliation	sub		v.fi.ac	8218		2445b
ngf	שִׁפְלוּת	šiplût	N	sinking	sub		v.fi.af	8220		2445e
ngg	שְׁפָם	šĕpām	Np	Shepham			v.fi.ah	8221		
ngh	שָׁפָם	šāpām	Np	Shapham			v.fi.ag	8223		
ngi	שָׂפָם	śāpām	N	moustache	single		u.bw.ac	8222		2279
ngj	שִׂפְמוֹת	śipmôt	Np	Siphmoth			v.fi.aj	8224		
ngk	שִׁפְמִי	šipmî	Ag	Shiphmite			v.fi.ak	8225		
ngl	שָׁפָן	šāpān	N	rock-badger	sub		v.fj.ab	8227	a	2446a
ngm	שָׁפָן	šāpān	Np	Shaphan			v.fj.ac	8227	b	
ngn	שׁפן	špn			main	שׁפן	v.fj.aa			2446
ngo	שָׂפַן	śāpan	V	cover	sub		o.ch.aa	8226		1537
ngp	שֶׁ֫פַע	šepaʿ	N	abundance	sub		v.fk.ab	8228		2447a
ngq	שׁפע	špʿ			main	שׁפע	v.fk.aa			2447
ngr	שִׁפְעָה	šipʿâ	N	abundance	sub		v.fk.ac	8229		2447b
ngs	שִׁפְעִי	šipʿî	Np	Shiphi			v.fk.ad	8230		
ngt	שׁפף	špp			main	שׁפף	v.fl.aa			2448
ngu	שֵׂ֫פֶק	śēpeq	N	sufficiency	sub		u.bx.ab	5607	b	2280a
ngv	שֶׂ֫פֶק	śepeq	N	hand-clapping	sub		o.cj.ab	5607	a	1539a
ngw	שָׂפַק	śāpaq	V	suffice	main	שׂפק	u.bx.aa	5606	b	2280
ngx	שֶׁ֫פֶר	šeper	Np	Shapper			v.fm.ac	8234		
ngy	שֶׁ֫פֶר	šeper	N	beauty	sub		v.fm.ab	8233		2449a
ngz	שָׁפַר	šāpar	V	be beautiful	main	שׁפר	v.fm.aa	8231		2449
nha	שֹׁפָר	šōpār	N	horn	sub		v.fm.ah	7782		2449c
nhb	שִׁפְרָה	šiprâ	Np	Shiphrah			v.fm.ae	8236		
nhc	שִׁפְרָה	šiprâ	N	fairness	sub		v.fm.ad	8235		2449b
nhd	שַׁפְרִיר	šaprîr	N	brightly-coloured	sub		v.fm.ai	8237		2449d
nhe	שָׁפַת	šāpat	V	set	sub		v.fe.ab	8239		2441a
nhf	שְׁפַתַּ֫יִם	šĕpattayim	N	hook-shaped pegs	single		v.fm.ak	8240	b	2450
nhg	שְׁפַתָּ֑יִם	šĕpattāyim	N	stall	sub		v.fe.ad	8240	a	2441c
nhh	שֶׁצֶף	šeṣep	N	flood	sub		v.cs.ab	8241		2373a
nhi	שַׂק	śaq	N	sack	sub		u.bz.ab	8242		2282a
nhj	שָׁקֵד	šāqēd	N	almond	sub		v.fn.ab	8247		2451a
nhk	שָׁקַד	šāqad	V	watch	main	שׁקד	v.fn.aa	8245		2451
nhl	שָׁקַד	šāqad	V	cups shaped like almond	sub		v.fn.ac	8246		2451b
nhm	שָׂקַד	śāqad	V	bind on	main	שׂקד	u.by.aa	8244		2281
nhn	שָׁקָה	šāqâ	V	cause to drink water	main	שׁקה	v.fo.aa	8248		2452
nho	שִׁקֻּו	šiqquw	N	drink	sub		v.fo.ab	8249		2452a
nhp	שִׁקּוּי	šiqqûy	N	drink	sub		v.fo.ab	8250		2452a
nhq	שָׁקוּף	šāqûp	N	frame	sub		v.ft.ac	8261		2458b
nhr	שִׁקּוּץ	šiqqûṣ	N	detested thing	sub		v.fu.ad	8251		2459b
nhs	שֶׁ֫קֶט	šeqeṭ	N	quietness	sub		v.fp.ab	8253		2453a
nht	שָׁקַט	šāqaṭ	V	be quiet	main	שׁקט	v.fp.aa	8252		2453
nhu	שֶׁ֫קֶל	šeqel	N	a weight	sub		v.fq.ab	8255		2454a
nhv	שָׁקַל	šāqal	V	weigh	main	שׁקל	v.fq.aa	8254		2454
nhw	שִׁקְמָה	šiqmâ	N	sycomore tree	single		v.fq.af	8256		2455
nhx	שָׁקַע	šāqaʿ	V	sink	main	שׁקע	v.fr.aa	8257		2456
nhy	שְׁקַעֲרוּרָה	šĕqaʿărûrâ	N	depression	sub		s.ci.ac	8258		2047b
nhz	שֶׁ֫קֶף	šeqep	N	frame-work	sub		v.ft.ab	8260		2458a
nia	שָׁקַף	šāqap	V	overhang	main	שׁקף	v.fs.aa	8259		2457
nib	שׁקף	šqp			main	שׁקף	v.ft.aa			2458
nic	שִׁקֵּץ	šiqqēṣ	V	detest	sub		v.fu.ac	8262		2459
nid	שֶׁ֫קֶץ	šeqeṣ	N	detestation	sub		v.fu.ab	8263		2459a
nie	שׁקץ	šqṣ			main	שׁקץ	v.fu.aa			
nif	שָׁקַק	šāqaq	V	run	main	שׁקק	v.fv.aa	8264		2460
nig	שׂקק	śqq			main	שׂקק	u.bz.aa			2282
nih	שֶׁ֫קֶר	šeqer	N	deception	sub		v.fw.ab	8267		2461a
nii	שָׁקַר	šāqar	V	do falsely	sub		v.fw.ac	8266		2461
nij	שׁקר	šqr			main	שׁקר	v.fw.aa			
nik	שָׂקַר	śāqar	V	ogle	main	שׂקר	u.ca.aa	8265		2283
nil	שֹׁ֫קֶת	šōqet	N	watering-trough	sub		v.fo.ac	8268		2452b
nim	שֹׁר	šōr	N	navel-string	sub		v.ge.ab	8270		2469a
nin	שַׂר	śar	N	chieftain	sub		u.cm.ab	8269		2295a
nio	שַׁרְאֶ֫צֶר	šarʾeṣer	Np	Sharezer			u.ca.ac	8272		
nip	שָׁרָב	šārāb	N	glow	sub		v.fx.ab	8273		2462a
niq	שׁרב	šrb			main	שׁרב	v.fx.aa			2462
nir	שֵׁרֵֽבְיָה	šērēbĕyâ	Np	Sherebiah			v.fx.ac	8274		
nis	שַׁרְבִֿיט	šarbîṭ	N	sceptre	sub		v.ar.ac	8275		2314b
nit	שָׂרַג	śārag	V	be intertwined	main	שׂרג	u.cb.aa	8276		2284
niu	שְׂרָד	śĕrād	N	plaited work	sub		u.cd.ab	8278		2286a
niv	שֶׂ֫רֶד	śered	N	stylus	sub		u.cd.ac	8279		2286b
niw	שָׂרַד	śārad	V	escape	main	שׂרד	u.cc.aa	8277		2285
nix	שׂרד	śrd			main	שׂרד	u.cd.aa			2286
niy	שֵׁרָה	šērâ	N	bracelet	sub		v.ge.ac	8285		2469b
niz	שָׁרָה	šārâ	V	let loose	main	שׁרה	v.fy.aa	8281		2463
nja	שָׁרָה	šārâ	N	row	sub		v.cc.ae	8284		2355c
njb	שׁרה	šrh			main	שׁרה	v.ga.aa			2465
njc	שׁרה	šrh			main	שׁרה	v.gb.aa			2466
njd	שׁרה	šrh			main	שׁרה	v.fz.aa			2464
nje	שָׂרָה	śārâ	Np	Sarah			u.cm.ae	8283		
njf	שָׂרָה	śārâ	N	princess	sub		u.cm.ad	8282		2295b
njg	שָׂרָה	śārâ	V	persist	main	שׂרה	u.ce.aa	8280		2287
njh	שׂרה	śrh			main	שׂרה	u.cf.aa			2288
nji	שְׂרוּג	śĕrûg	Np	Serug			u.cb.ac	8286		
njj	שָׁרוּחֶ֑ן	šārûḥen	Np	Sharuhen			v.gb.ad	8287		
njk	שְׂרוֹךְ	śĕrôk	N	thong	sub		u.ch.ab	8288		2290a
njl	שָׁרוֹן	šārôn	Np	Lasharon			j.dz.ai	8289		
njm	שָׁרוֹנִי	šārônî	Ag	Sharonite			j.dz.aj	8290		
njn	שֵׁרוּת	šērût	N	let loose	sub		v.fy.aa	8293		2463
njo	שֶׂ֫רַח	śeraḥ	Np	Sarah			u.cf.ac	8294		
njp	שֶׂ֫רֶט	śereṭ	N	incision	sub		u.cg.ab	8296	a	2289a
njq	שָׂרַט	śāraṭ	V	incise	main	שׂרט	u.cg.aa	8295		2289
njr	שָׂרֶ֫טֶת	śāreṭet	N	incision	sub		u.cg.ac	8296	b	2289b
njs	שָׁרָ֑י	šārāy	Np	Sharai			v.gb.ai	8298		
njt	שָׂרַי	śāray	Np	Sarai			u.cm.af	8297		
nju	שָׂרִיג	śārîg	N	tendril	sub		u.cb.ab	8299		2284a
njv	שָׂרִיד	śārîd	N	survivor	sub		u.cc.ab	8300		2285a
njw	שָׂרִיד	śārîd	Np	Sarid			u.cc.ac	8301		
njx	שִׁרְיָה	širyâ	N	lance	sub		v.ga.ab	8302	a	2465a
njy	שְׂרָיָהוּ	śĕrāyāhû	Np	Seraiah			u.ce.ad	8304		
njz	שִׁרְיוֹן	širyôn	N	body-armour	sub		v.gb.ab	8302	b	2466a
nka	שִׂרְיֹן	śiryōn	Np	Sirion			u.cg.af	8303		
nkb	שָׂרִיק	śārîq	A	carded	sub		u.ck.ab	8305		2293a
nkc	שְׁרִיקָה	šĕrîqâ	N	hissing	sub		v.gd.ac	8292		2468b
nkd	שָׁרִיר	šārîr	N	sinew	sub		v.ge.ae	8306		2469c
nke	שְׁרִירוּת	šĕrîrût	N	firmness	sub		v.ge.af	8307		2469d
nkf	שָׂרַךְ	śārak	V	twist	main	שׂרך	u.ch.aa	8308		2290
nkg	שְׁרֵמָה	šĕrēmâ	N	field	sub		v.bi.ab	8309		2334a
nkh	שַׂרְסְכִים	śarsĕkîm	Np	Sarsechim			u.ch.ac	8310		
nki	שָׂרַע	śāraʿ	V	extend	main	שׂרע	u.ci.aa	8311		2291
nkj	שַׂרְעַפִּים	śarʿappîm	N	disquieting thoughts	sub		u.br.ac	8312		2273b
nkk	שָׂרַף	śārap	V	burn	main	שׂרף	u.cj.aa	8313		2292
nkl	שָׂרָף	śārāp	Np	Saraph			u.cj.ad	8315		
nkm	שָׂרָף	śārāp	N	seraphim	sub		u.cj.ac	8314	b	2292b
nkn	שָׂרָף	śārāp	N	serpent	sub		u.cj.ab	8314	a	2292a
nko	שְׂרֵפָה	śĕrēpâ	N	burning	sub		u.cj.ae	8316		2292c
nkp	שֶׁ֫רֶץ	šereṣ	N	swarmers	sub		v.gc.ab	8318		2467a
nkq	שָׁרַץ	šāraṣ	V	swarm	main	שׁרץ	v.gc.aa	8317		2467
nkr	שָׁרַק	šāraq	V	hiss	main	שׁרק	v.gd.aa	8319		2468
nks	שָׂרֹק	śārōq	N	vine-tendrils	sub		u.cl.ac	8291		2294b
nkt	שָׂרֹק	śārōq	N	sorrel	sub		u.cl.ab	8320		2294a
nku	שֹׂרֵק	śōrēq	N	vine	sub		u.cl.ad	8321	a	2294c
nkv	שֹׂרֵק	śōrēq	Np	Sorek			u.cl.ae	7796		
nkw	שׂרק	śrq			main	שׂרק	u.cl.aa			2294
nkx	שׂרק	śrq			main	שׂרק	u.ck.aa			2293
nky	שְׁרֵקָה	šĕrēqâ	N	hissing	sub		v.gd.ab	8322		2468a
nkz	שֹׂרֵקָה	śōrēqâ	N	vine	sub		u.cl.af	8321	b	2294d
nla	שָׁרָר	šārār	Np	Sharar			v.ge.ad	8325		
nlb	שֹׁרֶר	šōrer	N	navel-string	sub		v.ge.ab	8326		2469a
nlc	שׁרר	šrr			main	שׁרר	v.ge.aa			
nld	שָׂרַר	śārar	V	be prince	sub		u.cm.ac	8323		2295
nle	שׂרר	śrr			main	שׂרר	u.cm.aa			
nlf	שָׁ֑רֶשׁ	šāreš	Np	Sharesh			v.gf.ad	8329		
nlg	שָׁרַשׁ	šāraš	V	deal with the roots	sub		v.gf.ac	8327		2471
nlh	שֹׁ֫רֶשׁ	šōreš	N	root	sub		v.gf.ab	8328		2471a
nli	שׁרשׁ	šrš			main	שׁרשׁ	v.gf.aa			
nlj	שַׁרְשָׁה	šaršâ	N	a chain			v.gf.ae	8331		
nlk	שַׁרְשְׁרָה	šaršĕrâ	N	chain	single		v.ge.ah	8333		2470
nll	שָׁרֵת	šārēt	N	ministry	sub		v.gg.ab	8335		2472a
nlm	שָׁרַת	šārat	V	minister	main	שׁרת	v.gg.aa	8334		2472
nln	שֵׁשׁ	šēš	N	alabaster	sub		v.cw.ab	8336	a	2379a
nlo	שֵׁשׁ	šēš	N	byssus	single		v.gg.af	8336	b	2473
nlp	שֵׁשׁ	šēš	N	six	sub		v.bk.ab	8337		2336a
nlq	שִׁשֵּׁא	šiššēʾ	V	lead on	main	שׁשׁא	v.gh.aa	8338		2474
nlr	שֵׁשְׁבַּצַּר	šēšĕbaṣṣar	Np	Sheshbazzar			v.gh.ab	8339		
nls	שִׁשָּׁה	šiššâ	V	give sixth part of	sub		v.bk.ae	8341		2336d
nlt	שָׂשׂוֹן	śāśôn	N	exultation	sub		u.as.ab	8342		2246a
nlu	שִׁשִּׁי	šiššî	N	sixth	sub		v.bk.ac	8345		2336b
nlv	שֵׁשַׁי	šēšay	Np	Sheshai			v.gh.ae	8344		
nlw	שָׁשַׁי	šāšay	Np	Shashai			v.gh.ad	8343		
nlx	שִׁשִּׁים	šiššîm	N	sixty	sub		v.bk.ad	8346		2336c
nly	שֵׁשַׁךְ	šēšak	Np	Sheshach	single		v.gh.ag	8347		2475
nlz	שֵׁשָׁן	šēšān	Np	Sheshan			v.gh.ah	8348		
nma	שָׁשָׁק	šāšāq	Np	Shashak			v.gh.ai	8349		
nmb	שָׁשֵׁר	šāšēr	N	red colour	single		v.gh.aj	8350		2476
nmc	שֵׁת	šēt	N	din	sub		v.ae.ae	8351		
nmd	שֵׁת	šēt	N	seat	sub		v.gj.ab	8357		2478a
nme	שֵׁת	šēt	Np	Seth			v.cx.ac	8352		
nmf	שָׁת	šāt	N	foundation	sub		v.cx.ad	8356		2380b
nmg	שָׁתָה	šātâ	V	drink	main	שׁתה	v.gi.aa	8354		2477
nmh	שׁתה	šth			main	שׁתה	v.gj.aa			2478
nmi	שׁתה	šth			main	שׁתה	v.gk.aa			2479
nmj	שְׁתִי	šĕtî	N	drinking	sub		v.gi.ab	8358		2477a
nmk	שְׁתִי	šĕtî	N	warp	sub		v.gk.ab	8359		2479a
nml	שְׁתִיָּה	šĕtîyâ	N	drinking	sub		v.gi.ac	8360		2477b
nmm	שָׁתִיל	šātîl	N	transplanted shoot	sub		v.gl.ab	8363		2480a
nmn	שָׁתַל	šātal	V	transplant	main	שׁתל	v.gl.aa	8362		2480
nmo	שֻׁתַלְחִי	šutalḥî	Ag	Shuthalchite			v.cc.al	8364		
nmp	שָׁתַם	šātam	V	open	main	שׁתם	v.gm.aa	8365		2481
nmq	שָׂתַם	śātam	V	stop up	main	שׂתם	u.cn.aa	5640	b	2296
nmr	שָׁתַן	šātan	V	urinate	sub		v.cu.ac	8366		2377
nms	שָׁתַק	šātaq	V	be quiet	main	שׁתק	v.gn.aa	8367		2482
nmt	שֵׁתָר	šētār	Np	Shethar			v.gn.ab	8369		
nmu	שָׂתַר	śātar	V	burst out	main	שׂתר	u.co.aa	8368		2297
nmv	שָׁתַת	šātat	V	set	main	שׁתת	v.go.aa	8371		2483
nmw	שֶׁ	še	Pr	who	sub		v.ab.aa	s		2299
nmx	ת	t					w.aa.aa			
nmy	תָּא	tāʾ	N	chamber	main		w.aa.ab	8372		2484
nmz	תָּאַב	tāʾab	V	loathe	single	תאב	w.bg.ac	8374		2486
nna	תָּאַב	tāʾab	V	long	main	תאב	w.ab.aa	8373		2485
nnb	תַּאֲבָה	taʾăbâ	N	longing	sub		w.ab.ab	8375		2485a
nnc	תָּאָה	tāʾâ	V	ye shall mark out	main	תאה	w.ac.aa	8376		2487
nnd	תְּאוֹ	tĕʾô	N	antelope	single		w.ac.ab	8377		2488
nne	תַּאֲוָה	taʾăwâ	N	boundary	sub		w.ai.ac	8379		2496b
nnf	תַּאֲוָה	taʾăwâ	N	desire	sub		a.bs.af	8378		40d
nng	תַּאֲלָה	taʾălâ	N	curse	sub		a.dm.ac	8381		94b
nnh	תָּאַם	tāʾam	V	be double	sub		w.ad.ac	8382		2489
nni	תאם	tʾm			main	תאם	w.ad.aa			
nnj	תְּאֵנָה	tĕʾēnâ	N	fig-tree	single		w.ad.ae	8384		2490
nnk	תַּאֲנָה	taʾănâ	N	occasion	sub		a.ee.ab	8385	a	126a
nnl	תֹּאֲנָה	tōʾănâ	N	opportunity	sub		a.ee.ac	8385	b	126b
nnm	תַּאֲנִיָּה	taʾănîyâ	N	mourning	sub		a.ec.ab	8386		124b
nnn	תְּאֻנִים	tĕʾunîm	N	toil	sub		a.ca.ac	8383		48b
nno	תַּאֲנַת שִׁלֹ֑ה	taʾănat šilōh	Np	Taanath-shiloh			w.ad.ah	8387		
nnp	תָּאַר	tāʾar	V	incline	main	תאר	w.ae.aa	8388	a	2491
nnq	תָּאַר	tāʾar	V	draw in outline	sub		w.ae.ac	8388	b	2491b
nnr	תֹּ֫אַר	tōʾar	N	outline	sub		w.ae.ab	8389		2491a
nns	תַּאֲרֵעַ	taʾărēaʿ	Np	Tarea. See			h.fy.ab	8390		
nnt	תְּאַשּׁוּר	tĕʾaššûr	N	box-tree	sub		a.gj.ai	8391		183g
nnu	תֵּבָה	tēbâ	N	ark	single		w.ae.af	8392		2492
nnv	תְּבוּאָה	tĕbûʾâ	N	product	sub		b.ap.ae	8393		212c
nnw	תְּבוּנָה	tĕbûnâ	N	understanding	sub		b.bo.ah	8394		239c
nnx	תְּבוּסָה	tĕbûsâ	N	down-treading	sub		b.as.ae	8395		216c
nny	תָּבוֹר	tābôr	Np	Tabor			w.ae.ak	8396		
nnz	תֵּבֵל	tēbēl	N	world	sub		j.ah.ak	8398		835h
noa	תֶּ֫בֶל	tebel	N	confusion	sub		b.bv.ae	8397		248d
nob	תַּבְלִית	tablît	N	destruction	sub		b.bt.ad	8399		246c
noc	תְּבַלֻּל	tĕballul	N	confusion	sub		b.bv.af	8400		248e
nod	תֶּ֫בֶן	teben	N	straw	main		w.af.aa	8401		2493
noe	תִּבְנִי	tibnî	Np	Tibni			w.af.ac	8402		
nof	תַּבְנִית	tabnît	N	construction	sub		b.cb.ao	8403		255d
nog	תַּבְעֵרָה	tabʿērâ	Np	Taberah			b.cj.ac	8404		
noh	תֵּבֵץ	tēbēṣ	Np	Thebez			w.af.af	8405		
noi	תִּגְלַת פִּלְאֶ֫סֶר	tiglat pilʾeser	Np	Tiglath-pileser			w.af.ag	8407		
noj	תַּגְמוּל	tagmûl	N	benefit	sub		c.cj.ae	8408		360c
nok	תִּגְרָה	tigrâ	N	contention	sub		c.cx.ac	8409		378b
nol	תֹּגַרְמָה	tōgarmâ	Np	Togarmah			w.af.aj	8425		
nom	תִּדְהָר	tidhār	N	elm	sub		d.aq.ac	8410		408b
non	תַּדְמֹר	tadmōr	Np	Tadmor			w.af.al	8412		
noo	תִּדְעָל	tidʿāl	Np	Tidal			w.af.am	8413		
nop	תהה	thh			main	תהה	w.ag.aa			2494
noq	תֹּ֫הוּ	tōhû	N	formlessness	sub		w.ag.ab	8414		2494a
nor	תְּהוֹם	tĕhôm	N	deep	sub		w.ah.ab	8415		2495a
nos	תְּהִלָּה	tĕhillâ	N	praise	sub		e.bp.aj	8416		500c
not	תׇּהֳלָה	tohŏlâ	N	error	sub		w.ag.ac	8417		2494b
nou	תַּהֲלוּכָה	tahălûkâ	N	procession	sub		e.bn.af	8418		498e
nov	תהם	thm			main	תהם	w.ah.aa			2495
now	תַּהְפֻּכָה	tahpukâ	N	perversity	sub		e.cb.ag	8419		512f
nox	תָּו	tāw	N	mark	sub		w.ai.ab	8420		2496a
noy	תּוֹאָם	tôʾām	N	twin	sub		w.ad.ab	8380		2489a
noz	תּוּבַל	tûbal	Np	Tubal			w.ah.ag	8422		
npa	תּוּבַל־קַ֫יִן	tûbal-qayin	Np	Tubal-cain			w.ah.ah	8423		
npb	תּוּגָה	tûgâ	N	grief	sub		j.al.ac	8424		839b
npc	תּוֹדָה	tôdâ	N	thanksgiving	sub		j.at.ad	8426		847b
npd	תָּוָה	tāwâ	V	make a mark	sub		w.ai.ad	8427		2496
npe	תָּוָה	tāwâ	V	pain	main	תוה	w.aj.aa	8428		2497
npf	תוה	twh			main	תוה	w.ai.aa			
npg	תּוֹחַ	tôaḥ	Np	Toah			w.aj.ab	8430		
nph	תּוֹחֶ֫לֶת	tôḥelet	N	hope	sub		j.bf.ac	8431		859b
npi	תָּ֫וֶךְ	tāwek	N	midst	main		w.aj.ae	8432		2498
npj	תּוֹכֵחָה	tôkēḥâ	N	rebuke	sub		j.bl.ab	8433	a	865a
npk	תּוֹכַ֫חַת	tôkaḥat	N	argument	sub		j.bl.ac	8433	b	865b
npl	תּוֹלָ֑ד	tôlād	Np	Tolad. Compare			j.bn.am	8434		
npm	תּוֹלֵדוֹת	tôlēdôt	N	generations	sub		j.bn.al	8435		867g
npn	תּוֹלָל	tôlāl	N	they that wasted us	single		w.aj.ak	8437		868c
npo	תּוֹלָע	tôlāʿ	N	worm	sub		w.aw.ab	8438	a	2516a
npp	תּוֹלָע	tôlāʿ	Np	Tola			w.aw.ac	8439		
npq	תּוֹלֵעָה	tôlēʿâ	N	worm	sub		w.aw.ae	8438	b	2516b
npr	תּוֹלָעִי	tôlāʿî	Ag	Tolaites			w.aw.ad	8440		
nps	תּוֹעֵבַה	tôʿēbah	N	abomination	sub		w.bg.ab	8441		2530a
npt	תּוֹעָה	tôʿâ	N	wandering	sub		w.bh.ab	8442		2531a
npu	תּוֹעָפָה	tôʿāpâ	N	eminence	sub		j.cj.ab	8443		886a
npv	תוף	twp			main	תוף	w.ak.aa			2499
npw	תּוֹצָאָה	tôṣāʾâ	N	outgoing	sub		j.cq.ag	8444		893e
npx	תּוֹקַהַת	tôqahat	Np	Tikvath (by correction for )			s.aq.ah	8445		
npy	תּוֹר	tôr	N	plait	sub		w.al.ab	8447		2500a
npz	תּוֹר	tôr	N	plait	sub		w.al.ab	8448		2500a
nqa	תּוּר	tûr	V	seek out	main	תור	w.al.aa	8446		2500
nqb	תּוֹרָה	tôrâ	N	direction	sub		j.di.af	8452		910d
nqc	תּוֹרָה	tôrâ	N	direction	sub		j.di.af	8451		910d
nqd	תּוֹשָׁב	tôšāb	N	sojourner	sub		j.ds.aj	8453	a	922d
nqe	תּוּשִׁיָּה	tûšîyâ	N	sound	sub		j.dt.ab	8454		923a
nqf	תּוֹתָ֑ח	tôtāḥ	N	club	sub		j.ec.ab	8455		933a
nqg	תָּזַז	tāzaz	V	strike away	main	תזז	w.am.aa	8456		2501
nqh	תַּזְנוּת	taznût	N	fornication	sub		g.bu.ad	8457		563c
nqi	תַּחְבֻּלָה	taḥbulâ	N	direction	single		h.af.ai	8458		596a
nqj	תֹּחוּ	tōḥû	Np	Tohu			w.aj.ab	8459		
nqk	תַּחְכְּמֹנִי	taḥkĕmōnî	Ag	Tachmonite			h.cg.ae	8461		
nql	תַּחֲלֻאִים	taḥăluʾîm	N	diseases	sub		h.ch.ab	8463		648a
nqm	תְּחִלָּה	tĕḥillâ	N	beginning	sub		h.ct.ae	8462		661d
nqn	תַּחְמָס	taḥmās	N	male ostrich	sub		h.dj.ac	8464		678b
nqo	תַּ֫חַן	taḥan	Np	Tahan			h.dv.ag	8465		
nqp	תְּחִנָּה	tĕḥinnâ	Np	Tehinnah			h.dz.ar	8468		
nqq	תְּחִנָּה	tĕḥinnâ	N	favour	sub		h.dz.aq	8467		694f
nqr	תַּחֲנָה	taḥănâ	N	encamping	sub		h.dv.ai	8466		690d
nqs	תַּחֲנוּן	taḥănûn	N	supplication for favour	sub		h.dz.as	8469		694g
nqt	תַּחֲנִי	taḥănî	Ag	Tachanite			h.dv.ah	8470		
nqu	תַּחְפַּנְחֵס	taḥpanḥēs	Np	Tahapanes			w.am.an	8471		
nqv	תַּחְפְּנֵיס	taḥpĕnês	Np	Tahpenes			w.am.ao	8472		
nqw	תַּחְרָא	taḥrāʾ	N	corselet	single		w.am.ap	8473		2502
nqx	תַּחָרָה	taḥārâ	V	burn	sub		h.fo.aa	8474		736
nqy	תַּחְרֵעַ	taḥrēaʿ	Np	Tahrea			h.fy.ab	8475		
nqz	תַּ֫חַשׁ	taḥaš	Np	Thahash			w.am.at	8477		
nra	תַּ֫חַשׁ	taḥaš	N	taḫaš	single		w.am.as	8476		2503
nrb	תַּ֫חַת	taḥat	Np	Tahath			w.an.ad	8480		
nrc	תַּחַת	taḥat	N	the under part	main	תחת	w.an.aa	8478		2504
nrd	תַּחְתּוֹן	taḥtôn	A	lower	sub		w.an.ab	8481		2504a
nre	תַּחְתִּי	taḥtî	A	lower	sub		w.an.ac	8482		2504b
nrf	תַּחְתִּים חׇדְשִׁי	taḥtîm ḥodšî	Np	Tahtim-hodshi			h.aw.af	8483		
nrg	תִּיכוֹן	tîkôn	A	middle	sub		w.aj.af	8484		2498a
nrh	תִּילוֹן	tîlôn	Np	Tilon (from the margin)			w.an.ag	8436		
nri	תֵּימָא	têmāʾ	Np	Tema			w.an.ah	8485		
nrj	תֵּימָן	têmān	N	south	sub		j.bs.aj	8486		872e
nrk	תֵּימָן	têmān	Np	south	sub		j.bs.ak	8487		872f
nrl	תֵּימְנִי	têmĕnî	Np	Temeni			j.bs.am	8488		
nrm	תֵּימָנִי	têmānî	Ag	Temani			j.bs.al	8489		
nrn	תִּימָרָה	tîmārâ	N	column	sub		w.ba.af	8490		2523d
nro	תִּיצִי	tîṣî	Ag	Tizite			w.an.ak	8491		
nrp	תִּירוֹשׁ	tîrôš	N	must	single		j.dq.aj	8492		2505
nrq	תִּירְיָא	tîrĕyāʾ	Np	Tiria			j.df.ag	8493		
nrr	תִּירָ֑ס	tîrās	Np	Tiras			w.an.an	8494		
nrs	תַּ֫יִשׁ	tayiš	N	he-goat	single		w.an.ao	8495		2506
nrt	תֹּךְ	tōk	N	injury	sub		w.ap.ab	8496		2509a
nru	תָּכָה	tākâ	V	strew	main	תכה	w.ao.aa	8497		2507
nrv	תְּכוּנָה	tĕkûnâ	N	arrangement	sub		k.aw.ak	8499		
nrw	תְּכוּנָה	tĕkûnâ	N	arrangement	sub		k.aw.ak	8498		964e
nrx	תֻּכִּיִּים	tukkîyîm	N	peacocks	single		w.ao.ac	8500		2508
nry	תָּכָךְ	tākāk	N	injury	sub		w.ap.ab	8501		2509a
nrz	תכך	tkk			main	תכך	w.ap.aa			2509
nsa	תִּכְלָה	tiklâ	N	completeness	sub		k.bk.ah	8502		982e
nsb	תַּכְלִית	taklît	N	end	sub		k.bk.ai	8503		982f
nsc	תְּכֵ֫לֶת	tĕkēlet	N	violet	single		w.ap.ae	8504		2510
nsd	תָּכַן	tākan	V	regulate	main	תכן	w.aq.aa	8505		2511
nse	תֹּ֫כֶן	tōken	Np	Tochen			w.aq.ac	8507		
nsf	תֹּ֫כֶן	tōken	N	measurement	sub		w.aq.ab	8506		2511a
nsg	תׇּכְנִית	toknît	N	measurement	sub		w.aq.ad	8508		2511b
nsh	תַּכְרִיךְ	takrîk	N	robe	sub		k.db.ab	8509		1037a
nsi	תֵּל	tēl	N	mound	sub		w.at.ab	8510		2513a
nsj	תֵּל אָבִיב	tēl ʾābîb	Np	Tel-abib			w.at.ac	8512		
nsk	תֵּל חַרְשָׁא	tēl ḥaršāʾ	Np	Tel-haresha			w.at.ad	8521		
nsl	תֵּל מֶ֫לַח	tēl melaḥ	Np	Tel-melah			w.at.ae	8528		
nsm	תָּלָא	tālāʾ	V	hang	main	תלא	w.ar.aa	8511		
nsn	תַּלְאֻבָה	talʾubâ	N	drought	sub		l.ac.ab	8514		1065a
nso	תְּלָאָה	tĕlāʾâ	N	weariness	sub		l.ad.ab	8513		1066a
nsp	תְּלַאשָּׂ֑ר	tĕlaʾśśār	Np	Telassar			w.ar.ad	8515		
nsq	תִּלְבֹּשֶׁת	tilbōšet	N	raiment	sub		l.al.ad	8516		1075c
nsr	תָּלָה	tālâ	V	hang	main	תלה	w.as.aa	8518		2512
nss	תָּלוּל	tālûl	A	exalted	sub		w.at.af	8524		2513b
nst	תֶּ֫לַח	telaḥ	Np	Telah			w.as.ae	8520		
nsu	תְּלִי	tĕlî	N	quiver	sub		w.as.ab	8522		2512a
nsv	תָּלַל	tālal	V	deride	main	תלל	w.au.aa	2048	b	2514
nsw	תלל	tll			main	תלל	w.at.aa			2513
nsx	תֶּ֫לֶם	telem	N	furrow	sub		w.av.ab	8525		2515a
nsy	תלם	tlm			main	תלם	w.av.aa			2515
nsz	תַּלְמַי	talmay	Np	Talmai			w.av.ac	8526		
nta	תַּלְמִיד	talmîd	N	scholar	sub		l.bq.ad	8527		1116c
ntb	תְּלֻנָּה	tĕlunnâ	N	murmuring	sub		l.ba.ab	8519		1097a
ntc	תָּלַע	tālaʿ	V	clad in scarlet	sub		w.aw.af	8529		2516c
ntd	תלע	tlʿ			main	תלע	w.aw.aa			2516
nte	תַּלְפִּיָּוֹת	talpîyāwōt	N	exitialia	single		w.aw.ah	8530		2517
ntf	תַּלְתַּלִּים	taltallîm	N	trailing bough	sub		w.at.ag	8534		2513c
ntg	תָּם	tām	A	complete	sub		w.az.ad	8535		2522c
nth	תֹּם	tōm	N	completeness	sub		w.az.ab	8537		2522a
nti	תָּמַהּ	tāmah	V	be astounded	main	תמה	w.ax.aa	8539		2518
ntj	תֻּמָּה	tummâ	N	integrity	sub		w.az.ac	8538		2522b
ntk	תִּמָּהוֹן	timmāhôn	N	bewilderment	sub		w.ax.ab	8541		2518a
ntl	תַּמּוּז	tammûz	Np	Tammuz	single		w.ax.ac	8542		2519
ntm	תְּמוֹל	tĕmôl	D	yesterday	single		w.ay.ab	8543		2521
ntn	תְּמוּנָה	tĕmûnâ	N	likeness	sub		m.bv.ac	8544		1191b
nto	תְּמוּרָה	tĕmûrâ	N	exchange	sub		m.bc.ab	8545		1164a
ntp	תְּמוּתָה	tĕmûtâ	N	death	sub		m.be.ad	8546		1169c
ntq	תָּ֑מַח	tāmaḥ	Np	Tamah			w.ax.ag	8547		
ntr	תָּמִיד	tāmîd	N	continuity	sub		m.au.ab	8548		1157a
nts	תָּמִים	tāmîm	A	complete	sub		w.az.ae	8549		2522d
ntt	תֻּמִּים	tummîm	Np	Thummim			w.az.ab	8550		
ntu	תָּמַךְ	tāmak	V	grasp	main	תמך	w.ay.aa	8551		2520
ntv	תָּמַם	tāmam	V	be complete	main	תמם	w.az.aa	8552		2522
ntw	תִּמְנָה	timnâ	Np	Timnah			m.cm.ag	8553		
ntx	תִּמְנִי	timnî	A	the Timnite			m.cm.ah	8554		
nty	תִּמְנָע	timnāʿ	Np	Timna			m.cp.ac	8555		
ntz	תִּמְנַת חֶרֶס	timnat ḥeres	Np	Timnath-heres			m.cm.ai	8556	a	
nua	תִּמְנַת סֶ֫רַח	timnat seraḥ	Np	Timnath-serah			m.cm.aj	8556	b	
nub	תֶּ֫מֶס	temes	N	melting	sub		m.cs.ad	8557		1223c
nuc	תָּמָר	tāmār	Np	Tamar			w.ba.ad	8559		
nud	תָּמָר	tāmār	N	palm-tree	sub		w.ba.ac	8558		2523b
nue	תֹּ֫מֶר	tōmer	N	palm-tree	sub		w.ba.ab	8560		2523a
nuf	תמר	tmr			main	תמר	w.ba.aa			2523
nug	תִּמֹרָה	timōrâ	N	palm	sub		w.ba.ae	8561		2523c
nuh	תַּמְרוּק	tamrûq	N	scouring	sub		m.do.ac	8562		1246b
nui	תַּמְרוּר	tamrûr	N	sign-posts	sub		w.ba.ag	8564		2523e
nuj	תַּמְרוּר	tamrûr	N	bitterness	sub		m.dq.ao	8563		1248l
nuk	תַּן	tan	N	serpent	sub		w.be.ac	8565		2528a
nul	תַּן	tan	N	jackal	sub		w.be.ab	8577	a	2528a
num	תַּנָּה	tannâ	N	jackal	sub		w.be.ab	8568		2528a
nun	תָּנָה	tānâ	V	hire	main	תנה	w.bb.aa	8566		2524
nuo	תָּנָה	tānâ	V	recount	main	תנה	w.bc.aa	8567		2525
nup	תְּנוּאָה	tĕnûʾâ	N	opposition	sub		n.bs.ab	8569		1317a
nuq	תְּנוּבָה	tĕnûbâ	N	fruit	sub		n.bt.ae	8570		1318c
nur	תְּנוּךְ	tĕnûk	N	tip	sub		w.bd.ab	8571		2527a
nus	תְּנוּמָה	tĕnûmâ	N	slumber	sub		n.ca.ac	8572		1325b
nut	תְּנוּפָה	tĕnûpâ	N	a swinging	sub		n.ce.ac	8573		1330b
nuu	תַּנּוּר	tannûr	N	stove	single		w.bd.ae	8574		2526
nuv	תַּנְחוּם	tanḥûm	N	consolation	sub		n.cr.ak	8575		1344d
nuw	תַּנְחֻ֫מֶת	tanḥumet	Np	Tanhumeth			n.cr.al	8576		
nux	תַּנִּין	tannîn	N	serpent	sub		w.be.ac	8577	b	2528b
nuy	תנך	tnk			main	תנך	w.bd.aa			2527
nuz	תנן	tnn			main	תנן	w.be.aa			2528
nva	תנן	tnn			main	תנן	w.bf.aa			2529
nvb	תִּנְשֶׁ֫מֶת	tinšemet	N	hard breather	sub		n.fx.ac	8580		1433b
nvc	תַּעָב	taʿāb	V	loathe	sub		w.bg.ac	8581		2530
nvd	תעב	tʿb			main	תעב	w.bg.aa			
nve	תָּעָה	tāʿâ	V	err	main	תעה	w.bh.aa	8582		2531
nvf	תְּעוּדָה	tĕʿûdâ	N	testimony	sub		p.bc.ai	8584		1576g
nvg	תֹּ֫עִי	tōʿî	Np	Toi			w.bh.ae	8583		
nvh	תְּעָלָה	tĕʿālâ	N	healing	sub		p.cs.aq	8585	b	1624o
nvi	תְּעָלָה	tĕʿālâ	N	water-course	sub		p.cs.ap	8585	a	1624n
nvj	תַּעֲלוּלִים	taʿălûlîm	N	wantonness	sub		p.cu.ah	8586		1627f
nvk	תַּעֲלֻמָּהֿ	taʿălummâ	N	hidden thing	sub		p.cx.ab	8587		1629a
nvl	תַּעֲנוּג	taʿănûg	N	daintiness	sub		p.dr.ad	8588		1648c
nvm	תַּעֲנִית	taʿănît	N	humiliation	sub		p.dv.ag	8589		1652f
nvn	תַּעֲנָךְ	taʿănāk	Np	Taanach			w.bh.ak	8590		
nvo	תָּעַע	tāʿaʿ	V	mock	main	תעע	w.bi.aa	8591		2532
nvp	תְּעֻפָה	tĕʿupâ	N	gloom	sub		p.bl.af	5774	b	1583c
nvq	תַּעֲצֻמָה	taʿăṣumâ	N	might	sub		p.eq.ag	8592		1673e
nvr	תַּ֫עַר	taʿar	N	razor	sub		p.fi.ag	8593		1692e
nvs	תַּעֲרֻבָה	taʿărubâ	N	pledge	sub		p.fc.ae	8594		1686d
nvt	תֵּעְתֻּעִים	tēʿĕtuʿîm	N	mockery	sub		w.bi.ab	8595		2532a
nvu	תֹּף	tōp	N	timbrel	sub		w.bl.ab	8596		2536a
nvv	תִּפְאָרָה	tipʾārâ	N	beauty	sub		q.ac.ac	8597		1726b
nvw	תַּפּוּחַ	tappûaḥ	N	apple-tree	sub		n.ej.ae	8598		1390c
nvx	תַּפּוּחַ	tappûaḥ	Np	Tappuah			n.ej.ag	8599	b	
nvy	תְּפוֹצָה	tĕpôṣâ	N	your dispersions	sub		q.aq.ac	8600		1745b
nvz	תַּפֻּחַ	tappuaḥ	Np	Tappuah			n.ej.af	8599	a	
nwa	תֻּפִינִים	tupînîm	N	baken pieces	single		w.bi.al	8601		2533
nwb	תָּפֵל	tāpēl	A	tasteless	sub		w.bj.ab	8602	a	2534a
nwc	תָּפֵל	tāpēl	A	whitewash	sub		w.bk.ab	8602	b	2535a
nwd	תֹּ֫פֶל	tōpel	Np	Tophel			w.bk.ac	8603		
nwe	תפל	tpl			main	תפל	w.bk.aa			2535
nwf	תפל	tpl			main	תפל	w.bj.aa			2534
nwg	תְּפִלָּה	tĕpillâ	N	prayer	sub		q.bq.ab	8605		1776a
nwh	תִּפְלָה	tiplâ	N	unsavouriness	sub		w.bj.ac	8604		2534b
nwi	תִּפְלֶ֫צֶת	tipleṣet	N	shuddering	sub		q.bs.ad	8606		1778c
nwj	תִּפְסַח	tipsaḥ	Np	Tipsah			q.by.ac	8607		
nwk	תָּפַף	tāpap	V	sound the timbrel	sub		w.bl.ac	8608		2536
nwl	תפף	tpp			main	תפף	w.bl.aa			
nwm	תָּפַר	tāpar	V	sew together	main	תפר	w.bm.aa	8609		2537
nwn	תָּפַשׂ	tāpaś	V	lay hold of	main	תפשׂ	w.bn.aa	8610		2538
nwo	תֹּ֫פֶת	tōpet	Np	Tophet	single		w.bn.ac	8612		2539
nwp	תֹּ֫פֶת	tōpet	N	spitting	sub		w.ak.ab	8611		2499a
nwq	תׇּפְתֶּה	topteh	Np	Tophet			w.bn.ad	8613		
nwr	תִּקְוָה	tiqwâ	N	hope	sub		s.aq.ag	8615	b	1994e
nws	תִּקְוָה	tiqwâ	N	cord	sub		s.aq.af	8615	a	1994d
nwt	תִּקְוָה	tiqwâ	Np	Tikvah			s.aq.ah	8616		
nwu	תְּקוּמָה	tĕqûmâ	N	standing	sub		s.av.ak	8617		1999g
nwv	תְּקוֹמֵם	tĕqômēm	V	opponent	sub		s.av.al	8618		1999?
nww	תְּקוֹעַ	tĕqôaʿ	Np	Tekoa			w.bp.ad	8620		
nwx	תָּקוֹעַ	tāqôaʿ	N	blast-instrument	sub		w.bp.ac	8619		2541b
nwy	תְּקוֹעִי	tĕqôʿî	Ag	Tekoite			w.bp.ae	8621		
nwz	תְּקוּפָה	tĕqûpâ	N	coming round	sub		s.aw.ab	8622		2001a
nxa	תַּקִּיף	taqqîp	A	mighty	sub		w.bq.ac	8623		2542b
nxb	תָּקַן	tāqan	V	become straight	main	תקן	w.bo.aa	8626		2540
nxc	תֵּ֫קַע	tēqaʿ	N	blast	sub		w.bp.ab	8629		2541a
nxd	תָּקַע	tāqaʿ	V	thrust	main	תקע	w.bp.aa	8628		2541
nxe	תָּקֵף	tāqēp	V	prevail over	main	תקף	w.bq.aa	8630		2542
nxf	תֹּ֫קֶף	tōqep	N	power	sub		w.bq.ab	8633		2542a
nxg	תֹּר	tōr	N	turtle-dove	single		w.bq.ad	8449		2500c
nxh	תַּרְאֲלָה	tarʾălâ	Np	Taralah			w.bq.ae	8634		
nxi	תַּרְבּוּת	tarbût	N	increase	sub		t.ai.af	8635		2103e
nxj	תַּרְבִּית	tarbît	N	increment	sub		t.ai.ag	8636		2103f
nxk	תִּרְגַּל	tirgal	V	foot it	sub		t.ar.ab	8637		2113
nxl	תִּרְגֵּם	tirgēm	V	interpret	main	רגם	w.bq.ah	8638		2543
nxm	תַּרְדֵּמָה	tardēmâ	N	deep sleep	sub		t.bb.ab	8639		2123a
nxn	תִּרְהָקָה	tirhāqâ	Np	Tirhakah			w.bq.aj	8640		
nxo	תְּרוּמָה	tĕrûmâ	N	contribution	sub		t.bm.as	8641		2133i
nxp	תְּרוּמִיָּה	tĕrûmîyâ	N	what belongs to a contribution	sub		t.bm.at	8642		2133j
nxq	תְּרוּעָה	tĕrûʿâ	N	shout of war	sub		t.bo.ac	8643		2135b
nxr	תְּרוּפָה	tĕrûpâ	N	healing	sub		t.bp.ab	8644		2136a
nxs	תִּרְזָה	tirzâ	N	cypress	single		w.bq.an	8645		2543.1
nxt	תֶּ֫רַח	teraḥ	Np	Tarah			w.bq.ao	8646		
nxu	תִּרְחֲנָה	tirḥănâ	Np	Tirhanah			t.cb.ab	8647		
nxv	תׇּרְמָה	tormâ	N	in treachery	sub		t.cw.ad	8649	a	2169c
nxw	תׇּרְמִית	tormît	N	deceitfulness	sub		t.cw.af	8649	b	2169d
nxx	תֹּ֫רֶן	tōren	N	mast	single		w.bq.ar	8650		2544
nxy	תַּרְעֵלָה	tarʿēlâ	N	reeling	sub		t.dn.ae	8653		2188c
nxz	תִּרְעָתִים	tirʿātîm	Np	Tirathite			w.bq.at	8654		
nya	תְּרָפִים	tĕrāpîm	N	Teraphim	single		w.bq.au	8655		2545
nyb	תִּרְצָה	tirṣâ	Np	Tirzah			t.ee.ac	8656		
nyc	תֶּ֫רֶשׁ	tereš	Np	Teresh			w.bq.aw	8657		
nyd	תַּרְשִׁישׁ	taršîš	N	yellow jasper	single		w.bq.ax	8658		2546
nye	תַּרְשִׁישׁ	taršîš	Np	Tarshish	single		w.bq.ay	8659		2547
nyf	תִּרְשָׁתָא	tiršātāʾ	N	Tirshathâ	single		w.bq.az	8660		2548
nyg	תַּרְתָּן	tartān	N	field-marshal	single		w.bq.ba	8661		2549
nyh	תַּרְתָּ֑ק	tartāq	Np	Tartak			w.bq.bb	8662		
nyi	תְּשֻׁאָה	tĕšuʾâ	N	noise	sub		v.bm.ae	8663		2339c
nyj	תִּשְׁבֶּה	tišbeh	Np	foreigner			v.ao.aj	8453	b	
nyk	תִּשְׁבִּי	tišbî	Ag	Tishbite			v.ao.ak	8664		
nyl	תַּשְׁבֵּץ	tašbēṣ	N	chequered	sub		v.aw.ad	8665		2320c
nym	תְּשׁוּבָה	tĕšûbâ	N	return	sub		v.bn.an	8666		2340f
nyn	תְּשׂ֫וּמֶת	tĕśûmet	N	pledge	sub		u.ap.ac	8667		2243a
nyo	תְּשׁוּעָה	tĕšûʿâ	N	deliverance	sub		j.dy.aq	8668		929e
nyp	תְּשׁוּקָה	tĕšûqâ	N	longing	sub		v.bz.ab	8669		2352a
nyq	תְּשׁוּרָה	tĕšûrâ	N	gift	sub		v.ca.ab	8670		2353a
nyr	תְּשִׁיעִי	tĕšîʿî	A	ninth	single		w.bq.bo	8671		2551
nys	תֵּ֫שַׁע	tēšaʿ	N	a nine	single		w.bq.bn	8672		2550
nyt	תִּשְׁעִים	tišʿîm	N	ninety	single		w.bq.bp	8673		2552
nyu	א	ʾ					xa.aa.aa			
nyv	אֵב	ʾēb	N	fruit	main	אבב	xa.aa.ac	4		2554
nyw	אַב	ʾab	N	father	sub		xa.ac.ab	2		2553
nyx	אֲבַד	ʾăbad	V	perish	main	אבד	xa.ab.aa	7		2555
nyy	אבה	ʾbh			main	אבה	xa.ac.aa			
nyz	אֶ֫בֶן	ʾeben	N	stone	single		xa.ac.ac	69		2556
nza	אִגְּרָא	ʾiggĕrāʾ	N	letter-missive	single		xa.ac.ad	104		2557
nzb	אֱדַ֫יִן	ʾĕdayin	D	then	single		xa.ac.ae	116		2558
nzc	אֲדָר	ʾădār	Np	Adar	single		xa.ac.af	144		2559
nzd	אִדַּר	ʾiddar	N	threshing-floor	single		xa.ac.ag	147		2560
nze	אֲדַרְגָּזֵר	ʾădargāzēr	N	counsellor	single		xa.ac.ah	148		2561
nzf	אַדְרַזְדָּא	ʾadrazdāʾ	D	correctly	single		xa.ac.ai	149		2562
nzg	אֶדְרַע	ʾedraʿ	N	force	sub		xd.ao.ac	153		2682b
nzh	אוה	ʾwh			main	אוה	xa.ad.aa			
nzi	אול	ʾwl			main	אול	xa.ae.aa			
nzj	אֲזָא	ʾăzāʾ	V	make hot	main	אזא	xa.af.aa	228		2563
nzk	אַזְדָּא	ʾazdāʾ	A	sure	single		xa.af.ab	230		2564
nzl	אֲזַל	ʾăzal	V	go	main	אזל	xa.ag.aa	236		2565
nzm	אזן	ʾzn			main	אזן	xa.ah.aa			
nzn	אַח	ʾaḥ	N	brother	sub		xa.aj.ab	252		2566
nzo	אחד	ʾḥd			main	אחד	xa.ai.aa			
nzp	אחה	ʾḥh			main	אחה	xa.aj.aa			
nzq	אַחֲוָיָה	ʾaḥăwāyâ	N	a declaring	sub		xh.ad.ab	263		2722a
nzr	אֲחִידָה	ʾăḥîdâ	N	riddle	sub		xh.ac.ab	280		2567
nzs	אַחְמְתָא	ʾaḥmĕtāʾ	Np	Achmetha			xa.aj.ae	307		
nzt	אַחַר	ʾaḥar	D	after	main	אחר	xa.ak.aa	311		2568
nzu	אׇחֳרִי	ʾoḥŏrî	A	another	sub		xa.ak.ae	317		2568a
nzv	אׇחֳרֵין	ʾoḥŏrên	D	and unto the last	sub		xa.ak.ac	318		2568c
nzw	אַחֲרִית	ʾaḥărît	N	end	sub		xa.ak.ad	320		2568b
nzx	אׇחֳרָן	ʾoḥŏrān	A	another	sub		xa.ak.ae	321		2568c
nzy	אֲחַשְׁדַּרְפְּנִין	ʾăḥašdarpĕnîn	N	satraps	single		xa.ak.af	324		2569
nzz	אִילָן	ʾîlān	N	tree	sub		xa.ae.ab	363		2570
oaa	אֵימְתָן	ʾêmĕtān	A	terrible	single		xa.ak.ah	574		2571
oab	אִיתַי	ʾîtay	T	there is	single		xa.ak.ai	383		2572
oac	אֲכַל	ʾăkal	V	eat	main	אכל	xa.al.aa	399		2573
oad	אֵל	ʾēl	Pd	these	main		xa.an.aa	412		2575
oae	אַל	ʾal	D	do not	main		xa.am.aa	409		2574
oaf	אֱלָהּ	ʾĕlāh	N	god	single		xa.an.ab	426		2576
oag	אֵלֶּה	ʾēlleh	Pd	these	main		xa.ao.aa	429		2577
oah	אֲלוּ	ʾălû	Tj	lo!	main		xa.ap.aa	431		2578
oai	אִלֵּין	ʾillên	Pd	these	main		xa.aq.aa	459		2579
oaj	אִלֵּךְ	ʾillēk	Pd	these	main		xa.ar.aa	479		2580
oak	אֲלַ֑ף	ʾălap	N	1,000	single		xa.ar.ab	506		2581
oal	אַמָּה	ʾammâ	N	cubit	single		xa.ar.ac	521		2582
oam	אֻמָּה	ʾummâ	N	nation	single		xa.ar.ad	524		2583
oan	אֲמַן	ʾăman	V	trust	main	אמן	xa.as.aa	540		2584
oao	אֲמַר	ʾămar	V	say	main	אמר	xa.at.aa	560		2585
oap	אִמַּר	ʾimmar	N	lamb	sub		xa.at.ac	563		2585?
oaq	אֲנָא	ʾănāʾ	Pp	I	main		xa.au.aa	576	a	
oar	אֲנָה	ʾănâ	Pp	I	main		xa.av.aa	576	b	2586
oas	אִנּוּן	ʾinnûn	Pp	they	single		xa.av.ab	581	a	2587
oat	אֲנַ֫חְנָא	ʾănaḥnāʾ	Pp	we	main		xa.aw.aa	586		2588
oau	אִנִּין	ʾinnîn	Pp	they	main		xa.ax.aa	581	b	
oav	אֲנַס	ʾănas	V	oppress	main	אנס	xa.ay.aa	598		2589
oaw	אֲנַף	ʾănap	N	face	single		xa.ay.ab	600		2590
oax	אֱנָשׁ	ʾĕnāš	N	man	sub		xa.az.ab	606		2591
oay	אנשׁ	ʾnš			main	אנשׁ	xa.ba.aa			
oaz	אנשׁ	ʾnš			main	אנשׁ	xa.az.aa			
oba	אַנְתָּה	ʾantâ	Pp	thou	main		xa.bb.aa	607		2592
obb	אַנְתּוּן	ʾantûn	Pp	ye	main		xa.bc.aa	608		2593
obc	אֱסוּר	ʾĕsûr	N	band	sub		xa.bd.ab	613		2595a
obd	אָֽסְנַפַּר	ʾāsĕnappar	Np	Asnapper			xa.bc.ab	620		
obe	אׇסְפַּרְנָא	ʾosparnāʾ	D	thoroughly	single		xa.bc.ac	629		2594
obf	אֱסָר	ʾĕsār	N	interdict	sub		xa.bd.ac	633		2595b
obg	אסר	ʾsr			main	אסר	xa.bd.aa			2595
obh	אָע	ʾāʿ	N	wood	single		xa.bd.ad	636		2596
obi	אַף	ʾap	C	also	main		xa.be.aa	638		2597
obj	אֲפָֽרְסָיֵא	ʾăpārĕsāyēʾ	Np	Apharsite	single		xa.be.ab	670		2598
obk	אֲפָֽרְסְכָיֵא	ʾăpārĕskāyēʾ	Np	Apharsachites	single		xa.be.ac	671	a	2599
obl	אֲפָֽרְסַתְּכָיֵא	ʾăpārĕsattĕkāyēʾ	Np	Apharsachites	single		xa.be.ad	671	b	2600
obm	אַפְּתֹם	ʾappĕtōm	N	in the end	single		xa.be.ae	674		2601
obn	אֶצְבַּע	ʾeṣbaʿ	N	finger	sub		xr.ac.ab	677		2602
obo	אַרְבַּע	ʾarbaʿ	N	four	sub		xt.ad.ab	703		2986a
obp	אַרְגְּוָן	ʾargĕwān	N	purple	single		xa.be.ah	711		2603
obq	ארה	ʾrh			main	ארה	xa.bf.aa			
obr	אֲרוּ	ʾărû	Tj	lo	main		xa.bg.aa	718		2604
obs	אֹ֫רַח	ʾōraḥ	N	way	single		xa.bg.ab	735		2605
obt	אַרְיֵה	ʾaryēh	N	lion	sub		xa.bf.ab	744		2606
obu	אֲרְיוֹךְ	ʾăryôk	Np	Arioch			xa.bg.ad	746	b	
obv	אֲרִיךְ	ʾărîk	A	fitting	sub		xa.bi.ab	749		2607
obw	ארך	ʾrk			main	ארך	xa.bi.aa			
obx	ארך	ʾrk			main	ארך	xa.bh.aa			
oby	אַרְכָֿא	ʾarkāʾ	N	a lengthening	sub		xa.bh.ab	754		2609
obz	אַרְכֻבָּה	ʾarkubbâ	N	knee	single		xb.am.ac	755		2608
oca	אַרְכְּוָיֵא	ʾarkĕwāyēʾ	Np	Archevite			xa.bi.ad	756		
ocb	אֲרַע	ʾăraʿ	N	earth	single		xa.bi.ae	772		2610
occ	אַרְעִי	ʾarʿî	N	bottom	single		xa.bi.af	773		2611
ocd	אֲרַק	ʾăraq	N	earth	single		xa.bi.ag	778		2612
oce	אַרְתַּחְשַׁשְׂתְּא	ʾartaḥšaśtĕʾ	Np	Artaxerxes			xa.bi.ah	783	b	
ocf	אֹשׁ	ʾōš	N	foundation	single		xa.bi.ai	787		2613
ocg	אֶשָּׁא	ʾeššāʾ	N	fire	single		xa.bi.aj	785		2614
och	אָשַׁף	ʾāšap	N	conjurer	single		xa.bi.al	826		2615
oci	אֻשַּׁרְנָא	ʾuššarnāʾ	N	wall	single		xa.bi.am	846		2616
ocj	אֶשְׁתַּדּוּר	ʾeštaddûr	N	revolt	sub		xv.ag.ab	849		3021a
ock	אָת	ʾāt	N	sign	sub		xa.ad.ab	852		2617
ocl	אֲתָה	ʾătâ	V	come	main	אתה	xa.bj.aa	858		2618
ocm	אַתּוּן	ʾattûn	N	furnace	single		xa.bj.ac	861		2619
ocn	אֲתַר	ʾătar	N	place	main	אתר	xa.bk.aa	870		2620
oco	בְּ	bĕ			main		xb.aa.aa			2621
ocp	בִּאישׁ	biʾyš	N	bad	sub		xb.ab.ab	873		2622a
ocq	בְּאֵשׁ	bĕʾēš	V	be evil	main	באשׁ	xb.ab.aa	888		2622
ocr	בָּבֶל	bābel	Np	Babylon	single		xb.ab.ad	895		197
ocs	בָּֽבְלַי	bābĕlay	A	the Babylonians			xb.ab.ae	896		
oct	בְּדַר	bĕdar	V	scatter	main	בדר	xb.ac.aa	921		2623
ocu	בְּהִילוּ	bĕhîlû	D	haste	sub		xb.ad.ab	924		2624a
ocv	בְּהַל	bĕhal	V	alarm	main	בהל	xb.ad.aa	927		2624
ocw	בול	bwl			main	בול	xb.ae.aa			
ocx	בְּטֵל	bĕṭēl	V	cease	main	בטל	xb.af.aa	989		2625
ocy	בֵּין	bên	R	between	single		xb.af.ab	997		2626
ocz	בִּינָה	bînâ	N	understanding	single		xb.af.ac	999		2627
oda	בִּירְתָא	bîrĕtāʾ	N	castle	single		xb.af.ad	1001		2628
odb	בִּית	bît	V	lodge	sub		xb.ag.ab	956		2629
odc	בַּ֫יִת	bayit	N	house	main	בית	xb.ag.aa	1005		2629a
odd	בָּל	bāl	N	mind	sub		xb.ae.ab	1079		2630
ode	בְּלָא	bĕlāʾ	V	wear away	main		xb.ah.aa	1080		2631
odf	בְּלוֹ	bĕlô	N	tribute	single		xb.ah.ab	1093		2632
odg	בֵּלְטְשַׁאצַּר	bēlĕṭšaʾṣṣar	Np	Belteshazzar			xb.ah.ac	1096		
odh	בֵּלְשַׁאצַּר	bēlĕšaʾṣṣar	Np	Belshazzar			xb.ah.ad	1113		
odi	בֵּן	bēn	N	son	single		xb.al.ab	1123		2639
odj	בְּנָה	bĕnâ	V	build	main	בנה	xb.ai.aa	1124		2633
odk	בִּנְיָן	binyān	N	a building	sub		xb.ai.ab	1147		2633a
odl	בְּנַס	bĕnas	V	be angry	main	בנס	xb.aj.aa	1149		2634
odm	בְּעָא	bĕʿāʾ	V	ask	main		xb.ak.aa	1156		2635
odn	בָּעוּ	bāʿû	N	petition	sub		xb.ak.ab	1159		2635a
odo	בְּעֵל	bĕʿēl	N	owner	single		xb.ak.ac	1169		2636
odp	בִּקְעָא	biqʿāʾ	N	plain	single		xb.ak.ad	1236		2637
odq	בְּקַר	bĕqar	V	inquire	main	בקר	xb.al.aa	1240		2638
odr	בַּר	bar	N	field	sub		xb.ao.ab	1251		2640
ods	בַּר	bar	N	son	single		xb.al.ab	1247		2639
odt	בְּרַךְ	bĕrak	N	knee	sub		xb.am.ab	1291		2641a
odu	בְּרַךְ	bĕrak	V	kneel	main	ברך	xb.am.aa	1289		2641
odv	בְּרַם	bĕram	D	only	main		xb.an.aa	1297		2642
odw	ברר	brr			main	ברר	xb.ao.aa			
odx	בְּשַׁר	bĕšar	N	flesh	single		xb.ao.ac	1321		2643
ody	בַּת	bat	N	bath	single		xb.ao.ad	1325		2644
odz	גאה	gʾh			main	גאה	xc.aa.aa			
oea	גַּב	gab	N	back	single		xc.aa.ac	1355		2645
oeb	גֹּב	gōb	N	pit	single		xc.aa.ad	1358		2646
oec	גְּבוּרָה	gĕbûrâ	N	might	sub		xc.ab.ac	1370		2647b
oed	גְּבַר	gĕbar	N	man	sub		xc.ab.ab	1400		2647a
oee	גִּבָּר	gibbār	N	mighty one	sub		xc.ab.ad	1401		2647b
oef	גבר	gbr			main	גבר	xc.ab.aa			2647
oeg	גְּדָֽבְרַיָּא	gĕdābĕrayyāʾ	N	treasurer	single		xc.ab.ae	1411		2648
oeh	גְּדַד	gĕdad	V	hew down	main	גדד	xc.ac.aa	1414		2649
oei	גַּו	gaw	N	midst	single		xc.ac.ab	1459		2650
oej	גֵּוָה	gēwâ	N	pride	sub		xc.aa.ab	1467		2651
oek	גִּזְבָּר	gizbār	N	treasurer	single		xc.ac.ad	1490		2653
oel	גְּזַר	gĕzar	V	cut	main	גזר	xc.ad.aa	1505		2654
oem	גְּזֵרָה	gĕzērâ	N	decree	sub		xc.ad.ab	1510		2654a
oen	גִּיחַ	gîaḥ	V	burst forth	single		xc.ad.ac	1519		2652
oeo	גין	gyn			main	גין	xc.ae.aa			
oep	גִּיר	gîr	N	chalk	sub		xc.ae.ab	1528		2655
oeq	גְּלָא	gĕlāʾ	V	reveal	main		xc.af.aa	1541		2656
oer	גַּלְגַּל	galgal	N	wheel	sub		xc.ag.ac	1535		2657a
oes	גָּלוּ	gālû	N	exile	sub		xc.af.ab	1547		2656a
oet	גְּלָל	gĕlāl	A	rolling	sub		xc.ag.ab	1560		2657b
oeu	גלל	gll			main	גלל	xc.ag.aa			2657
oev	גְּמַר	gĕmar	V	complete	main	גמר	xc.ah.aa	1585		2658
oew	גְּנַז	gĕnaz	N	treasure	single		xc.ah.ab	1596		2659
oex	גַּף	gap	N	wing	single		xc.ah.ac	1611		2660
oey	גְּרַם	gĕram	N	bone	single		xc.ah.ad	1635		2661
oez	גְּשֵׁם	gĕšēm	N	body	single		xc.ah.ae	1655		2662
ofa	דָּא	dāʾ	Pd	this	main		xd.aa.aa	1668		2663
ofb	דֹּב	dōb	N	bear	single		xd.aa.ab	1678		2664
ofc	דְּבַח	dĕbaḥ	N	sacrifice	sub		xd.ab.ab	1685		2665a
ofd	דְּבַח	dĕbaḥ	V	sacrifice	main	דבח	xd.ab.aa	1684		2665
ofe	דְּבֵק	dĕbēq	V	cling	main	דבק	xd.ac.aa	1693		2666
off	דִּבְרָה	dibrâ	N	cause	single		xd.ac.ab	1701		2667
ofg	דְּהַב	dĕhab	N	gold	single		xd.ac.ac	1722		2668
ofh	דֵּהָיֵא	dēhāyēʾ	Np	Dehavites			xd.ac.ad	1723		
ofi	דּוּק	dûq	V	be shattered	main		xd.an.aa	1751		2681
ofj	דּוּר	dûr	V	dwell	main	דור	xd.ad.aa	1753		2669
ofk	דּוּרָא	dûrāʾ	Np	Dura			xd.ad.af	1757		
ofl	דּוּשׁ	dûš	V	tread down	main	דושׁ	xd.ae.aa	1759		2670
ofm	דַּחֲוָה	daḥăwâ	N	instr. of music	single		xd.ae.ab	1761		2671
ofn	דְּחַל	dĕḥal	V	fear	main	דחל	xd.af.aa	1763		2672
ofo	דִּי	dî	T	who	main		xd.ag.aa	1768		2673
ofp	דִּין	dîn	V	judge	main	דין	xd.ah.aa	1778		2674
ofq	דִּין	dîn	N	judgment	sub		xd.ah.ab	1780		2674?
ofr	דַּיָּן	dayyān	N	judge	sub		xd.ah.ac	1782		2674a
ofs	דִּינָיֵא	dînāyēʾ	Np	Dinaite	sub		xd.ah.af	1784		2674b
oft	דֵּךְ	dēk	Pd	this	main		xd.ai.aa	1791		2675
ofu	דִּכֵּן	dikkēn	A	this	single		xd.ai.ab	1797		2676
ofv	דְּכַר	dĕkar	N	ram	main	דכר	xd.aj.aa	1798		2677a
ofw	דכר	dkr								2677
ofx	דִּכְרוֹן	dikrôn	N	memorandum	sub		xd.aj.ab	1799	a	2677b
ofy	דָּכְרָן	dākĕrān	N	register	sub		xd.aj.ac	1799	b	2677c
ofz	דְּלַק	dĕlaq	V	burn	main	דלק	xd.ak.aa	1815		2678
oga	דְּמָה	dĕmâ	V	be like	main	דמה	xd.al.aa	1821		2679
ogb	דְּנָה	dĕnâ	Pd	this	main		xd.am.aa	1836		2680
ogc	דָּנִיֵּאל	dānîyēʾl	Np	Daniel			xd.ah.ae	1841		
ogd	דְּקַק	dĕqaq	V	be shattered	sub		xd.an.aa	1855		2681
oge	דָּר	dār	N	generation	sub		xd.ad.ab	1859		2669a
ogf	דָּֽרְיָ֫וֶשׁ	dārĕyāweš	Np	Darius			xd.an.ac	1868		
ogg	דְּרַע	dĕraʿ	N	arm	sub		xd.ao.ab	1872		2682a
ogh	דרע	drʿ			main	דרע	xd.ao.aa			2682
ogi	דָּת	dāt	N	decree	single		xd.ao.ad	1882		2683
ogj	דֶּ֫תֶא	deteʾ	N	grass	single		xd.ao.ae	1883		2684
ogk	דְּתָבָר	dĕtābār	N	judge	single		xd.ao.af	1884		2685
ogl	הֲ	hă	Ti	interrogative particle	main		xe.aa.aa			2686
ogm	הֵא	hēʾ	Tm	behold like	main		xe.ac.aa	1888	b	2688
ogn	הָא	hāʾ	Tm	lo!	main		xe.ab.aa	1888	a	2687
ogo	הַדָּבָר	haddābār	N	counsellor	single		xe.ac.ab	1907		2689
ogp	הַדָּם	haddām	N	member	single		xe.ac.ac	1917		2690
ogq	הֲדַר	hădar	N	honour	sub		xe.ad.ab	1923		2691a
ogr	הֲדַר	hădar	V	glorify	main	הדר	xe.ad.aa	1922		2691
ogs	הֲוָא	hăwāʾ	V	come to pass	main		xe.ae.aa	1934		2692
ogt	הוּא	hûʾ	Pp	he	main		xe.af.aa	1932		2693
ogu	הוּךְ	hûk	V	go	main		xe.ag.aa	1946		2695
ogv	הֵיכַל	hêkal	N	palace	single		xe.af.ab	1965		2694
ogw	הֲלַךְ	hălak	V	go	sub		xe.ag.aa	1981		2695
ogx	הֲלָךְ	hălāk	N	toll	sub		xe.ag.ab	1983		2695a
ogy	הִמּוֹ	himmô	Pp	they	main		xe.ah.aa	1994		2696
ogz	הַמְנִיכָא	hamnîkāʾ	N	chain	single		xe.ah.ab	2002		2697
oha	הֵן	hēn	T	if	main		xe.ai.aa	2006	a	2698
ohb	הַרְהֹר	harhōr	N	fancy	sub		xe.aj.ab	2031		2700
ohc	הרהר	hrhr			main	הרהר	xe.aj.aa			
ohd	וְ	wĕ	C	and	main		xf.aa.aa			2701
ohe	זְבַן	zĕban	V	buy	main	זבן	xg.aa.aa	2084		2702
ohf	זְהַר	zĕhar	V	warned	main	זהר	xg.ab.aa	2095		2703
ohg	זוּד	zûd	V	be presumptuous	main		xg.ac.aa	2103		2704
ohh	זוּן	zûn	V	feed	main	זון	xg.ad.aa	2110		2705
ohi	זוּעַ	zûaʿ	V	tremble	main	זוע	xg.ae.aa	2112		2706
ohj	זִיו	zîw	N	brightness	single		xg.ae.ab	2122		2707
ohk	זָכוּ	zākû	N	purity	single		xg.ae.ac	2136		2708
ohl	זְכַרְיָה	zĕkaryâ	Np	Zachariah			xg.ae.ad	2148	b	
ohm	זְמַן	zĕman	N	time	main		xg.af.aa	2166		2709a
ohn	זְמַן	zĕman	V	agree together	sub		xg.af.ab	2164		2709
oho	זְמָר	zĕmār	N	music	main	זמר	xg.ag.aa	2170		2710a
ohp	זַמָּר	zammār	N	singer	sub		xg.ag.ab	2171		2710b
ohq	זמר	zmr								2710
ohr	זַן	zan	N	kind	single		xg.ag.ac	2178		2711
ohs	זְעֵיר	zĕʿêr	A	little	sub		xg.ah.ab	2192		2713
oht	זְעִ֑ק	zĕʿiq	V	cry	single		xg.ag.ad	2200		2712
ohu	זער	zʿr			main	זער	xg.ah.aa			
ohv	זְקַף	zĕqap	V	raise	main	זקף	xg.ai.aa	2211		2714
ohw	זְרֻבָּבֶ֫ל	zĕrubbābel	Np	Zerubbabel			xg.ai.ab	2217		
ohx	זְרַע	zĕraʿ	N	seed	single		xg.ai.ac	2234		2715
ohy	חֲבוּלָא	ḥăbûlāʾ	N	hurtful act	sub		xh.aa.ac	2248		2716b
ohz	חֲבַל	ḥăbal	V	destroy	main	חבל	xh.aa.aa	2255		2716
oia	חֲבָל	ḥăbāl	N	hurt	sub		xh.aa.ab	2257		2716a
oib	חֲבַר	ḥăbar	N	fellow	main	חבר	xh.ab.aa	2269		2717a
oic	חבר	ḥbr								2717
oid	חַבְרָה	ḥabrâ	N	fellow	sub		xh.ab.ab	2273		2717b
oie	חַגַּי	ḥaggay	Np	Haggai			xh.ab.ac	2292	b	
oif	חַד	ḥad	A	one	sub		xa.ai.ab	2298		2718
oig	חֶדְוָה	ḥedwâ	N	joy	single		xh.ab.ae	2305		2719
oih	חֲדִי	ḥădî	N	breast	single		xh.ab.af	2306		2720
oii	חֲדַ֑ת	ḥădat	A	new	single		xh.ab.ag	2323		2721
oij	חוד	ḥwd			main	חוד	xh.ac.aa			
oik	חֲוָה	ḥăwâ	V	declare	main	חוה	xh.ad.aa	2324		2722
oil	חוּט	ḥûṭ	V	repair	main	חוט	xh.ae.aa	2338		2723
oim	חִוָּר	ḥiwwār	A	white	single		xh.ae.ab	2358		2724
oin	חֲזָה	ḥăzâ	V	see	main	חזה	xh.af.aa	2370		2725
oio	חֱזוּ	ḥĕzû	N	vision	sub		xh.af.ab	2376		2725a
oip	חֲזוֹת	ḥăzôt	N	sight	sub		xh.af.ac	2379		2725b
oiq	חטא	ḥṭʾ								2726
oir	חַטָּאָה	ḥaṭṭāʾâ	N	sin-offering	sub		xh.ag.ab	2402		2726b
ois	חֲטָי	ḥăṭāy	N	sin	main		xh.ag.aa	2408		2726a
oit	חַטָּיָא	ḥaṭṭāyāʾ	N	sin-offering	sub		xh.ag.ab	2409		2726b
oiu	חַי	ḥay	A	living	sub		xh.ah.ab	2417		2727a
oiv	חֲיָא	ḥăyāʾ	V	live	main		xh.ah.aa	2418		2727
oiw	חֵיוָא	ḥêwāʾ	N	beast	sub		xh.ah.ac	2423		2727b
oix	חַ֫יִל	ḥayil	N	power	single		xh.ah.ad	2429		2728
oiy	חַכִּים	ḥakkîm	A	wise man	main	חכם	xh.ai.aa	2445		2729a
oiz	חכם	ḥkm								2729
oja	חׇכְמָה	ḥokmâ	N	wisdom	sub		xh.ai.ab	2452		2729b
ojb	חֵ֫לֶם	ḥēlem	N	dream	single		xh.ai.ac	2493		2730
ojc	חֲלַף	ḥălap	V	pass	main	חלף	xh.aj.aa	2499		2731
ojd	חֲלָק	ḥălāq	N	portion	main	חלק	xh.aj.ab	2508		2732a
oje	חלק	ḥlq								2732
ojf	חֱמָא	ḥĕmāʾ	N	rage	sub		xj.ae.ab	2528		2733
ojg	חֲמַר	ḥămar	N	wine	single		xh.aj.ae	2562		2734
ojh	חִנְטָה	ḥinṭâ	N	wheat	single		xh.aj.af	2591		2735
oji	חֲנֻכָּה	ḥănukkâ	N	dedication	single		xh.aj.ag	2597		2736
ojj	חֲנַן	ḥănan	V	shew favour	main	חנן	xh.ak.aa	2604		2737
ojk	חֲנַנְיָה	ḥănanyâ	Np	Hananiah			xh.ak.ab	2608	b	
ojl	חֲסַן	ḥăsan	V	take possession of	main	חסן	xh.al.aa	2631		2738
ojm	חֵ֫סֶן	ḥēsen	N	power	sub		xh.al.ab	2632		2738a
ojn	חֲסַף	ḥăsap	N	clay	single		xh.al.ac	2635		2739
ojo	חַסִּר	ḥassir	A	lacking	single		xh.al.ad	2627		
ojp	חֲצַף	ḥăṣap	V	shew insolence	main	חצף	xh.am.aa	2685		2740
ojq	חֲרַב	ḥărab	V	be waste	main	חרב	xh.an.aa	2718		2741
ojr	חַרְטֹם	ḥarṭōm	N	magician	single		xh.an.ab	2749		2742
ojs	חֲרַךְ	ḥărak	V	singe	main	חרך	xh.ao.aa	2761		2743
ojt	חֲרַץ	ḥăraṣ	N	loin	single		xh.ao.ab	2783		2744
oju	חֲשַׁב	ḥăšab	V	think	main	חשׁב	xh.ap.aa	2804		2745
ojv	חֲשׁוֹךְ	ḥăšôk	N	darkness	sub		xh.ar.ab	2816		2747
ojw	חֲשַׁח	ḥăšaḥ	N	thing needed	sub		xh.aq.ab	2818	b	2746a
ojx	חֲשַׁח	ḥăšaḥ	V	need	main	חשׁח	xh.aq.aa	2818	a	2746
ojy	חַשְׁחוּ	ḥašḥû	N	things needed	sub		xh.aq.ac	2819		2746b
ojz	חשׁך	ḥšk			main	חשׁך	xh.ar.aa			
oka	חֲשַׁל	ḥăšal	V	shatter	main	חֲשַׁל	xh.as.aa	2827		2748
okb	חֲתַם	ḥătam	V	seal	main	חתם	xh.at.aa	2857		2749
okc	טְאֵב	ṭĕʾēb	V	be good	main		xi.aa.aa	2868		2750
okd	טָב	ṭāb	N	good	sub		xi.aa.ab	2869		2750a
oke	טַבָּח	ṭabbāḥ	N	guardsman	single		xi.aa.ac	2877		2751
okf	טוּר	ṭûr	N	mountain	single		xi.aa.ad	2906		2752
okg	טְוָת	ṭĕwāt	D	fastingly	single		xi.aa.ae	2908		2753
okh	טִין	ṭîn	N	clay	single		xi.aa.af	2917		2754
oki	טַל	ṭal	N	dew	single		xi.aa.ag	2920		2755
okj	טְלַל	ṭĕlal	V	have shade	single		xi.aa.ah	2927		2756
okk	טְעֵם	ṭĕʿēm	N	taste	sub		xi.ab.ab	2942		2757a
okl	טְעֵם	ṭĕʿēm	N	taste	sub		xi.ab.ab	2941		2757a
okm	טְעֵם	ṭĕʿēm	V	feed	main	טעם	xi.ab.aa	2939		2757
okn	טְפַר	ṭĕpar	N	nail	single		xi.ab.ac	2953		2758
oko	טְרַד	ṭĕrad	V	chase away	main	טרד	xi.ac.aa	2957		2759
okp	טַרְפְּלָיֵא	ṭarpĕlāyēʾ	Np	Tarpelites			xi.ac.ab	2967		
okq	יְבַל	yĕbal	V	bear along	main	יבל	xj.aa.aa	2987		2760
okr	יַבֶּ֫שֶׁת	yabbešet	N	earth	single		xj.aa.ab	3007		2761
oks	יְגַר	yĕgar	N	heap	single		xj.aa.ac	3026	a	2762
okt	יַד	yad	N	hand	single		xj.aa.ad	3028		2763
oku	יְדָא	yĕdāʾ	V	praise	main		xj.ab.aa	3029		2764
okv	יְדַע	yĕdaʿ	V	know	main	ידע	xj.ac.aa	3046		2765
okw	יְהַב	yĕhab	V	give	main	יהב	xj.ad.aa	3052		2766
okx	יְהוּד	yĕhûd	Np	Jewry			xj.ad.ab	3061		
oky	יְהוּדַי	yĕhûday	Ng	Jew			xj.ad.ac	3062		
okz	יוֹם	yôm	N	day	single		xj.ad.ad	3118		2767
ola	יוֹצָדָק	yôṣādāq	Np	Jozadak			xj.ad.ae	3136	b	
olb	יחם	yḥm			main	יחם	xj.ae.aa			
olc	יְטַב	yĕṭab	V	be pleasing	main	יטב	xj.af.aa	3191		2768
old	יְכִל	yĕkil	V	be able	main	יכל	xj.ag.aa	3202		2769
ole	יַם	yam	N	sea	single		xj.ag.ab	3221		2770
olf	יְסַף	yĕsap	V	add	main	יסף	xj.ah.aa	3255		2771
olg	יְעַט	yĕʿaṭ	V	advise	main		xj.ai.aa	3272	a	2772
olh	יָעֵט	yāʿēṭ	N	counsellor	sub		xj.ai.ab	3272	b	2772a
oli	יְצַב	yĕṣab	V	make certain	main	יצב	xj.aj.aa	3321		2773
olj	יַצִּיב	yaṣṣîb	A	certain	sub		xj.aj.ab	3330		2773a
olk	יְקַד	yĕqad	V	burn	main	יקד	xj.ak.aa	3345		2774
oll	יְקֵדָא	yĕqēdāʾ	N	burning	sub		xj.ak.ab	3346		2774a
olm	יַקִּיר	yaqqîr	A	honourable	sub		xj.ak.ad	3358		2775a
oln	יְקָר	yĕqār	N	honour	main	יקר	xj.ak.ac	3367		2775a
olo	יקר	yqr								2775
olp	יְרוּשְׁלֵם	yĕrûšĕlēm	Np	Jerusalem			xj.ak.ae	3390		
olq	יְרַח	yĕraḥ	N	month	single		xj.ak.af	3393		2776
olr	יַרְכָא	yarkāʾ	N	thigh	single		xj.ak.ag	3410		2777
ols	יֵשׁוּעַ	yēšûaʿ	Np	Jeshua			xj.ak.ai	3443		
olt	ישׁן	yšn			main	ישׁן	xj.al.aa			2778
olu	יִשְׂרָאֵל	yiśrāʾēl	Np	Israel			xj.ak.ah	3479		
olv	יָת	yāt	To	sign of the object of a verb	main		xj.am.aa	3487		2779
olw	יְתִב	yĕtib	V	sit	main		xj.an.aa	3488		2780
olx	יַתִּיר	yattîr	A	pre-eminent	single		xj.an.ab	3493		2781
oly	כְּ	kĕ	R	like	main		xk.aa.aa			
olz	כְּדַב	kĕdab	A	false	sub		xk.aa.ab	3538		2783
oma	כָּה	kâ	D	here	main		xk.ab.aa	3542		2784
omb	כְּהַל	kĕhal	V	be able	main	כהל	xk.ac.aa	3546		2785
omc	כָּהֵן	kāhēn	N	priest	single		xk.ac.ab	3549		2786
omd	כַּוָּה	kawwâ	N	window	single		xk.ac.ac	3551		
ome	כּוֹר	kôr	N	kōr	single		xk.ac.ad	3734	b	2787
omf	כּ֫וֹרֶשׁ	kôreš	Np	Cyrus			xk.ac.ae	3567		
omg	כִּכֵּר	kikkēr	N	talent	sub		xk.ai.ab	3604		2804
omh	כֹּל	kōl	N	the whole	single		xk.ad.ab	3606		2789
omi	כְּלַל	kĕlal	V	complete	main	כלל	xk.ad.aa	3635	a	2788
omj	כֵּן	kēn	D	thus	single		xk.ad.ac	3652		2790
omk	כְּנֵ֫מָא	kĕnēmāʾ	D	accordingly	single		xk.ad.ad	3660		2791
oml	כְּנַשׁ	kĕnaš	V	gather	main	כנשׁ	xk.ae.aa	3673		2792
omm	כְּנָת	kĕnāt	N	associate	single		xk.ae.ab	3675		2793
omn	כסא	ksʾ			main	כסא	xk.af.aa			
omo	כְּסַף	kĕsap	N	silver	single		xk.af.ad	3702		2794
omp	כְּעַן	kĕʿan	D	now	single		xp.ai.ab	3705		2795
omq	כְּעֶ֫נֶת	kĕʿenet	D	now	single		xp.ai.ac	3706		2796
omr	כְּפַת	kĕpat	V	bind	main	כפת	xk.ag.aa	3729		2798
oms	כְּרָא	kĕrāʾ	V	be distressed	main		xk.ah.aa	3735		2799
omt	כַּרְבְּלָא	karbĕlāʾ	N	helmet	single		xk.ah.ab	3737		2800
omu	כָּרוֹז	kārôz	N	herald	single		xk.ah.ac	3744		2802
omv	כְּרַז	kĕraz	V	make proclamation	single		xk.ah.ad	3745		2801
omw	כרז	krz								
omx	כׇּרְסֵא	korsēʾ	N	throne	sub		xk.af.ab	3764		2803
omy	כרר	krr			main	כרר	xk.ai.aa			
omz	כַּשְׂדַּי	kaśday	Np	Chaldean			xk.ai.ac	3779		
ona	כַּשְׂדָּ֑י	kaśdāy	Ng	Chaldean			xk.ai.ac	3679		
onb	כְּתַב	kĕtab	V	write	main	כתב	xk.aj.aa	3790		2805
onc	כְּתָב	kĕtāb	N	writing	sub		xk.aj.ab	3792		2805a
ond	כְּתַל	kĕtal	N	wall	single		xk.aj.ac	3797		2806
one	ל	l	R	to	main		xl.aa.aa			2807
onf	לָא	lāʾ	D	not	main		xl.ab.aa	3809		2808
ong	לאך	lʾk			main	לאך	xl.ac.aa			
onh	לֵב	lēb	N	heart	sub		xl.ad.ab	3821		2809a
oni	לְבַב	lĕbab	N	heart	main	לבב	xl.ad.aa	3825		2809b
onj	לבב	lbb								2809
onk	לְבוּשׁ	lĕbûš	N	garment	sub		xl.ae.ab	3831		2810a
onl	לְבֵשׁ	lĕbēš	V	be clothed	main	לבשׁ	xl.ae.aa	3848		2810
onm	לָהֵן	lāhēn	T	therefore	main		xl.af.aa	2006	b	2812
onn	לָהֵן	lāhēn	C	except	main		xl.ag.aa	3861		2811
ono	לֵוָי	lēwāy	Ng	Levite			xl.ag.ab	3879		
onp	לְוָת	lĕwāt	R	to	single		xl.ag.ac	3890		2813
onq	לְחֵם	lĕḥēm	N	feast	single		xl.ag.ad	3900		2814
onr	לְחֵנָה	lĕḥēnâ	N	concubine	single		xl.ag.ae	3904		2815
ons	לֵילָא	lêlāʾ	N	night	single		xl.ag.af	3916		2816
ont	לִשָּׁן	liššān	N	tongue	single		xl.ag.ag	3961		2817
onu	מָא	māʾ	Pi	what?	main		xm.ab.aa	3964		2822
onv	מְאָה	mĕʾâ	N	hundred	main	מאה	xm.aa.ab	3969		2818
onw	מֹאזֵנְיָא	mōʾzēnĕyāʾ	N	scale	sub		xa.ah.ab	3977		2819
onx	מֵאמַר	mēʾmar	N	word	sub		xa.at.ab	3983		2585a
ony	מָאן	māʾn	N	vessel	single		xm.aa.ae	3984		2820
onz	מְגִלָּה	mĕgillâ	N	roll	sub		xc.ag.ad	4040		2657c
ooa	מְגַר	mĕgar	V	overthrow	single		xm.aa.ag	4049		2821
oob	מָדָאָה	mādāʾâ	Ng	Mede			xm.aa.al	4077		
ooc	מַדְבַּח	madbaḥ	N	altar	sub		xd.ab.ac	4056		2665b
ood	מְדוֹר	mĕdôr	N	dwelling-place	sub		xd.ad.ac	4070	a	2669b
ooe	מָדַי	māday	Np	Mede(-s)			xm.aa.ak	4076		
oof	מְדִינָה	mĕdînâ	N	district	sub		xd.ah.ad	4083		2674c
oog	מְדָר	mĕdār	N	dwelling	sub		xd.ad.ad	4070	b	2669c
ooh	מָה	mâ	Pi	what?	sub		xm.ab.aa	4101		2822
ooi	מוֹת	môt	N	death	single		xm.ab.ab	4193		2823
ooj	מָזוֹן	māzôn	N	food	sub		xg.ad.ab	4203		2705a
ook	מְחָא	mĕḥāʾ	V	smite	main		xm.ac.aa	4223		2824
ool	מַחְלְקָה	maḥlĕqâ	N	class	sub		xh.aj.ac	4255		2732b
oom	מְטָא	mĕṭāʾ	V	reach	main		xm.ad.aa	4291		2825
oon	מִישָׁאֵל	mîšāʾēl	Np	Mishael			xm.ad.ab	4333		
ooo	מֵישַׁךְ	mêšak	Np	Meshak			xm.ad.ac	4336		
oop	מְלָא	mĕlāʾ	V	fill	main	מלא	xm.ae.aa	4391		2826
ooq	מַלְאַךְ	malʾak	N	angel	sub		xl.ac.ab	4398		2827
oor	מִלָּה	millâ	N	word	sub		xm.ai.ab	4406		2831a
oos	מְלַח	mĕlaḥ	V	eat salt	sub		xm.af.ab	4415		2828
oot	מְלַח	mĕlaḥ	N	salt	main	מלח	xm.af.aa	4416		2828a
oou	מלח	mlḥ								
oov	מְלֵךְ	mĕlēk	N	counsel	sub		xm.ah.ab	4431		2830a
oow	מֶ֫לֶךְ	melek	N	king	sub		xm.ag.ab	4430		2829a
oox	מלך	mlk			main	מלך	xm.ag.aa			2829
ooy	מלך	mlk			main	מלך	xm.ah.aa			2830
ooz	מַלְכָּה	malkâ	N	queen	sub		xm.ag.ac	4433		2829b
opa	מַלְכוּ	malkû	N	royalty	sub		xm.ag.ad	4437		2829c
opb	מְלַל	mĕlal	V	speak	main	מלל	xm.ai.aa	4449		2831
opc	מִן	min	R	from	main		xm.ak.aa	4481		2833
opd	מָן	mān	Pi	who?	main		xm.aj.aa	4479		2832
ope	מְנֵא	mĕnēʾ	N	maneh	sub		xm.al.ab	4484		2835a
opf	מִנְדָּה	mindâ	N	tribute	single		xm.ak.ac	4061		2834
opg	מַנְדַּע	mandaʿ	N	knowledge	sub		xj.ac.ab	4486		2765a
oph	מְנָה	mĕnâ	V	number	main	מנה	xm.al.aa	4483		2835
opi	מִנְחָה	minḥâ	N	gift	single		xm.al.ad	4504		2836
opj	מִנְיָן	minyān	N	number	sub		xm.al.ac	4510		2835b
opk	מְעָא	mĕʿāʾ	N	external belly	single		xm.al.af	4577		2837
opl	מַעֲבַד	maʿăbad	N	work	sub		xp.aa.ae	4567		2896c
opm	מֶעָל	meʿāl	N	going in	sub		xp.ag.ab	4606		2911a
opn	מָרֵא	mārēʾ	N	lord	single		xm.al.aj	4756		2839
opo	מְרַד	mĕrad	N	rebellion	main	מרד	xm.al.ak	4776		2840a
opp	מָרָד	mārād	A	rebellious	sub		xm.al.al	4779		2840b
opq	מרד	mrd								2840
opr	מְרַט	mĕraṭ	V	pluck	main	מרט	xm.am.aa	4804		2841
ops	מֹשֶׁה	mōšeh	Np	Moses			xm.am.ab	4873		
opt	מְשַׁח	mĕšaḥ	N	oil	single		xm.am.ac	4887		2842
opu	מִשְׁכַּב	miškab	N	couch	sub		xv.an.ab	4903		3029a
opv	מִשְׁכַּן	miškan	N	abode	sub		xv.ap.ab	4907		3031a
opw	מַשְׁרוֹקִי	mašrôqî	N	pipe	sub		xv.bf.ab	4953		3049a
opx	מִשְׁתֶּה	mišteh	N	feast	sub		xv.bh.ab	4961		3051a
opy	מַתְּנָא	mattĕnāʾ	N	gift	sub		xn.ar.ab	4978		2880a
opz	נבא	nbʾ	V	see	main	נבא	xn.aa.aa	5013		2843
oqa	נְבוּאָה	nĕbûʾâ	N	prophesying	sub		xn.aa.ac	5017		2843b
oqb	נְבוּכַדְנֶצַּר	nĕbûkadneṣṣar	Np	Nebuchadnezzar			xn.aa.ad	5020		
oqc	נְבִזְבָּה	nĕbizbâ	N	reward	single		xn.aa.ae	5023		2844
oqd	נְבִיא	nĕbîʾ	N	prophet	sub		xn.aa.ab	5029		2843a
oqe	נֶבְרַשְׁתָּא	nebraštāʾ	N	the candlestick	single		xn.aa.af	5043		2845
oqf	נְגַד	nĕgad	V	stream	main	נגד	xn.ab.aa	5047		2846
oqg	נֶ֫גֶד	neged	R	in front of	sub		xn.ab.ab	5049		2846a
oqh	נֹ֫גַהּ	nōgah	N	brightness	single		xn.ab.ac	5053		2847
oqi	נְדַב	nĕdab	V	volunteer	main	נדב	xn.ac.aa	5069		2848
oqj	נִדְבָּךְ	nidbāk	N	row	single		xn.ac.ab	5073		2849
oqk	נְדַד	nĕdad	V	flee	main	נדד	xn.ad.aa	5075		2850
oql	נִדְנֵ֑ה	nidnēh	N	sheath	single		xn.ad.ab	5085		2851
oqm	נְהִיר	nĕhîr	N	light	main	נהר	xn.ad.ad	5094	a	2853a
oqn	נְהִירוּ	nĕhîrû	N	illumination	sub		xn.ad.ae	5094	b	2853b
oqo	נְהַר	nĕhar	N	river	main	נהר	xn.ad.ac	5103		2852
oqp	נהר	nhr								2853
oqq	נוּד	nûd	V	flee	main		xn.ae.aa	5111		2854
oqr	נְוָלוּ	nĕwālû	N	refuse-heap	single		xn.ae.ab	5122		2855
oqs	נוּר	nûr	N	fire	single		xn.ae.ac	5135		2856
oqt	נְזַק	nĕzaq	V	suffer injury	main	נזק	xn.af.aa	5142		2857
oqu	נְחָשׁ	nĕḥāš	N	copper	single		xn.af.ab	5174		2858
oqv	נְחֵת	nĕḥēt	V	descend	main	נחת	xn.ag.aa	5182		2859
oqw	נְטַל	nĕṭal	V	lift	main	נטל	xn.ah.aa	5191		2860
oqx	נְטַר	nĕṭar	V	keep	main		xn.ai.aa	5202		2861
oqy	נִיחוֹחַ	nîḥôaḥ	N	soothing	single		xn.ai.ab	5208		2862
oqz	נְכַס	nĕkas	N	riches	single		xn.ai.ac	5232		2863
ora	נְמַר	nĕmar	N	leopard	single		xn.ai.ad	5245		2864
orb	נְסַח	nĕsaḥ	V	pull away	main	נסח	xn.aj.aa	5256		2865
orc	נְסַךְ	nĕsak	N	drink-offering	sub		xn.ak.ab	5261		2866a
ord	נְסַךְ	nĕsak	V	pour out	main	נסך	xn.ak.aa	5260		2866
ore	נְסַק	nĕsaq	V	come up	main		xo.ae.aa	5267		2889
orf	נְפַל	nĕpal	V	fall	main	נפל	xn.al.aa	5308		2867
org	נְפַק	nĕpaq	V	go	main	נפק	xn.am.aa	5312		2868
orh	נִפְקָא	nipqāʾ	N	outlay	sub		xn.am.ab	5313		2868a
ori	נִצְבָּה	niṣbâ	N	firmness	single		xn.am.ac	5326		2869
orj	נְצַח	nĕṣaḥ	V	distinguish oneself	main	נצח	xn.an.aa	5330		2870
ork	נְצַל	nĕṣal	V	rescue	main	נצל	xn.ao.aa	5338		2871
orl	נְקֵא	nĕqēʾ	A	clean	single		xn.ao.ab	5343		2872
orm	נְקַשׁ	nĕqaš	V	knock	main	נקשׁ	xn.ap.aa	5368		2873
orn	נְשָׂא	nĕśāʾ	V	lift	main		xn.aq.aa	5376		2874
oro	נְשִׁין	nĕšîn	N	wives	sub		xa.ba.ab	5389		2875
orp	נִשְׁמָא	nišmāʾ	N	breath	single		xn.aq.ac	5396		2876
orq	נְשַׁר	nĕšar	N	griffon-vulture	single		xn.aq.ad	5403		2877
orr	נִשְׁתְּוָן	ništĕwān	N	letter	single		xn.aq.ae	5407		2878
ors	נְתִין	nĕtîn	N	Nᵉthinîn	single		xn.aq.af	5412		2879
ort	נְתַן	nĕtan	V	give	main	נתן	xn.ar.aa	5415		2880
oru	נְתַר	nĕtar	V	strip off	single		xn.ar.ac	5426		2881
orv	סְבַל	sĕbal	V	bear	main	סבל	xo.ab.aa	5446		2882
orw	סְבַר	sĕbar	V	think	main		xo.ac.aa	5452		2883
orx	סְגִ֑ד	sĕgid	V	do homage	single		xo.ac.ab	5457		2884
ory	סְגַן	sĕgan	N	prefect	single		xo.ac.ac	5460		2885
orz	סְגַר	sĕgar	V	shut	single		xo.ac.ad	5463		2886
osa	סוּמְפּוֹנְיָה	sûmĕpônĕyâ	N	bag-pipe	single		xo.ac.ae	5481		2887
osb	סוֹף	sôp	N	end	sub		xo.ad.ab	5491		2888a
osc	סוּף	sûp	V	be fulfilled	main	סוף	xo.ad.aa	5487		2888
osd	סְלֵק	sĕlēq	V	come up	sub		xo.ae.aa	5559		2889
ose	סְעַד	sĕʿad	V	support	main	סעד	xo.af.aa	5583		2890
osf	סְפַר	sĕpar	N	book	main	ספר	xo.ag.aa	5609		2891a
osg	סָפִר	sāpir	N	secretary	sub		xo.ag.ab	5613		2891b
osh	ספר	spr								2891
osi	סַרְבָּל	sarbāl	N	mantle	single		xo.ag.ac	5622		2892
osj	סָרֵךְ	sārēk	N	chief	single		xo.ag.ad	5632		2893
osk	סְתַר	sĕtar	V	destroy	main	סתר	xo.ai.aa	5642	b	2895
osl	סְתַר	sĕtar	V	hide	main	סתר	xo.ah.aa	5642	a	2894
osm	עֲבַד	ʿăbad	N	slave	sub		xp.aa.ab	5649		2896a
osn	עֲבַד	ʿăbad	V	make	main	עבד	xp.aa.aa	5648		2896
oso	עֲבֵד נְגוֹ	ʿăbēd nĕgô	Np	Abed-nego			xp.aa.ac	5665		
osp	עֲבִידָה	ʿăbîdâ	N	work	sub		xp.aa.ad	5673		2896b
osq	עֲבַר	ʿăbar	N	region across	single		xp.aa.af	5675		2897
osr	עַד	ʿad	R	even to	main		xp.ac.aa	5705		2899
oss	עֲדָה	ʿădâ	V	pass on	main	עדה	xp.ab.aa	5709		2898
ost	עִדָּן	ʿiddān	N	time	single		xp.ac.ab	5732		2900
osu	עוֹד	ʿôd	D	still	main	עוד	xp.ad.aa	5751		2901
osv	עֲוָיָה	ʿăwāyâ	N	iniquity	single		xp.ad.ab	5758		2902
osw	עוֹף	ʿôp	N	fowl	single		xp.ad.ac	5776		2903
osx	עוּר	ʿûr	N	chaff	single		xp.ad.ad	5784		2904
osy	עֵז	ʿēz	N	she	sub		xp.ak.ab	5796		2920a
osz	עזב	ʿzb								
ota	עִזְקָה	ʿizqâ	N	signet-ring	single		xp.ad.af	5824		2905
otb	עֶזְרָא	ʿezrāʾ	Np	Ezra			xp.ad.ag	5831		
otc	עֲזַרְיָה	ʿăzaryâ	Np	Azariah			xp.ad.ah	5839		
otd	עֵטָא	ʿēṭāʾ	N	counsel	sub		xj.ai.ac	5843		2772b
ote	עַ֫יִן	ʿayin	N	eye	single		xp.ad.aj	5870		2906
otf	עִיר	ʿîr	N	waking	single		xp.ad.ak	5894		2907
otg	עַל	ʿal	R	upon	main		xp.af.aa	5922		2908
oth	עֵ֫לָּא	ʿēllāʾ	D	above	sub		xp.af.ab	5924		2909a
oti	עִלָּה	ʿillâ	N	matter	sub		xp.af.ac	5931		2910
otj	עלה	ʿlh			main	עלה	xp.ae.aa			2909
otk	עֲלִי	ʿălî	N	roof-chamber	sub		xp.ae.ae	5952		2909b
otl	עִלַּי	ʿillay	A	highest	sub		xp.ae.ac	5943		2909d
otm	עֶלְיוֹן	ʿelyôn	A	Supreme	sub		xp.ae.ad	5946		2909c
otn	עֲלַל	ʿălal	V	go in	main	עלל	xp.ag.aa	5954		2911
oto	עָלַם	ʿālam	N	perpetuity	single		xp.ag.ac	5957		2912
otp	עֵלְמָיֵא	ʿēlĕmāyēʾ	Ng	Elamites			xp.ag.ad	5962		
otq	עֲלַע	ʿălaʿ	N	rib	single		xp.ag.ae	5967		2913
otr	עֲלָת	ʿălāt	N	burnt-offering	sub		xp.ae.ab	5928		2909e
ots	עִם	ʿim	R	with	main		xp.ah.aa	5974		2915
ott	עַם	ʿam	N	people	single		xp.ag.ag	5972		2914
otu	עֲמִיק	ʿămîq	A	deep	single		xp.ah.ab	5994		2916
otv	עֲמַר	ʿămar	N	wool	single		xp.ah.ac	6015		2917
otw	עֲנָה	ʿănâ	V	answer	main	ענה	xp.ai.aa	6032		2918
otx	ענה	ʿnh			main	ענה	xp.aj.aa			2919
oty	ענז	ʿnz			main	ענז	xp.ak.aa			2920
otz	עֲנָי	ʿănāy	A	poor	sub		xp.aj.ab	6033		2919a
oua	עֲנָן	ʿănān	N	cloud	single		xp.ak.ac	6050		2921
oub	עֲנַף	ʿănap	N	bough	single		xp.ak.ad	6056		2922
ouc	עֲנָשׁ	ʿănāš	N	amercing	single		xp.ak.ae	6065		2923
oud	עפא	ʿpʾ			main	עפא	xp.al.aa			
oue	עֳפִי	ʿŏpî	N	leafage	sub		xp.al.ab	6074		2924
ouf	עֲצַב	ʿăṣab	V	pain	main	עצב	xp.am.aa	6088		2925
oug	עֲקַר	ʿăqar	V	be rooted up	sub		xp.an.ab	6132		2926
ouh	עִקַּר	ʿiqqar	N	root	main	עקר	xp.an.aa	6136		2926a
oui	עקר	ʿqr								
ouj	עָר	ʿār	N	foe	sub		xp.ap.ab	6146		2930a
ouk	עֲרַב	ʿărab	V	mix	main	ערב	xp.ao.aa	6151		2927
oul	עֲרָד	ʿărād	N	wild ass	single		xp.ao.ab	6167		2928
oum	עַרְוָה	ʿarwâ	N	dishonour	single		xp.ao.ac	6173		2929
oun	ערר	ʿrr			main	ערר	xp.ap.aa			2930
ouo	עֲשַׂב	ʿăśab	N	herbage	single		xp.ap.ac	6211	b	2931
oup	עֲשַׂר	ʿăśar	N	a ten	main	עשׂר	xp.aq.aa	6236		2932
ouq	עֶשְׂרִין	ʿeśrîn	N	twenty	sub		xp.aq.ab	6243		2932a
our	עֲשִׁת	ʿăšit	V	think	single		xp.aq.ac	6246		2933
ous	עֲתִיד	ʿătîd	A	ready	single		xp.aq.ae	6263		2934
out	עַתִּיק	ʿattîq	A	advanced	single		xp.aq.af	6268		2935
ouu	פֶּחָה	peḥâ	N	governor	main	פחה	xq.aa.aa	6347		2936
ouv	פֶּחָר	peḥār	N	potter	single		xq.aa.ab	6353		2937
ouw	פְּטַשׁ	pĕṭaš	N	a garment	single		xq.aa.ac	6361		2938
oux	פְּלַג	pĕlag	V	divide	main	פלג	xq.ab.aa	6386		2939
ouy	פְּלַג	pĕlag	N	half	sub		xq.ab.ab	6387		2939a
ouz	פְּלֻגָּה	pĕluggâ	N	division	sub		xq.ab.ac	6392		2939b
ova	פְּלַח	pĕlaḥ	V	pay reverence to	main	פלח	xq.ac.aa	6399		2940
ovb	פׇּלְחָן	polḥān	N	service	sub		xq.ac.ab	6402		2940a
ovc	פֻּם	pum	N	mouth	single		xq.ac.ac	6433		2941
ovd	פַּס	pas	N	palm	sub		xq.ad.ab	6447		2942
ove	פְּסַנְטֵרִין	pĕsanṭērîn	N	a stringed instrument	single		xq.ac.ae	6460		2943
ovf	פסס	pss			main	פסס	xq.ad.aa			
ovg	פַּרְזֶל	parzel	N	iron	single		xq.ad.ac	6523		2944
ovh	פְּרֵס	pĕrēs	N	half-mina	sub		xq.ae.ab	6537	b	2945a
ovi	פְּרַס	pĕras	V	break in two	main	פרס	xq.ae.aa	6537	a	2945
ovj	פָּרַס	pāras	Np	Persia			xq.ae.ac	6540		
ovk	פָּרְסָאָה	pārĕsāʾâ	Ag	Persian			xq.ae.ad	6543		
ovl	פְּרַק	pĕraq	V	tear away	main	פרק	xq.af.aa	6562		2946
ovm	פְּרַשׁ	pĕraš	V	make distinct	main	פרשׁ	xq.ag.aa	6568		2947
ovn	פַּרְשֶׁ֫גֶן	paršegen	N	copy	single		xq.ag.ab	6573		2948
ovo	פְּשַׁר	pĕšar	V	interpret	main	פשׁר	xq.ah.aa	6590		2949
ovp	פְּשַׁר	pĕšar	N	interpretation	sub		xq.ah.ab	6591		2949a
ovq	פתא	ptʾ			main	פתא	xq.aj.aa			
ovr	פִּתְגָם	pitgām	N	command	single		xq.ah.ac	6600		2950
ovs	פְּתַח	pĕtaḥ	V	open	main	פתח	xq.ai.aa	6606		2951
ovt	פְּתָי	pĕtāy	N	breadth	sub		xq.aj.ab	6613		2952
ovu	צְבָא	ṣĕbāʾ	V	be inclined	main		xr.aa.aa	6634		2953
ovv	צְבוּ	ṣĕbû	N	thing	sub		xr.aa.ab	6640		2953a
ovw	צְבַע	ṣĕbaʿ	V	dip	main	צבע	xr.ab.aa	6647		2954
ovx	צבע	ṣbʿ			main	צבע	xr.ac.aa			
ovy	צַד	ṣad	N	side	single		xr.ac.ac	6655		2955
ovz	צְדָא	ṣĕdāʾ	N	purpose	single		xr.ac.ad	6656		2956
owa	צִדְקָה	ṣidqâ	N	right doing	single		xr.ac.ae	6665		2957
owb	צַוַּאר	ṣawwaʾr	N	neck	single		xr.ac.af	6676		2958
owc	צְלָא	ṣĕlāʾ	V	pray	main	צלא	xr.ad.aa	6739		2959
owd	צְלַח	ṣĕlaḥ	V	prosper	main	צלח	xr.ae.aa	6744		2960
owe	צְלֵם	ṣĕlēm	N	image	single		xr.ae.ab	6755		2961
owf	צְפִיר	ṣĕpîr	N	he-goat	single		xr.ae.ad	6841		2963
owg	צְפַר	ṣĕpar	N	bird	single		xr.ae.ac	6853		2962
owh	קֳבֵל	qŏbēl	C	front	single		xs.aa.ab	6903		2965
owi	קַבֵּל	qabbēl	V	receive	single		xs.aa.ac	6902		2964
owj	קבל	qbl			main	קבל	xs.aa.aa			2966
owk	קַדִּישׁ	qaddîš	A	holy	sub		xs.ab.ab	6922		2967
owl	קֳדָם	qŏdām	R	before	sub		xs.aa.ad	6925		2966a
owm	קַדְמָה	qadmâ	N	former time	sub		xs.aa.ae	6928		2966b
own	קַדְמַי	qadmay	A	former	sub		xs.aa.af	6933		2966c
owo	קדשׁ	qdš			main	קדשׁ	xs.ab.aa			
owp	קול	qwl			main	קול	xs.ac.aa			
owq	קוּם	qûm	V	arise	main	קום	xs.ad.aa	6966		2968
owr	קְטַל	qĕṭal	V	slay	main	קטל	xs.ae.aa	6992		2969
ows	קְטַר	qĕṭar	N	joint	sub		xs.af.ab	7001		2970
owt	קטר	qṭr			main	קטר	xs.af.aa			
owu	קַ֫יִט	qayiṭ	N	summer	single		xs.af.ac	7007		2971
owv	קְיָם	qĕyām	N	statute	sub		xs.ad.ab	7010		2968a
oww	קַיָּם	qayyām	A	enduring	sub		xs.ad.ac	7011		2968b
owx	קָל	qāl	N	voice	sub		xs.ac.ab	7032		2973
owy	קְנָא	qĕnāʾ	V	acquire	main		xs.ag.aa	7066		2974
owz	קְצַף	qĕṣap	N	wrath	sub		xs.ai.ab	7109		2975a
oxa	קְצַף	qĕṣap	V	be wroth	main	קצף	xs.ai.aa	7108		2975
oxb	קְצַץ	qĕṣaṣ	V	cut off	main	קצא	xs.ah.aa	7113		
oxc	קְצָת	qĕṣāt	N	end	sub		xs.ah.ab	7118		2976
oxd	קְרָא	qĕrāʾ	V	call	main	קרא	xs.aj.aa	7123		2977
oxe	קְרֵב	qĕrēb	V	approach	main	קרב	xs.ak.aa	7127		2978
oxf	קְרָב	qĕrāb	N	war	sub		xs.ak.ab	7129		2978a
oxg	קִרְיָה	qiryâ	N	city	main	קרה	xs.ak.ac	7149		2979
oxh	קֶ֫רֶן	qeren	N	horn	main	קרן	xs.ak.ad	7162		2980
oxi	קְרַץ	qĕraṣ	N	piece	main	קרץ	xs.ak.ae	7170		2981
oxj	קְשֹׁט	qĕšōṭ	N	truth	main	קשׁט	xs.ak.af	7187		2982
oxk	קַתָרֹס	qatārōs	N	lyre	single		xs.af.ae	7030		2972
oxl	ראה	rʾh			main	ראה	xt.aa.aa			
oxm	רֵאשׁ	rēʾš	N	head	single		xt.aa.ac	7217		2983
oxn	רַב	rab	A	great	sub		xt.ab.ab	7229		2984a
oxo	רבב	rbb			main	רבב	xt.ab.aa			2984
oxp	רְבָה	rĕbâ	V	grow great	main	רבה	xt.ac.aa	7236		2985
oxq	רְבוּ	rĕbû	N	greatness	sub		xt.ac.ab	7238		2985a
oxr	רִבּוֹ	ribbô	N	myriad	sub		xt.ab.ac	7240		2984b
oxs	רְבִיעִי	rĕbîʿî	A	fourth	sub		xt.ad.ac	7244		2986b
oxt	רבע	rbʿ			main	רבע	xt.ad.aa			2986
oxu	רַבְרַב	rabrab	A	great	sub		xt.ab.ab	7260		2984a
oxv	רַבְרְבָן	rabrĕbān	N	lord	sub		xt.ab.ad	7261		2984c
oxw	רְגַז	rĕgaz	V	enrage	main	רגז	xt.ae.aa	7265		2987
oxx	רְגַז	rĕgaz	N	rage	sub		xt.ae.ab	7266		2987a
oxy	רְגַל	rĕgal	N	foot	single		xt.ae.ac	7271		2988
oxz	רְגַשׁ	rĕgaš	V	be in tumult	main	רגשׁ	xt.af.aa	7284		2989
oya	רֵו	rēw	N	appearance	sub		xt.aa.ab	7299		2990
oyb	רוּחַ	rûaḥ	N	wind	sub		xt.ag.ab	7308		2991a
oyc	רוח	rwḥ			main	רוח	xt.ag.aa			2991
oyd	רוּם	rûm	V	rise	main	רום	xt.ah.aa	7313		2992
oye	רוּם	rûm	N	height	sub		xt.ah.ab	7314		2992a
oyf	רָז	rāz	N	secret	single		xt.ah.ac	7328		2993
oyg	רְחוּם	rĕḥûm	Np	Rehum			xt.ah.ad	7348	b	
oyh	רְחִיק	rĕḥîq	A	far	sub		xt.aj.ab	7352		2994
oyi	רַחֲמִין	raḥămîn	N	compassion	single		xt.ah.ae	7359		2995
oyj	רְחַץ	rĕḥaṣ	V	trust	main	רחץ	xt.ai.aa	7365		2996
oyk	רחק	rḥq			main	רחק	xt.aj.aa			
oyl	רֵיחַ	rêaḥ	N	smell	sub		xt.ag.ac	7382		2991b
oym	רְמָא	rĕmāʾ	V	cast	main		xt.ak.aa	7412		2997
oyn	רעה	rʿh			main	רעה	xt.al.aa			2998
oyo	רְעוּ	rĕʿû	N	good pleasure	sub		xt.al.ab	7470		2998a
oyp	רַעְיוֹן	raʿyôn	N	thought	sub		xt.al.ac	7476		2998b
oyq	רַעֲנַן	raʿănan	A	flourishing	single		xt.al.ad	7487		2999
oyr	רְעַע	rĕʿaʿ	V	crush	main		xt.am.aa	7490		3000
oys	רְפַס	rĕpas	V	tread	main	רפס	xt.an.aa	7512		3001
oyt	רְשַׁם	rĕšam	V	inscribe	main	רשׁם	xt.ao.aa	7560		3002
oyu	שְׁאֵל	šĕʾēl	V	ask	main	שׁאל	xv.aa.aa	7593		3012
oyv	שְׁאֵלָא	šĕʾēlāʾ	N	affair	sub		xv.aa.ab	7595		3012a
oyw	שְׁאַלְתִּיאֵל	šĕʾaltîʾēl	Np	Shealtiel			xv.aa.ac	7598		
oyx	שְׁאָר	šĕʾār	N	rest	single		xv.aa.ad	7606		3013
oyy	שׁבב	šbb			main	שׁבב	xv.ab.aa			
oyz	שְׁבַח	šĕbaḥ	V	laud	main	שׁבח	xv.ac.aa	7624		3014
oza	שְׁבַט	šĕbaṭ	N	tribe	single		xv.ac.ab	7625		3015
ozb	שְׂבִיב	śĕbîb	N	flame	sub		xv.ab.ab	7631		3016
ozc	שַׂבְּכָא	śabbĕkāʾ	N	trigon	main	שׂבך	xu.aa.aa	5443		3003
ozd	שִׁבְעָה	šibʿâ	N	seven	main	שׁבע	xv.ad.aa	7655		3017
oze	שְׁבַק	šĕbaq	V	leave	main	שׁבק	xv.ae.aa	7662		3018
ozf	שְׁבַשׁ	šĕbaš	V	be perplexed	main	שׁבשׁ	xv.af.aa	7672		3019
ozg	שְׂגָא	śĕgāʾ	V	grow great	main	שׂגא	xu.ab.aa	7680		3004
ozh	שַׂגִּיא	śaggîʾ	A	great	sub		xu.ab.ab	7690		3004a
ozi	שֵׁגָל	šēgāl	N	consort	single		xv.af.ab	7695		3020
ozj	שְׁדַר	šĕdar	V	struggle	main		xv.ag.aa	7712		3021
ozk	שַׁדְרַךְ	šadrak	Np	Shadrach			xv.ag.ac	7715		
ozl	שׁדת	šdt			main	שׁדת	xv.ah.aa			3022
ozm	שָֽׂהֲדוּ	śāhădû	N	testimony	single		xu.ab.ac	3026	b	3005
ozn	שְׁוָה	šĕwâ	V	be set	main	שׁוה	xv.aj.aa	7739	b	3024
ozo	שְׁוָה	šĕwâ	V	become like	main	שׁוה	xv.ai.aa	7739	a	3023
ozp	שׂוּם	śûm	V	set	main		xu.ac.aa	7761		3006
ozq	שׁוק	šwq			main	שׁוק	xv.ak.aa			
ozr	שׁוּר	šûr	N	wall	single		xv.ak.ac	7792		3025
ozs	שׁוּשַׁנְכָיֵא	šûšankāyēʾ	Np	Susanchites			xv.ak.ad	7801		
ozt	שְׁחַת	šĕḥat	V	corrupt	main	שׁחת	xv.al.aa	7844		3026
ozu	שְׂטַר	śĕṭar	N	side	single		xu.ac.ab	7859		3007
ozv	שִׂיב	śîb	V	be hoary	main	שׂיב	xu.ad.aa	7868		3008
ozw	שֵׁיזִב	šêzib	V	deliver	single		xv.al.ab	7804		3027
ozx	שֵׁיצִי	šêṣî	V	bring out	main		xv.am.aa	3319		3028
ozy	שׁכב	škb			main	שׁכב	xv.an.aa			3029
ozz	שְׁכַח	šĕkaḥ	V	find	main	שׁכח	xv.ao.aa	7912		
paa	שְׂכַל	śĕkal	V	consider	main	שׂכל	xu.ae.aa	7920		3009
pab	שַׁכְלֵל	šaklēl	V	complete	single		xk.ad.aa	3635	b	3030
pac	שׇׂכְלְתָנוּ	śoklĕtānû	N	insight	sub		xu.ae.ab	7924		3009a
pad	שְׁכֵן	šĕkēn	V	dwell	main	שׁכן	xv.ap.aa	7932		3031
pae	שְׁלֵה	šĕlēh	A	at ease	sub		xv.aq.ab	7954		3032a
paf	שָׁלָה	šālâ	N	neglect			xv.aq.ac	7955		
pag	שׁלה	šlh			main		xv.aq.aa			3032
pah	שָׁלוּ	šālû	N	neglect			xv.aq.ac	7960		
pai	שְׁלֵוָה	šĕlēwâ	N	ease	sub		xv.aq.ad	7963		3032b
paj	שְׁלַח	šĕlaḥ	V	send	main	שׁלח	xv.ar.aa	7972		3033
pak	שְׁלֵט	šĕlēṭ	V	have power	main	שׁלט	xv.as.aa	7981		3034
pal	שִׁלְטוֹן	šilṭôn	N	ruler	sub		xv.as.ab	7984		3034c
pam	שׇׁלְטָן	šolṭān	N	dominion	sub		xv.as.ac	7985		3034a
pan	שַׁלִּיט	šallîṭ	A	having mastery	sub		xv.as.ad	7990		3034b
pao	שְׁלֵם	šĕlēm	V	be complete	main	שׁלם	xv.at.aa	8000		3035
pap	שְׁלָם	šĕlām	N	welfare	sub		xv.at.ab	8001		3035a
paq	שֻׁם	šum	N	name	single		xv.at.ac	8036		3036
par	שְׁמַד	šĕmad	V	destroy	main	שׁמד	xv.au.aa	8046		3037
pas	שָׁמַ֫יִן	šāmayin	N	heavens	single		xv.au.ab	8065		3038
pat	שְׁמַם	šĕmam	V	be appalled	main	שׁמם	xv.av.aa	8075		3039
pau	שְׁמַע	šĕmaʿ	V	hear	main	שׁמע	xv.aw.aa	8086		3040
pav	שׇֽׁמְרָ֑יִן	šomrāyin	Np	Samaria			xv.aw.ab	8115		
paw	שְׁמַשׁ	šĕmaš	N	sun	sub		xv.ax.ab	8122		3041
pax	שְׁמַשׁ	šĕmaš	V	minister	main	שׁמשׁ	xv.ay.aa	8120		3042
pay	שׁמשׁ	šmš			main	שׁמשׁ	xv.ax.aa			
paz	שִׁמְשַׁי	šimšay	Np	Shimshai			xv.ay.ab	8124		
pba	שֵׁן	šēn	N	tooth	sub		xv.ba.ab	8128		3043
pbb	שְׁנָא	šĕnāʾ	V	change	main		xv.az.aa	8133		
pbc	שְׂנָא	śĕnāʾ	V	hate	main	שׂנא	xu.af.aa	8131		3010
pbd	שְׁנָה	šĕnâ	N	year	single		xv.az.ab	8140		
pbe	שְׁנָה	šĕnâ	N	sleep	sub		xj.al.ab	8139		2778a
pbf	שׁנן	šnn			main	שׁנן	xv.ba.aa			
pbg	שָׁעָה	šāʿâ	N	brief time	single		xv.ba.ac	8160		3044
pbh	שְׂעַר	śĕʿar	N	hair	single		xu.af.ab	8177		3011
pbi	שְׁפַט	šĕpaṭ	V	judge	main	שׁפט	xv.bb.aa	8200		3045
pbj	שַׁפִּיר	šappîr	A	fair	sub		xv.bd.ab	8209		3046a
pbk	שְׁפֵל	šĕpēl	V	be low	main	שׁפל	xv.bc.aa	8214		
pbl	שְׁפַל	šĕpal	A	low	sub		xv.bc.ab	8215		
pbm	שְׁפַר	šĕpar	V	be fair	main	שׁפר	xv.bd.aa	8232		3046
pbn	שְׁפַרְפָּר	šĕparpār	N	dawn	sub		xv.bd.ac	8238		3046b
pbo	שָׁק	šāq	N	leg	sub		xv.ak.ab	8243		3047
pbp	שְׁרָא	šĕrāʾ	V	loosen	main		xv.be.aa	8271		3048
pbq	שׁרק	šrq			main	שׁרק	xv.bf.aa			3049
pbr	שֹׁ֫רֶשׁ	šōreš	N	root	main	שׁרשׁ	xv.bg.aa	8330		3050a
pbs	שׁרשׁ	šrš								3050
pbt	שְׁרֹשִׁי	šĕrōšî	N	uprooting	sub		xv.bg.ab	8332		3050b
pbu	שֵׁשְׁבַּצַּר	šēšĕbaṣṣar	Np	Sheshbazzar			xv.bg.ac	8340		
pbv	שֵׁת	šēt	A	six	sub		xv.ah.ab	8353		3022a
pbw	שְׁתָה	šĕtâ	V	drink	main	שׁתה	xv.bh.aa	8355		3051
pbx	שִׁתִּין	šittîn	N	sixty	sub		xv.ah.ac	8361		3022b
pby	שְׁתַר בּוֹזְנַי	šĕtar bôzĕnay	Np	Shetharboznai			xv.bh.ad	8370		
pbz	תְּבַר	tĕbar	V	break	main	תבר	xw.aa.aa	8406		3052
pca	תְּדִירָא	tĕdîrāʾ	N	continuance	sub		xd.ad.ae	8411		2669d
pcb	תּוּב	tûb	V	return	main	תוב	xw.ab.aa	8421		3053
pcc	תְּוַהּ	tĕwah	V	be startled	main	תוה	xw.ac.aa	8429		3054
pcd	תּוֹר	tôr	N	bullock	single		xw.ac.ab	8450		3055
pce	תְּחוֹת	tĕḥôt	R	under	single		xw.ac.ac	8460		3056
pcf	תַּחַת	taḥat	R	under	single		xw.ac.ac	8479		3056
pcg	תְּלַג	tĕlag	N	snow	single		xw.ac.ad	8517		3057
pch	תְּלִיתַי	tĕlîtay	A	third	sub		xw.ad.ad	8523	b	3058c
pci	תְּלַת	tĕlat	N	a third part	sub		xw.ad.ab	8531		3058b
pcj	תְּלָת	tĕlāt	N	three	main	תלת	xw.ad.aa	8532		3058a
pck	תַּלְתִּי	taltî	A	third	sub		xw.ad.ac	8523	a	3058c
pcl	תְּלָתִין	tĕlātîn	N	thirty	sub		xw.ad.ae	8533		3058d
pcm	תְּמַהּ	tĕmah	N	wonder	single		xw.ad.ag	8540		3060
pcn	תַּמָּה	tammâ	D	there	single		xw.ad.af	8536		3059
pco	תנא	tnʾ			main	תנא	xw.ae.aa			3061
pcp	תִּנְיָן	tinyān	A	second	sub		xw.ae.ab	8578		3061a
pcq	תִּנְיָנוּת	tinyānût	D	the second time	sub		xw.ae.ac	8579		3061b
pcr	תִּפְתָּיֵא	tiptāyēʾ	N	judicial	single		xw.ae.ae	8614		3062
pcs	תַּקִּיף	taqqîp	A	strong	sub		xw.ai.ad	8624		3065c
pct	תְּקֵל	tĕqēl	N	shekel	sub		xw.ag.ab	8625	b	3063a
pcu	תְּקַל	tĕqal	V	weigh	main	תקל	xw.ag.aa	8625	a	3063
pcv	תְּקַן	tĕqan	V	be in order	main	תקן	xw.ah.aa	8627		3064
pcw	תְּקֵף	tĕqēp	V	grow strong	main	תקף	xw.ai.aa	8631		3065
pcx	תְּקָף	tĕqāp	N	might	sub		xw.ai.ab	8632	a	3065a
pcy	תְּקֹף	tĕqōp	N	power	sub		xw.ai.ac	8632	b	3065b
pcz	תְּרֵין	tĕrên	N	two	sub		xw.ae.ad	8648		3061c
pda	תְּרַע	tĕraʿ	N	gate	single		xw.ah.af	8651		3066
pdb	תָּרָע	tārāʿ	N	porter	single		xw.ah.ag	8652		3067
pdc	תַּתְּנַי	tattĕnay	Np	Tatnai			xw.ah.ah	8674		
